Datetime,ImportWholesalePrice,ExportWholesalePrice
2024-01-01 00:00:00,0.09682166666666665,0.07261625
2024-01-01 00:30:00,0.080955,0.06071625
2024-01-01 01:00:00,0.08037,0.060277500000000005
2024-01-01 01:30:00,0.057731666666666674,0.04329875
2024-01-01 02:00:00,0.03434666666666667,0.02576
2024-01-01 02:30:00,0.03495,0.0262125
2024-01-01 03:00:00,0.034341666666666666,0.025756249999999998
2024-01-01 03:30:00,0.034485,0.02586375
2024-01-01 04:00:00,0.033378333333333336,0.025033749999999997
2024-01-01 04:30:00,0.03495,0.0262125
2024-01-01 05:00:00,0.06069,0.045517499999999995
2024-01-01 05:30:00,0.07481166666666667,0.056108750000000006
2024-01-01 06:00:00,0.04668166666666667,0.03501125
2024-01-01 06:30:00,0.021961666666666668,0.01647125
2024-01-01 07:00:00,0.018431666666666666,0.013823750000000001
2024-01-01 07:30:00,0.03398,0.025484999999999997
2024-01-01 08:00:00,0.044285,0.03321375
2024-01-01 08:30:00,0.003185,0.002387916666666667
2024-01-01 09:00:00,0.019695,0.01477125
2024-01-01 09:30:00,0.02315333333333333,0.017365
2024-01-01 10:00:00,0.00019666666666666674,-0.0030191666666666665
2024-01-01 10:30:00,-0.023068333333333333,-0.023068333333333333
2024-01-01 11:00:00,0.004673333333333333,0.0026750000000000003
2024-01-01 11:30:00,0.022378333333333333,0.01678375
2024-01-01 12:00:00,0.020133333333333333,0.020133333333333333
2024-01-01 12:30:00,0.005718333333333333,0.005718333333333333
2024-01-01 13:00:00,0.008601666666666667,0.011063333333333333
2024-01-01 13:30:00,0.03315666666666667,0.041445833333333335
2024-01-01 14:00:00,0.007546666666666667,0.009808333333333334
2024-01-01 14:30:00,-0.0006899999999999996,5.500000000000065e-05
2024-01-01 15:00:00,0.008486666666666665,0.010954583333333332
2024-01-01 15:30:00,0.015685,0.01960625
2024-01-01 16:00:00,0.015063333333333331,0.018829166666666664
2024-01-01 16:30:00,0.031595,0.03949375
2024-01-01 17:00:00,0.032576666666666663,0.04072083333333334
2024-01-01 17:30:00,0.03435333333333333,0.04294166666666666
2024-01-01 18:00:00,0.03632333333333333,0.04540416666666667
2024-01-01 18:30:00,0.09820333333333335,0.12275416666666666
2024-01-01 19:00:00,0.09171166666666668,0.11463958333333334
2024-01-01 19:30:00,0.09180333333333333,0.11475416666666667
2024-01-01 20:00:00,0.092895,0.11611875
2024-01-01 20:30:00,0.10820333333333333,0.13525416666666665
2024-01-01 21:00:00,0.095835,0.11979374999999999
2024-01-01 21:30:00,0.102735,0.12841875
2024-01-01 22:00:00,0.11217166666666667,0.14021458333333334
2024-01-01 22:30:00,0.09884,0.12355
2024-01-01 23:00:00,0.09928333333333333,0.12410416666666667
2024-01-01 23:30:00,0.09471166666666668,0.11838958333333334
2024-01-02 00:00:00,0.09177333333333333,0.06883
2024-01-02 00:30:00,0.09427833333333334,0.07070875
2024-01-02 01:00:00,0.09294833333333334,0.06971125
2024-01-02 01:30:00,0.08090333333333334,0.060677499999999995
2024-01-02 02:00:00,0.07728499999999999,0.05796375
2024-01-02 02:30:00,0.07825666666666665,0.0586925
2024-01-02 03:00:00,0.08394,0.062955
2024-01-02 03:30:00,0.07929,0.0594675
2024-01-02 04:00:00,0.09443833333333333,0.07082875
2024-01-02 04:30:00,0.09197166666666667,0.06897875
2024-01-02 05:00:00,0.09579166666666666,0.07184375
2024-01-02 05:30:00,0.081775,0.061331250000000004
2024-01-02 06:00:00,0.0659,0.049425
2024-01-02 06:30:00,0.03210833333333333,0.02408125
2024-01-02 07:00:00,0.02451333333333333,0.018385000000000002
2024-01-02 07:30:00,0.022313333333333334,0.016735
2024-01-02 08:00:00,0.011403333333333333,0.008149166666666667
2024-01-02 08:30:00,-0.02858833333333333,-0.02896333333333333
2024-01-02 09:00:00,-0.032445,-0.032445
2024-01-02 09:30:00,-0.03634333333333333,-0.03634333333333333
2024-01-02 10:00:00,-0.04233,-0.04233
2024-01-02 10:30:00,-0.0399,-0.0399
2024-01-02 11:00:00,-0.035335,-0.035335
2024-01-02 11:30:00,-0.030366666666666667,-0.030366666666666667
2024-01-02 12:00:00,-0.026801666666666668,-0.026801666666666668
2024-01-02 12:30:00,-0.031648333333333334,-0.031648333333333334
2024-01-02 13:00:00,-0.038,-0.038
2024-01-02 13:30:00,-0.03916666666666666,-0.03916666666666666
2024-01-02 14:00:00,-0.035063333333333335,-0.035063333333333335
2024-01-02 14:30:00,-0.028811666666666666,-0.028811666666666666
2024-01-02 15:00:00,-0.034113333333333336,-0.034113333333333336
2024-01-02 15:30:00,-0.044254999999999996,-0.044254999999999996
2024-01-02 16:00:00,-0.044085000000000006,-0.044085000000000006
2024-01-02 16:30:00,-0.04100333333333333,-0.04100333333333333
2024-01-02 17:00:00,-0.037998333333333335,-0.037998333333333335
2024-01-02 17:30:00,-0.030006666666666668,-0.029634166666666666
2024-01-02 18:00:00,-0.01117,-0.010868333333333332
2024-01-02 18:30:00,0.00897,0.0112125
2024-01-02 19:00:00,0.018476666666666666,0.023095833333333333
2024-01-02 19:30:00,0.01342,0.016775
2024-01-02 20:00:00,0.020113333333333334,0.025141666666666663
2024-01-02 20:30:00,0.011671666666666665,0.014589583333333335
2024-01-02 21:00:00,0.00895,0.011187500000000001
2024-01-02 21:30:00,0.00894,0.011175
2024-01-02 22:00:00,0.01905,0.0238125
2024-01-02 22:30:00,0.010668333333333333,0.013335416666666667
2024-01-02 23:00:00,0.02244666666666667,0.028058333333333334
2024-01-02 23:30:00,0.032913333333333336,0.04114166666666667
2024-01-03 00:00:00,0.034910000000000004,0.026182499999999997
2024-01-03 00:30:00,0.032336666666666666,0.0242525
2024-01-03 01:00:00,0.009244999999999998,0.005485
2024-01-03 01:30:00,-0.024498333333333334,-0.024499166666666666
2024-01-03 02:00:00,-0.03780833333333333,-0.03780833333333333
2024-01-03 02:30:00,-0.038,-0.038
2024-01-03 03:00:00,-0.038,-0.038
2024-01-03 03:30:00,-0.038,-0.038
2024-01-03 04:00:00,-0.038,-0.038
2024-01-03 04:30:00,-0.03498166666666667,-0.03498166666666667
2024-01-03 05:00:00,-0.0229,-0.0229
2024-01-03 05:30:00,2e-05,1.4999999999999999e-05
2024-01-03 06:00:00,-0.03404166666666667,-0.03404166666666667
2024-01-03 06:30:00,-0.03656,-0.03656
2024-01-03 07:00:00,-0.035513333333333334,-0.035513333333333334
2024-01-03 07:30:00,-0.03469166666666667,-0.03469166666666667
2024-01-03 08:00:00,-0.038,-0.038
2024-01-03 08:30:00,-0.039556666666666664,-0.039556666666666664
2024-01-03 09:00:00,-0.043250000000000004,-0.043250000000000004
2024-01-03 09:30:00,-0.051570000000000005,-0.051570000000000005
2024-01-03 10:00:00,-0.05203333333333334,-0.05203333333333334
2024-01-03 10:30:00,-0.05505833333333334,-0.05505833333333334
2024-01-03 11:00:00,-0.054925,-0.054925
2024-01-03 11:30:00,-0.055156666666666666,-0.055156666666666666
2024-01-03 12:00:00,-0.056926666666666674,-0.056926666666666674
2024-01-03 12:30:00,-0.05714,-0.05714
2024-01-03 13:00:00,-0.05714,-0.05714
2024-01-03 13:30:00,-0.056795000000000005,-0.056795000000000005
2024-01-03 14:00:00,-0.058510000000000006,-0.058510000000000006
2024-01-03 14:30:00,-0.057225000000000005,-0.057225000000000005
2024-01-03 15:00:00,-0.05639166666666667,-0.05639166666666667
2024-01-03 15:30:00,-0.05186666666666667,-0.05186666666666667
2024-01-03 16:00:00,-0.04100333333333333,-0.04100333333333333
2024-01-03 16:30:00,-0.034978333333333333,-0.034978333333333333
2024-01-03 17:00:00,-0.03799166666666667,-0.03799166666666667
2024-01-03 17:30:00,-0.03799333333333333,-0.03799333333333333
2024-01-03 18:00:00,-0.038761666666666666,-0.038761666666666666
2024-01-03 18:30:00,-0.0032799999999999986,-0.0024416666666666658
2024-01-03 19:00:00,0.00895,0.011187500000000001
2024-01-03 19:30:00,0.010658333333333332,0.013322916666666665
2024-01-03 20:00:00,0.00898,0.011224999999999999
2024-01-03 20:30:00,0.011681666666666667,0.014602083333333335
2024-01-03 21:00:00,0.00894,0.011175
2024-01-03 21:30:00,0.0089,0.011125000000000001
2024-01-03 22:00:00,0.00894,0.011175
2024-01-03 22:30:00,0.00894,0.011175
2024-01-03 23:00:00,0.01068,0.01335
2024-01-03 23:30:00,0.008575,0.01071875
2024-01-04 00:00:00,0.008475,0.00635625
2024-01-04 00:30:00,0.00708,0.00531
2024-01-04 01:00:00,0.008938333333333333,0.0067037500000000005
2024-01-04 01:30:00,0.00894,0.006705
2024-01-04 02:00:00,0.007940000000000001,0.005954999999999999
2024-01-04 02:30:00,0.00894,0.006705
2024-01-04 03:00:00,0.00894,0.006705
2024-01-04 03:30:00,0.0089,0.006675
2024-01-04 04:00:00,0.00894,0.006705
2024-01-04 04:30:00,0.00894,0.006705
2024-01-04 05:00:00,0.00895,0.0067125
2024-01-04 05:30:00,0.008960000000000001,0.00672
2024-01-04 06:00:00,0.006939999999999999,0.005205
2024-01-04 06:30:00,0.005088333333333333,0.00381625
2024-01-04 07:00:00,-0.01803,-0.01814666666666667
2024-01-04 07:30:00,-0.02835333333333333,-0.02835333333333333
2024-01-04 08:00:00,-0.023963333333333333,-0.023963333333333333
2024-01-04 08:30:00,-0.04388333333333333,-0.04388333333333333
2024-01-04 09:00:00,-0.049966666666666666,-0.049966666666666666
2024-01-04 09:30:00,-0.05257166666666666,-0.05257166666666666
2024-01-04 10:00:00,-0.0532,-0.0532
2024-01-04 10:30:00,-0.051998333333333334,-0.051998333333333334
2024-01-04 11:00:00,-0.053130000000000004,-0.053130000000000004
2024-01-04 11:30:00,-0.054345000000000004,-0.054345000000000004
2024-01-04 12:00:00,-0.05269833333333334,-0.05269833333333334
2024-01-04 12:30:00,-0.05266666666666667,-0.05266666666666667
2024-01-04 13:00:00,-0.057085,-0.057085
2024-01-04 13:30:00,-0.05596,-0.05596
2024-01-04 14:00:00,-0.05332666666666666,-0.05332666666666666
2024-01-04 14:30:00,-0.053565,-0.053565
2024-01-04 15:00:00,-0.05485333333333333,-0.05485333333333333
2024-01-04 15:30:00,-0.0482,-0.0482
2024-01-04 16:00:00,-0.03916666666666666,-0.03916666666666666
2024-01-04 16:30:00,-0.036278333333333336,-0.036278333333333336
2024-01-04 17:00:00,-0.038,-0.038
2024-01-04 17:30:00,-0.038,-0.038
2024-01-04 18:00:00,-0.03499166666666667,-0.03499166666666667
2024-01-04 18:30:00,-0.0026300000000000004,-0.0014337500000000003
2024-01-04 19:00:00,0.011388333333333334,0.014235416666666667
2024-01-04 19:30:00,0.017451666666666667,0.02181458333333333
2024-01-04 20:00:00,0.01916,0.02395
2024-01-04 20:30:00,0.01916,0.02395
2024-01-04 21:00:00,0.01575333333333333,0.019691666666666666
2024-01-04 21:30:00,0.0060799999999999995,0.0076
2024-01-04 22:00:00,0.0089,0.011125000000000001
2024-01-04 22:30:00,0.001118333333333333,0.0029808333333333336
2024-01-04 23:00:00,0.009065,0.011331250000000001
2024-01-04 23:30:00,0.00895,0.011187500000000001
2024-01-05 00:00:00,0.00894,0.006705
2024-01-05 00:30:00,0.00894,0.006705
2024-01-05 01:00:00,0.00814,0.006105
2024-01-05 01:30:00,0.006713333333333334,0.005035
2024-01-05 02:00:00,-0.0032999999999999995,-0.0033041666666666666
2024-01-05 02:30:00,-0.009635,-0.009638333333333334
2024-01-05 03:00:00,-0.028643333333333337,-0.028644166666666665
2024-01-05 03:30:00,-0.03017166666666667,-0.030544166666666667
2024-01-05 04:00:00,-0.016579999999999998,-0.016580833333333333
2024-01-05 04:30:00,0.005966666666666666,0.004475
2024-01-05 05:00:00,0.00894,0.006705
2024-01-05 05:30:00,0.008575,0.0064312499999999995
2024-01-05 06:00:00,-0.013961666666666666,-0.014550416666666668
2024-01-05 06:30:00,-0.03416,-0.03416
2024-01-05 07:00:00,-0.049701666666666665,-0.049701666666666665
2024-01-05 07:30:00,-0.05901833333333334,-0.05901833333333334
2024-01-05 08:00:00,-0.06958333333333333,-0.06958333333333333
2024-01-05 08:30:00,-0.078855,-0.078855
2024-01-05 09:00:00,-0.08453833333333334,-0.08453833333333334
2024-01-05 09:30:00,-0.08378833333333334,-0.08378833333333334
2024-01-05 10:00:00,-0.11012999999999999,-0.11012999999999999
2024-01-05 10:30:00,-0.09798333333333333,-0.09798333333333333
2024-01-05 11:00:00,-0.10788666666666667,-0.10788666666666667
2024-01-05 11:30:00,-0.11016666666666668,-0.11016666666666668
2024-01-05 12:00:00,-0.10696666666666667,-0.10696666666666667
2024-01-05 12:30:00,-0.100995,-0.100995
2024-01-05 13:00:00,-0.06400333333333334,-0.06400333333333334
2024-01-05 13:30:00,-0.07187500000000001,-0.07187500000000001
2024-01-05 14:00:00,-0.060046666666666665,-0.060046666666666665
2024-01-05 14:30:00,-0.06366500000000001,-0.06366500000000001
2024-01-05 15:00:00,-0.05556,-0.05556
2024-01-05 15:30:00,-0.057225000000000005,-0.057225000000000005
2024-01-05 16:00:00,-0.053233333333333334,-0.053233333333333334
2024-01-05 16:30:00,-0.041751666666666666,-0.041751666666666666
2024-01-05 17:00:00,-0.03682166666666666,-0.03682166666666666
2024-01-05 17:30:00,-0.021,-0.021
2024-01-05 18:00:00,0.012986666666666665,0.016374583333333335
2024-01-05 18:30:00,0.03181833333333333,0.039772916666666665
2024-01-05 19:00:00,0.029958333333333333,0.03744791666666667
2024-01-05 19:30:00,0.045658333333333335,0.05707291666666667
2024-01-05 20:00:00,0.034910000000000004,0.043637499999999996
2024-01-05 20:30:00,0.026866666666666667,0.03358333333333333
2024-01-05 21:00:00,0.023915000000000002,0.02989375
2024-01-05 21:30:00,0.014035,0.01754375
2024-01-05 22:00:00,0.0089,0.011125000000000001
2024-01-05 22:30:00,0.00894,0.011175
2024-01-05 23:00:00,0.018985,0.02373125
2024-01-05 23:30:00,0.019129999999999998,0.0239125
2024-01-06 00:00:00,0.019129999999999998,0.014347500000000001
2024-01-06 00:30:00,0.019190000000000002,0.0143925
2024-01-06 01:00:00,0.01914,0.014355000000000001
2024-01-06 01:30:00,0.017441666666666664,0.01308125
2024-01-06 02:00:00,0.012376666666666666,0.0092825
2024-01-06 02:30:00,0.009,0.00675
2024-01-06 03:00:00,0.013354999999999999,0.010016249999999999
2024-01-06 03:30:00,0.010688333333333333,0.00801625
2024-01-06 04:00:00,0.00899,0.006742499999999999
2024-01-06 04:30:00,0.00895,0.0067125
2024-01-06 05:00:00,0.008565000000000001,0.00642375
2024-01-06 05:30:00,0.00102,-0.0002591666666666668
2024-01-06 06:00:00,-0.03905666666666666,-0.03905666666666666
2024-01-06 06:30:00,-0.051765000000000005,-0.051765000000000005
2024-01-06 07:00:00,-0.05705,-0.05705
2024-01-06 07:30:00,-0.05878166666666667,-0.05878166666666667
2024-01-06 08:00:00,-0.075965,-0.075965
2024-01-06 08:30:00,-0.06873166666666666,-0.06873166666666666
2024-01-06 09:00:00,-0.07922333333333333,-0.07922333333333333
2024-01-06 09:30:00,-0.07825666666666667,-0.07825666666666667
2024-01-06 10:00:00,-0.08119833333333333,-0.08119833333333333
2024-01-06 10:30:00,-0.050578333333333336,-0.050578333333333336
2024-01-06 11:00:00,-0.07016333333333334,-0.07016333333333334
2024-01-06 11:30:00,-0.05243833333333334,-0.05243833333333334
2024-01-06 12:00:00,-0.051143333333333325,-0.051143333333333325
2024-01-06 12:30:00,-0.04664666666666667,-0.04664666666666667
2024-01-06 13:00:00,-0.03208333333333333,-0.03208333333333333
2024-01-06 13:30:00,-0.0141,-0.013255833333333333
2024-01-06 14:00:00,0.017343333333333332,0.022364166666666668
2024-01-06 14:30:00,0.028281666666666663,0.03535208333333333
2024-01-06 15:00:00,0.030591666666666666,0.038239583333333334
2024-01-06 15:30:00,0.04330833333333334,0.054135416666666665
2024-01-06 16:00:00,0.058478333333333334,0.07309791666666667
2024-01-06 16:30:00,0.07749333333333333,0.09686666666666667
2024-01-06 17:00:00,0.06846833333333334,0.08558541666666668
2024-01-06 17:30:00,0.087335,0.10916875
2024-01-06 18:00:00,0.10352,0.1294
2024-01-06 18:30:00,0.12212333333333332,0.15265416666666667
2024-01-06 19:00:00,0.11258333333333333,0.14072916666666666
2024-01-06 19:30:00,0.09987833333333333,0.12484791666666667
2024-01-06 20:00:00,0.09425166666666666,0.11781458333333333
2024-01-06 20:30:00,0.08478833333333334,0.10598541666666667
2024-01-06 21:00:00,0.08155,0.1019375
2024-01-06 21:30:00,0.08147666666666667,0.10184583333333334
2024-01-06 22:00:00,0.06598166666666667,0.08247708333333334
2024-01-06 22:30:00,0.0464,0.057999999999999996
2024-01-06 23:00:00,0.06978666666666666,0.08723333333333333
2024-01-06 23:30:00,0.041898333333333336,0.052372916666666665
2024-01-07 00:00:00,0.034575,0.02593125
2024-01-07 00:30:00,0.03495,0.0262125
2024-01-07 01:00:00,0.03776,0.02832
2024-01-07 01:30:00,0.04163166666666667,0.031223749999999998
2024-01-07 02:00:00,0.07717333333333333,0.057879999999999994
2024-01-07 02:30:00,0.07735666666666667,0.0580175
2024-01-07 03:00:00,0.07510499999999999,0.056328750000000004
2024-01-07 03:30:00,0.07529666666666666,0.0564725
2024-01-07 04:00:00,0.07889666666666667,0.059172499999999996
2024-01-07 04:30:00,0.08,0.06
2024-01-07 05:00:00,0.07988166666666667,0.05991125
2024-01-07 05:30:00,0.072445,0.05433374999999999
2024-01-07 06:00:00,0.027080000000000003,0.020309999999999998
2024-01-07 06:30:00,-0.010683333333333335,-0.012013333333333334
2024-01-07 07:00:00,-0.04963666666666666,-0.04963666666666666
2024-01-07 07:30:00,-0.05400666666666667,-0.05400666666666667
2024-01-07 08:00:00,-0.05495,-0.05495
2024-01-07 08:30:00,-0.05530833333333333,-0.05530833333333333
2024-01-07 09:00:00,-0.053520000000000005,-0.053520000000000005
2024-01-07 09:30:00,-0.053956666666666674,-0.053956666666666674
2024-01-07 10:00:00,-0.05301666666666666,-0.05301666666666666
2024-01-07 10:30:00,-0.06449166666666667,-0.06449166666666667
2024-01-07 11:00:00,-0.054356666666666664,-0.054356666666666664
2024-01-07 11:30:00,-0.052265,-0.052265
2024-01-07 12:00:00,-0.04803166666666667,-0.04803166666666667
2024-01-07 12:30:00,-0.04124166666666667,-0.04124166666666667
2024-01-07 13:00:00,-0.03249833333333333,-0.03249833333333333
2024-01-07 13:30:00,0.003143333333333333,0.005604166666666667
2024-01-07 14:00:00,0.02491833333333333,0.031147916666666664
2024-01-07 14:30:00,0.03809833333333334,0.04762291666666666
2024-01-07 15:00:00,0.025135,0.03141875
2024-01-07 15:30:00,0.04011666666666667,0.050145833333333334
2024-01-07 16:00:00,0.05226833333333333,0.06533541666666666
2024-01-07 16:30:00,0.07093833333333334,0.08867291666666667
2024-01-07 17:00:00,0.08739999999999999,0.10925
2024-01-07 17:30:00,0.09440166666666666,0.11800208333333333
2024-01-07 18:00:00,0.16210833333333333,0.20263541666666665
2024-01-07 18:30:00,0.22137166666666666,0.2767145833333333
2024-01-07 19:00:00,0.22507333333333335,0.28134166666666666
2024-01-07 19:30:00,0.13020500000000002,0.16275625
2024-01-07 20:00:00,0.08527833333333333,0.10659791666666667
2024-01-07 20:30:00,0.08308833333333333,0.10386041666666668
2024-01-07 21:00:00,0.08997833333333333,0.11247291666666666
2024-01-07 21:30:00,0.08667666666666667,0.10834583333333332
2024-01-07 22:00:00,0.109,0.13625
2024-01-07 22:30:00,0.09718500000000001,0.12148125
2024-01-07 23:00:00,0.10258666666666666,0.12823333333333334
2024-01-07 23:30:00,0.08761000000000001,0.10951250000000001
2024-01-08 00:00:00,0.10689,0.0801675
2024-01-08 00:30:00,0.096675,0.07250625000000001
2024-01-08 01:00:00,0.09126000000000001,0.06844499999999999
2024-01-08 01:30:00,0.09397833333333333,0.07048375
2024-01-08 02:00:00,0.10729166666666667,0.08046874999999999
2024-01-08 02:30:00,0.10345,0.0775875
2024-01-08 03:00:00,0.11685,0.0876375
2024-01-08 03:30:00,0.11683333333333333,0.087625
2024-01-08 04:00:00,0.12244666666666666,0.091835
2024-01-08 04:30:00,0.10582666666666667,0.07937
2024-01-08 05:00:00,0.11970666666666667,0.08978000000000001
2024-01-08 05:30:00,0.11177,0.0838275
2024-01-08 06:00:00,0.08041,0.06030749999999999
2024-01-08 06:30:00,0.07359333333333333,0.055195
2024-01-08 07:00:00,0.062285,0.04671375
2024-01-08 07:30:00,0.07762666666666666,0.05822
2024-01-08 08:00:00,0.03249666666666667,0.024372500000000002
2024-01-08 08:30:00,0.004538333333333333,0.0013079166666666664
2024-01-08 09:00:00,0.00599,0.0030950000000000005
2024-01-08 09:30:00,0.0066166666666666665,0.0039879166666666665
2024-01-08 10:00:00,0.0028149999999999994,0.0004937500000000003
2024-01-08 10:30:00,-0.01576666666666667,-0.01614166666666667
2024-01-08 11:00:00,-0.02703,-0.02703
2024-01-08 11:30:00,-0.03637666666666667,-0.03637666666666667
2024-01-08 12:00:00,-0.036333333333333336,-0.036333333333333336
2024-01-08 12:30:00,-0.015951666666666666,-0.015951666666666666
2024-01-08 13:00:00,-0.0027749999999999997,-0.0024100000000000002
2024-01-08 13:30:00,-0.002996666666666668,-0.0012458333333333332
2024-01-08 14:00:00,0.0007016666666666664,0.002130416666666667
2024-01-08 14:30:00,0.018898333333333333,0.023622916666666664
2024-01-08 15:00:00,-0.0010983333333333338,0.0014729166666666669
2024-01-08 15:30:00,0.018779999999999998,0.023475
2024-01-08 16:00:00,0.018858333333333335,0.023572916666666666
2024-01-08 16:30:00,0.008946666666666667,0.01232125
2024-01-08 17:00:00,0.006656666666666666,0.01052
2024-01-08 17:30:00,0.014233333333333334,0.017791666666666667
2024-01-08 18:00:00,0.007971666666666663,0.013692916666666667
2024-01-08 18:30:00,0.08387166666666666,0.10483958333333333
2024-01-08 19:00:00,0.09161333333333334,0.11451666666666667
2024-01-08 19:30:00,0.01578833333333333,0.01973541666666667
2024-01-08 20:00:00,0.070105,0.08763125
2024-01-08 20:30:00,0.09254833333333333,0.11568541666666667
2024-01-08 21:00:00,0.09877999999999999,0.123475
2024-01-08 21:30:00,0.07951833333333334,0.09939791666666668
2024-01-08 22:00:00,0.08632833333333334,0.10791041666666668
2024-01-08 22:30:00,0.08893666666666666,0.11117083333333333
2024-01-08 23:00:00,0.09809666666666667,0.12262083333333333
2024-01-08 23:30:00,0.08939833333333334,0.11174791666666667
2024-01-09 00:00:00,0.09069500000000001,0.06802124999999999
2024-01-09 00:30:00,0.09119666666666666,0.0683975
2024-01-09 01:00:00,0.08106833333333334,0.06080125
2024-01-09 01:30:00,0.07468833333333333,0.05601625
2024-01-09 02:00:00,0.07582,0.056865
2024-01-09 02:30:00,0.07530333333333333,0.05647749999999999
2024-01-09 03:00:00,0.07692166666666667,0.05769125
2024-01-09 03:30:00,0.07539166666666666,0.056543750000000004
2024-01-09 04:00:00,0.10769166666666667,0.08076875
2024-01-09 04:30:00,0.103705,0.07777875000000001
2024-01-09 05:00:00,0.114805,0.08610374999999999
2024-01-09 05:30:00,0.09225666666666667,0.0691925
2024-01-09 06:00:00,0.06611500000000001,0.04958625
2024-01-09 06:30:00,0.027274999999999997,0.02045625
2024-01-09 07:00:00,0.017236666666666664,0.012927500000000001
2024-01-09 07:30:00,0.0189,0.014175
2024-01-09 08:00:00,0.019704999999999997,0.01477875
2024-01-09 08:30:00,0.008063333333333334,0.00496125
2024-01-09 09:00:00,-0.008251666666666666,-0.009120833333333333
2024-01-09 09:30:00,-0.03305833333333333,-0.03305833333333333
2024-01-09 10:00:00,-0.03584333333333334,-0.03584333333333334
2024-01-09 10:30:00,-0.03300666666666666,-0.03300666666666666
2024-01-09 11:00:00,-0.03865833333333333,-0.03865833333333333
2024-01-09 11:30:00,-0.04757333333333333,-0.04757333333333333
2024-01-09 12:00:00,-0.05461833333333333,-0.05461833333333333
2024-01-09 12:30:00,-0.049999999999999996,-0.049999999999999996
2024-01-09 13:00:00,-0.045500000000000006,-0.045500000000000006
2024-01-09 13:30:00,-0.04336333333333334,-0.04336333333333334
2024-01-09 14:00:00,-0.03170333333333333,-0.03170333333333333
2024-01-09 14:30:00,-0.028691666666666667,-0.028617083333333335
2024-01-09 15:00:00,-0.009175,-0.009098750000000001
2024-01-09 15:30:00,-0.008746666666666666,-0.008746666666666666
2024-01-09 16:00:00,0.015131666666666667,0.01904375
2024-01-09 16:30:00,0.039183333333333334,0.048979166666666664
2024-01-09 17:00:00,0.041431666666666665,0.05178958333333333
2024-01-09 17:30:00,0.08869666666666666,0.11087083333333332
2024-01-09 18:00:00,0.10764666666666667,0.13455833333333334
2024-01-09 18:30:00,0.133855,0.16731875
2024-01-09 19:00:00,0.12947166666666668,0.16183958333333334
2024-01-09 19:30:00,0.12132666666666668,0.15165833333333334
2024-01-09 20:00:00,0.11303333333333333,0.14129166666666668
2024-01-09 20:30:00,0.09993999999999999,0.124925
2024-01-09 21:00:00,0.09628500000000001,0.12035625
2024-01-09 21:30:00,0.08935833333333333,0.11169791666666666
2024-01-09 22:00:00,0.10339833333333333,0.12924791666666666
2024-01-09 22:30:00,0.09136,0.11420000000000001
2024-01-09 23:00:00,0.098815,0.12351875000000001
2024-01-09 23:30:00,0.09581833333333334,0.11977291666666667
2024-01-10 00:00:00,0.09460666666666667,0.070955
2024-01-10 00:30:00,0.11096666666666666,0.08322500000000001
2024-01-10 01:00:00,0.09835833333333334,0.07376875
2024-01-10 01:30:00,0.09481166666666667,0.07110875
2024-01-10 02:00:00,0.08766,0.065745
2024-01-10 02:30:00,0.08812000000000002,0.06609
2024-01-10 03:00:00,0.09105,0.0682875
2024-01-10 03:30:00,0.10757499999999999,0.08068125
2024-01-10 04:00:00,0.11472333333333333,0.08604250000000001
2024-01-10 04:30:00,0.11678333333333334,0.0875875
2024-01-10 05:00:00,0.13863333333333336,0.103975
2024-01-10 05:30:00,0.13137166666666666,0.09852875
2024-01-10 06:00:00,0.10381,0.07785750000000001
2024-01-10 06:30:00,0.10157666666666666,0.0761825
2024-01-10 07:00:00,0.094835,0.07112625
2024-01-10 07:30:00,0.07887333333333334,0.05915499999999999
2024-01-10 08:00:00,0.08882333333333332,0.0666175
2024-01-10 08:30:00,0.07944833333333333,0.05958625
2024-01-10 09:00:00,0.09637,0.07227750000000001
2024-01-10 09:30:00,0.09357666666666666,0.0701825
2024-01-10 10:00:00,0.07424666666666667,0.055685000000000005
2024-01-10 10:30:00,0.048668333333333334,0.036501250000000006
2024-01-10 11:00:00,0.05615666666666667,0.042117499999999995
2024-01-10 11:30:00,0.07718666666666667,0.05789
2024-01-10 12:00:00,0.079245,0.079245
2024-01-10 12:30:00,0.08375666666666666,0.08375666666666666
2024-01-10 13:00:00,0.09474333333333333,0.11842916666666665
2024-01-10 13:30:00,0.12089166666666666,0.15111458333333333
2024-01-10 14:00:00,0.10656833333333333,0.13321041666666666
2024-01-10 14:30:00,0.11777333333333334,0.14721666666666666
2024-01-10 15:00:00,0.09464666666666667,0.11830833333333333
2024-01-10 15:30:00,0.12462666666666668,0.15578333333333333
2024-01-10 16:00:00,0.096345,0.12043124999999999
2024-01-10 16:30:00,0.121095,0.15136875
2024-01-10 17:00:00,0.14774,0.184675
2024-01-10 17:30:00,0.16268666666666665,0.20335833333333334
2024-01-10 18:00:00,0.15385166666666666,0.19231458333333332
2024-01-10 18:30:00,0.1881516666666667,0.2351895833333333
2024-01-10 19:00:00,0.18690333333333334,0.23362916666666667
2024-01-10 19:30:00,0.15157333333333334,0.18946666666666667
2024-01-10 20:00:00,0.14001,0.17501250000000002
2024-01-10 20:30:00,0.14432166666666665,0.18040208333333332
2024-01-10 21:00:00,0.11991666666666667,0.14989583333333334
2024-01-10 21:30:00,0.12392333333333333,0.15490416666666665
2024-01-10 22:00:00,0.13411,0.1676375
2024-01-10 22:30:00,0.13145333333333334,0.16431666666666667
2024-01-10 23:00:00,0.14937999999999999,0.186725
2024-01-10 23:30:00,0.14921833333333334,0.18652291666666665
2024-01-11 00:00:00,0.142805,0.10710375
2024-01-11 00:30:00,0.14516666666666667,0.108875
2024-01-11 01:00:00,0.13474166666666668,0.10105625
2024-01-11 01:30:00,0.13360166666666665,0.10020125
2024-01-11 02:00:00,0.1351416666666667,0.10135625
2024-01-11 02:30:00,0.13292833333333332,0.09969625
2024-01-11 03:00:00,0.14036166666666666,0.10527125
2024-01-11 03:30:00,0.14222166666666666,0.10666625
2024-01-11 04:00:00,0.142515,0.10688625
2024-01-11 04:30:00,0.14497666666666667,0.10873250000000001
2024-01-11 05:00:00,0.15798833333333331,0.11849124999999999
2024-01-11 05:30:00,0.16354333333333335,0.12265749999999999
2024-01-11 06:00:00,0.15813,0.11859750000000001
2024-01-11 06:30:00,0.13255333333333333,0.09941500000000002
2024-01-11 07:00:00,0.12019333333333333,0.09014499999999999
2024-01-11 07:30:00,0.09494000000000001,0.071205
2024-01-11 08:00:00,0.12100333333333334,0.0907525
2024-01-11 08:30:00,0.13273666666666667,0.0995525
2024-01-11 09:00:00,0.12504,0.09378000000000002
2024-01-11 09:30:00,0.10158833333333334,0.07619125
2024-01-11 10:00:00,0.09661333333333333,0.07246
2024-01-11 10:30:00,0.059710000000000006,0.0447825
2024-01-11 11:00:00,0.06807333333333333,0.051054999999999996
2024-01-11 11:30:00,0.04120833333333333,0.03090625
2024-01-11 12:00:00,0.02546,0.02546
2024-01-11 12:30:00,0.01823,0.01823
2024-01-11 13:00:00,0.074225,0.09278125
2024-01-11 13:30:00,0.101565,0.12695625
2024-01-11 14:00:00,0.09142333333333334,0.11427916666666667
2024-01-11 14:30:00,0.11134333333333334,0.13917916666666666
2024-01-11 15:00:00,0.13737333333333332,0.17171666666666666
2024-01-11 15:30:00,0.14820666666666668,0.18525833333333333
2024-01-11 16:00:00,0.145635,0.18204374999999998
2024-01-11 16:30:00,0.11538333333333334,0.14422916666666666
2024-01-11 17:00:00,0.12355166666666666,0.15443958333333332
2024-01-11 17:30:00,0.12541666666666665,0.15677083333333333
2024-01-11 18:00:00,0.12040666666666666,0.15050833333333333
2024-01-11 18:30:00,0.132265,0.16533125
2024-01-11 19:00:00,0.14228500000000002,0.17785624999999997
2024-01-11 19:30:00,0.14250333333333334,0.17812916666666667
2024-01-11 20:00:00,0.11529833333333334,0.14412291666666666
2024-01-11 20:30:00,0.11122833333333333,0.13903541666666666
2024-01-11 21:00:00,0.11662666666666667,0.14578333333333335
2024-01-11 21:30:00,0.124515,0.15564375
2024-01-11 22:00:00,0.11268,0.14085
2024-01-11 22:30:00,0.10210166666666666,0.12762708333333334
2024-01-11 23:00:00,0.103825,0.12978125
2024-01-11 23:30:00,0.11083,0.1385375
2024-01-12 00:00:00,0.12699333333333332,0.09524500000000001
2024-01-12 00:30:00,0.12526666666666667,0.09394999999999999
2024-01-12 01:00:00,0.12937666666666667,0.09703250000000001
2024-01-12 01:30:00,0.12408833333333334,0.09306625
2024-01-12 02:00:00,0.12276166666666667,0.09207125
2024-01-12 02:30:00,0.11788333333333334,0.0884125
2024-01-12 03:00:00,0.12022666666666666,0.09017000000000001
2024-01-12 03:30:00,0.12445,0.0933375
2024-01-12 04:00:00,0.14827333333333334,0.111205
2024-01-12 04:30:00,0.15325999999999998,0.114945
2024-01-12 05:00:00,0.15602666666666667,0.11702
2024-01-12 05:30:00,0.14790666666666666,0.11092999999999999
2024-01-12 06:00:00,0.11691666666666667,0.08768749999999999
2024-01-12 06:30:00,0.08769333333333333,0.06577
2024-01-12 07:00:00,0.07813666666666667,0.0586025
2024-01-12 07:30:00,0.08363,0.0627225
2024-01-12 08:00:00,0.08093666666666667,0.0607025
2024-01-12 08:30:00,0.08664499999999999,0.06498374999999999
2024-01-12 09:00:00,0.11098999999999999,0.0832425
2024-01-12 09:30:00,0.11347166666666668,0.08510374999999999
2024-01-12 10:00:00,0.10888166666666665,0.08166125
2024-01-12 10:30:00,0.09634333333333334,0.0722575
2024-01-12 11:00:00,0.08965000000000001,0.0672375
2024-01-12 11:30:00,0.09877333333333334,0.07408
2024-01-12 12:00:00,0.09942166666666667,0.09942166666666667
2024-01-12 12:30:00,0.026988333333333333,0.026988333333333333
2024-01-12 13:00:00,0.030803333333333335,0.038504166666666666
2024-01-12 13:30:00,0.04319666666666667,0.05399583333333333
2024-01-12 14:00:00,0.029531666666666668,0.036914583333333334
2024-01-12 14:30:00,0.14053666666666667,0.17567083333333333
2024-01-12 15:00:00,0.13534500000000002,0.16918124999999998
2024-01-12 15:30:00,0.11443333333333333,0.14304166666666665
2024-01-12 16:00:00,0.08763833333333333,0.10954791666666668
2024-01-12 16:30:00,0.05105666666666667,0.06382083333333334
2024-01-12 17:00:00,0.13969166666666666,0.17461458333333332
2024-01-12 17:30:00,0.1446,0.18075
2024-01-12 18:00:00,0.15650333333333333,0.19562916666666666
2024-01-12 18:30:00,0.167955,0.20994374999999998
2024-01-12 19:00:00,0.17400333333333332,0.2175041666666667
2024-01-12 19:30:00,0.177835,0.22229374999999998
2024-01-12 20:00:00,0.13712666666666665,0.1714083333333333
2024-01-12 20:30:00,0.13680499999999998,0.17100625000000003
2024-01-12 21:00:00,0.13732,0.17165
2024-01-12 21:30:00,0.10527500000000001,0.13159375
2024-01-12 22:00:00,0.09831000000000001,0.1228875
2024-01-12 22:30:00,0.10071000000000001,0.1258875
2024-01-12 23:00:00,0.10429166666666667,0.1303645833333333
2024-01-12 23:30:00,0.112165,0.14020625
2024-01-13 00:00:00,0.14258166666666666,0.10693625
2024-01-13 00:30:00,0.12800333333333333,0.09600249999999999
2024-01-13 01:00:00,0.128465,0.09634875
2024-01-13 01:30:00,0.12040666666666666,0.09030500000000001
2024-01-13 02:00:00,0.11872500000000001,0.08904374999999999
2024-01-13 02:30:00,0.10284333333333333,0.0771325
2024-01-13 03:00:00,0.09140166666666666,0.06855125
2024-01-13 03:30:00,0.085555,0.06416625
2024-01-13 04:00:00,0.11376333333333333,0.08532250000000001
2024-01-13 04:30:00,0.10935833333333334,0.08201875
2024-01-13 05:00:00,0.11616333333333333,0.08712249999999999
2024-01-13 05:30:00,0.11379,0.0853425
2024-01-13 06:00:00,0.086795,0.06509625000000001
2024-01-13 06:30:00,0.060955,0.04571625000000001
2024-01-13 07:00:00,0.024980000000000002,0.017668333333333335
2024-01-13 07:30:00,0.017776666666666666,0.013332499999999999
2024-01-13 08:00:00,0.026341666666666666,0.01975625
2024-01-13 08:30:00,0.006825,0.0040637500000000005
2024-01-13 09:00:00,-3.166666666666682e-05,-0.0015266666666666666
2024-01-13 09:30:00,0.00127,0.00015000000000000026
2024-01-13 10:00:00,0.0008466666666666666,-0.00027333333333333316
2024-01-13 10:30:00,-0.024281666666666663,-0.024654166666666668
2024-01-13 11:00:00,0.007278333333333334,0.005408333333333334
2024-01-13 11:30:00,0.020586666666666666,0.01544
2024-01-13 12:00:00,0.017745,0.017745
2024-01-13 12:30:00,0.019251666666666663,0.019251666666666663
2024-01-13 13:00:00,0.017905,0.022381250000000002
2024-01-13 13:30:00,0.02136,0.0267
2024-01-13 14:00:00,0.08614500000000001,0.10768125
2024-01-13 14:30:00,0.09570333333333332,0.11962916666666668
2024-01-13 15:00:00,0.08405833333333333,0.10507291666666667
2024-01-13 15:30:00,0.08812166666666667,0.11015208333333333
2024-01-13 16:00:00,0.09381833333333334,0.11727291666666667
2024-01-13 16:30:00,0.09682166666666668,0.12102708333333334
2024-01-13 17:00:00,0.12327666666666666,0.15409583333333332
2024-01-13 17:30:00,0.12916333333333332,0.16145416666666668
2024-01-13 18:00:00,0.20847000000000002,0.2605875
2024-01-13 18:30:00,0.24614000000000003,0.307675
2024-01-13 19:00:00,0.205915,0.25739375000000003
2024-01-13 19:30:00,0.16766833333333334,0.20958541666666666
2024-01-13 20:00:00,0.15656666666666666,0.19570833333333335
2024-01-13 20:30:00,0.11815333333333333,0.14769166666666667
2024-01-13 21:00:00,0.08998,0.11247499999999999
2024-01-13 21:30:00,0.0767,0.095875
2024-01-13 22:00:00,0.06274666666666666,0.07843333333333334
2024-01-13 22:30:00,0.03177,0.0397125
2024-01-13 23:00:00,0.07199,0.0899875
2024-01-13 23:30:00,0.03898,0.048725
2024-01-14 00:00:00,0.046944999999999994,0.035208750000000004
2024-01-14 00:30:00,0.06319833333333334,0.047398749999999996
2024-01-14 01:00:00,0.03255,0.0244125
2024-01-14 01:30:00,0.021103333333333335,0.015827499999999998
2024-01-14 02:00:00,0.024576666666666667,0.0184325
2024-01-14 02:30:00,0.026015,0.01951125
2024-01-14 03:00:00,0.02862833333333333,0.02147125
2024-01-14 03:30:00,0.033800000000000004,0.02535
2024-01-14 04:00:00,0.010658333333333332,0.007993749999999999
2024-01-14 04:30:00,0.014054999999999998,0.01054125
2024-01-14 05:00:00,0.008306666666666665,0.006229999999999999
2024-01-14 05:30:00,0.00894,0.006705
2024-01-14 06:00:00,0.0009633333333333334,0.0005899999999999999
2024-01-14 06:30:00,-0.036991666666666666,-0.036991666666666666
2024-01-14 07:00:00,-0.04177166666666667,-0.04177166666666667
2024-01-14 07:30:00,-0.052546666666666665,-0.052546666666666665
2024-01-14 08:00:00,-0.05214833333333333,-0.05214833333333333
2024-01-14 08:30:00,-0.051910000000000005,-0.051910000000000005
2024-01-14 09:00:00,-0.052955,-0.052955
2024-01-14 09:30:00,-0.05833333333333334,-0.05833333333333334
2024-01-14 10:00:00,-0.06438333333333333,-0.06438333333333333
2024-01-14 10:30:00,-0.07833,-0.07833
2024-01-14 11:00:00,-0.09392333333333334,-0.09392333333333334
2024-01-14 11:30:00,-0.106175,-0.106175
2024-01-14 12:00:00,-0.113605,-0.113605
2024-01-14 12:30:00,-0.11673499999999999,-0.11673499999999999
2024-01-14 13:00:00,-0.098385,-0.098385
2024-01-14 13:30:00,-0.064665,-0.064665
2024-01-14 14:00:00,-0.06044666666666667,-0.06044666666666667
2024-01-14 14:30:00,-0.060719999999999996,-0.060719999999999996
2024-01-14 15:00:00,-0.06078333333333333,-0.06078333333333333
2024-01-14 15:30:00,-0.05077,-0.05077
2024-01-14 16:00:00,-0.051685,-0.051685
2024-01-14 16:30:00,-0.04766666666666667,-0.04766666666666667
2024-01-14 17:00:00,-0.041521666666666665,-0.041521666666666665
2024-01-14 17:30:00,-0.037998333333333335,-0.037998333333333335
2024-01-14 18:00:00,-0.013526666666666668,-0.012781666666666669
2024-01-14 18:30:00,0.027016666666666665,0.03377083333333333
2024-01-14 19:00:00,0.020024999999999998,0.02503125
2024-01-14 19:30:00,0.00894,0.011175
2024-01-14 20:00:00,0.008960000000000001,0.011200000000000002
2024-01-14 20:30:00,0.010678333333333333,0.013347916666666668
2024-01-14 21:00:00,0.01748166666666667,0.021852083333333338
2024-01-14 21:30:00,0.015783333333333333,0.01972916666666667
2024-01-14 22:00:00,0.01748166666666667,0.021852083333333338
2024-01-14 22:30:00,0.019523333333333334,0.024404166666666668
2024-01-14 23:00:00,0.061005,0.07625625
2024-01-14 23:30:00,0.026723333333333335,0.03340416666666667
2024-01-15 00:00:00,0.02243666666666667,0.0168275
2024-01-15 00:30:00,0.020800000000000003,0.015600000000000001
2024-01-15 01:00:00,0.056395,0.04229625
2024-01-15 01:30:00,0.05680166666666667,0.04260125
2024-01-15 02:00:00,0.06192166666666667,0.046441249999999996
2024-01-15 02:30:00,0.06886666666666667,0.05165
2024-01-15 03:00:00,0.06903833333333333,0.051778750000000005
2024-01-15 03:30:00,0.071655,0.05374125
2024-01-15 04:00:00,0.07875166666666666,0.05906375
2024-01-15 04:30:00,0.088465,0.06634875
2024-01-15 05:00:00,0.12487,0.09365249999999999
2024-01-15 05:30:00,0.13293,0.0996975
2024-01-15 06:00:00,0.133795,0.10034625000000001
2024-01-15 06:30:00,0.11102000000000001,0.08326499999999999
2024-01-15 07:00:00,0.11503833333333334,0.08627875
2024-01-15 07:30:00,0.11325333333333332,0.08494
2024-01-15 08:00:00,0.08593166666666667,0.06444875
2024-01-15 08:30:00,0.08585333333333334,0.06439
2024-01-15 09:00:00,0.05799666666666667,0.043497499999999995
2024-01-15 09:30:00,0.07238666666666667,0.054290000000000005
2024-01-15 10:00:00,0.04842,0.036315
2024-01-15 10:30:00,0.02182166666666667,0.016175833333333334
2024-01-15 11:00:00,0.04498666666666667,0.03374
2024-01-15 11:30:00,0.07574333333333333,0.056807500000000004
2024-01-15 12:00:00,0.04040333333333334,0.04040333333333334
2024-01-15 12:30:00,0.09330500000000001,0.09330500000000001
2024-01-15 13:00:00,0.10858333333333332,0.13572916666666665
2024-01-15 13:30:00,0.09886333333333334,0.12357916666666667
2024-01-15 14:00:00,0.13671,0.1708875
2024-01-15 14:30:00,0.12632333333333334,0.15790416666666665
2024-01-15 15:00:00,0.12324333333333333,0.15405416666666666
2024-01-15 15:30:00,0.11985000000000001,0.1498125
2024-01-15 16:00:00,0.10500833333333333,0.13126041666666666
2024-01-15 16:30:00,0.09409666666666666,0.11762083333333334
2024-01-15 17:00:00,0.14662166666666668,0.18327708333333334
2024-01-15 17:30:00,0.13979833333333333,0.17474791666666667
2024-01-15 18:00:00,0.15053666666666668,0.18817083333333331
2024-01-15 18:30:00,0.15166333333333334,0.18957916666666666
2024-01-15 19:00:00,0.15433166666666667,0.19291458333333333
2024-01-15 19:30:00,0.13149833333333333,0.16437291666666667
2024-01-15 20:00:00,0.10785,0.1348125
2024-01-15 20:30:00,0.12470999999999999,0.15588749999999998
2024-01-15 21:00:00,0.11561333333333333,0.14451666666666665
2024-01-15 21:30:00,0.10796166666666666,0.13495208333333333
2024-01-15 22:00:00,0.11869666666666667,0.1483708333333333
2024-01-15 22:30:00,0.09791499999999999,0.12239375000000001
2024-01-15 23:00:00,0.0922,0.11525
2024-01-15 23:30:00,0.09675666666666666,0.12094583333333332
2024-01-16 00:00:00,0.10177166666666666,0.07632875
2024-01-16 00:30:00,0.09729833333333333,0.07297374999999999
2024-01-16 01:00:00,0.08890500000000001,0.06667875
2024-01-16 01:30:00,0.07836833333333333,0.05877625
2024-01-16 02:00:00,0.07477666666666667,0.0560825
2024-01-16 02:30:00,0.07114833333333333,0.05336125
2024-01-16 03:00:00,0.05459666666666666,0.0409475
2024-01-16 03:30:00,0.031030000000000002,0.0232725
2024-01-16 04:00:00,0.0367,0.027524999999999997
2024-01-16 04:30:00,0.03006666666666667,0.02255
2024-01-16 05:00:00,0.04601333333333333,0.03451
2024-01-16 05:30:00,0.05102,0.038265
2024-01-16 06:00:00,0.03495,0.0262125
2024-01-16 06:30:00,0.01122,0.0075075
2024-01-16 07:00:00,0.014636666666666666,0.010923750000000001
2024-01-16 07:30:00,0.017111666666666667,0.012818333333333334
2024-01-16 08:00:00,0.026828333333333333,0.02012125
2024-01-16 08:30:00,-0.009559999999999999,-0.011271250000000002
2024-01-16 09:00:00,-0.03596,-0.03596
2024-01-16 09:30:00,-0.038,-0.038
2024-01-16 10:00:00,-0.037616666666666666,-0.037616666666666666
2024-01-16 10:30:00,-0.03723166666666667,-0.03723166666666667
2024-01-16 11:00:00,-0.023381666666666665,-0.023637500000000002
2024-01-16 11:30:00,0.02253833333333333,0.015784166666666665
2024-01-16 12:00:00,0.059544999999999994,0.059544999999999994
2024-01-16 12:30:00,0.11092,0.11092
2024-01-16 13:00:00,0.10332833333333334,0.12916041666666667
2024-01-16 13:30:00,0.1174,0.14675000000000002
2024-01-16 14:00:00,0.125925,0.15740625
2024-01-16 14:30:00,0.10576666666666668,0.13220833333333334
2024-01-16 15:00:00,0.11812,0.14765
2024-01-16 15:30:00,0.09699666666666668,0.12124583333333333
2024-01-16 16:00:00,0.093815,0.11726874999999999
2024-01-16 16:30:00,0.10000000000000002,0.125
2024-01-16 17:00:00,0.091785,0.11473124999999999
2024-01-16 17:30:00,0.12931499999999999,0.16164375
2024-01-16 18:00:00,0.12566999999999998,0.15708750000000002
2024-01-16 18:30:00,0.13391666666666666,0.16739583333333333
2024-01-16 19:00:00,0.11072166666666666,0.13840208333333334
2024-01-16 19:30:00,0.12496,0.1562
2024-01-16 20:00:00,0.14943833333333334,0.18679791666666667
2024-01-16 20:30:00,0.131825,0.16478125
2024-01-16 21:00:00,0.12031333333333333,0.15039166666666667
2024-01-16 21:30:00,0.13715333333333332,0.1714416666666667
2024-01-16 22:00:00,0.13999666666666666,0.17499583333333332
2024-01-16 22:30:00,0.12262166666666667,0.15327708333333334
2024-01-16 23:00:00,0.13012333333333334,0.16265416666666668
2024-01-16 23:30:00,0.13118333333333332,0.16397916666666668
2024-01-17 00:00:00,0.12590500000000002,0.09442875
2024-01-17 00:30:00,0.11201666666666667,0.0840125
2024-01-17 01:00:00,0.124155,0.09311625
2024-01-17 01:30:00,0.12840666666666667,0.09630499999999999
2024-01-17 02:00:00,0.12601666666666667,0.0945125
2024-01-17 02:30:00,0.11548333333333333,0.0866125
2024-01-17 03:00:00,0.11023166666666667,0.08267375
2024-01-17 03:30:00,0.11095833333333333,0.08321875
2024-01-17 04:00:00,0.11431166666666666,0.08573375
2024-01-17 04:30:00,0.11814999999999999,0.0886125
2024-01-17 05:00:00,0.11882666666666668,0.08911999999999999
2024-01-17 05:30:00,0.11559000000000001,0.0866925
2024-01-17 06:00:00,0.108585,0.08143875
2024-01-17 06:30:00,0.11644,0.08733
2024-01-17 07:00:00,0.11422666666666666,0.08567000000000001
2024-01-17 07:30:00,0.11166,0.083745
2024-01-17 08:00:00,0.12911166666666665,0.09683375
2024-01-17 08:30:00,0.124095,0.09307125
2024-01-17 09:00:00,0.09437166666666667,0.07077875
2024-01-17 09:30:00,0.07348666666666667,0.055115
2024-01-17 10:00:00,0.06567333333333333,0.049255
2024-01-17 10:30:00,0.06488666666666666,0.04866500000000001
2024-01-17 11:00:00,0.060603333333333335,0.0454525
2024-01-17 11:30:00,0.04500333333333333,0.0337525
2024-01-17 12:00:00,-0.0008166666666666673,-0.0008166666666666673
2024-01-17 12:30:00,-0.005816666666666667,-0.005816666666666667
2024-01-17 13:00:00,-0.019408333333333333,-0.0193625
2024-01-17 13:30:00,-0.023583333333333335,-0.023155416666666668
2024-01-17 14:00:00,-0.03859166666666666,-0.03859166666666666
2024-01-17 14:30:00,-0.018731666666666664,-0.018102916666666666
2024-01-17 15:00:00,-0.06093666666666667,-0.06093666666666667
2024-01-17 15:30:00,-0.04707,-0.04707
2024-01-17 16:00:00,-0.04026,-0.04026
2024-01-17 16:30:00,-0.047285,-0.047285
2024-01-17 17:00:00,-0.022261666666666666,-0.021464583333333332
2024-01-17 17:30:00,-0.020564999999999996,-0.020564999999999996
2024-01-17 18:00:00,-0.03181333333333333,-0.03181333333333333
2024-01-17 18:30:00,-0.029938333333333334,-0.029938333333333334
2024-01-17 19:00:00,0.0030483333333333335,0.004608333333333334
2024-01-17 19:30:00,0.00895,0.011187500000000001
2024-01-17 20:00:00,0.00897,0.0112125
2024-01-17 20:30:00,0.008275,0.01034375
2024-01-17 21:00:00,0.011009999999999999,0.013762500000000002
2024-01-17 21:30:00,0.0069883333333333325,0.008735416666666667
2024-01-17 22:00:00,0.008485,0.01060625
2024-01-17 22:30:00,0.008575,0.01071875
2024-01-17 23:00:00,0.010203333333333333,0.012754166666666669
2024-01-17 23:30:00,0.004863333333333333,0.006079166666666667
2024-01-18 00:00:00,0.00795,0.0059625
2024-01-18 00:30:00,0.008565000000000001,0.00642375
2024-01-18 01:00:00,0.008190000000000001,0.0061424999999999995
2024-01-18 01:30:00,-0.00662,-0.006623333333333333
2024-01-18 02:00:00,-0.019899999999999998,-0.019899999999999998
2024-01-18 02:30:00,-0.020761666666666668,-0.020761666666666668
2024-01-18 03:00:00,-0.02698333333333333,-0.02698333333333333
2024-01-18 03:30:00,-0.02747166666666667,-0.02747166666666667
2024-01-18 04:00:00,-0.00494,-0.00538875
2024-01-18 04:30:00,0.00011166666666666675,-0.0005408333333333333
2024-01-18 05:00:00,0.008826666666666667,0.00662
2024-01-18 05:30:00,0.008741666666666667,0.00655625
2024-01-18 06:00:00,0.008276666666666667,0.0062075
2024-01-18 06:30:00,0.00894,0.006705
2024-01-18 07:00:00,-0.030468333333333333,-0.030468333333333333
2024-01-18 07:30:00,-0.04607,-0.04607
2024-01-18 08:00:00,-0.05285666666666666,-0.05285666666666666
2024-01-18 08:30:00,-0.06084166666666666,-0.06084166666666666
2024-01-18 09:00:00,-0.06505999999999999,-0.06505999999999999
2024-01-18 09:30:00,-0.06025,-0.06025
2024-01-18 10:00:00,-0.05952666666666667,-0.05952666666666667
2024-01-18 10:30:00,-0.07740333333333334,-0.07740333333333334
2024-01-18 11:00:00,-0.06858166666666667,-0.06858166666666667
2024-01-18 11:30:00,-0.08559,-0.08559
2024-01-18 12:00:00,-0.06386833333333333,-0.06386833333333333
2024-01-18 12:30:00,-0.05952666666666667,-0.05952666666666667
2024-01-18 13:00:00,-0.06228333333333333,-0.06228333333333333
2024-01-18 13:30:00,-0.07781333333333333,-0.07781333333333333
2024-01-18 14:00:00,-0.07514,-0.07514
2024-01-18 14:30:00,-0.08042500000000001,-0.08042500000000001
2024-01-18 15:00:00,-0.06605666666666667,-0.06605666666666667
2024-01-18 15:30:00,-0.057265,-0.057265
2024-01-18 16:00:00,-0.053856666666666664,-0.053856666666666664
2024-01-18 16:30:00,-0.05048333333333333,-0.05048333333333333
2024-01-18 17:00:00,-0.035445,-0.035445
2024-01-18 17:30:00,-0.010174999999999998,-0.009927083333333333
2024-01-18 18:00:00,-0.009098333333333333,-0.008725833333333334
2024-01-18 18:30:00,0.0055450000000000004,0.007130833333333334
2024-01-18 19:00:00,0.01995833333333333,0.024947916666666667
2024-01-18 19:30:00,0.07809,0.09761249999999999
2024-01-18 20:00:00,0.07929666666666667,0.09912083333333332
2024-01-18 20:30:00,0.07668166666666666,0.09585208333333332
2024-01-18 21:00:00,0.07840833333333334,0.09801041666666667
2024-01-18 21:30:00,0.05800333333333333,0.07250416666666666
2024-01-18 22:00:00,0.06352833333333334,0.07941041666666666
2024-01-18 22:30:00,0.06246833333333333,0.07808541666666667
2024-01-18 23:00:00,0.07079833333333334,0.08849791666666666
2024-01-18 23:30:00,0.06640166666666666,0.08300208333333332
2024-01-19 00:00:00,0.062355,0.04676625
2024-01-19 00:30:00,0.06289833333333333,0.04717374999999999
2024-01-19 01:00:00,0.06009333333333333,0.04507
2024-01-19 01:30:00,0.04562,0.034215
2024-01-19 02:00:00,0.03283833333333334,0.02462875
2024-01-19 02:30:00,0.026841666666666666,0.02013125
2024-01-19 03:00:00,0.03330666666666667,0.024980000000000002
2024-01-19 03:30:00,0.04334,0.032505
2024-01-19 04:00:00,0.06576333333333334,0.0493225
2024-01-19 04:30:00,0.07557000000000001,0.0566775
2024-01-19 05:00:00,0.084135,0.06310125
2024-01-19 05:30:00,0.08520499999999999,0.06390375
2024-01-19 06:00:00,0.08003166666666667,0.060023749999999994
2024-01-19 06:30:00,0.06628166666666667,0.049711250000000005
2024-01-19 07:00:00,0.05611333333333333,0.042085000000000004
2024-01-19 07:30:00,0.009713333333333333,0.0072137500000000005
2024-01-19 08:00:00,-0.001753333333333333,-0.0025454166666666667
2024-01-19 08:30:00,-0.036925,-0.036925
2024-01-19 09:00:00,-0.045108333333333334,-0.045108333333333334
2024-01-19 09:30:00,-0.04707833333333333,-0.04707833333333333
2024-01-19 10:00:00,-0.04788,-0.04788
2024-01-19 10:30:00,-0.04200333333333334,-0.04200333333333334
2024-01-19 11:00:00,-0.04867166666666667,-0.04867166666666667
2024-01-19 11:30:00,-0.04922833333333334,-0.04922833333333334
2024-01-19 12:00:00,-0.04937833333333333,-0.04937833333333333
2024-01-19 12:30:00,-0.051004999999999995,-0.051004999999999995
2024-01-19 13:00:00,-0.05019166666666666,-0.05019166666666666
2024-01-19 13:30:00,-0.04562333333333333,-0.04562333333333333
2024-01-19 14:00:00,-0.048635000000000005,-0.048635000000000005
2024-01-19 14:30:00,-0.042148333333333336,-0.042148333333333336
2024-01-19 15:00:00,-0.035973333333333336,-0.035973333333333336
2024-01-19 15:30:00,-0.037445,-0.037445
2024-01-19 16:00:00,0.019201666666666665,0.025811249999999997
2024-01-19 16:30:00,0.020313333333333333,0.02539166666666667
2024-01-19 17:00:00,0.031825,0.03978125
2024-01-19 17:30:00,0.06543500000000001,0.08179375
2024-01-19 18:00:00,0.07296833333333334,0.09121041666666667
2024-01-19 18:30:00,0.08024333333333335,0.10030416666666668
2024-01-19 19:00:00,0.07973000000000001,0.0996625
2024-01-19 19:30:00,0.07784166666666667,0.09730208333333333
2024-01-19 20:00:00,0.07941333333333334,0.09926666666666667
2024-01-19 20:30:00,0.07607333333333334,0.09509166666666667
2024-01-19 21:00:00,0.08181166666666667,0.10226458333333333
2024-01-19 21:30:00,0.08151833333333333,0.10189791666666666
2024-01-19 22:00:00,0.08008833333333333,0.10011041666666666
2024-01-19 22:30:00,0.08196833333333334,0.10246041666666666
2024-01-19 23:00:00,0.09343166666666668,0.11678958333333334
2024-01-19 23:30:00,0.08848666666666667,0.11060833333333332
2024-01-20 00:00:00,0.08984666666666667,0.067385
2024-01-20 00:30:00,0.09370166666666667,0.07027625
2024-01-20 01:00:00,0.09181833333333334,0.06886375
2024-01-20 01:30:00,0.09313166666666667,0.06984875
2024-01-20 02:00:00,0.08781499999999999,0.06586125
2024-01-20 02:30:00,0.08372333333333333,0.0627925
2024-01-20 03:00:00,0.08135333333333333,0.06101499999999999
2024-01-20 03:30:00,0.07798333333333334,0.0584875
2024-01-20 04:00:00,0.08729166666666667,0.06546875
2024-01-20 04:30:00,0.09273833333333333,0.06955375000000001
2024-01-20 05:00:00,0.10103166666666667,0.07577375
2024-01-20 05:30:00,0.09565833333333333,0.07174375
2024-01-20 06:00:00,0.10276,0.07707
2024-01-20 06:30:00,0.11672333333333333,0.08754250000000001
2024-01-20 07:00:00,0.05341333333333334,0.040060000000000005
2024-01-20 07:30:00,0.010081666666666668,0.004692916666666667
2024-01-20 08:00:00,-0.04393166666666667,-0.04393166666666667
2024-01-20 08:30:00,-0.04833833333333334,-0.04833833333333334
2024-01-20 09:00:00,-0.04437666666666667,-0.04437666666666667
2024-01-20 09:30:00,-0.049326666666666664,-0.049326666666666664
2024-01-20 10:00:00,-0.04722333333333333,-0.04722333333333333
2024-01-20 10:30:00,-0.043331666666666664,-0.043331666666666664
2024-01-20 11:00:00,-0.05477666666666667,-0.05477666666666667
2024-01-20 11:30:00,-0.050504999999999994,-0.050504999999999994
2024-01-20 12:00:00,-0.034813333333333335,-0.034813333333333335
2024-01-20 12:30:00,-0.036041666666666666,-0.036041666666666666
2024-01-20 13:00:00,-0.04867166666666667,-0.04867166666666667
2024-01-20 13:30:00,-0.04482333333333333,-0.04482333333333333
2024-01-20 14:00:00,-0.03407333333333333,-0.03407333333333333
2024-01-20 14:30:00,-0.030863333333333336,-0.030863333333333336
2024-01-20 15:00:00,-0.020121666666666666,-0.020121666666666666
2024-01-20 15:30:00,0.002225,0.003690416666666667
2024-01-20 16:00:00,-0.00025666666666666606,0.001697916666666668
2024-01-20 16:30:00,0.014278333333333336,0.018336666666666668
2024-01-20 17:00:00,-0.0003616666666666664,0.0016079166666666672
2024-01-20 17:30:00,0.014078333333333332,0.020822499999999997
2024-01-20 18:00:00,0.009388333333333334,0.011955833333333332
2024-01-20 18:30:00,-0.0035283333333333334,-0.0013049999999999995
2024-01-20 19:00:00,0.014961666666666667,0.018702083333333334
2024-01-20 19:30:00,0.02742666666666667,0.03428333333333333
2024-01-20 20:00:00,0.06863666666666667,0.08579583333333334
2024-01-20 20:30:00,0.07397833333333333,0.09247291666666667
2024-01-20 21:00:00,0.08364500000000001,0.10455625
2024-01-20 21:30:00,0.08471333333333335,0.10589166666666666
2024-01-20 22:00:00,0.07973000000000001,0.0996625
2024-01-20 22:30:00,0.07973000000000001,0.0996625
2024-01-20 23:00:00,0.091485,0.11435625
2024-01-20 23:30:00,0.09563,0.1195375
2024-01-21 00:00:00,0.08770166666666666,0.06577625
2024-01-21 00:30:00,0.07997666666666665,0.0599825
2024-01-21 01:00:00,0.07977000000000001,0.0598275
2024-01-21 01:30:00,0.07585833333333335,0.05689375
2024-01-21 02:00:00,0.06760166666666666,0.05070125
2024-01-21 02:30:00,0.061511666666666666,0.04613375
2024-01-21 03:00:00,0.04839666666666667,0.0362975
2024-01-21 03:30:00,0.05500333333333333,0.041252500000000004
2024-01-21 04:00:00,0.06721666666666666,0.0504125
2024-01-21 04:30:00,0.06846833333333334,0.051351249999999994
2024-01-21 05:00:00,0.07038333333333334,0.052787499999999994
2024-01-21 05:30:00,0.07228666666666667,0.05421499999999999
2024-01-21 06:00:00,0.06012833333333334,0.04509625
2024-01-21 06:30:00,0.03434333333333334,0.024574583333333334
2024-01-21 07:00:00,-0.020698333333333332,-0.020699166666666668
2024-01-21 07:30:00,-0.030808333333333337,-0.030808333333333337
2024-01-21 08:00:00,-0.038,-0.038
2024-01-21 08:30:00,-0.04372499999999999,-0.04372499999999999
2024-01-21 09:00:00,-0.04823333333333333,-0.04823333333333333
2024-01-21 09:30:00,-0.028283333333333337,-0.028283333333333337
2024-01-21 10:00:00,-0.03889833333333333,-0.03889833333333333
2024-01-21 10:30:00,-0.044004999999999996,-0.044004999999999996
2024-01-21 11:00:00,-0.04581166666666667,-0.04581166666666667
2024-01-21 11:30:00,-0.04321333333333333,-0.04321333333333333
2024-01-21 12:00:00,-0.04679833333333333,-0.04679833333333333
2024-01-21 12:30:00,-0.044173333333333335,-0.044173333333333335
2024-01-21 13:00:00,-0.03222833333333333,-0.03222833333333333
2024-01-21 13:30:00,-0.03616833333333333,-0.03616833333333333
2024-01-21 14:00:00,-0.009813333333333334,-0.009789583333333334
2024-01-21 14:30:00,-0.029516666666666663,-0.029516666666666663
2024-01-21 15:00:00,-0.031715,-0.031715
2024-01-21 15:30:00,-0.037998333333333335,-0.037998333333333335
2024-01-21 16:00:00,-0.027563333333333332,-0.027563333333333332
2024-01-21 16:30:00,0.009573333333333333,0.011966666666666667
2024-01-21 17:00:00,0.034126666666666666,0.04265833333333333
2024-01-21 17:30:00,0.048156666666666674,0.06019583333333334
2024-01-21 18:00:00,0.08168166666666667,0.10210208333333333
2024-01-21 18:30:00,0.10284333333333334,0.12855416666666666
2024-01-21 19:00:00,0.13175,0.1646875
2024-01-21 19:30:00,0.121235,0.15154375
2024-01-21 20:00:00,0.11647166666666665,0.14558958333333333
2024-01-21 20:30:00,0.11326166666666666,0.14157708333333333
2024-01-21 21:00:00,0.11134833333333333,0.13918541666666664
2024-01-21 21:30:00,0.10863,0.13578749999999998
2024-01-21 22:00:00,0.10000000000000002,0.125
2024-01-21 22:30:00,0.09921333333333333,0.12401666666666666
2024-01-21 23:00:00,0.10079333333333333,0.12599166666666667
2024-01-21 23:30:00,0.10013833333333333,0.12517291666666666
2024-01-22 00:00:00,0.10032166666666666,0.07524125
2024-01-22 00:30:00,0.09889833333333332,0.07417375
2024-01-22 01:00:00,0.10805999999999999,0.08104499999999999
2024-01-22 01:30:00,0.10121166666666666,0.07590875000000001
2024-01-22 02:00:00,0.09838833333333334,0.07379124999999999
2024-01-22 02:30:00,0.09908666666666667,0.074315
2024-01-22 03:00:00,0.09684,0.07262999999999999
2024-01-22 03:30:00,0.10384333333333333,0.07788250000000001
2024-01-22 04:00:00,0.11848166666666667,0.08886125
2024-01-22 04:30:00,0.11839499999999999,0.08879625000000001
2024-01-22 05:00:00,0.1255,0.094125
2024-01-22 05:30:00,0.137705,0.10327875000000002
2024-01-22 06:00:00,0.13164166666666666,0.09873124999999999
2024-01-22 06:30:00,0.1154,0.08655
2024-01-22 07:00:00,0.09565166666666668,0.07173875
2024-01-22 07:30:00,0.08363333333333334,0.06272499999999999
2024-01-22 08:00:00,0.08119,0.060892499999999995
2024-01-22 08:30:00,0.06976,0.05232
2024-01-22 09:00:00,0.056571666666666666,0.042428749999999994
2024-01-22 09:30:00,-0.0022183333333333343,-0.004717083333333335
2024-01-22 10:00:00,0.017018333333333333,0.012763749999999999
2024-01-22 10:30:00,0.009105,0.006742916666666667
2024-01-22 11:00:00,-0.002869999999999999,-0.003818333333333332
2024-01-22 11:30:00,-0.024929999999999997,-0.02572708333333333
2024-01-22 12:00:00,0.011688333333333334,0.011688333333333334
2024-01-22 12:30:00,-0.005595,-0.005595
2024-01-22 13:00:00,0.007216666666666666,0.009854166666666667
2024-01-22 13:30:00,0.021966666666666666,0.027458333333333335
2024-01-22 14:00:00,0.05976166666666668,0.07470208333333334
2024-01-22 14:30:00,0.09968166666666667,0.12460208333333334
2024-01-22 15:00:00,0.08960833333333333,0.11201041666666667
2024-01-22 15:30:00,0.11008499999999999,0.13760625
2024-01-22 16:00:00,0.12594333333333332,0.15742916666666668
2024-01-22 16:30:00,0.16,0.20000000000000004
2024-01-22 17:00:00,0.113835,0.14229375
2024-01-22 17:30:00,0.12476833333333333,0.15596041666666668
2024-01-22 18:00:00,0.15781,0.1972625
2024-01-22 18:30:00,0.164885,0.20610625000000002
2024-01-22 19:00:00,0.15878333333333333,0.19847916666666668
2024-01-22 19:30:00,0.15362833333333334,0.19203541666666668
2024-01-22 20:00:00,0.12112333333333332,0.15140416666666665
2024-01-22 20:30:00,0.13422166666666666,0.16777708333333333
2024-01-22 21:00:00,0.13477833333333333,0.16847291666666667
2024-01-22 21:30:00,0.120815,0.15101875
2024-01-22 22:00:00,0.131355,0.16419375
2024-01-22 22:30:00,0.120985,0.15123125
2024-01-22 23:00:00,0.12024499999999999,0.15030625
2024-01-22 23:30:00,0.121625,0.15203124999999998
2024-01-23 00:00:00,0.12650166666666665,0.09487625
2024-01-23 00:30:00,0.11527166666666666,0.08645375
2024-01-23 01:00:00,0.10731833333333334,0.08048875
2024-01-23 01:30:00,0.09487333333333332,0.07115500000000001
2024-01-23 02:00:00,0.09365000000000001,0.0702375
2024-01-23 02:30:00,0.08716333333333333,0.0653725
2024-01-23 03:00:00,0.08346666666666668,0.0626
2024-01-23 03:30:00,0.08440666666666667,0.063305
2024-01-23 04:00:00,0.10386166666666667,0.07789625
2024-01-23 04:30:00,0.11631833333333334,0.08723874999999999
2024-01-23 05:00:00,0.11917499999999999,0.08938125000000001
2024-01-23 05:30:00,0.11968333333333332,0.08976250000000001
2024-01-23 06:00:00,0.11451166666666668,0.08588375
2024-01-23 06:30:00,0.10589833333333333,0.07942375
2024-01-23 07:00:00,0.09434166666666666,0.07075625
2024-01-23 07:30:00,0.09388166666666668,0.07041125
2024-01-23 08:00:00,0.10278333333333334,0.0770875
2024-01-23 08:30:00,0.10173666666666668,0.0763025
2024-01-23 09:00:00,0.09344166666666666,0.07008125
2024-01-23 09:30:00,0.08209500000000002,0.06157125
2024-01-23 10:00:00,0.07605166666666667,0.05703875
2024-01-23 10:30:00,0.049155000000000004,0.03686625
2024-01-23 11:00:00,0.054683333333333334,0.04032875
2024-01-23 11:30:00,0.036635,0.027476249999999997
2024-01-23 12:00:00,0.01278,0.01278
2024-01-23 12:30:00,-0.0029550000000000006,-0.0029550000000000006
2024-01-23 13:00:00,-0.004648333333333333,-0.004435
2024-01-23 13:30:00,0.014334999999999999,0.01791875
2024-01-23 14:00:00,0.12795333333333334,0.15994166666666668
2024-01-23 14:30:00,0.12059666666666667,0.15074583333333333
2024-01-23 15:00:00,0.15498333333333333,0.19372916666666665
2024-01-23 15:30:00,0.15332833333333332,0.19166041666666667
2024-01-23 16:00:00,0.08172666666666666,0.10215833333333334
2024-01-23 16:30:00,0.030786666666666667,0.038483333333333335
2024-01-23 17:00:00,0.024779999999999996,0.030975
2024-01-23 17:30:00,-0.039613333333333334,-0.039613333333333334
2024-01-23 18:00:00,0.026965,0.03370625
2024-01-23 18:30:00,0.10729666666666667,0.13412083333333333
2024-01-23 19:00:00,0.13928333333333334,0.17410416666666664
2024-01-23 19:30:00,0.11670000000000001,0.145875
2024-01-23 20:00:00,0.11953833333333334,0.14942291666666666
2024-01-23 20:30:00,0.11634666666666667,0.14543333333333333
2024-01-23 21:00:00,0.11452333333333332,0.14315416666666667
2024-01-23 21:30:00,0.106695,0.13336875
2024-01-23 22:00:00,0.11588666666666665,0.14485833333333334
2024-01-23 22:30:00,0.11512166666666666,0.14390208333333335
2024-01-23 23:00:00,0.11996999999999998,0.1499625
2024-01-23 23:30:00,0.11606666666666667,0.14508333333333334
2024-01-24 00:00:00,0.13225333333333333,0.09919
2024-01-24 00:30:00,0.12272166666666666,0.09204125
2024-01-24 01:00:00,0.11561333333333333,0.08671
2024-01-24 01:30:00,0.10967166666666667,0.08225375
2024-01-24 02:00:00,0.104955,0.07871625
2024-01-24 02:30:00,0.10440666666666666,0.078305
2024-01-24 03:00:00,0.11271333333333333,0.08453500000000001
2024-01-24 03:30:00,0.116295,0.08722124999999999
2024-01-24 04:00:00,0.11711666666666666,0.0878375
2024-01-24 04:30:00,0.11737500000000001,0.08803125
2024-01-24 05:00:00,0.140325,0.10524375000000001
2024-01-24 05:30:00,0.12361333333333334,0.09271
2024-01-24 06:00:00,0.11166999999999999,0.08375250000000001
2024-01-24 06:30:00,0.08348666666666667,0.06261499999999999
2024-01-24 07:00:00,0.06904666666666666,0.051785
2024-01-24 07:30:00,0.03290333333333333,0.0246775
2024-01-24 08:00:00,0.013944999999999999,0.010458750000000001
2024-01-24 08:30:00,-0.0028150000000000002,-0.003889166666666666
2024-01-24 09:00:00,-0.030545000000000003,-0.030962500000000004
2024-01-24 09:30:00,-0.04199666666666666,-0.04199666666666666
2024-01-24 10:00:00,-0.05157333333333333,-0.05157333333333333
2024-01-24 10:30:00,-0.05133666666666666,-0.05133666666666666
2024-01-24 11:00:00,-0.049043333333333335,-0.049043333333333335
2024-01-24 11:30:00,-0.046718333333333334,-0.046718333333333334
2024-01-24 12:00:00,-0.05340333333333333,-0.05340333333333333
2024-01-24 12:30:00,-0.0564,-0.0564
2024-01-24 13:00:00,-0.05115833333333333,-0.05115833333333333
2024-01-24 13:30:00,-0.04119,-0.04119
2024-01-24 14:00:00,-0.037475,-0.0370925
2024-01-24 14:30:00,0.012639999999999998,0.015799999999999998
2024-01-24 15:00:00,-0.0033250000000000003,-0.002215
2024-01-24 15:30:00,0.004665,0.006664583333333332
2024-01-24 16:00:00,0.0041266666666666665,0.005991666666666667
2024-01-24 16:30:00,-0.036101666666666664,-0.036101666666666664
2024-01-24 17:00:00,-0.0025833333333333346,-0.0015470833333333337
2024-01-24 17:30:00,0.013471666666666667,0.016839583333333335
2024-01-24 18:00:00,0.015328333333333334,0.019160416666666666
2024-01-24 18:30:00,0.10302499999999999,0.12878124999999999
2024-01-24 19:00:00,0.11990333333333332,0.14987916666666667
2024-01-24 19:30:00,0.12143666666666668,0.15179583333333332
2024-01-24 20:00:00,0.12497333333333334,0.15621666666666667
2024-01-24 20:30:00,0.112485,0.14060625000000002
2024-01-24 21:00:00,0.09702166666666667,0.12127708333333333
2024-01-24 21:30:00,0.07925666666666667,0.09907083333333333
2024-01-24 22:00:00,0.08015166666666666,0.10018958333333333
2024-01-24 22:30:00,0.0938,0.11725000000000001
2024-01-24 23:00:00,0.10134166666666666,0.12667708333333333
2024-01-24 23:30:00,0.09632666666666667,0.12040833333333334
2024-01-25 00:00:00,0.08731,0.0654825
2024-01-25 00:30:00,0.08586,0.064395
2024-01-25 01:00:00,0.07926500000000002,0.059448749999999995
2024-01-25 01:30:00,0.07893000000000001,0.05919749999999999
2024-01-25 02:00:00,0.07976833333333334,0.05982625
2024-01-25 02:30:00,0.07973000000000001,0.059797499999999996
2024-01-25 03:00:00,0.07969,0.059767499999999994
2024-01-25 03:30:00,0.07926000000000001,0.059445
2024-01-25 04:00:00,0.08046833333333335,0.060351249999999995
2024-01-25 04:30:00,0.092015,0.06901125
2024-01-25 05:00:00,0.09809833333333333,0.07357375000000001
2024-01-25 05:30:00,0.08369,0.0627675
2024-01-25 06:00:00,0.07773833333333334,0.058303749999999994
2024-01-25 06:30:00,0.037695,0.028271249999999998
2024-01-25 07:00:00,-0.013856666666666668,-0.016118333333333332
2024-01-25 07:30:00,-0.04397,-0.04397
2024-01-25 08:00:00,-0.03873833333333333,-0.03873833333333333
2024-01-25 08:30:00,-0.04986666666666667,-0.04986666666666667
2024-01-25 09:00:00,-0.052311666666666666,-0.052311666666666666
2024-01-25 09:30:00,-0.04615666666666667,-0.04615666666666667
2024-01-25 10:00:00,-0.058975,-0.058975
2024-01-25 10:30:00,-0.063715,-0.063715
2024-01-25 11:00:00,-0.09669000000000001,-0.09669000000000001
2024-01-25 11:30:00,-0.08766999999999998,-0.08766999999999998
2024-01-25 12:00:00,-0.07581833333333333,-0.07581833333333333
2024-01-25 12:30:00,-0.05987499999999999,-0.05987499999999999
2024-01-25 13:00:00,-0.09113166666666667,-0.09113166666666667
2024-01-25 13:30:00,-0.11099166666666667,-0.11099166666666667
2024-01-25 14:00:00,-0.16112166666666666,-0.16112166666666666
2024-01-25 14:30:00,-0.05811833333333333,-0.05811833333333333
2024-01-25 15:00:00,-0.046731666666666664,-0.046731666666666664
2024-01-25 15:30:00,-0.05083666666666667,-0.05083666666666667
2024-01-25 16:00:00,-0.036226666666666664,-0.03610625
2024-01-25 16:30:00,0.00894,0.011175
2024-01-25 17:00:00,-0.0012216666666666684,0.0006795833333333324
2024-01-25 17:30:00,0.0053033333333333335,0.006845416666666666
2024-01-25 18:00:00,0.08026833333333333,0.10033541666666668
2024-01-25 18:30:00,0.12678999999999999,0.1584875
2024-01-25 19:00:00,0.10634333333333335,0.13292916666666665
2024-01-25 19:30:00,0.10118833333333334,0.12648541666666666
2024-01-25 20:00:00,0.09327666666666667,0.11659583333333334
2024-01-25 20:30:00,0.09585500000000001,0.11981874999999999
2024-01-25 21:00:00,0.07483833333333333,0.09354791666666668
2024-01-25 21:30:00,0.07627666666666667,0.09534583333333334
2024-01-25 22:00:00,0.09495333333333333,0.11869166666666668
2024-01-25 22:30:00,0.07712333333333334,0.09640416666666667
2024-01-25 23:00:00,0.07907666666666667,0.09884583333333334
2024-01-25 23:30:00,0.07987833333333334,0.09984791666666666
2024-01-26 00:00:00,0.08302333333333334,0.0622675
2024-01-26 00:30:00,0.077785,0.058338749999999995
2024-01-26 01:00:00,0.07635,0.0572625
2024-01-26 01:30:00,0.06015,0.0451125
2024-01-26 02:00:00,0.07651666666666666,0.0573875
2024-01-26 02:30:00,0.07609500000000001,0.05707125
2024-01-26 03:00:00,0.07970666666666666,0.05978
2024-01-26 03:30:00,0.07849333333333333,0.05887
2024-01-26 04:00:00,0.081835,0.06137625
2024-01-26 04:30:00,0.08451833333333335,0.06338875
2024-01-26 05:00:00,0.08469666666666668,0.0635225
2024-01-26 05:30:00,0.09370666666666666,0.07028
2024-01-26 06:00:00,0.08492333333333334,0.0636925
2024-01-26 06:30:00,0.029836666666666668,0.021335000000000003
2024-01-26 07:00:00,-0.03317666666666667,-0.03317666666666667
2024-01-26 07:30:00,-0.04666666666666666,-0.04666666666666666
2024-01-26 08:00:00,-0.055265,-0.055265
2024-01-26 08:30:00,-0.05374166666666667,-0.05374166666666667
2024-01-26 09:00:00,-0.05551166666666666,-0.05551166666666666
2024-01-26 09:30:00,-0.05394833333333333,-0.05394833333333333
2024-01-26 10:00:00,-0.052,-0.052
2024-01-26 10:30:00,-0.05715166666666666,-0.05715166666666666
2024-01-26 11:00:00,-0.05023833333333333,-0.05023833333333333
2024-01-26 11:30:00,-0.05068,-0.05068
2024-01-26 12:00:00,-0.04833166666666666,-0.04833166666666666
2024-01-26 12:30:00,-0.042971666666666665,-0.042971666666666665
2024-01-26 13:00:00,-0.0018883333333333339,-0.0007775000000000004
2024-01-26 13:30:00,-0.000971666666666667,0.0005754166666666656
2024-01-26 14:00:00,-0.029378333333333336,-0.02900583333333333
2024-01-26 14:30:00,0.026793333333333336,0.03349166666666666
2024-01-26 15:00:00,0.005410000000000001,0.0076175
2024-01-26 15:30:00,0.016448333333333332,0.020560416666666668
2024-01-26 16:00:00,0.024545,0.030681249999999997
2024-01-26 16:30:00,0.11286333333333336,0.14107916666666667
2024-01-26 17:00:00,0.12857333333333335,0.16071666666666665
2024-01-26 17:30:00,0.133,0.16625
2024-01-26 18:00:00,0.143285,0.17910625
2024-01-26 18:30:00,0.153995,0.19249375000000002
2024-01-26 19:00:00,0.19052833333333333,0.23816041666666665
2024-01-26 19:30:00,0.16,0.20000000000000004
2024-01-26 20:00:00,0.13351333333333334,0.16689166666666666
2024-01-26 20:30:00,0.11310333333333333,0.14137916666666667
2024-01-26 21:00:00,0.11212166666666668,0.14015208333333334
2024-01-26 21:30:00,0.10473500000000001,0.13091875
2024-01-26 22:00:00,0.09572666666666667,0.11965833333333332
2024-01-26 22:30:00,0.07836333333333333,0.09795416666666668
2024-01-26 23:00:00,0.08075666666666667,0.10094583333333333
2024-01-26 23:30:00,0.07722,0.09652499999999999
2024-01-27 00:00:00,0.014034999999999999,0.010526250000000001
2024-01-27 00:30:00,0.007735,0.00580125
2024-01-27 01:00:00,-0.013166666666666665,-0.013661666666666664
2024-01-27 01:30:00,-0.036515,-0.036515
2024-01-27 02:00:00,-0.039071666666666664,-0.039071666666666664
2024-01-27 02:30:00,-0.04228666666666667,-0.04228666666666667
2024-01-27 03:00:00,-0.039071666666666664,-0.039071666666666664
2024-01-27 03:30:00,-0.042256666666666665,-0.042256666666666665
2024-01-27 04:00:00,-0.04014333333333333,-0.04014333333333333
2024-01-27 04:30:00,-0.039071666666666664,-0.039071666666666664
2024-01-27 05:00:00,-0.03381666666666667,-0.03381666666666667
2024-01-27 05:30:00,-0.014873333333333334,-0.015114583333333334
2024-01-27 06:00:00,-0.029621666666666668,-0.029621666666666668
2024-01-27 06:30:00,-0.038,-0.038
2024-01-27 07:00:00,-0.05139666666666667,-0.05139666666666667
2024-01-27 07:30:00,-0.05433166666666667,-0.05433166666666667
2024-01-27 08:00:00,-0.04893666666666666,-0.04893666666666666
2024-01-27 08:30:00,-0.043941666666666664,-0.043941666666666664
2024-01-27 09:00:00,-0.04196833333333333,-0.04196833333333333
2024-01-27 09:30:00,-0.037871666666666665,-0.037871666666666665
2024-01-27 10:00:00,-0.016113333333333334,-0.01688375
2024-01-27 10:30:00,-0.005233333333333333,-0.005792083333333333
2024-01-27 11:00:00,-0.006461666666666667,-0.006890833333333333
2024-01-27 11:30:00,-0.027543333333333333,-0.027543333333333333
2024-01-27 12:00:00,0.0003099999999999995,0.0003099999999999995
2024-01-27 12:30:00,0.02249,0.02249
2024-01-27 13:00:00,0.062055,0.07756875
2024-01-27 13:30:00,0.11769666666666667,0.14712083333333334
2024-01-27 14:00:00,0.124685,0.15585625
2024-01-27 14:30:00,0.134875,0.16859375
2024-01-27 15:00:00,0.13255833333333333,0.16569791666666667
2024-01-27 15:30:00,0.13904833333333333,0.17381041666666666
2024-01-27 16:00:00,0.129395,0.16174375
2024-01-27 16:30:00,0.15010666666666667,0.18763333333333332
2024-01-27 17:00:00,0.16282333333333335,0.20352916666666668
2024-01-27 17:30:00,0.11558500000000001,0.14448125
2024-01-27 18:00:00,0.1414983333333333,0.17687291666666669
2024-01-27 18:30:00,0.14405666666666667,0.18007083333333332
2024-01-27 19:00:00,0.11533333333333334,0.14416666666666667
2024-01-27 19:30:00,0.14095666666666665,0.17619583333333333
2024-01-27 20:00:00,0.12951666666666667,0.16189583333333332
2024-01-27 20:30:00,0.13043833333333332,0.16304791666666665
2024-01-27 21:00:00,0.14605,0.1825625
2024-01-27 21:30:00,0.14615833333333333,0.18269791666666668
2024-01-27 22:00:00,0.13963166666666668,0.17453958333333333
2024-01-27 22:30:00,0.12502,0.156275
2024-01-27 23:00:00,0.11996999999999998,0.1499625
2024-01-27 23:30:00,0.11996999999999998,0.1499625
2024-01-28 00:00:00,0.125655,0.09424125
2024-01-28 00:30:00,0.11014333333333333,0.0826075
2024-01-28 01:00:00,0.10669666666666666,0.0800225
2024-01-28 01:30:00,0.11462499999999999,0.08596875
2024-01-28 02:00:00,0.13716833333333334,0.10287625
2024-01-28 02:30:00,0.12479833333333333,0.09359875
2024-01-28 03:00:00,0.14394500000000002,0.10795875
2024-01-28 03:30:00,0.1396,0.1047
2024-01-28 04:00:00,0.144325,0.10824375000000001
2024-01-28 04:30:00,0.127945,0.09595875
2024-01-28 05:00:00,0.13115,0.0983625
2024-01-28 05:30:00,0.12494333333333334,0.0937075
2024-01-28 06:00:00,0.12116500000000001,0.09087374999999999
2024-01-28 06:30:00,0.1208,0.0906
2024-01-28 07:00:00,0.117925,0.08844375
2024-01-28 07:30:00,0.11724666666666667,0.087935
2024-01-28 08:00:00,0.12614166666666668,0.09460625
2024-01-28 08:30:00,0.13313333333333333,0.09985
2024-01-28 09:00:00,0.11686,0.08764500000000001
2024-01-28 09:30:00,0.11581833333333334,0.08686375
2024-01-28 10:00:00,0.112225,0.08416875
2024-01-28 10:30:00,0.11659166666666666,0.08744375
2024-01-28 11:00:00,0.12755333333333332,0.095665
2024-01-28 11:30:00,0.14485666666666666,0.10864249999999999
2024-01-28 12:00:00,0.12570499999999998,0.12570499999999998
2024-01-28 12:30:00,0.11048999999999999,0.11048999999999999
2024-01-28 13:00:00,0.12259666666666667,0.15324583333333333
2024-01-28 13:30:00,0.04212333333333334,0.0589875
2024-01-28 14:00:00,0.06619833333333333,0.08274791666666667
2024-01-28 14:30:00,0.146655,0.18331875
2024-01-28 15:00:00,0.08967333333333333,0.11209166666666666
2024-01-28 15:30:00,0.116075,0.14509375
2024-01-28 16:00:00,0.106695,0.13336875
2024-01-28 16:30:00,0.16075666666666666,0.20094583333333335
2024-01-28 17:00:00,0.11288666666666668,0.1411083333333333
2024-01-28 17:30:00,0.11710333333333334,0.14637916666666667
2024-01-28 18:00:00,0.07812499999999999,0.09765625
2024-01-28 18:30:00,0.015733333333333332,0.019666666666666666
2024-01-28 19:00:00,0.08902833333333333,0.11128541666666665
2024-01-28 19:30:00,0.11449833333333333,0.14312291666666666
2024-01-28 20:00:00,0.11889499999999999,0.14861875
2024-01-28 20:30:00,0.11914166666666666,0.14892708333333335
2024-01-28 21:00:00,0.11785333333333332,0.14731666666666668
2024-01-28 21:30:00,0.11188,0.13985
2024-01-28 22:00:00,0.11115833333333332,0.13894791666666667
2024-01-28 22:30:00,0.109085,0.13635624999999998
2024-01-28 23:00:00,0.11708,0.14635
2024-01-28 23:30:00,0.11742999999999999,0.1467875
2024-01-29 00:00:00,0.11425,0.08568750000000001
2024-01-29 00:30:00,0.09929833333333334,0.07447374999999999
2024-01-29 01:00:00,0.09225166666666666,0.06918875000000001
2024-01-29 01:30:00,0.08418833333333335,0.06314125
2024-01-29 02:00:00,0.08163166666666667,0.06122375
2024-01-29 02:30:00,0.08176333333333334,0.0613225
2024-01-29 03:00:00,0.08264666666666667,0.061985000000000005
2024-01-29 03:30:00,0.08285166666666667,0.06213875
2024-01-29 04:00:00,0.09220666666666666,0.06915500000000001
2024-01-29 04:30:00,0.11047,0.0828525
2024-01-29 05:00:00,0.13681833333333335,0.10261375
2024-01-29 05:30:00,0.14489000000000002,0.10866749999999999
2024-01-29 06:00:00,0.15499166666666667,0.11624375000000002
2024-01-29 06:30:00,0.160035,0.12002625
2024-01-29 07:00:00,0.14332333333333333,0.1074925
2024-01-29 07:30:00,0.11489166666666667,0.08616875
2024-01-29 08:00:00,0.10581666666666667,0.0793625
2024-01-29 08:30:00,0.026125,0.019515833333333333
2024-01-29 09:00:00,0.012589999999999999,0.0094425
2024-01-29 09:30:00,0.012023333333333332,0.0090175
2024-01-29 10:00:00,0.017781666666666664,0.013336250000000001
2024-01-29 10:30:00,0.012196666666666666,0.009147500000000001
2024-01-29 11:00:00,-0.0001633333333333336,-0.001069166666666667
2024-01-29 11:30:00,0.0047216666666666665,0.002999166666666667
2024-01-29 12:00:00,0.011141666666666666,0.011141666666666666
2024-01-29 12:30:00,0.006675,0.006675
2024-01-29 13:00:00,0.0010166666666666666,0.0018670833333333334
2024-01-29 13:30:00,0.0022900000000000012,0.004685416666666668
2024-01-29 14:00:00,-0.005669999999999999,-0.005337499999999999
2024-01-29 14:30:00,-0.007088333333333333,-0.006979583333333333
2024-01-29 15:00:00,-0.016856666666666666,-0.016715833333333336
2024-01-29 15:30:00,-0.014175,-0.014048749999999999
2024-01-29 16:00:00,-0.030811666666666668,-0.030811666666666668
2024-01-29 16:30:00,0.0017466666666666665,0.0034250000000000005
2024-01-29 17:00:00,0.01611,0.0201375
2024-01-29 17:30:00,0.011493333333333333,0.014366666666666666
2024-01-29 18:00:00,0.07555666666666666,0.09444583333333334
2024-01-29 18:30:00,0.11999166666666666,0.14998958333333334
2024-01-29 19:00:00,0.13876333333333332,0.17345416666666666
2024-01-29 19:30:00,0.12958333333333333,0.16197916666666667
2024-01-29 20:00:00,0.12558833333333333,0.15698541666666666
2024-01-29 20:30:00,0.11602666666666667,0.14503333333333332
2024-01-29 21:00:00,0.11349,0.1418625
2024-01-29 21:30:00,0.10833,0.1354125
2024-01-29 22:00:00,0.11451333333333334,0.14314166666666667
2024-01-29 22:30:00,0.116255,0.14531875
2024-01-29 23:00:00,0.11714000000000001,0.146425
2024-01-29 23:30:00,0.11658666666666667,0.14573333333333333
2024-01-30 00:00:00,0.11123666666666666,0.08342749999999999
2024-01-30 00:30:00,0.109055,0.08179125
2024-01-30 01:00:00,0.106365,0.07977374999999999
2024-01-30 01:30:00,0.108115,0.08108625
2024-01-30 02:00:00,0.10687,0.0801525
2024-01-30 02:30:00,0.10698333333333332,0.0802375
2024-01-30 03:00:00,0.10841833333333334,0.08131375
2024-01-30 03:30:00,0.11111333333333333,0.08333499999999999
2024-01-30 04:00:00,0.11939166666666667,0.08954374999999999
2024-01-30 04:30:00,0.11615666666666667,0.0871175
2024-01-30 05:00:00,0.13595166666666667,0.10196375
2024-01-30 05:30:00,0.13716833333333334,0.10287625
2024-01-30 06:00:00,0.14231833333333335,0.10673875
2024-01-30 06:30:00,0.113205,0.08490375
2024-01-30 07:00:00,0.06284166666666667,0.04713124999999999
2024-01-30 07:30:00,0.04643,0.0348225
2024-01-30 08:00:00,0.018510000000000002,0.013729583333333335
2024-01-30 08:30:00,-0.0141,-0.014475833333333332
2024-01-30 09:00:00,0.006205,0.00465375
2024-01-30 09:30:00,0.001175,9.583333333333319e-05
2024-01-30 10:00:00,0.010236666666666666,0.007677499999999999
2024-01-30 10:30:00,-0.016678333333333333,-0.017208333333333336
2024-01-30 11:00:00,-0.023365,-0.023895
2024-01-30 11:30:00,-0.03780166666666667,-0.03780166666666667
2024-01-30 12:00:00,-0.043603333333333334,-0.043603333333333334
2024-01-30 12:30:00,-0.040558333333333335,-0.040558333333333335
2024-01-30 13:00:00,-0.048826666666666664,-0.048826666666666664
2024-01-30 13:30:00,-0.04319666666666666,-0.04319666666666666
2024-01-30 14:00:00,-0.05066333333333333,-0.05066333333333333
2024-01-30 14:30:00,-0.05033833333333334,-0.05033833333333334
2024-01-30 15:00:00,-0.039953333333333334,-0.039953333333333334
2024-01-30 15:30:00,-0.0029333333333333325,-0.0019991666666666656
2024-01-30 16:00:00,0.008046666666666667,0.012050833333333335
2024-01-30 16:30:00,0.010265,0.0129325
2024-01-30 17:00:00,0.032010000000000004,0.0400125
2024-01-30 17:30:00,0.12818500000000002,0.16023125
2024-01-30 18:00:00,0.16849333333333336,0.21061666666666667
2024-01-30 18:30:00,0.15510333333333334,0.19387916666666669
2024-01-30 19:00:00,0.17075333333333334,0.21344166666666667
2024-01-30 19:30:00,0.143475,0.17934375
2024-01-30 20:00:00,0.12134,0.151675
2024-01-30 20:30:00,0.11867,0.14833749999999998
2024-01-30 21:00:00,0.11546666666666666,0.14433333333333334
2024-01-30 21:30:00,0.11032333333333333,0.13790416666666666
2024-01-30 22:00:00,0.10238333333333333,0.12797916666666667
2024-01-30 22:30:00,0.100335,0.12541875
2024-01-30 23:00:00,0.11586833333333334,0.14483541666666666
2024-01-30 23:30:00,0.11312166666666666,0.14140208333333334
2024-01-31 00:00:00,0.10888333333333333,0.0816625
2024-01-31 00:30:00,0.11004333333333333,0.0825325
2024-01-31 01:00:00,0.10223,0.0766725
2024-01-31 01:30:00,0.09087333333333332,0.06815500000000001
2024-01-31 02:00:00,0.07946833333333335,0.059601249999999995
2024-01-31 02:30:00,0.07958666666666668,0.05969
2024-01-31 03:00:00,0.07972666666666667,0.059794999999999994
2024-01-31 03:30:00,0.07973000000000001,0.059797499999999996
2024-01-31 04:00:00,0.09101666666666668,0.06826249999999999
2024-01-31 04:30:00,0.08586333333333333,0.06439750000000001
2024-01-31 05:00:00,0.11242666666666667,0.08432
2024-01-31 05:30:00,0.11439500000000001,0.08579625
2024-01-31 06:00:00,0.11099666666666667,0.0832475
2024-01-31 06:30:00,0.09248333333333332,0.0693625
2024-01-31 07:00:00,0.028915,0.02168625
2024-01-31 07:30:00,0.0030983333333333336,0.0014908333333333338
2024-01-31 08:00:00,-0.024548333333333328,-0.024827083333333333
2024-01-31 08:30:00,-0.04989,-0.04989
2024-01-31 09:00:00,-0.03916666666666666,-0.03916666666666666
2024-01-31 09:30:00,-0.038,-0.038
2024-01-31 10:00:00,-0.03780833333333333,-0.03780833333333333
2024-01-31 10:30:00,-0.03502666666666667,-0.03502666666666667
2024-01-31 11:00:00,-0.038,-0.038
2024-01-31 11:30:00,-0.03919333333333334,-0.03919333333333334
2024-01-31 12:00:00,-0.038,-0.038
2024-01-31 12:30:00,-0.031211666666666665,-0.031211666666666665
2024-01-31 13:00:00,-0.0281,-0.0281
2024-01-31 13:30:00,-0.014116666666666668,-0.013039583333333334
2024-01-31 14:00:00,-0.028208333333333335,-0.027535416666666663
2024-01-31 14:30:00,-0.029693333333333335,-0.029344166666666668
2024-01-31 15:00:00,-0.03704166666666667,-0.03704166666666667
2024-01-31 15:30:00,-0.021396666666666665,-0.021259166666666666
2024-01-31 16:00:00,-0.012471666666666667,-0.012081250000000002
2024-01-31 16:30:00,0.0034050000000000005,0.005270000000000001
2024-01-31 17:00:00,0.010198333333333332,0.01274791666666667
2024-01-31 17:30:00,0.05967833333333333,0.07459791666666667
2024-01-31 18:00:00,0.12546833333333332,0.15683541666666667
2024-01-31 18:30:00,0.201925,0.25240625
2024-01-31 19:00:00,0.152485,0.19060625
2024-01-31 19:30:00,0.15156333333333336,0.18945416666666667
2024-01-31 20:00:00,0.15054166666666666,0.18817708333333336
2024-01-31 20:30:00,0.13478,0.168475
2024-01-31 21:00:00,0.13099,0.1637375
2024-01-31 21:30:00,0.13459666666666667,0.16824583333333334
2024-01-31 22:00:00,0.16984,0.21230000000000002
2024-01-31 22:30:00,0.14119,0.1764875
2024-01-31 23:00:00,0.14637833333333336,0.18297291666666668
2024-01-31 23:30:00,0.14610833333333334,0.1826354166666667
2024-02-01 00:00:00,0.15826666666666667,0.11870000000000001
2024-02-01 00:30:00,0.13462666666666667,0.10097
2024-02-01 01:00:00,0.13187333333333331,0.098905
2024-02-01 01:30:00,0.120275,0.09020625
2024-02-01 02:00:00,0.09471833333333333,0.07103875
2024-02-01 02:30:00,0.09223833333333332,0.06917875
2024-02-01 03:00:00,0.07908833333333333,0.059316249999999994
2024-02-01 03:30:00,0.07955166666666667,0.059663749999999995
2024-02-01 04:00:00,0.07972666666666667,0.059794999999999994
2024-02-01 04:30:00,0.07874333333333335,0.05905749999999999
2024-02-01 05:00:00,0.087845,0.06588375
2024-02-01 05:30:00,0.07972833333333335,0.059796249999999995
2024-02-01 06:00:00,0.09097833333333333,0.06823375
2024-02-01 06:30:00,0.079585,0.05968874999999999
2024-02-01 07:00:00,0.03769666666666667,0.026689166666666667
2024-02-01 07:30:00,-0.010208333333333335,-0.01136041666666667
2024-02-01 08:00:00,-0.04505,-0.04505
2024-02-01 08:30:00,-0.05348833333333333,-0.05348833333333333
2024-02-01 09:00:00,-0.05192333333333334,-0.05192333333333334
2024-02-01 09:30:00,-0.058633333333333336,-0.058633333333333336
2024-02-01 10:00:00,-0.05870500000000001,-0.05870500000000001
2024-02-01 10:30:00,-0.058,-0.058
2024-02-01 11:00:00,-0.07027499999999999,-0.07027499999999999
2024-02-01 11:30:00,-0.07285833333333334,-0.07285833333333334
2024-02-01 12:00:00,-0.06386833333333333,-0.06386833333333333
2024-02-01 12:30:00,-0.07272666666666668,-0.07272666666666668
2024-02-01 13:00:00,-0.05847,-0.05847
2024-02-01 13:30:00,-0.04348166666666667,-0.04348166666666667
2024-02-01 14:00:00,-0.038,-0.038
2024-02-01 14:30:00,-0.05797666666666667,-0.05797666666666667
2024-02-01 15:00:00,-0.04494833333333333,-0.04494833333333333
2024-02-01 15:30:00,-0.010713333333333333,-0.010024166666666667
2024-02-01 16:00:00,0.008384999999999998,0.011832916666666667
2024-02-01 16:30:00,-0.05866333333333334,-0.05866333333333334
2024-02-01 17:00:00,-0.04027,-0.04027
2024-02-01 17:30:00,-0.023605,-0.02359333333333333
2024-02-01 18:00:00,-0.022986666666666666,-0.022785
2024-02-01 18:30:00,-0.038,-0.038
2024-02-01 19:00:00,-0.015318333333333331,-0.014693333333333334
2024-02-01 19:30:00,0.01128,0.014932916666666666
2024-02-01 20:00:00,0.069325,0.08665624999999999
2024-02-01 20:30:00,0.03394333333333333,0.042429166666666664
2024-02-01 21:00:00,-0.02557,-0.0251975
2024-02-01 21:30:00,-0.03308,-0.03308
2024-02-01 22:00:00,-0.03624333333333333,-0.03624333333333333
2024-02-01 22:30:00,-0.03624,-0.03624
2024-02-01 23:00:00,-0.03289,-0.03289
2024-02-01 23:30:00,-0.03628166666666666,-0.03628166666666666
2024-02-02 00:00:00,-0.03799666666666667,-0.03799666666666667
2024-02-02 00:30:00,-0.038,-0.038
2024-02-02 01:00:00,-0.038,-0.038
2024-02-02 01:30:00,-0.038,-0.038
2024-02-02 02:00:00,-0.038,-0.038
2024-02-02 02:30:00,-0.038,-0.038
2024-02-02 03:00:00,-0.04102833333333333,-0.04102833333333333
2024-02-02 03:30:00,-0.03848833333333333,-0.03848833333333333
2024-02-02 04:00:00,-0.038,-0.038
2024-02-02 04:30:00,-0.037610000000000005,-0.037610000000000005
2024-02-02 05:00:00,-0.023433333333333334,-0.02355958333333333
2024-02-02 05:30:00,0.009085,0.00681375
2024-02-02 06:00:00,0.013678333333333332,0.01025875
2024-02-02 06:30:00,-0.010505,-0.011094583333333333
2024-02-02 07:00:00,-0.025076666666666667,-0.025449166666666672
2024-02-02 07:30:00,-0.038849999999999996,-0.038849999999999996
2024-02-02 08:00:00,-0.048656666666666674,-0.048656666666666674
2024-02-02 08:30:00,-0.05289666666666667,-0.05289666666666667
2024-02-02 09:00:00,-0.054141666666666664,-0.054141666666666664
2024-02-02 09:30:00,-0.05476,-0.05476
2024-02-02 10:00:00,-0.055128333333333335,-0.055128333333333335
2024-02-02 10:30:00,-0.04884166666666667,-0.04884166666666667
2024-02-02 11:00:00,-0.058165,-0.058165
2024-02-02 11:30:00,-0.05405000000000001,-0.05405000000000001
2024-02-02 12:00:00,-0.045745,-0.045745
2024-02-02 12:30:00,-0.04190166666666667,-0.04190166666666667
2024-02-02 13:00:00,-0.04526666666666667,-0.04526666666666667
2024-02-02 13:30:00,-0.048216666666666665,-0.048216666666666665
2024-02-02 14:00:00,-0.041815,-0.041815
2024-02-02 14:30:00,-0.041465,-0.041465
2024-02-02 15:00:00,-0.04713166666666666,-0.04713166666666666
2024-02-02 15:30:00,-0.00954,-0.008734166666666666
2024-02-02 16:00:00,-0.021925,-0.021925
2024-02-02 16:30:00,-0.020563333333333333,-0.0204225
2024-02-02 17:00:00,0.007625,0.010364583333333335
2024-02-02 17:30:00,0.019085,0.02385625
2024-02-02 18:00:00,0.03678833333333333,0.04598541666666667
2024-02-02 18:30:00,0.04405333333333333,0.055066666666666673
2024-02-02 19:00:00,0.10628833333333336,0.13286041666666668
2024-02-02 19:30:00,0.11615500000000001,0.14519374999999998
2024-02-02 20:00:00,0.09782,0.12227500000000001
2024-02-02 20:30:00,0.09576833333333334,0.11971041666666667
2024-02-02 21:00:00,0.07619333333333334,0.09524166666666667
2024-02-02 21:30:00,0.073065,0.09133125000000002
2024-02-02 22:00:00,0.08118166666666667,0.10147708333333333
2024-02-02 22:30:00,0.053065,0.06633125
2024-02-02 23:00:00,0.017651666666666666,0.022064583333333332
2024-02-02 23:30:00,0.017028333333333333,0.021285416666666668
2024-02-03 00:00:00,0.02934,0.022005
2024-02-03 00:30:00,0.06963000000000001,0.0522225
2024-02-03 01:00:00,0.07972833333333335,0.059796249999999995
2024-02-03 01:30:00,0.07498,0.056235
2024-02-03 02:00:00,0.07972833333333335,0.059796249999999995
2024-02-03 02:30:00,0.074845,0.05613375
2024-02-03 03:00:00,0.03484166666666667,0.026131249999999998
2024-02-03 03:30:00,0.016089999999999997,0.0120675
2024-02-03 04:00:00,0.014065,0.01054875
2024-02-03 04:30:00,0.012824999999999998,0.00961875
2024-02-03 05:00:00,0.015575,0.011681249999999999
2024-02-03 05:30:00,0.009196666666666667,0.0068975
2024-02-03 06:00:00,0.00895,0.0067125
2024-02-03 06:30:00,0.007463333333333333,0.005597499999999999
2024-02-03 07:00:00,0.0006400000000000011,-0.0010441666666666661
2024-02-03 07:30:00,-0.013359999999999999,-0.0137325
2024-02-03 08:00:00,-0.021635,-0.021635
2024-02-03 08:30:00,-0.03425,-0.03425
2024-02-03 09:00:00,-0.04496,-0.04496
2024-02-03 09:30:00,-0.05451,-0.05451
2024-02-03 10:00:00,-0.05162166666666667,-0.05162166666666667
2024-02-03 10:30:00,-0.05371,-0.05371
2024-02-03 11:00:00,-0.05461833333333333,-0.05461833333333333
2024-02-03 11:30:00,-0.056845,-0.056845
2024-02-03 12:00:00,-0.05508,-0.05508
2024-02-03 12:30:00,-0.05144666666666667,-0.05144666666666667
2024-02-03 13:00:00,-0.05496,-0.05496
2024-02-03 13:30:00,-0.05653333333333333,-0.05653333333333333
2024-02-03 14:00:00,-0.07050166666666667,-0.07050166666666667
2024-02-03 14:30:00,-0.06658666666666667,-0.06658666666666667
2024-02-03 15:00:00,-0.06334,-0.06334
2024-02-03 15:30:00,-0.06019333333333334,-0.06019333333333334
2024-02-03 16:00:00,-0.06013333333333334,-0.06013333333333334
2024-02-03 16:30:00,-0.050855000000000004,-0.050855000000000004
2024-02-03 17:00:00,-0.04783333333333334,-0.04783333333333334
2024-02-03 17:30:00,-0.04104666666666667,-0.04104666666666667
2024-02-03 18:00:00,-0.00602,-0.004331666666666666
2024-02-03 18:30:00,0.04677666666666667,0.05847083333333333
2024-02-03 19:00:00,0.074885,0.09360625
2024-02-03 19:30:00,0.10114833333333334,0.12643541666666666
2024-02-03 20:00:00,0.11735499999999999,0.14669374999999998
2024-02-03 20:30:00,0.104765,0.13095625
2024-02-03 21:00:00,0.09647333333333334,0.12059166666666667
2024-02-03 21:30:00,0.08403166666666667,0.10503958333333334
2024-02-03 22:00:00,0.092845,0.11605625000000001
2024-02-03 22:30:00,0.08494,0.106175
2024-02-03 23:00:00,0.09089166666666666,0.11361458333333334
2024-02-03 23:30:00,0.09250166666666666,0.11562708333333334
2024-02-04 00:00:00,0.09623666666666668,0.0721775
2024-02-04 00:30:00,0.10080666666666666,0.07560499999999999
2024-02-04 01:00:00,0.101565,0.07617375
2024-02-04 01:30:00,0.09165166666666667,0.06873875
2024-02-04 02:00:00,0.09111666666666668,0.0683375
2024-02-04 02:30:00,0.08478166666666666,0.06358625
2024-02-04 03:00:00,0.09238833333333334,0.06929125
2024-02-04 03:30:00,0.089685,0.06726375
2024-02-04 04:00:00,0.10019499999999999,0.07514625
2024-02-04 04:30:00,0.08968,0.06726
2024-02-04 05:00:00,0.10085333333333334,0.07564
2024-02-04 05:30:00,0.11224,0.08417999999999999
2024-02-04 06:00:00,0.10000333333333333,0.0750025
2024-02-04 06:30:00,0.029121666666666667,0.021841250000000003
2024-02-04 07:00:00,0.003954999999999999,0.00296625
2024-02-04 07:30:00,0.007921666666666665,0.0059412499999999995
2024-02-04 08:00:00,-0.006728333333333333,-0.007493333333333334
2024-02-04 08:30:00,-0.012501666666666666,-0.0147225
2024-02-04 09:00:00,-0.025895,-0.025895
2024-02-04 09:30:00,-0.03542666666666667,-0.03570916666666667
2024-02-04 10:00:00,-0.04618166666666667,-0.04618166666666667
2024-02-04 10:30:00,-0.05207833333333334,-0.05207833333333334
2024-02-04 11:00:00,-0.05414666666666667,-0.05414666666666667
2024-02-04 11:30:00,-0.05409333333333333,-0.05409333333333333
2024-02-04 12:00:00,-0.049863333333333336,-0.049863333333333336
2024-02-04 12:30:00,-0.05102,-0.05102
2024-02-04 13:00:00,-0.03877833333333333,-0.03877833333333333
2024-02-04 13:30:00,-0.046255,-0.046255
2024-02-04 14:00:00,-0.040855,-0.040855
2024-02-04 14:30:00,-0.04515666666666667,-0.04515666666666667
2024-02-04 15:00:00,-0.019016666666666664,-0.01884625
2024-02-04 15:30:00,-0.01984333333333333,-0.01984333333333333
2024-02-04 16:00:00,-0.02544666666666667,-0.02544666666666667
2024-02-04 16:30:00,0.009285,0.011756250000000001
2024-02-04 17:00:00,0.01375,0.0171875
2024-02-04 17:30:00,0.01997166666666667,0.024964583333333335
2024-02-04 18:00:00,0.12772666666666666,0.15965833333333332
2024-02-04 18:30:00,0.14997,0.1874625
2024-02-04 19:00:00,0.14280833333333334,0.17851041666666667
2024-02-04 19:30:00,0.11990666666666666,0.14988333333333334
2024-02-04 20:00:00,0.11356833333333333,0.14196041666666667
2024-02-04 20:30:00,0.09030833333333332,0.11288541666666667
2024-02-04 21:00:00,0.08976166666666667,0.11220208333333333
2024-02-04 21:30:00,0.08401166666666667,0.10501458333333334
2024-02-04 22:00:00,0.08655666666666667,0.10819583333333334
2024-02-04 22:30:00,0.08854166666666667,0.11067708333333333
2024-02-04 23:00:00,0.08997,0.1124625
2024-02-04 23:30:00,0.08997,0.1124625
2024-02-05 00:00:00,0.08997,0.06747750000000001
2024-02-05 00:30:00,0.08899,0.06674250000000001
2024-02-05 01:00:00,0.08103666666666666,0.060777500000000005
2024-02-05 01:30:00,0.08,0.06
2024-02-05 02:00:00,0.08037166666666667,0.06027874999999999
2024-02-05 02:30:00,0.07978333333333333,0.059837499999999995
2024-02-05 03:00:00,0.07973000000000001,0.059797499999999996
2024-02-05 03:30:00,0.08829166666666666,0.06621875
2024-02-05 04:00:00,0.098885,0.07416375
2024-02-05 04:30:00,0.105,0.07875
2024-02-05 05:00:00,0.11503666666666668,0.08627750000000001
2024-02-05 05:30:00,0.13392666666666667,0.100445
2024-02-05 06:00:00,0.12130833333333334,0.09098125000000001
2024-02-05 06:30:00,0.1143,0.085725
2024-02-05 07:00:00,0.097035,0.07277625
2024-02-05 07:30:00,0.08749833333333334,0.06562375
2024-02-05 08:00:00,0.08856666666666667,0.066425
2024-02-05 08:30:00,0.060178333333333334,0.04513375
2024-02-05 09:00:00,0.051809999999999995,0.038857499999999996
2024-02-05 09:30:00,0.062785,0.04708874999999999
2024-02-05 10:00:00,0.015241666666666666,0.011431249999999999
2024-02-05 10:30:00,0.013300000000000001,0.009975
2024-02-05 11:00:00,0.007296666666666667,0.005472500000000001
2024-02-05 11:30:00,0.006683333333333333,0.0050125
2024-02-05 12:00:00,0.0023066666666666665,0.0023066666666666665
2024-02-05 12:30:00,-0.03069166666666667,-0.03069166666666667
2024-02-05 13:00:00,-0.039363333333333334,-0.039315416666666665
2024-02-05 13:30:00,-0.04568833333333333,-0.04568833333333333
2024-02-05 14:00:00,-0.049003333333333336,-0.049003333333333336
2024-02-05 14:30:00,-0.05044166666666666,-0.05044166666666666
2024-02-05 15:00:00,-0.049993333333333334,-0.049993333333333334
2024-02-05 15:30:00,-0.03720166666666667,-0.03678541666666667
2024-02-05 16:00:00,-0.018583333333333334,-0.018210833333333332
2024-02-05 16:30:00,0.002696666666666667,0.00420375
2024-02-05 17:00:00,0.013415000000000002,0.016768750000000002
2024-02-05 17:30:00,0.04519,0.056487499999999996
2024-02-05 18:00:00,0.16820833333333332,0.21026041666666664
2024-02-05 18:30:00,0.14659,0.18323750000000003
2024-02-05 19:00:00,0.13345833333333332,0.16682291666666668
2024-02-05 19:30:00,0.11996999999999998,0.1499625
2024-02-05 20:00:00,0.11934166666666667,0.14917708333333332
2024-02-05 20:30:00,0.110705,0.13838125
2024-02-05 21:00:00,0.109395,0.13674375
2024-02-05 21:30:00,0.09358500000000002,0.11698125
2024-02-05 22:00:00,0.09405666666666666,0.11757083333333335
2024-02-05 22:30:00,0.0922,0.11525
2024-02-05 23:00:00,0.10499166666666666,0.13123958333333333
2024-02-05 23:30:00,0.10280333333333334,0.12850416666666667
2024-02-06 00:00:00,0.10095,0.0757125
2024-02-06 00:30:00,0.09998166666666668,0.07498624999999999
2024-02-06 01:00:00,0.09528166666666667,0.07146125
2024-02-06 01:30:00,0.09613833333333333,0.07210375
2024-02-06 02:00:00,0.08496999999999999,0.0637275
2024-02-06 02:30:00,0.07968833333333335,0.05976624999999999
2024-02-06 03:00:00,0.07979000000000001,0.0598425
2024-02-06 03:30:00,0.07973000000000001,0.059797499999999996
2024-02-06 04:00:00,0.07942666666666667,0.05956999999999999
2024-02-06 04:30:00,0.084055,0.06304125
2024-02-06 05:00:00,0.11586666666666667,0.08689999999999999
2024-02-06 05:30:00,0.12379333333333332,0.092845
2024-02-06 06:00:00,0.12125166666666666,0.09093875
2024-02-06 06:30:00,0.09832166666666665,0.07374125
2024-02-06 07:00:00,0.06357,0.047677500000000005
2024-02-06 07:30:00,0.024381666666666666,0.01828625
2024-02-06 08:00:00,0.007401666666666667,0.005551250000000001
2024-02-06 08:30:00,0.0016549999999999996,0.0007141666666666667
2024-02-06 09:00:00,-0.0063549999999999995,-0.007196666666666666
2024-02-06 09:30:00,-0.023215,-0.023744583333333333
2024-02-06 10:00:00,-0.042971666666666665,-0.042971666666666665
2024-02-06 10:30:00,-0.022144999999999998,-0.02236125
2024-02-06 11:00:00,-0.022338333333333335,-0.023085833333333333
2024-02-06 11:30:00,-0.051688333333333336,-0.051688333333333336
2024-02-06 12:00:00,-0.05345833333333333,-0.05345833333333333
2024-02-06 12:30:00,-0.05609,-0.05609
2024-02-06 13:00:00,-0.04807,-0.04807
2024-02-06 13:30:00,-0.04523666666666667,-0.04523666666666667
2024-02-06 14:00:00,-0.05471499999999999,-0.05471499999999999
2024-02-06 14:30:00,-0.05107166666666666,-0.05107166666666666
2024-02-06 15:00:00,-0.026175,-0.025147083333333334
2024-02-06 15:30:00,-0.019498333333333333,-0.018999583333333334
2024-02-06 16:00:00,0.009905,0.012381250000000002
2024-02-06 16:30:00,0.014958333333333332,0.018697916666666665
2024-02-06 17:00:00,0.009948333333333333,0.012435416666666666
2024-02-06 17:30:00,0.030461666666666665,0.03807708333333333
2024-02-06 18:00:00,0.113685,0.14210625
2024-02-06 18:30:00,0.11852166666666668,0.14815208333333332
2024-02-06 19:00:00,0.11915666666666667,0.14894583333333333
2024-02-06 19:30:00,0.11829833333333334,0.14787291666666666
2024-02-06 20:00:00,0.11253166666666665,0.14066458333333334
2024-02-06 20:30:00,0.08678166666666666,0.10847708333333334
2024-02-06 21:00:00,0.08517166666666666,0.10646458333333332
2024-02-06 21:30:00,0.08932,0.11165000000000001
2024-02-06 22:00:00,0.083355,0.10419375000000002
2024-02-06 22:30:00,0.07575833333333333,0.09469791666666666
2024-02-06 23:00:00,0.07972833333333335,0.09966041666666665
2024-02-06 23:30:00,0.07463833333333333,0.09329791666666666
2024-02-07 00:00:00,0.075365,0.056523750000000005
2024-02-07 00:30:00,0.07899333333333335,0.059245
2024-02-07 01:00:00,0.06915500000000001,0.05186625
2024-02-07 01:30:00,0.03299166666666667,0.02474375
2024-02-07 02:00:00,0.03384666666666667,0.025385
2024-02-07 02:30:00,0.03495,0.0262125
2024-02-07 03:00:00,0.03378333333333333,0.0253375
2024-02-07 03:30:00,0.03495,0.0262125
2024-02-07 04:00:00,0.034575,0.02593125
2024-02-07 04:30:00,0.058208333333333334,0.04365625
2024-02-07 05:00:00,0.10429833333333333,0.07822375
2024-02-07 05:30:00,0.10256166666666666,0.07692125
2024-02-07 06:00:00,0.102675,0.07700625
2024-02-07 06:30:00,0.0858,0.06435
2024-02-07 07:00:00,0.025844999999999996,0.01938375
2024-02-07 07:30:00,0.01789666666666667,0.013422499999999999
2024-02-07 08:00:00,2.5000000000000428e-05,-0.001508333333333333
2024-02-07 08:30:00,-0.01343,-0.01343
2024-02-07 09:00:00,-0.03410333333333333,-0.03410333333333333
2024-02-07 09:30:00,-0.04211500000000001,-0.04211500000000001
2024-02-07 10:00:00,-0.041521666666666665,-0.041521666666666665
2024-02-07 10:30:00,-0.04307,-0.04307
2024-02-07 11:00:00,-0.041626666666666666,-0.041626666666666666
2024-02-07 11:30:00,-0.009326666666666667,-0.010170833333333334
2024-02-07 12:00:00,0.00435,0.00435
2024-02-07 12:30:00,0.002495,0.002495
2024-02-07 13:00:00,0.0037733333333333334,0.0049787500000000005
2024-02-07 13:30:00,0.004821666666666666,0.0060550000000000005
2024-02-07 14:00:00,0.004031666666666667,0.005090416666666667
2024-02-07 14:30:00,-0.004825,-0.004717916666666666
2024-02-07 15:00:00,0.003283333333333334,0.004259583333333333
2024-02-07 15:30:00,0.005811666666666666,0.007309583333333334
2024-02-07 16:00:00,0.011726666666666668,0.014658333333333334
2024-02-07 16:30:00,0.045886666666666666,0.05735833333333334
2024-02-07 17:00:00,0.10021333333333333,0.12526666666666667
2024-02-07 17:30:00,0.11132833333333332,0.13916041666666668
2024-02-07 18:00:00,0.12450499999999999,0.15563125
2024-02-07 18:30:00,0.147365,0.18420625
2024-02-07 19:00:00,0.16424166666666665,0.20530208333333333
2024-02-07 19:30:00,0.14509833333333333,0.18137291666666666
2024-02-07 20:00:00,0.12393333333333333,0.15491666666666667
2024-02-07 20:30:00,0.117575,0.14696874999999998
2024-02-07 21:00:00,0.11658,0.145725
2024-02-07 21:30:00,0.11091333333333332,0.13864166666666666
2024-02-07 22:00:00,0.11558,0.144475
2024-02-07 22:30:00,0.09946166666666667,0.12432708333333332
2024-02-07 23:00:00,0.0931,0.116375
2024-02-07 23:30:00,0.09723,0.1215375
2024-02-08 00:00:00,0.09466166666666666,0.07099625
2024-02-08 00:30:00,0.094925,0.07119375
2024-02-08 01:00:00,0.10742166666666665,0.08056625
2024-02-08 01:30:00,0.09250333333333333,0.0693775
2024-02-08 02:00:00,0.09181166666666667,0.06885875000000001
2024-02-08 02:30:00,0.09319666666666666,0.0698975
2024-02-08 03:00:00,0.09399,0.0704925
2024-02-08 03:30:00,0.13338833333333333,0.10004125000000001
2024-02-08 04:00:00,0.12633,0.0947475
2024-02-08 04:30:00,0.12030166666666665,0.09022625000000001
2024-02-08 05:00:00,0.128225,0.09616875000000001
2024-02-08 05:30:00,0.14948666666666666,0.112115
2024-02-08 06:00:00,0.1614,0.12104999999999999
2024-02-08 06:30:00,0.14341666666666666,0.1075625
2024-02-08 07:00:00,0.12026333333333333,0.0901975
2024-02-08 07:30:00,0.10926833333333334,0.08195124999999999
2024-02-08 08:00:00,0.10100166666666667,0.07575125
2024-02-08 08:30:00,0.10966,0.082245
2024-02-08 09:00:00,0.08692333333333334,0.0651925
2024-02-08 09:30:00,0.029718333333333333,0.02228875
2024-02-08 10:00:00,0.015635,0.01172625
2024-02-08 10:30:00,0.014369999999999999,0.0107775
2024-02-08 11:00:00,0.00804,0.005775416666666667
2024-02-08 11:30:00,0.012075,0.00905625
2024-02-08 12:00:00,0.017144999999999997,0.017144999999999997
2024-02-08 12:30:00,0.016886666666666664,0.016886666666666664
2024-02-08 13:00:00,0.01594833333333333,0.019935416666666667
2024-02-08 13:30:00,0.02185833333333333,0.027322916666666665
2024-02-08 14:00:00,0.03381666666666667,0.042270833333333334
2024-02-08 14:30:00,0.05393833333333334,0.06742291666666667
2024-02-08 15:00:00,0.11084833333333333,0.13856041666666666
2024-02-08 15:30:00,0.11715166666666667,0.14643958333333332
2024-02-08 16:00:00,0.10589166666666666,0.13236458333333334
2024-02-08 16:30:00,0.11664666666666666,0.14580833333333332
2024-02-08 17:00:00,0.112635,0.14079375
2024-02-08 17:30:00,0.12477500000000001,0.15596875
2024-02-08 18:00:00,0.14340166666666668,0.17925208333333334
2024-02-08 18:30:00,0.1906133333333333,0.23826666666666665
2024-02-08 19:00:00,0.14876333333333333,0.18595416666666667
2024-02-08 19:30:00,0.141665,0.17708125
2024-02-08 20:00:00,0.12874833333333333,0.16093541666666666
2024-02-08 20:30:00,0.123915,0.15489375
2024-02-08 21:00:00,0.12051833333333332,0.15064791666666666
2024-02-08 21:30:00,0.12018333333333332,0.15022916666666666
2024-02-08 22:00:00,0.12012166666666667,0.15015208333333332
2024-02-08 22:30:00,0.12239333333333331,0.15299166666666666
2024-02-08 23:00:00,0.12434666666666667,0.15543333333333334
2024-02-08 23:30:00,0.13583166666666666,0.16978958333333335
2024-02-09 00:00:00,0.121305,0.09097875
2024-02-09 00:30:00,0.14455333333333334,0.108415
2024-02-09 01:00:00,0.13815666666666668,0.10361749999999999
2024-02-09 01:30:00,0.120485,0.09036375
2024-02-09 02:00:00,0.12263666666666667,0.0919775
2024-02-09 02:30:00,0.11223,0.0841725
2024-02-09 03:00:00,0.11638666666666668,0.08728999999999999
2024-02-09 03:30:00,0.11342833333333334,0.08507125
2024-02-09 04:00:00,0.116865,0.08764875
2024-02-09 04:30:00,0.12759166666666666,0.09569375000000001
2024-02-09 05:00:00,0.12054,0.090405
2024-02-09 05:30:00,0.13204000000000002,0.09902999999999999
2024-02-09 06:00:00,0.13615166666666667,0.10211375
2024-02-09 06:30:00,0.12598833333333334,0.09449124999999998
2024-02-09 07:00:00,0.12029166666666667,0.09021875
2024-02-09 07:30:00,0.11771666666666668,0.0882875
2024-02-09 08:00:00,0.11471166666666666,0.08603375
2024-02-09 08:30:00,0.11082666666666667,0.08312
2024-02-09 09:00:00,0.070285,0.05271375
2024-02-09 09:30:00,0.040185,0.030138750000000002
2024-02-09 10:00:00,0.05834333333333334,0.043757500000000005
2024-02-09 10:30:00,0.02679833333333333,0.020098750000000002
2024-02-09 11:00:00,0.0062900000000000005,0.002354166666666667
2024-02-09 11:30:00,0.006715,0.0038837500000000005
2024-02-09 12:00:00,0.024874999999999998,0.024874999999999998
2024-02-09 12:30:00,0.0296,0.0296
2024-02-09 13:00:00,0.03100666666666667,0.03875833333333333
2024-02-09 13:30:00,0.03194333333333333,0.03992916666666666
2024-02-09 14:00:00,0.027450000000000002,0.0343125
2024-02-09 14:30:00,0.033715,0.04214375
2024-02-09 15:00:00,0.043734999999999996,0.054668749999999995
2024-02-09 15:30:00,0.078625,0.09828124999999999
2024-02-09 16:00:00,0.007711666666666666,0.011218333333333332
2024-02-09 16:30:00,0.028993333333333333,0.036241666666666665
2024-02-09 17:00:00,0.01928166666666667,0.024102083333333333
2024-02-09 17:30:00,0.05427333333333333,0.06784166666666668
2024-02-09 18:00:00,0.12586166666666668,0.15732708333333334
2024-02-09 18:30:00,0.15079166666666666,0.18848958333333332
2024-02-09 19:00:00,0.15153833333333333,0.18942291666666666
2024-02-09 19:30:00,0.12283333333333334,0.15354166666666666
2024-02-09 20:00:00,0.12252333333333332,0.15315416666666667
2024-02-09 20:30:00,0.11637833333333332,0.14547291666666665
2024-02-09 21:00:00,0.11117500000000001,0.13896875
2024-02-09 21:30:00,0.10255833333333335,0.12819791666666666
2024-02-09 22:00:00,0.10682666666666667,0.13353333333333334
2024-02-09 22:30:00,0.09619499999999999,0.12024375
2024-02-09 23:00:00,0.11135333333333335,0.13919166666666666
2024-02-09 23:30:00,0.11454833333333332,0.14318541666666665
2024-02-10 00:00:00,0.108475,0.08135625
2024-02-10 00:30:00,0.10362666666666666,0.07772
2024-02-10 01:00:00,0.10712333333333333,0.0803425
2024-02-10 01:30:00,0.08778833333333334,0.06584125
2024-02-10 02:00:00,0.086345,0.06475875
2024-02-10 02:30:00,0.08730666666666666,0.06548
2024-02-10 03:00:00,0.08653166666666667,0.06489875
2024-02-10 03:30:00,0.08413666666666668,0.06310249999999999
2024-02-10 04:00:00,0.08338666666666666,0.06254
2024-02-10 04:30:00,0.08300833333333334,0.06225624999999999
2024-02-10 05:00:00,0.08540833333333332,0.06405625
2024-02-10 05:30:00,0.08551000000000002,0.0641325
2024-02-10 06:00:00,0.08310666666666666,0.062329999999999997
2024-02-10 06:30:00,0.046443333333333336,0.034832499999999995
2024-02-10 07:00:00,0.011003333333333332,0.00796625
2024-02-10 07:30:00,0.014026666666666666,0.010409583333333333
2024-02-10 08:00:00,0.014001666666666667,0.008769583333333332
2024-02-10 08:30:00,-0.027218333333333334,-0.027845833333333334
2024-02-10 09:00:00,-0.038939999999999995,-0.038939999999999995
2024-02-10 09:30:00,-0.048558333333333335,-0.048558333333333335
2024-02-10 10:00:00,-0.05174666666666666,-0.05174666666666666
2024-02-10 10:30:00,-0.053035,-0.053035
2024-02-10 11:00:00,-0.054113333333333326,-0.054113333333333326
2024-02-10 11:30:00,-0.05284333333333333,-0.05284333333333333
2024-02-10 12:00:00,-0.05519333333333334,-0.05519333333333334
2024-02-10 12:30:00,-0.06792333333333334,-0.06792333333333334
2024-02-10 13:00:00,-0.06016166666666667,-0.06016166666666667
2024-02-10 13:30:00,-0.06112,-0.06112
2024-02-10 14:00:00,-0.06505166666666666,-0.06505166666666666
2024-02-10 14:30:00,-0.053974999999999995,-0.053974999999999995
2024-02-10 15:00:00,-0.04481666666666667,-0.04481666666666667
2024-02-10 15:30:00,-0.05798333333333333,-0.05798333333333333
2024-02-10 16:00:00,-0.035791666666666666,-0.03563583333333333
2024-02-10 16:30:00,0.002501666666666667,0.003127083333333333
2024-02-10 17:00:00,0.00066,0.0016583333333333328
2024-02-10 17:30:00,0.006868333333333333,0.008733333333333334
2024-02-10 18:00:00,0.016271666666666667,0.020339583333333335
2024-02-10 18:30:00,0.133845,0.16730625
2024-02-10 19:00:00,0.12593166666666666,0.15741458333333333
2024-02-10 19:30:00,0.08560833333333334,0.10701041666666666
2024-02-10 20:00:00,0.09060666666666667,0.11325833333333334
2024-02-10 20:30:00,0.08760333333333332,0.10950416666666667
2024-02-10 21:00:00,0.08090666666666667,0.10113333333333334
2024-02-10 21:30:00,0.07900666666666667,0.09875833333333334
2024-02-10 22:00:00,0.08741666666666666,0.10927083333333333
2024-02-10 22:30:00,0.0847,0.105875
2024-02-10 23:00:00,0.081855,0.10231875
2024-02-10 23:30:00,0.082955,0.10369374999999999
2024-02-11 00:00:00,0.08197666666666666,0.0614825
2024-02-11 00:30:00,0.07991666666666668,0.0599375
2024-02-11 01:00:00,0.07599666666666667,0.0569975
2024-02-11 01:30:00,0.07894333333333332,0.059207499999999996
2024-02-11 02:00:00,0.058045000000000006,0.04353375
2024-02-11 02:30:00,0.06114333333333333,0.045857499999999995
2024-02-11 03:00:00,0.06918166666666667,0.05188625
2024-02-11 03:30:00,0.08007166666666667,0.060053749999999996
2024-02-11 04:00:00,0.08577,0.0643275
2024-02-11 04:30:00,0.08786499999999998,0.06589875
2024-02-11 05:00:00,0.089095,0.06682125
2024-02-11 05:30:00,0.08590500000000001,0.06442874999999999
2024-02-11 06:00:00,0.08065166666666666,0.06048875
2024-02-11 06:30:00,0.023983333333333332,0.0179875
2024-02-11 07:00:00,0.004648333333333333,0.0019029166666666663
2024-02-11 07:30:00,-0.028156666666666663,-0.028283749999999996
2024-02-11 08:00:00,-0.04210666666666666,-0.04210666666666666
2024-02-11 08:30:00,-0.04741666666666666,-0.04741666666666666
2024-02-11 09:00:00,-0.053770000000000005,-0.053770000000000005
2024-02-11 09:30:00,-0.05582500000000001,-0.05582500000000001
2024-02-11 10:00:00,-0.05706,-0.05706
2024-02-11 10:30:00,-0.08116833333333333,-0.08116833333333333
2024-02-11 11:00:00,-0.175625,-0.175625
2024-02-11 11:30:00,-0.08601833333333332,-0.08601833333333332
2024-02-11 12:00:00,-0.06867166666666667,-0.06867166666666667
2024-02-11 12:30:00,-0.087215,-0.087215
2024-02-11 13:00:00,-0.19338999999999998,-0.19338999999999998
2024-02-11 13:30:00,-0.12319166666666666,-0.12319166666666666
2024-02-11 14:00:00,-0.10384833333333333,-0.10384833333333333
2024-02-11 14:30:00,-0.077875,-0.077875
2024-02-11 15:00:00,-0.06383333333333334,-0.06383333333333334
2024-02-11 15:30:00,-0.05859333333333333,-0.05859333333333333
2024-02-11 16:00:00,-0.05576,-0.05576
2024-02-11 16:30:00,-0.048806666666666665,-0.048806666666666665
2024-02-11 17:00:00,-0.0176,-0.016417083333333332
2024-02-11 17:30:00,0.02077666666666667,0.025970833333333332
2024-02-11 18:00:00,0.04344833333333333,0.05431041666666667
2024-02-11 18:30:00,0.090985,0.11373125
2024-02-11 19:00:00,0.10609666666666667,0.13262083333333333
2024-02-11 19:30:00,0.13206166666666666,0.16507708333333335
2024-02-11 20:00:00,0.12168000000000001,0.15209999999999999
2024-02-11 20:30:00,0.11404666666666667,0.14255833333333331
2024-02-11 21:00:00,0.11097666666666667,0.13872083333333332
2024-02-11 21:30:00,0.10801500000000001,0.13501875
2024-02-11 22:00:00,0.12123666666666666,0.15154583333333332
2024-02-11 22:30:00,0.127445,0.15930625
2024-02-11 23:00:00,0.124235,0.15529375
2024-02-11 23:30:00,0.12153166666666666,0.15191458333333333
2024-02-12 00:00:00,0.11891333333333333,0.089185
2024-02-12 00:30:00,0.11682,0.087615
2024-02-12 01:00:00,0.11775999999999999,0.08832000000000001
2024-02-12 01:30:00,0.10857,0.0814275
2024-02-12 02:00:00,0.10908333333333332,0.0818125
2024-02-12 02:30:00,0.10511666666666668,0.0788375
2024-02-12 03:00:00,0.10976000000000001,0.08232
2024-02-12 03:30:00,0.11174833333333334,0.08381125
2024-02-12 04:00:00,0.11206333333333333,0.0840475
2024-02-12 04:30:00,0.11816833333333332,0.08862625
2024-02-12 05:00:00,0.12782333333333332,0.0958675
2024-02-12 05:30:00,0.144,0.108
2024-02-12 06:00:00,0.13939333333333334,0.104545
2024-02-12 06:30:00,0.12743666666666667,0.0955775
2024-02-12 07:00:00,0.11711833333333332,0.08783875000000001
2024-02-12 07:30:00,0.05076166666666667,0.03807125
2024-02-12 08:00:00,0.03479666666666666,0.0260975
2024-02-12 08:30:00,0.010826666666666665,0.00812
2024-02-12 09:00:00,-0.00775,-0.008602499999999999
2024-02-12 09:30:00,-0.006455,-0.007461666666666668
2024-02-12 10:00:00,-0.03051166666666667,-0.03051166666666667
2024-02-12 10:30:00,-0.03953,-0.03953
2024-02-12 11:00:00,-0.037636666666666665,-0.037636666666666665
2024-02-12 11:30:00,-0.04373,-0.04373
2024-02-12 12:00:00,-0.032795,-0.032795
2024-02-12 12:30:00,-0.046415000000000005,-0.046415000000000005
2024-02-12 13:00:00,-0.04317666666666667,-0.04317666666666667
2024-02-12 13:30:00,-0.04202,-0.04202
2024-02-12 14:00:00,-0.04049,-0.04049
2024-02-12 14:30:00,-0.038,-0.038
2024-02-12 15:00:00,-0.03906833333333334,-0.03906833333333334
2024-02-12 15:30:00,-0.03909666666666667,-0.03909666666666667
2024-02-12 16:00:00,-0.03763166666666667,-0.03763166666666667
2024-02-12 16:30:00,-0.032071666666666665,-0.032071666666666665
2024-02-12 17:00:00,0.009853333333333334,0.012316666666666665
2024-02-12 17:30:00,0.015090000000000001,0.0188625
2024-02-12 18:00:00,0.04774666666666666,0.05968333333333333
2024-02-12 18:30:00,0.09042166666666666,0.11302708333333333
2024-02-12 19:00:00,0.10128666666666668,0.12660833333333332
2024-02-12 19:30:00,0.09405000000000001,0.1175625
2024-02-12 20:00:00,0.11001666666666667,0.13752083333333334
2024-02-12 20:30:00,0.10852,0.13565000000000002
2024-02-12 21:00:00,0.10398166666666665,0.12997708333333333
2024-02-12 21:30:00,0.09113833333333332,0.11392291666666667
2024-02-12 22:00:00,0.08862500000000001,0.11078125
2024-02-12 22:30:00,0.08142833333333334,0.10178541666666667
2024-02-12 23:00:00,0.08474,0.105925
2024-02-12 23:30:00,0.08436833333333334,0.10546041666666667
2024-02-13 00:00:00,0.08630833333333333,0.06473125
2024-02-13 00:30:00,0.08580333333333334,0.06435249999999999
2024-02-13 01:00:00,0.0774,0.05805
2024-02-13 01:30:00,0.07107833333333334,0.053308749999999995
2024-02-13 02:00:00,0.06587333333333333,0.049405
2024-02-13 02:30:00,0.053835,0.040376249999999995
2024-02-13 03:00:00,0.06540833333333333,0.04905625
2024-02-13 03:30:00,0.06552833333333334,0.04914625
2024-02-13 04:00:00,0.07579833333333334,0.05684875
2024-02-13 04:30:00,0.07890333333333334,0.059177499999999994
2024-02-13 05:00:00,0.11466166666666666,0.08599625
2024-02-13 05:30:00,0.11533666666666666,0.0865025
2024-02-13 06:00:00,0.11947999999999999,0.08961000000000001
2024-02-13 06:30:00,0.08831,0.0662325
2024-02-13 07:00:00,0.08166666666666667,0.06125
2024-02-13 07:30:00,0.013331666666666667,0.009998749999999999
2024-02-13 08:00:00,0.003665,0.002628333333333333
2024-02-13 08:30:00,-0.02636166666666667,-0.02636166666666667
2024-02-13 09:00:00,-0.037943333333333336,-0.037943333333333336
2024-02-13 09:30:00,-0.03847833333333333,-0.03847833333333333
2024-02-13 10:00:00,-0.038,-0.038
2024-02-13 10:30:00,-0.04429166666666667,-0.04429166666666667
2024-02-13 11:00:00,-0.04814333333333334,-0.04814333333333334
2024-02-13 11:30:00,-0.04906166666666667,-0.04906166666666667
2024-02-13 12:00:00,-0.041341666666666665,-0.041341666666666665
2024-02-13 12:30:00,-0.044375,-0.044375
2024-02-13 13:00:00,-0.032055,-0.032055
2024-02-13 13:30:00,-0.01822333333333333,-0.01769583333333333
2024-02-13 14:00:00,-0.014335,-0.01396
2024-02-13 14:30:00,-0.03233166666666667,-0.03233166666666667
2024-02-13 15:00:00,0.000525,0.0015475
2024-02-13 15:30:00,-0.00977,-0.009769166666666667
2024-02-13 16:00:00,0.013736666666666666,0.01828666666666667
2024-02-13 16:30:00,0.06437833333333333,0.08047291666666667
2024-02-13 17:00:00,0.10040500000000001,0.12550625
2024-02-13 17:30:00,0.13759833333333332,0.17199791666666667
2024-02-13 18:00:00,0.12535166666666667,0.15668958333333333
2024-02-13 18:30:00,0.129025,0.16128125000000001
2024-02-13 19:00:00,0.13061333333333333,0.16326666666666667
2024-02-13 19:30:00,0.13335333333333335,0.16669166666666668
2024-02-13 20:00:00,0.13064499999999998,0.16330625000000001
2024-02-13 20:30:00,0.13861500000000002,0.17326875
2024-02-13 21:00:00,0.12692166666666665,0.15865208333333333
2024-02-13 21:30:00,0.10608166666666667,0.13260208333333334
2024-02-13 22:00:00,0.11118,0.13897500000000002
2024-02-13 22:30:00,0.11838,0.147975
2024-02-13 23:00:00,0.11850666666666666,0.14813333333333334
2024-02-13 23:30:00,0.10774333333333334,0.13467916666666666
2024-02-14 00:00:00,0.096015,0.07201125
2024-02-14 00:30:00,0.08842666666666667,0.06632
2024-02-14 01:00:00,0.09052666666666666,0.067895
2024-02-14 01:30:00,0.07976666666666667,0.059824999999999996
2024-02-14 02:00:00,0.07720833333333334,0.05790625
2024-02-14 02:30:00,0.07642666666666666,0.05732
2024-02-14 03:00:00,0.08394833333333333,0.06296125
2024-02-14 03:30:00,0.09443833333333333,0.07082875
2024-02-14 04:00:00,0.10198166666666668,0.07648624999999999
2024-02-14 04:30:00,0.11522500000000001,0.08641875
2024-02-14 05:00:00,0.13225666666666666,0.0991925
2024-02-14 05:30:00,0.13607166666666667,0.10205375
2024-02-14 06:00:00,0.130255,0.09769125000000001
2024-02-14 06:30:00,0.11348166666666666,0.08511125000000001
2024-02-14 07:00:00,0.037858333333333334,0.02839375
2024-02-14 07:30:00,0.015516666666666666,0.011636666666666668
2024-02-14 08:00:00,0.01606,0.012044166666666668
2024-02-14 08:30:00,-0.009488333333333333,-0.010284583333333333
2024-02-14 09:00:00,-0.016233333333333332,-0.016233333333333332
2024-02-14 09:30:00,-0.006398333333333333,-0.006398333333333333
2024-02-14 10:00:00,-0.0013333333333333333,-0.0013333333333333333
2024-02-14 10:30:00,-0.0008483333333333333,-0.0008483333333333333
2024-02-14 11:00:00,0.00149,0.0011149999999999999
2024-02-14 11:30:00,0.011645,0.008732083333333333
2024-02-14 12:00:00,0.07039666666666666,0.07039666666666666
2024-02-14 12:30:00,0.09074,0.09074
2024-02-14 13:00:00,0.08520333333333334,0.10650416666666666
2024-02-14 13:30:00,0.144715,0.18089375
2024-02-14 14:00:00,0.13661333333333334,0.17076666666666665
2024-02-14 14:30:00,0.13602333333333333,0.17002916666666668
2024-02-14 15:00:00,0.13965833333333333,0.17457291666666666
2024-02-14 15:30:00,0.13646833333333333,0.17058541666666668
2024-02-14 16:00:00,0.15333833333333333,0.19167291666666667
2024-02-14 16:30:00,0.15090333333333333,0.18862916666666665
2024-02-14 17:00:00,0.157,0.19625
2024-02-14 17:30:00,0.23151833333333335,0.2893979166666667
2024-02-14 18:00:00,0.285145,0.35643125
2024-02-14 18:30:00,0.18689666666666668,0.2336208333333333
2024-02-14 19:00:00,0.16973833333333332,0.21217291666666668
2024-02-14 19:30:00,0.14347833333333335,0.1793479166666667
2024-02-14 20:00:00,0.13035833333333333,0.16294791666666666
2024-02-14 20:30:00,0.137605,0.17200625
2024-02-14 21:00:00,0.11884499999999999,0.14855625
2024-02-14 21:30:00,0.123295,0.15411875
2024-02-14 22:00:00,0.14352833333333334,0.17941041666666668
2024-02-14 22:30:00,0.13263666666666665,0.16579583333333334
2024-02-14 23:00:00,0.13621333333333333,0.17026666666666668
2024-02-14 23:30:00,0.12413333333333333,0.15516666666666667
2024-02-15 00:00:00,0.14206833333333332,0.10655124999999999
2024-02-15 00:30:00,0.13844833333333334,0.10383625
2024-02-15 01:00:00,0.12650833333333333,0.09488125000000001
2024-02-15 01:30:00,0.09971166666666668,0.07478375
2024-02-15 02:00:00,0.08854666666666666,0.06641
2024-02-15 02:30:00,0.08647,0.0648525
2024-02-15 03:00:00,0.08599666666666667,0.0644975
2024-02-15 03:30:00,0.08494333333333333,0.0637075
2024-02-15 04:00:00,0.08336166666666667,0.06252125
2024-02-15 04:30:00,0.08795333333333333,0.065965
2024-02-15 05:00:00,0.09832666666666667,0.073745
2024-02-15 05:30:00,0.11606333333333334,0.0870475
2024-02-15 06:00:00,0.11996999999999998,0.0899775
2024-02-15 06:30:00,0.08436333333333333,0.0632725
2024-02-15 07:00:00,0.04079,0.030592499999999998
2024-02-15 07:30:00,0.029240000000000002,0.02193
2024-02-15 08:00:00,0.022228333333333333,0.016654583333333334
2024-02-15 08:30:00,0.03135166666666667,0.02351375
2024-02-15 09:00:00,-0.0025483333333333347,-0.0050550000000000005
2024-02-15 09:30:00,-0.010293333333333335,-0.010840833333333334
2024-02-15 10:00:00,-0.002373333333333333,-0.0033641666666666663
2024-02-15 10:30:00,0.016665,0.012498750000000001
2024-02-15 11:00:00,0.018458333333333334,0.013842916666666668
2024-02-15 11:30:00,0.04640833333333333,0.034806250000000004
2024-02-15 12:00:00,0.09174166666666667,0.09174166666666667
2024-02-15 12:30:00,0.18874,0.18874
2024-02-15 13:00:00,0.200155,0.25019375
2024-02-15 13:30:00,0.15014666666666668,0.18768333333333334
2024-02-15 14:00:00,0.20624166666666666,0.2578020833333333
2024-02-15 14:30:00,0.185825,0.23228125
2024-02-15 15:00:00,0.20171000000000003,0.2521375
2024-02-15 15:30:00,0.192415,0.24051875
2024-02-15 16:00:00,0.4071483333333334,0.5089354166666668
2024-02-15 16:30:00,3.3222833333333335,4.152854166666667
2024-02-15 17:00:00,0.4600216666666667,0.5750270833333333
2024-02-15 17:30:00,0.8474566666666666,1.0593208333333333
2024-02-15 18:00:00,0.6815116666666667,0.8518895833333332
2024-02-15 18:30:00,0.379845,0.47480625000000004
2024-02-15 19:00:00,0.19005666666666668,0.23757083333333331
2024-02-15 19:30:00,0.12306166666666667,0.15382708333333334
2024-02-15 20:00:00,0.11996999999999998,0.1499625
2024-02-15 20:30:00,0.11796333333333332,0.14745416666666666
2024-02-15 21:00:00,0.11387833333333332,0.14234791666666669
2024-02-15 21:30:00,0.107875,0.13484375
2024-02-15 22:00:00,0.11834166666666666,0.14792708333333335
2024-02-15 22:30:00,0.11766666666666666,0.14708333333333334
2024-02-15 23:00:00,0.11869666666666666,0.14837083333333334
2024-02-15 23:30:00,0.11597333333333333,0.14496666666666666
2024-02-16 00:00:00,0.1119,0.08392500000000001
2024-02-16 00:30:00,0.10298333333333333,0.0772375
2024-02-16 01:00:00,0.091055,0.06829125000000001
2024-02-16 01:30:00,0.078845,0.059133750000000006
2024-02-16 02:00:00,0.08426666666666667,0.06319999999999999
2024-02-16 02:30:00,0.07004,0.05253
2024-02-16 03:00:00,0.07456333333333333,0.05592250000000001
2024-02-16 03:30:00,0.08059666666666666,0.06044750000000001
2024-02-16 04:00:00,0.08363666666666668,0.0627275
2024-02-16 04:30:00,0.09075833333333333,0.06806875
2024-02-16 05:00:00,0.112555,0.08441625000000001
2024-02-16 05:30:00,0.11846166666666667,0.08884625
2024-02-16 06:00:00,0.13058833333333333,0.09794125
2024-02-16 06:30:00,0.14811,0.11108250000000001
2024-02-16 07:00:00,0.13573833333333332,0.10180375000000001
2024-02-16 07:30:00,0.11589166666666667,0.08691875
2024-02-16 08:00:00,0.13955333333333333,0.10466500000000001
2024-02-16 08:30:00,0.11144666666666665,0.083585
2024-02-16 09:00:00,0.128935,0.09670125
2024-02-16 09:30:00,0.08458500000000001,0.06343875
2024-02-16 10:00:00,0.08633333333333333,0.06475
2024-02-16 10:30:00,0.06977166666666666,0.05232875
2024-02-16 11:00:00,0.07048333333333333,0.0528625
2024-02-16 11:30:00,0.07561166666666667,0.05670875
2024-02-16 12:00:00,0.10490166666666667,0.10490166666666667
2024-02-16 12:30:00,0.09182666666666667,0.09182666666666667
2024-02-16 13:00:00,0.11845166666666666,0.14806458333333333
2024-02-16 13:30:00,0.18177166666666666,0.22721458333333333
2024-02-16 14:00:00,0.040385,0.05048125
2024-02-16 14:30:00,0.11786,0.147325
2024-02-16 15:00:00,0.11445,0.1430625
2024-02-16 15:30:00,0.08546,0.106825
2024-02-16 16:00:00,0.024095000000000002,0.030702499999999997
2024-02-16 16:30:00,0.09274500000000001,0.11593125
2024-02-16 17:00:00,0.10212666666666666,0.12765833333333335
2024-02-16 17:30:00,0.11630833333333333,0.14538541666666668
2024-02-16 18:00:00,0.11996999999999998,0.1499625
2024-02-16 18:30:00,0.11996999999999998,0.1499625
2024-02-16 19:00:00,0.12155833333333332,0.15194791666666665
2024-02-16 19:30:00,0.11996999999999998,0.1499625
2024-02-16 20:00:00,0.12715833333333335,0.15894791666666666
2024-02-16 20:30:00,0.12044833333333332,0.15056041666666667
2024-02-16 21:00:00,0.12719833333333333,0.15899791666666666
2024-02-16 21:30:00,0.12107166666666665,0.15133958333333333
2024-02-16 22:00:00,0.12091833333333334,0.15114791666666666
2024-02-16 22:30:00,0.121295,0.15161875
2024-02-16 23:00:00,0.12039166666666666,0.15048958333333332
2024-02-16 23:30:00,0.12037166666666665,0.15046458333333332
2024-02-17 00:00:00,0.11826833333333332,0.08870125
2024-02-17 00:30:00,0.11892833333333334,0.08919624999999999
2024-02-17 01:00:00,0.11158833333333333,0.08369125
2024-02-17 01:30:00,0.11379166666666667,0.08534375
2024-02-17 02:00:00,0.11519499999999999,0.08639625000000001
2024-02-17 02:30:00,0.113245,0.08493375000000002
2024-02-17 03:00:00,0.11758,0.088185
2024-02-17 03:30:00,0.10086666666666666,0.07565
2024-02-17 04:00:00,0.10521166666666666,0.07890875
2024-02-17 04:30:00,0.11873,0.0890475
2024-02-17 05:00:00,0.12992499999999998,0.09744375
2024-02-17 05:30:00,0.13727833333333334,0.10295875
2024-02-17 06:00:00,0.12042666666666667,0.09032
2024-02-17 06:30:00,0.09363166666666667,0.07022375
2024-02-17 07:00:00,0.09827666666666666,0.0737075
2024-02-17 07:30:00,0.07199833333333334,0.053998750000000005
2024-02-17 08:00:00,0.007516666666666667,0.002681666666666669
2024-02-17 08:30:00,-0.028278333333333332,-0.029074583333333334
2024-02-17 09:00:00,-0.041,-0.041
2024-02-17 09:30:00,-0.046915000000000005,-0.046915000000000005
2024-02-17 10:00:00,-0.04217833333333334,-0.04217833333333334
2024-02-17 10:30:00,-0.045246666666666664,-0.045246666666666664
2024-02-17 11:00:00,-0.04322499999999999,-0.04322499999999999
2024-02-17 11:30:00,-0.04745333333333333,-0.04745333333333333
2024-02-17 12:00:00,-0.06251666666666666,-0.06251666666666666
2024-02-17 12:30:00,-0.06041,-0.06041
2024-02-17 13:00:00,-0.08202166666666666,-0.08202166666666666
2024-02-17 13:30:00,-0.09885,-0.09885
2024-02-17 14:00:00,-0.07927666666666666,-0.07927666666666666
2024-02-17 14:30:00,-0.12213166666666668,-0.12213166666666668
2024-02-17 15:00:00,-0.11672333333333333,-0.11672333333333333
2024-02-17 15:30:00,-0.034238333333333336,-0.0320175
2024-02-17 16:00:00,-0.023043333333333332,-0.021470416666666662
2024-02-17 16:30:00,-0.048473333333333334,-0.048473333333333334
2024-02-17 17:00:00,-0.013948333333333332,-0.011047499999999997
2024-02-17 17:30:00,0.06744,0.0843
2024-02-17 18:00:00,0.13366999999999998,0.16708750000000003
2024-02-17 18:30:00,0.15221833333333332,0.19027291666666668
2024-02-17 19:00:00,0.126545,0.15818125
2024-02-17 19:30:00,0.11797,0.1474625
2024-02-17 20:00:00,0.11748499999999999,0.14685625
2024-02-17 20:30:00,0.10680166666666667,0.13350208333333333
2024-02-17 21:00:00,0.10736166666666667,0.13420208333333333
2024-02-17 21:30:00,0.11528333333333333,0.14410416666666667
2024-02-17 22:00:00,0.11996999999999998,0.1499625
2024-02-17 22:30:00,0.11877833333333332,0.14847291666666665
2024-02-17 23:00:00,0.11996999999999998,0.1499625
2024-02-17 23:30:00,0.11704833333333332,0.14631041666666667
2024-02-18 00:00:00,0.117475,0.08810625
2024-02-18 00:30:00,0.10687999999999999,0.08016
2024-02-18 01:00:00,0.097015,0.07276125
2024-02-18 01:30:00,0.08355833333333335,0.06266875
2024-02-18 02:00:00,0.08285166666666667,0.06213875
2024-02-18 02:30:00,0.08679833333333332,0.06509875
2024-02-18 03:00:00,0.08512333333333333,0.0638425
2024-02-18 03:30:00,0.087185,0.06538875
2024-02-18 04:00:00,0.08872833333333334,0.06654625
2024-02-18 04:30:00,0.102985,0.07723875000000001
2024-02-18 05:00:00,0.11777333333333333,0.08833
2024-02-18 05:30:00,0.119625,0.08971875
2024-02-18 06:00:00,0.11982833333333333,0.08987125
2024-02-18 06:30:00,0.07825,0.0586875
2024-02-18 07:00:00,0.019950000000000002,0.014127500000000001
2024-02-18 07:30:00,0.010046666666666667,0.007534166666666667
2024-02-18 08:00:00,0.008946666666666667,0.005931666666666666
2024-02-18 08:30:00,-0.02346166666666667,-0.02346166666666667
2024-02-18 09:00:00,-0.04186666666666666,-0.04186666666666666
2024-02-18 09:30:00,-0.04722666666666667,-0.04722666666666667
2024-02-18 10:00:00,-0.048051666666666666,-0.048051666666666666
2024-02-18 10:30:00,-0.04688333333333333,-0.04688333333333333
2024-02-18 11:00:00,-0.047105,-0.047105
2024-02-18 11:30:00,-0.07807333333333334,-0.07807333333333334
2024-02-18 12:00:00,-0.04455833333333333,-0.04455833333333333
2024-02-18 12:30:00,-0.045288333333333326,-0.045288333333333326
2024-02-18 13:00:00,-0.04370333333333334,-0.04370333333333334
2024-02-18 13:30:00,-0.03664833333333333,-0.03664833333333333
2024-02-18 14:00:00,-0.046135,-0.046135
2024-02-18 14:30:00,-0.02388833333333333,-0.02373958333333333
2024-02-18 15:00:00,-0.007203333333333332,-0.0047558333333333315
2024-02-18 15:30:00,0.014628333333333333,0.018285416666666665
2024-02-18 16:00:00,0.04765333333333333,0.059566666666666664
2024-02-18 16:30:00,0.09486,0.11857499999999999
2024-02-18 17:00:00,0.12065666666666668,0.15082083333333332
2024-02-18 17:30:00,0.17430166666666666,0.21787708333333333
2024-02-18 18:00:00,0.17723,0.22153750000000003
2024-02-18 18:30:00,0.17485166666666666,0.2185645833333333
2024-02-18 19:00:00,0.12477499999999998,0.15596875
2024-02-18 19:30:00,0.11953833333333332,0.14942291666666666
2024-02-18 20:00:00,0.13447166666666668,0.16808958333333335
2024-02-18 20:30:00,0.11990333333333332,0.14987916666666667
2024-02-18 21:00:00,0.118495,0.14811875
2024-02-18 21:30:00,0.11212166666666666,0.14015208333333334
2024-02-18 22:00:00,0.10599833333333332,0.13249791666666666
2024-02-18 22:30:00,0.10655333333333333,0.13319166666666668
2024-02-18 23:00:00,0.10679833333333333,0.13349791666666666
2024-02-18 23:30:00,0.10251500000000001,0.12814375
2024-02-19 00:00:00,0.09863500000000001,0.07397625000000001
2024-02-19 00:30:00,0.09196833333333333,0.06897625
2024-02-19 01:00:00,0.08994833333333334,0.06746124999999999
2024-02-19 01:30:00,0.08727666666666667,0.0654575
2024-02-19 02:00:00,0.08715833333333334,0.06536875
2024-02-19 02:30:00,0.08657833333333333,0.06493375
2024-02-19 03:00:00,0.08649833333333334,0.06487375
2024-02-19 03:30:00,0.08876666666666666,0.066575
2024-02-19 04:00:00,0.09577666666666666,0.0718325
2024-02-19 04:30:00,0.10664166666666668,0.07998125
2024-02-19 05:00:00,0.14683,0.11012250000000001
2024-02-19 05:30:00,0.143155,0.10736625
2024-02-19 06:00:00,0.14584333333333332,0.10938250000000001
2024-02-19 06:30:00,0.128065,0.09604875
2024-02-19 07:00:00,0.10709,0.0803175
2024-02-19 07:30:00,0.087075,0.06530625
2024-02-19 08:00:00,0.017445,0.011250416666666666
2024-02-19 08:30:00,0.033355,0.02501625
2024-02-19 09:00:00,0.008586666666666668,0.0045024999999999996
2024-02-19 09:30:00,0.009361666666666666,0.005801666666666666
2024-02-19 10:00:00,-0.0021999999999999984,-0.004823749999999999
2024-02-19 10:30:00,0.013553333333333332,0.009831666666666667
2024-02-19 11:00:00,-0.002568333333333333,-0.004342499999999999
2024-02-19 11:30:00,-0.042795,-0.042795
2024-02-19 12:00:00,-0.01748,-0.01748
2024-02-19 12:30:00,-0.025470000000000003,-0.025470000000000003
2024-02-19 13:00:00,-0.021126666666666665,-0.021126666666666665
2024-02-19 13:30:00,0.01366166666666667,0.01791
2024-02-19 14:00:00,0.008265,0.010340416666666666
2024-02-19 14:30:00,-1.4999999999999679e-05,0.001735416666666667
2024-02-19 15:00:00,0.0044800000000000005,0.005600000000000001
2024-02-19 15:30:00,0.011118333333333332,0.013897916666666668
2024-02-19 16:00:00,0.014495,0.01811875
2024-02-19 16:30:00,0.00447,0.0055875
2024-02-19 17:00:00,0.08803166666666666,0.11003958333333334
2024-02-19 17:30:00,0.13744333333333333,0.17180416666666667
2024-02-19 18:00:00,0.2572433333333333,0.32155416666666664
2024-02-19 18:30:00,0.22116,0.27645000000000003
2024-02-19 19:00:00,0.14001833333333333,0.17502291666666667
2024-02-19 19:30:00,0.12556333333333333,0.15695416666666667
2024-02-19 20:00:00,0.131885,0.16485625
2024-02-19 20:30:00,0.11213666666666666,0.14017083333333333
2024-02-19 21:00:00,0.10231333333333333,0.12789166666666665
2024-02-19 21:30:00,0.09298166666666667,0.11622708333333333
2024-02-19 22:00:00,0.09983166666666667,0.12478958333333334
2024-02-19 22:30:00,0.09003333333333334,0.11254166666666666
2024-02-19 23:00:00,0.08735833333333333,0.10919791666666667
2024-02-19 23:30:00,0.08525333333333333,0.10656666666666666
2024-02-20 00:00:00,0.09357166666666666,0.07017875
2024-02-20 00:30:00,0.08368500000000001,0.06276375
2024-02-20 01:00:00,0.08053333333333333,0.0604
2024-02-20 01:30:00,0.07972833333333335,0.059796249999999995
2024-02-20 02:00:00,0.07720833333333334,0.05790625
2024-02-20 02:30:00,0.049589999999999995,0.037192499999999996
2024-02-20 03:00:00,0.027935,0.02095125
2024-02-20 03:30:00,0.034485,0.02586375
2024-02-20 04:00:00,0.03634333333333333,0.0272575
2024-02-20 04:30:00,0.06482666666666666,0.04862
2024-02-20 05:00:00,0.09466000000000001,0.070995
2024-02-20 05:30:00,0.11290499999999999,0.08467875000000001
2024-02-20 06:00:00,0.129745,0.09730875
2024-02-20 06:30:00,0.09297666666666667,0.06973249999999999
2024-02-20 07:00:00,0.020516666666666666,0.015177916666666666
2024-02-20 07:30:00,-0.024601666666666664,-0.02543833333333333
2024-02-20 08:00:00,-0.01952,-0.01952
2024-02-20 08:30:00,-0.038,-0.038
2024-02-20 09:00:00,-0.038446666666666664,-0.038446666666666664
2024-02-20 09:30:00,-0.04299,-0.04299
2024-02-20 10:00:00,-0.04579,-0.04579
2024-02-20 10:30:00,-0.05448666666666666,-0.05448666666666666
2024-02-20 11:00:00,-0.05640333333333333,-0.05640333333333333
2024-02-20 11:30:00,-0.056431666666666665,-0.056431666666666665
2024-02-20 12:00:00,-0.057596666666666664,-0.057596666666666664
2024-02-20 12:30:00,-0.05572833333333333,-0.05572833333333333
2024-02-20 13:00:00,-0.05201833333333333,-0.05201833333333333
2024-02-20 13:30:00,-0.05317666666666667,-0.05317666666666667
2024-02-20 14:00:00,-0.04938833333333333,-0.04938833333333333
2024-02-20 14:30:00,-0.05309,-0.05309
2024-02-20 15:00:00,-0.10385666666666667,-0.10385666666666667
2024-02-20 15:30:00,-0.047911666666666665,-0.047911666666666665
2024-02-20 16:00:00,-0.040306666666666664,-0.040306666666666664
2024-02-20 16:30:00,-0.03879666666666667,-0.03879666666666667
2024-02-20 17:00:00,-0.023648333333333337,-0.023168750000000002
2024-02-20 17:30:00,0.01213,0.0151625
2024-02-20 18:00:00,0.08936,0.11170000000000001
2024-02-20 18:30:00,0.09337,0.1167125
2024-02-20 19:00:00,0.078275,0.09784375000000001
2024-02-20 19:30:00,0.08043833333333333,0.10054791666666667
2024-02-20 20:00:00,0.080345,0.10043125000000001
2024-02-20 20:30:00,0.07847333333333334,0.09809166666666667
2024-02-20 21:00:00,0.07660833333333333,0.09576041666666667
2024-02-20 21:30:00,0.030701666666666665,0.03837708333333333
2024-02-20 22:00:00,0.02979166666666667,0.03723958333333333
2024-02-20 22:30:00,0.027585,0.03448125
2024-02-20 23:00:00,0.02478666666666667,0.030983333333333335
2024-02-20 23:30:00,0.022298333333333333,0.027872916666666664
2024-02-21 00:00:00,0.015763333333333334,0.0118225
2024-02-21 00:30:00,0.007453333333333333,0.004510416666666667
2024-02-21 01:00:00,-0.0011116666666666662,-0.0018712499999999996
2024-02-21 01:30:00,-0.013824999999999999,-0.014192916666666666
2024-02-21 02:00:00,-0.024923333333333336,-0.024923333333333336
2024-02-21 02:30:00,0.0015166666666666664,0.0011374999999999998
2024-02-21 03:00:00,0.006013333333333333,0.00451
2024-02-21 03:30:00,0.012554999999999998,0.00941625
2024-02-21 04:00:00,0.019541666666666666,0.014656250000000001
2024-02-21 04:30:00,0.027991666666666665,0.020993750000000002
2024-02-21 05:00:00,0.07724833333333334,0.057936249999999995
2024-02-21 05:30:00,0.08566333333333333,0.0642475
2024-02-21 06:00:00,0.09237333333333332,0.06928
2024-02-21 06:30:00,0.08644333333333333,0.0648325
2024-02-21 07:00:00,0.07462,0.05596500000000001
2024-02-21 07:30:00,-0.00442,-0.005442499999999999
2024-02-21 08:00:00,-0.020156666666666666,-0.020529166666666668
2024-02-21 08:30:00,-0.02359333333333333,-0.02359333333333333
2024-02-21 09:00:00,-0.029994999999999997,-0.029994999999999997
2024-02-21 09:30:00,-0.03922333333333333,-0.03922333333333333
2024-02-21 10:00:00,-0.03996333333333333,-0.03996333333333333
2024-02-21 10:30:00,-0.038,-0.038
2024-02-21 11:00:00,-0.02774,-0.02774
2024-02-21 11:30:00,-0.00804,-0.008040833333333332
2024-02-21 12:00:00,0.013473333333333332,0.013473333333333332
2024-02-21 12:30:00,0.006489999999999999,0.006489999999999999
2024-02-21 13:00:00,0.016188333333333332,0.020437916666666667
2024-02-21 13:30:00,0.021345000000000003,0.026851250000000004
2024-02-21 14:00:00,0.043123333333333326,0.05390416666666667
2024-02-21 14:30:00,0.07234666666666667,0.09043333333333332
2024-02-21 15:00:00,0.09286333333333334,0.11607916666666666
2024-02-21 15:30:00,0.090835,0.11354375
2024-02-21 16:00:00,0.09179333333333334,0.11474166666666667
2024-02-21 16:30:00,0.13500333333333334,0.16875416666666668
2024-02-21 17:00:00,0.16869166666666668,0.21086458333333336
2024-02-21 17:30:00,0.18217666666666665,0.22772083333333334
2024-02-21 18:00:00,0.14866500000000002,0.18583125
2024-02-21 18:30:00,0.15271500000000002,0.19089375
2024-02-21 19:00:00,0.13319333333333333,0.16649166666666668
2024-02-21 19:30:00,0.12120500000000001,0.15150624999999998
2024-02-21 20:00:00,0.12806666666666666,0.16008333333333333
2024-02-21 20:30:00,0.11336166666666665,0.14170208333333334
2024-02-21 21:00:00,0.10423166666666667,0.13028958333333335
2024-02-21 21:30:00,0.09488833333333334,0.11861041666666666
2024-02-21 22:00:00,0.09102333333333333,0.11377916666666667
2024-02-21 22:30:00,0.08151166666666666,0.10188958333333333
2024-02-21 23:00:00,0.09454166666666668,0.11817708333333334
2024-02-21 23:30:00,0.079535,0.09941875
2024-02-22 00:00:00,0.08096833333333332,0.06072625
2024-02-22 00:30:00,0.07011333333333333,0.052585
2024-02-22 01:00:00,0.043280000000000006,0.032459999999999996
2024-02-22 01:30:00,0.016588333333333333,0.012441250000000001
2024-02-22 02:00:00,0.007486666666666667,0.005614999999999999
2024-02-22 02:30:00,0.0015066666666666666,0.0011300000000000001
2024-02-22 03:00:00,0.0015066666666666666,0.0011300000000000001
2024-02-22 03:30:00,0.007463333333333333,0.005597500000000001
2024-02-22 04:00:00,0.007453333333333333,0.00559
2024-02-22 04:30:00,0.0074533333333333335,0.00559
2024-02-22 05:00:00,0.011474999999999999,0.008606250000000001
2024-02-22 05:30:00,0.03659166666666667,0.02744375
2024-02-22 06:00:00,0.07201333333333333,0.05401
2024-02-22 06:30:00,0.06352166666666667,0.047641249999999996
2024-02-22 07:00:00,-0.001621666666666667,-0.004382916666666667
2024-02-22 07:30:00,-0.030921666666666667,-0.030921666666666667
2024-02-22 08:00:00,-0.03356166666666666,-0.03356166666666666
2024-02-22 08:30:00,-0.037995,-0.037995
2024-02-22 09:00:00,-0.03956666666666667,-0.03956666666666667
2024-02-22 09:30:00,-0.043291666666666666,-0.043291666666666666
2024-02-22 10:00:00,-0.04356833333333333,-0.04356833333333333
2024-02-22 10:30:00,-0.044405,-0.044405
2024-02-22 11:00:00,-0.04339833333333334,-0.04339833333333334
2024-02-22 11:30:00,-0.04144,-0.04144
2024-02-22 12:00:00,-0.038,-0.038
2024-02-22 12:30:00,-0.02933,-0.02933
2024-02-22 13:00:00,0.025901666666666667,0.032377083333333334
2024-02-22 13:30:00,0.04009666666666666,0.05012083333333334
2024-02-22 14:00:00,0.09031333333333334,0.11289166666666667
2024-02-22 14:30:00,0.11515666666666667,0.14394583333333333
2024-02-22 15:00:00,0.11687166666666667,0.14608958333333336
2024-02-22 15:30:00,0.1250433333333333,0.15630416666666666
2024-02-22 16:00:00,0.13021333333333332,0.16276666666666667
2024-02-22 16:30:00,0.15580333333333332,0.19475416666666667
2024-02-22 17:00:00,0.17328166666666667,0.21660208333333333
2024-02-22 17:30:00,0.329965,0.41245624999999997
2024-02-22 18:00:00,0.26073,0.3259125
2024-02-22 18:30:00,0.2804083333333333,0.35051041666666666
2024-02-22 19:00:00,0.142355,0.17794374999999998
2024-02-22 19:30:00,0.11001833333333333,0.13752291666666666
2024-02-22 20:00:00,0.10005166666666666,0.12506458333333334
2024-02-22 20:30:00,0.10559333333333333,0.13199166666666667
2024-02-22 21:00:00,0.09995,0.12493749999999999
2024-02-22 21:30:00,0.10168166666666667,0.12710208333333334
2024-02-22 22:00:00,0.09830499999999999,0.12288125
2024-02-22 22:30:00,0.086415,0.10801875
2024-02-22 23:00:00,0.08506166666666666,0.10632708333333334
2024-02-22 23:30:00,0.08131999999999999,0.10165
2024-02-23 00:00:00,0.0868,0.0651
2024-02-23 00:30:00,0.07968666666666667,0.05976499999999999
2024-02-23 01:00:00,0.07442,0.055815000000000003
2024-02-23 01:30:00,0.051675,0.03875625
2024-02-23 02:00:00,0.022705,0.01702875
2024-02-23 02:30:00,0.009491666666666667,0.00711875
2024-02-23 03:00:00,0.00346,0.002595
2024-02-23 03:30:00,0.0037333333333333333,0.0028
2024-02-23 04:00:00,0.0018966666666666665,0.0011225
2024-02-23 04:30:00,0.007463333333333333,0.005597500000000001
2024-02-23 05:00:00,0.010665,0.00799875
2024-02-23 05:30:00,0.06829833333333334,0.05122374999999999
2024-02-23 06:00:00,0.08983833333333334,0.06737875
2024-02-23 06:30:00,0.061011666666666665,0.04575875000000001
2024-02-23 07:00:00,-0.015309999999999999,-0.017580833333333334
2024-02-23 07:30:00,-0.03704333333333333,-0.03704333333333333
2024-02-23 08:00:00,-0.04013833333333333,-0.04013833333333333
2024-02-23 08:30:00,-0.043225000000000006,-0.043225000000000006
2024-02-23 09:00:00,-0.04011666666666667,-0.04011666666666667
2024-02-23 09:30:00,-0.040051666666666666,-0.040051666666666666
2024-02-23 10:00:00,-0.03934666666666667,-0.03934666666666667
2024-02-23 10:30:00,-0.04160166666666667,-0.04160166666666667
2024-02-23 11:00:00,-0.03871,-0.03871
2024-02-23 11:30:00,-0.0384,-0.0384
2024-02-23 12:00:00,-0.038,-0.038
2024-02-23 12:30:00,-0.038545,-0.038545
2024-02-23 13:00:00,-0.032465,-0.032465
2024-02-23 13:30:00,-0.029123333333333334,-0.029123333333333334
2024-02-23 14:00:00,0.028306666666666664,0.03538333333333333
2024-02-23 14:30:00,0.057131666666666664,0.07141458333333334
2024-02-23 15:00:00,0.06763666666666666,0.08454583333333333
2024-02-23 15:30:00,0.11145,0.13931249999999998
2024-02-23 16:00:00,0.11170666666666668,0.13963333333333333
2024-02-23 16:30:00,0.078635,0.09829375
2024-02-23 17:00:00,0.09821,0.1227625
2024-02-23 17:30:00,0.17466,0.218325
2024-02-23 18:00:00,0.11726333333333333,0.14657916666666668
2024-02-23 18:30:00,0.13630166666666668,0.17037708333333335
2024-02-23 19:00:00,0.11079166666666666,0.13848958333333336
2024-02-23 19:30:00,0.11061166666666666,0.13826458333333333
2024-02-23 20:00:00,0.10606166666666667,0.13257708333333332
2024-02-23 20:30:00,0.09804833333333333,0.12256041666666667
2024-02-23 21:00:00,0.08368333333333333,0.10460416666666666
2024-02-23 21:30:00,0.077,0.09625
2024-02-23 22:00:00,0.08269,0.10336250000000001
2024-02-23 22:30:00,0.07768666666666667,0.09710833333333334
2024-02-23 23:00:00,0.08066833333333333,0.10083541666666666
2024-02-23 23:30:00,0.08023999999999999,0.1003
2024-02-24 00:00:00,0.07748333333333333,0.058112500000000004
2024-02-24 00:30:00,0.06971333333333334,0.052285
2024-02-24 01:00:00,0.05939,0.044542500000000006
2024-02-24 01:30:00,0.051383333333333336,0.0385375
2024-02-24 02:00:00,0.04947166666666667,0.037103750000000005
2024-02-24 02:30:00,0.03345833333333333,0.02509375
2024-02-24 03:00:00,0.04289333333333334,0.032170000000000004
2024-02-24 03:30:00,0.048961666666666674,0.036721250000000004
2024-02-24 04:00:00,0.06823333333333334,0.051175
2024-02-24 04:30:00,0.06996833333333334,0.05247625
2024-02-24 05:00:00,0.074915,0.05618625
2024-02-24 05:30:00,0.08757333333333334,0.06568
2024-02-24 06:00:00,0.08906833333333332,0.06680124999999999
2024-02-24 06:30:00,0.08129166666666666,0.060968749999999995
2024-02-24 07:00:00,0.02613333333333333,0.018766666666666664
2024-02-24 07:30:00,0.037315,0.02798625
2024-02-24 08:00:00,0.04702166666666666,0.03526625
2024-02-24 08:30:00,0.12639666666666666,0.09479749999999999
2024-02-24 09:00:00,0.16985166666666665,0.12738875
2024-02-24 09:30:00,0.134005,0.10050375
2024-02-24 10:00:00,0.14006833333333332,0.10505125
2024-02-24 10:30:00,0.13507666666666665,0.1013075
2024-02-24 11:00:00,0.13296,0.09971999999999999
2024-02-24 11:30:00,0.10301666666666666,0.0772625
2024-02-24 12:00:00,0.027283333333333337,0.027283333333333337
2024-02-24 12:30:00,0.09482333333333333,0.09482333333333333
2024-02-24 13:00:00,0.06647166666666667,0.08308958333333333
2024-02-24 13:30:00,0.075625,0.09453125
2024-02-24 14:00:00,0.018335,0.022958333333333334
2024-02-24 14:30:00,0.0015416666666666667,0.002903333333333333
2024-02-24 15:00:00,0.019565,0.024457083333333334
2024-02-24 15:30:00,0.026528333333333334,0.033160416666666664
2024-02-24 16:00:00,0.034146666666666665,0.04268333333333333
2024-02-24 16:30:00,0.04831333333333334,0.060391666666666656
2024-02-24 17:00:00,0.07813166666666667,0.09766458333333333
2024-02-24 17:30:00,0.09472833333333334,0.11841041666666667
2024-02-24 18:00:00,0.10062666666666666,0.12578333333333333
2024-02-24 18:30:00,0.10403166666666668,0.13003958333333335
2024-02-24 19:00:00,0.10731666666666667,0.13414583333333335
2024-02-24 19:30:00,0.10081499999999999,0.12601875
2024-02-24 20:00:00,0.10108,0.12635
2024-02-24 20:30:00,0.09931166666666667,0.12413958333333334
2024-02-24 21:00:00,0.088855,0.11106875
2024-02-24 21:30:00,0.08837166666666667,0.11046458333333332
2024-02-24 22:00:00,0.09850666666666667,0.12313333333333333
2024-02-24 22:30:00,0.08251833333333333,0.10314791666666667
2024-02-24 23:00:00,0.08128166666666667,0.10160208333333333
2024-02-24 23:30:00,0.07833833333333333,0.09792291666666668
2024-02-25 00:00:00,0.07609,0.05706749999999999
2024-02-25 00:30:00,0.07277333333333334,0.05458
2024-02-25 01:00:00,0.065705,0.04927875
2024-02-25 01:30:00,0.06177,0.0463275
2024-02-25 02:00:00,0.05284,0.03963
2024-02-25 02:30:00,0.04688333333333333,0.0351625
2024-02-25 03:00:00,0.04573666666666667,0.0343025
2024-02-25 03:30:00,0.04914833333333333,0.036861250000000005
2024-02-25 04:00:00,0.042148333333333336,0.03161125
2024-02-25 04:30:00,0.04448,0.03336
2024-02-25 05:00:00,0.04806666666666667,0.03605
2024-02-25 05:30:00,0.04816499999999999,0.03612375
2024-02-25 06:00:00,0.03497,0.0262275
2024-02-25 06:30:00,0.018273333333333332,0.013608750000000001
2024-02-25 07:00:00,-0.012076666666666666,-0.012076666666666666
2024-02-25 07:30:00,-0.03503333333333333,-0.03503333333333333
2024-02-25 08:00:00,-0.03054333333333333,-0.030544166666666667
2024-02-25 08:30:00,-0.04862333333333333,-0.04862333333333333
2024-02-25 09:00:00,-0.05257333333333333,-0.05257333333333333
2024-02-25 09:30:00,-0.05499833333333334,-0.05499833333333334
2024-02-25 10:00:00,-0.058458333333333334,-0.058458333333333334
2024-02-25 10:30:00,-0.0594,-0.0594
2024-02-25 11:00:00,-0.07297166666666667,-0.07297166666666667
2024-02-25 11:30:00,-0.07158166666666667,-0.07158166666666667
2024-02-25 12:00:00,-0.06938,-0.06938
2024-02-25 12:30:00,-0.06836333333333333,-0.06836333333333333
2024-02-25 13:00:00,-0.06789333333333333,-0.06789333333333333
2024-02-25 13:30:00,-0.06244666666666667,-0.06244666666666667
2024-02-25 14:00:00,-0.060643333333333334,-0.060643333333333334
2024-02-25 14:30:00,-0.056926666666666674,-0.056926666666666674
2024-02-25 15:00:00,-0.05079166666666667,-0.05079166666666667
2024-02-25 15:30:00,-0.04124833333333333,-0.04124833333333333
2024-02-25 16:00:00,-0.039086666666666665,-0.039086666666666665
2024-02-25 16:30:00,-0.024458333333333332,-0.024085833333333334
2024-02-25 17:00:00,-0.010753333333333332,-0.010378333333333333
2024-02-25 17:30:00,0.05526333333333333,0.06907916666666666
2024-02-25 18:00:00,0.13941,0.1742625
2024-02-25 18:30:00,0.14364833333333335,0.17956041666666667
2024-02-25 19:00:00,0.10704666666666666,0.13380833333333333
2024-02-25 19:30:00,0.09627000000000001,0.1203375
2024-02-25 20:00:00,0.09113500000000001,0.11391875
2024-02-25 20:30:00,0.09740833333333333,0.12176041666666666
2024-02-25 21:00:00,0.09516999999999999,0.11896250000000001
2024-02-25 21:30:00,0.09100000000000001,0.11375
2024-02-25 22:00:00,0.09108833333333333,0.11386041666666667
2024-02-25 22:30:00,0.08937333333333332,0.11171666666666667
2024-02-25 23:00:00,0.09100000000000001,0.11375
2024-02-25 23:30:00,0.09100000000000001,0.11375
2024-02-26 00:00:00,0.09038333333333333,0.0677875
2024-02-26 00:30:00,0.08728999999999999,0.0654675
2024-02-26 01:00:00,0.08265666666666667,0.0619925
2024-02-26 01:30:00,0.07662166666666666,0.057466249999999997
2024-02-26 02:00:00,0.07807333333333333,0.058555
2024-02-26 02:30:00,0.07240166666666666,0.05430125
2024-02-26 03:00:00,0.07249,0.05436749999999999
2024-02-26 03:30:00,0.062463333333333336,0.04684750000000001
2024-02-26 04:00:00,0.079915,0.05993625
2024-02-26 04:30:00,0.08029833333333332,0.06022375
2024-02-26 05:00:00,0.09033999999999999,0.06775500000000001
2024-02-26 05:30:00,0.09330333333333334,0.06997750000000001
2024-02-26 06:00:00,0.10740499999999999,0.08055375
2024-02-26 06:30:00,0.13052666666666668,0.097895
2024-02-26 07:00:00,0.091315,0.06848625
2024-02-26 07:30:00,0.07363666666666667,0.055227500000000006
2024-02-26 08:00:00,-0.012180000000000002,-0.01358625
2024-02-26 08:30:00,-0.027639999999999998,-0.027896249999999997
2024-02-26 09:00:00,0.026128333333333333,0.019596250000000003
2024-02-26 09:30:00,0.015906666666666666,0.011929999999999998
2024-02-26 10:00:00,-0.01133,-0.012286249999999999
2024-02-26 10:30:00,-0.029215,-0.0295875
2024-02-26 11:00:00,-0.010781666666666667,-0.011454583333333332
2024-02-26 11:30:00,0.007901666666666666,0.00592625
2024-02-26 12:00:00,-0.005554999999999998,-0.005554999999999998
2024-02-26 12:30:00,-0.009978333333333332,-0.009978333333333332
2024-02-26 13:00:00,0.012741666666666667,0.01592708333333333
2024-02-26 13:30:00,0.007989999999999999,0.0099875
2024-02-26 14:00:00,-0.009553333333333332,-0.00871625
2024-02-26 14:30:00,-0.030116666666666667,-0.029939999999999998
2024-02-26 15:00:00,0.012240000000000001,0.0153
2024-02-26 15:30:00,0.01746666666666667,0.021833333333333333
2024-02-26 16:00:00,0.023263333333333334,0.029079166666666666
2024-02-26 16:30:00,0.078585,0.09823125
2024-02-26 17:00:00,0.07407166666666666,0.09258958333333334
2024-02-26 17:30:00,0.11406833333333333,0.14258541666666666
2024-02-26 18:00:00,0.127045,0.15880625
2024-02-26 18:30:00,0.14220999999999998,0.17776250000000002
2024-02-26 19:00:00,0.13747,0.1718375
2024-02-26 19:30:00,0.10708666666666666,0.13385833333333333
2024-02-26 20:00:00,0.09938333333333334,0.12422916666666667
2024-02-26 20:30:00,0.09335666666666666,0.11669583333333333
2024-02-26 21:00:00,0.09709333333333332,0.12136666666666666
2024-02-26 21:30:00,0.091665,0.11458125000000001
2024-02-26 22:00:00,0.09100000000000001,0.11375
2024-02-26 22:30:00,0.09100000000000001,0.11375
2024-02-26 23:00:00,0.09255166666666666,0.11568958333333335
2024-02-26 23:30:00,0.09656833333333333,0.12071041666666667
2024-02-27 00:00:00,0.10464,0.07848000000000001
2024-02-27 00:30:00,0.10142333333333332,0.0760675
2024-02-27 01:00:00,0.09711499999999999,0.07283625
2024-02-27 01:30:00,0.09173333333333333,0.06880000000000001
2024-02-27 02:00:00,0.09100000000000001,0.06825
2024-02-27 02:30:00,0.090545,0.06790875
2024-02-27 03:00:00,0.09099,0.0682425
2024-02-27 03:30:00,0.09100000000000001,0.06825
2024-02-27 04:00:00,0.09740666666666666,0.073055
2024-02-27 04:30:00,0.12279333333333332,0.092095
2024-02-27 05:00:00,0.12940666666666667,0.097055
2024-02-27 05:30:00,0.15909333333333334,0.11932
2024-02-27 06:00:00,0.21078833333333336,0.15809125
2024-02-27 06:30:00,0.16544333333333333,0.1240825
2024-02-27 07:00:00,0.12513666666666665,0.0938525
2024-02-27 07:30:00,0.11293666666666667,0.0847025
2024-02-27 08:00:00,0.09732333333333333,0.0729925
2024-02-27 08:30:00,0.09744333333333333,0.07308250000000001
2024-02-27 09:00:00,0.09391333333333333,0.070435
2024-02-27 09:30:00,0.08991500000000001,0.06743625
2024-02-27 10:00:00,0.10058833333333334,0.07544125
2024-02-27 10:30:00,0.10196500000000001,0.07647375
2024-02-27 11:00:00,0.10719666666666666,0.0803975
2024-02-27 11:30:00,0.07623500000000001,0.057176250000000005
2024-02-27 12:00:00,0.070085,0.070085
2024-02-27 12:30:00,0.022896666666666666,0.022896666666666666
2024-02-27 13:00:00,0.018376666666666666,0.022970833333333333
2024-02-27 13:30:00,0.03921333333333333,0.049016666666666674
2024-02-27 14:00:00,0.04891499999999999,0.06114375
2024-02-27 14:30:00,0.04387666666666667,0.054905
2024-02-27 15:00:00,0.060436666666666666,0.07570249999999999
2024-02-27 15:30:00,0.03323,0.0415375
2024-02-27 16:00:00,0.01919833333333333,0.023997916666666664
2024-02-27 16:30:00,0.03599333333333333,0.04622124999999999
2024-02-27 17:00:00,0.10779333333333334,0.13474166666666668
2024-02-27 17:30:00,0.11912333333333332,0.14890416666666667
2024-02-27 18:00:00,0.12524333333333335,0.15655416666666666
2024-02-27 18:30:00,0.12447833333333334,0.15559791666666667
2024-02-27 19:00:00,0.11174833333333334,0.13968541666666667
2024-02-27 19:30:00,0.10120333333333333,0.12650416666666667
2024-02-27 20:00:00,0.09913666666666666,0.12392083333333333
2024-02-27 20:30:00,0.08938166666666665,0.11172708333333332
2024-02-27 21:00:00,0.10547166666666667,0.13183958333333332
2024-02-27 21:30:00,0.096645,0.12080625
2024-02-27 22:00:00,0.10022333333333333,0.12527916666666666
2024-02-27 22:30:00,0.10311,0.12888750000000002
2024-02-27 23:00:00,0.11026999999999999,0.1378375
2024-02-27 23:30:00,0.08164,0.10205000000000002
2024-02-28 00:00:00,0.08098333333333334,0.0607375
2024-02-28 00:30:00,0.07511333333333334,0.056334999999999996
2024-02-28 01:00:00,0.06408666666666667,0.048065
2024-02-28 01:30:00,0.056398333333333335,0.042298749999999996
2024-02-28 02:00:00,0.06062666666666667,0.045470000000000003
2024-02-28 02:30:00,0.05225166666666667,0.03918875
2024-02-28 03:00:00,0.05309833333333333,0.03982375
2024-02-28 03:30:00,0.06685666666666666,0.0501425
2024-02-28 04:00:00,0.08154666666666667,0.06116
2024-02-28 04:30:00,0.09257666666666665,0.06943250000000001
2024-02-28 05:00:00,0.12747833333333333,0.09560875
2024-02-28 05:30:00,0.12634166666666666,0.09475625
2024-02-28 06:00:00,0.127765,0.09582375
2024-02-28 06:30:00,0.098105,0.07357875
2024-02-28 07:00:00,0.07890166666666666,0.05917624999999999
2024-02-28 07:30:00,0.07628666666666666,0.057214999999999995
2024-02-28 08:00:00,0.011621666666666667,0.00871625
2024-02-28 08:30:00,0.0008166666666666669,-0.0009708333333333328
2024-02-28 09:00:00,-0.02917,-0.02936583333333333
2024-02-28 09:30:00,-0.04126833333333333,-0.04126833333333333
2024-02-28 10:00:00,-0.028126666666666664,-0.028253749999999998
2024-02-28 10:30:00,-0.023768333333333336,-0.023768333333333336
2024-02-28 11:00:00,-0.019835,-0.019835
2024-02-28 11:30:00,-0.028493333333333332,-0.028493333333333332
2024-02-28 12:00:00,-0.038285,-0.038285
2024-02-28 12:30:00,-0.03137,-0.03137
2024-02-28 13:00:00,-0.03732166666666666,-0.03732166666666666
2024-02-28 13:30:00,-0.044224999999999993,-0.044224999999999993
2024-02-28 14:00:00,-0.047005,-0.047005
2024-02-28 14:30:00,-0.04622833333333334,-0.04622833333333334
2024-02-28 15:00:00,-0.042118333333333334,-0.042118333333333334
2024-02-28 15:30:00,-0.038,-0.038
2024-02-28 16:00:00,-0.03821833333333333,-0.03821833333333333
2024-02-28 16:30:00,0.0020383333333333325,0.0040104166666666665
2024-02-28 17:00:00,0.024359999999999996,0.03045
2024-02-28 17:30:00,0.05743666666666667,0.07179583333333332
2024-02-28 18:00:00,0.12352833333333334,0.15441041666666666
2024-02-28 18:30:00,0.12505833333333333,0.15632291666666667
2024-02-28 19:00:00,0.105525,0.13190625
2024-02-28 19:30:00,0.10988333333333333,0.13735416666666667
2024-02-28 20:00:00,0.10504666666666666,0.13130833333333333
2024-02-28 20:30:00,0.09256166666666665,0.11570208333333333
2024-02-28 21:00:00,0.08583999999999999,0.1073
2024-02-28 21:30:00,0.08479333333333333,0.10599166666666666
2024-02-28 22:00:00,0.09461666666666667,0.11827083333333334
2024-02-28 22:30:00,0.08976333333333335,0.11220416666666666
2024-02-28 23:00:00,0.09482499999999999,0.11853124999999999
2024-02-28 23:30:00,0.08999166666666668,0.11248958333333332
2024-03-01 00:00:00,0.06036333333333333,0.0452725
2024-03-01 00:30:00,0.050548333333333334,0.03791125
2024-03-01 01:00:00,0.058109999999999995,0.043582499999999996
2024-03-01 01:30:00,0.06375,0.0478125
2024-03-01 02:00:00,0.06017166666666667,0.045128749999999995
2024-03-01 02:30:00,0.04547333333333334,0.034105
2024-03-01 03:00:00,0.037636666666666665,0.0282275
2024-03-01 03:30:00,0.03670166666666667,0.027526250000000002
2024-03-01 04:00:00,0.05481666666666666,0.0411125
2024-03-01 04:30:00,0.05658833333333333,0.04244125000000001
2024-03-01 05:00:00,0.08073,0.0605475
2024-03-01 05:30:00,0.08816833333333333,0.06612625
2024-03-01 06:00:00,0.10503833333333333,0.07877875
2024-03-01 06:30:00,0.08333333333333333,0.0625
2024-03-01 07:00:00,0.045121666666666664,0.03251416666666667
2024-03-01 07:30:00,-0.004645,-0.00492375
2024-03-01 08:00:00,-0.041890000000000004,-0.041890000000000004
2024-03-01 08:30:00,-0.045285,-0.045285
2024-03-01 09:00:00,-0.051136666666666664,-0.051136666666666664
2024-03-01 09:30:00,-0.05059333333333333,-0.05059333333333333
2024-03-01 10:00:00,-0.05033666666666667,-0.05033666666666667
2024-03-01 10:30:00,-0.055445,-0.055445
2024-03-01 11:00:00,-0.05803833333333334,-0.05803833333333334
2024-03-01 11:30:00,-0.05861,-0.05861
2024-03-01 12:00:00,-0.05861,-0.05861
2024-03-01 12:30:00,-0.05861,-0.05861
2024-03-01 13:00:00,-0.058341666666666674,-0.058341666666666674
2024-03-01 13:30:00,-0.05614666666666667,-0.05614666666666667
2024-03-01 14:00:00,-0.04692333333333334,-0.04692333333333334
2024-03-01 14:30:00,-0.04153,-0.04153
2024-03-01 15:00:00,-0.03853,-0.03853
2024-03-01 15:30:00,-0.00597,-0.0056375
2024-03-01 16:00:00,-0.003073333333333333,-0.0028483333333333325
2024-03-01 16:30:00,0.00462,0.005906666666666667
2024-03-01 17:00:00,0.015856666666666668,0.019820833333333333
2024-03-01 17:30:00,0.10144833333333332,0.12681041666666668
2024-03-01 18:00:00,0.11628833333333334,0.14536041666666666
2024-03-01 18:30:00,0.11994333333333335,0.14992916666666667
2024-03-01 19:00:00,0.10783333333333334,0.13479166666666667
2024-03-01 19:30:00,0.10643166666666666,0.13303958333333332
2024-03-01 20:00:00,0.08945333333333333,0.11181666666666668
2024-03-01 20:30:00,0.08455166666666665,0.10568958333333334
2024-03-01 21:00:00,0.09008,0.11259999999999999
2024-03-01 21:30:00,0.08301833333333333,0.10377291666666666
2024-03-01 22:00:00,0.090095,0.11261874999999999
2024-03-01 22:30:00,0.08757333333333334,0.10946666666666667
2024-03-01 23:00:00,0.10193833333333334,0.12742291666666666
2024-03-01 23:30:00,0.09812833333333333,0.12266041666666666
2024-03-02 00:00:00,0.10698166666666666,0.08023625
2024-03-02 00:30:00,0.10329333333333333,0.07747
2024-03-02 01:00:00,0.11058166666666668,0.08293625
2024-03-02 01:30:00,0.10471333333333332,0.07853500000000001
2024-03-02 02:00:00,0.10252166666666666,0.07689125
2024-03-02 02:30:00,0.09734666666666668,0.07301
2024-03-02 03:00:00,0.10238666666666667,0.07679000000000001
2024-03-02 03:30:00,0.10405333333333333,0.07804
2024-03-02 04:00:00,0.11486833333333334,0.08615125000000001
2024-03-02 04:30:00,0.10703499999999999,0.08027625000000001
2024-03-02 05:00:00,0.11274,0.08455499999999999
2024-03-02 05:30:00,0.10297166666666667,0.07722875
2024-03-02 06:00:00,0.10731166666666668,0.08048375
2024-03-02 06:30:00,0.09979833333333332,0.07484875
2024-03-02 07:00:00,0.07948333333333334,0.059612500000000006
2024-03-02 07:30:00,0.05645833333333333,0.04234374999999999
2024-03-02 08:00:00,0.0232,0.017400000000000002
2024-03-02 08:30:00,0.029975,0.022481249999999998
2024-03-02 09:00:00,-0.023025,-0.02382125
2024-03-02 09:30:00,-0.036259999999999994,-0.03647416666666666
2024-03-02 10:00:00,-0.04997666666666667,-0.04997666666666667
2024-03-02 10:30:00,-0.0577,-0.0577
2024-03-02 11:00:00,-0.05155166666666666,-0.05155166666666666
2024-03-02 11:30:00,-0.031876666666666664,-0.031876666666666664
2024-03-02 12:00:00,-0.035708333333333335,-0.035708333333333335
2024-03-02 12:30:00,-0.04082,-0.04082
2024-03-02 13:00:00,-0.023851666666666663,-0.023851666666666663
2024-03-02 13:30:00,-0.004011666666666666,-0.0035533333333333333
2024-03-02 14:00:00,0.004618333333333332,0.007134166666666666
2024-03-02 14:30:00,0.01337,0.0167125
2024-03-02 15:00:00,0.07541666666666667,0.09427083333333335
2024-03-02 15:30:00,0.10202166666666666,0.12752708333333332
2024-03-02 16:00:00,0.096795,0.12099375000000001
2024-03-02 16:30:00,0.10803666666666667,0.13504583333333334
2024-03-02 17:00:00,0.10984500000000001,0.13730625
2024-03-02 17:30:00,0.11976333333333333,0.14970416666666667
2024-03-02 18:00:00,0.16304,0.20379999999999998
2024-03-02 18:30:00,0.16506333333333334,0.20632916666666667
2024-03-02 19:00:00,0.13537833333333335,0.16922291666666667
2024-03-02 19:30:00,0.09692833333333334,0.12116041666666666
2024-03-02 20:00:00,0.09362666666666668,0.11703333333333332
2024-03-02 20:30:00,0.098045,0.12255624999999999
2024-03-02 21:00:00,0.10285833333333333,0.12857291666666668
2024-03-02 21:30:00,0.10609833333333334,0.13262291666666667
2024-03-02 22:00:00,0.116145,0.14518125
2024-03-02 22:30:00,0.10795166666666667,0.13493958333333333
2024-03-02 23:00:00,0.11112833333333333,0.13891041666666668
2024-03-02 23:30:00,0.10870166666666665,0.13587708333333334
2024-03-03 00:00:00,0.09454666666666667,0.07091
2024-03-03 00:30:00,0.10731,0.0804825
2024-03-03 01:00:00,0.10809333333333333,0.08106999999999999
2024-03-03 01:30:00,0.08701833333333332,0.06526375
2024-03-03 02:00:00,0.09256833333333332,0.06942625
2024-03-03 02:30:00,0.08291666666666667,0.0621875
2024-03-03 03:00:00,0.08291666666666667,0.0621875
2024-03-03 03:30:00,0.08325833333333334,0.06244375
2024-03-03 04:00:00,0.08049333333333332,0.06037
2024-03-03 04:30:00,0.0827,0.062025
2024-03-03 05:00:00,0.08251333333333334,0.061885
2024-03-03 05:30:00,0.07975166666666667,0.05981375
2024-03-03 06:00:00,0.07954166666666666,0.059656249999999994
2024-03-03 06:30:00,0.04826166666666667,0.03619625
2024-03-03 07:00:00,0.0008733333333333332,0.00046249999999999997
2024-03-03 07:30:00,-0.0027883333333333336,-0.0027883333333333336
2024-03-03 08:00:00,0.00011833333333333331,8.791666666666666e-05
2024-03-03 08:30:00,-0.0003766666666666667,-0.0003775
2024-03-03 09:00:00,-0.006181666666666666,-0.006306666666666666
2024-03-03 09:30:00,-0.028155000000000003,-0.028155000000000003
2024-03-03 10:00:00,-0.03875833333333333,-0.03875833333333333
2024-03-03 10:30:00,-0.033863333333333336,-0.033863333333333336
2024-03-03 11:00:00,-0.036678333333333334,-0.036678333333333334
2024-03-03 11:30:00,-0.03219666666666667,-0.03219666666666667
2024-03-03 12:00:00,-0.006926666666666667,-0.006926666666666667
2024-03-03 12:30:00,0.003905,0.003905
2024-03-03 13:00:00,0.013311666666666666,0.01664125
2024-03-03 13:30:00,0.05631833333333333,0.07039791666666666
2024-03-03 14:00:00,0.047466666666666664,0.05933333333333333
2024-03-03 14:30:00,-0.017491666666666666,-0.016274166666666666
2024-03-03 15:00:00,0.03228333333333334,0.041
2024-03-03 15:30:00,0.08945333333333333,0.11181666666666668
2024-03-03 16:00:00,0.09289833333333335,0.11612291666666667
2024-03-03 16:30:00,0.11901166666666667,0.14876458333333334
2024-03-03 17:00:00,0.11442833333333335,0.14303541666666666
2024-03-03 17:30:00,0.10447666666666666,0.13059583333333333
2024-03-03 18:00:00,0.09069333333333333,0.11336666666666666
2024-03-03 18:30:00,0.004321666666666667,0.006261666666666666
2024-03-03 19:00:00,-0.006553333333333334,-0.0063574999999999994
2024-03-03 19:30:00,-0.009126666666666667,-0.008283333333333334
2024-03-03 20:00:00,-0.013618333333333331,-0.013197916666666665
2024-03-03 20:30:00,-0.013139999999999999,-0.012385833333333332
2024-03-03 21:00:00,-0.016155,-0.015782499999999998
2024-03-03 21:30:00,-0.025238333333333335,-0.025238333333333335
2024-03-03 22:00:00,-0.035546666666666664,-0.035546666666666664
2024-03-03 22:30:00,-0.03819,-0.03819
2024-03-03 23:00:00,-0.026815000000000002,-0.026815000000000002
2024-03-03 23:30:00,-0.030796666666666667,-0.030796666666666667
2024-03-04 00:00:00,-0.03732,-0.03732
2024-03-04 00:30:00,-0.033791666666666664,-0.033791666666666664
2024-03-04 01:00:00,-0.036533333333333334,-0.036533333333333334
2024-03-04 01:30:00,-0.033148333333333335,-0.033148333333333335
2024-03-04 02:00:00,-0.003214999999999999,-0.0043237499999999995
2024-03-04 02:30:00,0.01575333333333333,0.011814999999999999
2024-03-04 03:00:00,0.022250000000000002,0.016687499999999997
2024-03-04 03:30:00,0.02179,0.0163425
2024-03-04 04:00:00,0.040501666666666665,0.030376250000000004
2024-03-04 04:30:00,0.06535166666666667,0.04901375
2024-03-04 05:00:00,0.07872333333333333,0.0590425
2024-03-04 05:30:00,0.08733833333333334,0.06550375
2024-03-04 06:00:00,0.115365,0.08652375000000001
2024-03-04 06:30:00,0.08986333333333334,0.0673975
2024-03-04 07:00:00,0.07825,0.0586875
2024-03-04 07:30:00,0.06568500000000001,0.04926375
2024-03-04 08:00:00,0.05613166666666666,0.04209875
2024-03-04 08:30:00,-0.016831666666666665,-0.01743125
2024-03-04 09:00:00,-0.035603333333333334,-0.035603333333333334
2024-03-04 09:30:00,-0.03768,-0.03768
2024-03-04 10:00:00,-0.039003333333333334,-0.039003333333333334
2024-03-04 10:30:00,-0.05300833333333333,-0.05300833333333333
2024-03-04 11:00:00,-0.04518333333333333,-0.04518333333333333
2024-03-04 11:30:00,-0.057045000000000005,-0.057045000000000005
2024-03-04 12:00:00,-0.05861,-0.05861
2024-03-04 12:30:00,-0.05861,-0.05861
2024-03-04 13:00:00,-0.058341666666666674,-0.058341666666666674
2024-03-04 13:30:00,-0.05861,-0.05861
2024-03-04 14:00:00,-0.058043333333333336,-0.058043333333333336
2024-03-04 14:30:00,-0.05521,-0.05521
2024-03-04 15:00:00,-0.05384333333333333,-0.05384333333333333
2024-03-04 15:30:00,-0.055659999999999994,-0.055659999999999994
2024-03-04 16:00:00,-0.04987,-0.04987
2024-03-04 16:30:00,-0.04577833333333333,-0.04577833333333333
2024-03-04 17:00:00,-0.021598333333333334,-0.020699166666666668
2024-03-04 17:30:00,0.01973666666666667,0.02629875
2024-03-04 18:00:00,0.019783333333333333,0.024769583333333334
2024-03-04 18:30:00,0.005056666666666667,0.006320833333333334
2024-03-04 19:00:00,0.09355999999999999,0.11695
2024-03-04 19:30:00,0.017096666666666666,0.021370833333333335
2024-03-04 20:00:00,0.008496666666666666,0.010620833333333335
2024-03-04 20:30:00,0.005076666666666666,0.006345833333333333
2024-03-04 21:00:00,0.00469,0.0058625
2024-03-04 21:30:00,-0.020601666666666667,-0.020600833333333332
2024-03-04 22:00:00,-0.02315333333333333,-0.02315333333333333
2024-03-04 22:30:00,-0.024298333333333328,-0.0242975
2024-03-04 23:00:00,-0.00903,-0.009028333333333333
2024-03-04 23:30:00,0.000265,0.00033125
2024-03-05 00:00:00,-0.024124999999999997,-0.024125833333333332
2024-03-05 00:30:00,-0.026094999999999997,-0.026094999999999997
2024-03-05 01:00:00,-0.026109999999999998,-0.026110833333333333
2024-03-05 01:30:00,-0.03546666666666667,-0.03546666666666667
2024-03-05 02:00:00,-0.037673333333333336,-0.037673333333333336
2024-03-05 02:30:00,-0.034223333333333335,-0.034223333333333335
2024-03-05 03:00:00,-0.03275666666666666,-0.03275666666666666
2024-03-05 03:30:00,-0.018628333333333334,-0.018629166666666665
2024-03-05 04:00:00,0.007473333333333333,0.005605
2024-03-05 04:30:00,0.00899,0.006742499999999999
2024-03-05 05:00:00,0.054411666666666664,0.04080875
2024-03-05 05:30:00,0.08356166666666666,0.06267125
2024-03-05 06:00:00,0.09582166666666665,0.07186625
2024-03-05 06:30:00,0.08283,0.0621225
2024-03-05 07:00:00,0.04537333333333333,0.03403
2024-03-05 07:30:00,0.0277,0.019485833333333334
2024-03-05 08:00:00,-0.009954999999999999,-0.01088125
2024-03-05 08:30:00,-0.029116666666666666,-0.029116666666666666
2024-03-05 09:00:00,-0.04843333333333333,-0.04843333333333333
2024-03-05 09:30:00,-0.054988333333333334,-0.054988333333333334
2024-03-05 10:00:00,-0.05279999999999999,-0.05279999999999999
2024-03-05 10:30:00,-0.05533166666666667,-0.05533166666666667
2024-03-05 11:00:00,-0.05696500000000001,-0.05696500000000001
2024-03-05 11:30:00,-0.05726833333333334,-0.05726833333333334
2024-03-05 12:00:00,-0.05726833333333334,-0.05726833333333334
2024-03-05 12:30:00,-0.05686,-0.05686
2024-03-05 13:00:00,-0.05807333333333334,-0.05807333333333334
2024-03-05 13:30:00,-0.05873833333333334,-0.05873833333333334
2024-03-05 14:00:00,-0.05873833333333334,-0.05873833333333334
2024-03-05 14:30:00,-0.05861,-0.05861
2024-03-05 15:00:00,-0.05861,-0.05861
2024-03-05 15:30:00,-0.057510000000000006,-0.057510000000000006
2024-03-05 16:00:00,-0.05564,-0.05564
2024-03-05 16:30:00,-0.04082666666666667,-0.04082666666666667
2024-03-05 17:00:00,-0.040485,-0.040485
2024-03-05 17:30:00,-0.009785,-0.0089475
2024-03-05 18:00:00,0.0363,0.045491250000000004
2024-03-05 18:30:00,0.009311666666666666,0.011639583333333333
2024-03-05 19:00:00,0.010268333333333332,0.012835416666666667
2024-03-05 19:30:00,0.011186666666666666,0.013983333333333334
2024-03-05 20:00:00,0.010226666666666667,0.012783333333333332
2024-03-05 20:30:00,0.004995,0.00624375
2024-03-05 21:00:00,0.0052250000000000005,0.00653125
2024-03-05 21:30:00,0.006476666666666666,0.008095833333333333
2024-03-05 22:00:00,0.0016699999999999998,0.0020875000000000004
2024-03-05 22:30:00,-0.006186666666666667,-0.006170416666666667
2024-03-05 23:00:00,0.004553333333333333,0.005691666666666667
2024-03-05 23:30:00,0.012284999999999999,0.01535625
2024-03-06 00:00:00,0.005413333333333333,0.00406
2024-03-06 00:30:00,0.00832,0.00624
2024-03-06 01:00:00,0.00845,0.0063375
2024-03-06 01:30:00,0.008213333333333333,0.00616
2024-03-06 02:00:00,0.019998333333333333,0.01499875
2024-03-06 02:30:00,0.056795000000000005,0.04259625
2024-03-06 03:00:00,0.06994333333333333,0.0524575
2024-03-06 03:30:00,0.07684999999999999,0.0576375
2024-03-06 04:00:00,0.06801666666666667,0.051012499999999995
2024-03-06 04:30:00,0.06682166666666667,0.05011625
2024-03-06 05:00:00,0.08437833333333333,0.06328375
2024-03-06 05:30:00,0.08543166666666667,0.06407375
2024-03-06 06:00:00,0.10662500000000001,0.07996875
2024-03-06 06:30:00,0.09546666666666666,0.0716
2024-03-06 07:00:00,0.08545833333333334,0.06409375
2024-03-06 07:30:00,0.07202166666666666,0.054016249999999995
2024-03-06 08:00:00,0.06653833333333332,0.04990375
2024-03-06 08:30:00,0.025435,0.018914999999999998
2024-03-06 09:00:00,-0.013098333333333332,-0.014238333333333332
2024-03-06 09:30:00,-0.048231666666666666,-0.048231666666666666
2024-03-06 10:00:00,-0.05109166666666667,-0.05109166666666667
2024-03-06 10:30:00,-0.05458166666666667,-0.05458166666666667
2024-03-06 11:00:00,-0.05675333333333333,-0.05675333333333333
2024-03-06 11:30:00,-0.05686,-0.05686
2024-03-06 12:00:00,-0.054323333333333335,-0.054323333333333335
2024-03-06 12:30:00,-0.05592666666666666,-0.05592666666666666
2024-03-06 13:00:00,-0.05777000000000001,-0.05777000000000001
2024-03-06 13:30:00,-0.057415,-0.057415
2024-03-06 14:00:00,-0.05726833333333334,-0.05726833333333334
2024-03-06 14:30:00,-0.05423,-0.05423
2024-03-06 15:00:00,-0.046941666666666666,-0.046941666666666666
2024-03-06 15:30:00,-0.017286666666666665,-0.01728125
2024-03-06 16:00:00,-0.045393333333333334,-0.045393333333333334
2024-03-06 16:30:00,0.023905,0.032169166666666665
2024-03-06 17:00:00,0.02095,0.026187500000000002
2024-03-06 17:30:00,0.04183833333333333,0.052297916666666666
2024-03-06 18:00:00,0.087345,0.10918125000000001
2024-03-06 18:30:00,0.11847666666666667,0.14809583333333334
2024-03-06 19:00:00,0.073945,0.09243125
2024-03-06 19:30:00,0.088545,0.11068125
2024-03-06 20:00:00,0.07640333333333334,0.09550416666666667
2024-03-06 20:30:00,0.02802,0.035025
2024-03-06 21:00:00,0.022506666666666664,0.028133333333333333
2024-03-06 21:30:00,0.03038,0.037975
2024-03-06 22:00:00,0.020496666666666667,0.025620833333333332
2024-03-06 22:30:00,0.054425,0.06803125
2024-03-06 23:00:00,0.07510166666666666,0.09387708333333333
2024-03-06 23:30:00,0.06987666666666666,0.08734583333333334
2024-03-07 00:00:00,0.06975166666666667,0.05231375
2024-03-07 00:30:00,0.06224833333333333,0.046686250000000006
2024-03-07 01:00:00,0.06235833333333333,0.04676875
2024-03-07 01:30:00,0.06910000000000001,0.051825
2024-03-07 02:00:00,0.06521500000000001,0.048911249999999996
2024-03-07 02:30:00,0.07313166666666666,0.05484875
2024-03-07 03:00:00,0.07568666666666667,0.056765
2024-03-07 03:30:00,0.07619666666666666,0.0571475
2024-03-07 04:00:00,0.07733999999999999,0.058005
2024-03-07 04:30:00,0.07888333333333333,0.0591625
2024-03-07 05:00:00,0.08603166666666666,0.06452375
2024-03-07 05:30:00,0.11182333333333333,0.0838675
2024-03-07 06:00:00,0.11069833333333334,0.08302375
2024-03-07 06:30:00,0.11852333333333336,0.0888925
2024-03-07 07:00:00,0.089055,0.06679125000000001
2024-03-07 07:30:00,0.073555,0.05516625
2024-03-07 08:00:00,0.07654,0.057405000000000005
2024-03-07 08:30:00,0.017505,0.013086666666666665
2024-03-07 09:00:00,0.00117,0.0007783333333333335
2024-03-07 09:30:00,0.00247,-0.00019708333333333383
2024-03-07 10:00:00,-0.007741666666666667,-0.007742499999999999
2024-03-07 10:30:00,-0.022545,-0.022545
2024-03-07 11:00:00,-0.011998333333333333,-0.0122125
2024-03-07 11:30:00,-0.009528333333333333,-0.009528333333333333
2024-03-07 12:00:00,-0.026073333333333334,-0.026073333333333334
2024-03-07 12:30:00,-0.04098833333333333,-0.04098833333333333
2024-03-07 13:00:00,-0.04472,-0.04472
2024-03-07 13:30:00,-0.048293333333333334,-0.048293333333333334
2024-03-07 14:00:00,-0.05010666666666667,-0.05010666666666667
2024-03-07 14:30:00,-0.051185,-0.051185
2024-03-07 15:00:00,-0.05189666666666667,-0.05189666666666667
2024-03-07 15:30:00,-0.03398,-0.0337075
2024-03-07 16:00:00,-0.031446666666666664,-0.031074166666666667
2024-03-07 16:30:00,0.045875,0.05734375
2024-03-07 17:00:00,0.06089666666666666,0.07612083333333333
2024-03-07 17:30:00,0.11467166666666667,0.14333958333333333
2024-03-07 18:00:00,0.17248333333333332,0.21560416666666668
2024-03-07 18:30:00,0.152595,0.19074375
2024-03-07 19:00:00,0.12289,0.1536125
2024-03-07 19:30:00,0.10934166666666667,0.13667708333333334
2024-03-07 20:00:00,0.08585333333333334,0.10731666666666667
2024-03-07 20:30:00,0.09103666666666665,0.11379583333333333
2024-03-07 21:00:00,0.11437666666666668,0.14297083333333332
2024-03-07 21:30:00,0.08512666666666667,0.10640833333333333
2024-03-07 22:00:00,0.08925833333333333,0.11157291666666667
2024-03-07 22:30:00,0.10309000000000001,0.1288625
2024-03-07 23:00:00,0.09468833333333333,0.11836041666666668
2024-03-07 23:30:00,0.08828666666666667,0.11035833333333334
2024-03-08 00:00:00,0.07761666666666665,0.0582125
2024-03-08 00:30:00,0.07055166666666667,0.05291375
2024-03-08 01:00:00,0.07223500000000001,0.05417625
2024-03-08 01:30:00,0.06857,0.051427499999999994
2024-03-08 02:00:00,0.07693166666666666,0.05769875
2024-03-08 02:30:00,0.07448666666666666,0.055865
2024-03-08 03:00:00,0.07886833333333333,0.059151249999999995
2024-03-08 03:30:00,0.07973999999999999,0.059805
2024-03-08 04:00:00,0.08731499999999999,0.06548625000000001
2024-03-08 04:30:00,0.09088166666666665,0.06816124999999999
2024-03-08 05:00:00,0.10844,0.08133
2024-03-08 05:30:00,0.11712833333333333,0.08784625
2024-03-08 06:00:00,0.14513666666666666,0.1088525
2024-03-08 06:30:00,0.14209666666666668,0.1065725
2024-03-08 07:00:00,0.09363666666666666,0.0702275
2024-03-08 07:30:00,0.07323333333333333,0.054925
2024-03-08 08:00:00,0.06862166666666666,0.05146625
2024-03-08 08:30:00,0.06325,0.0474375
2024-03-08 09:00:00,0.01841,0.0138075
2024-03-08 09:30:00,0.009095,0.00682125
2024-03-08 10:00:00,0.0012866666666666666,0.0005075000000000002
2024-03-08 10:30:00,0.001958333333333333,0.0013104166666666665
2024-03-08 11:00:00,-0.006206666666666666,-0.007760833333333332
2024-03-08 11:30:00,-0.023014999999999997,-0.023594583333333335
2024-03-08 12:00:00,-0.027123333333333333,-0.027123333333333333
2024-03-08 12:30:00,-0.04710999999999999,-0.04710999999999999
2024-03-08 13:00:00,-0.04,-0.04
2024-03-08 13:30:00,-0.034995,-0.034995
2024-03-08 14:00:00,-0.019735,-0.018917916666666666
2024-03-08 14:30:00,-0.004654999999999999,-0.003152499999999999
2024-03-08 15:00:00,0.014606666666666665,0.01825833333333333
2024-03-08 15:30:00,0.026783333333333336,0.033479166666666664
2024-03-08 16:00:00,0.075275,0.09409374999999999
2024-03-08 16:30:00,0.09855833333333335,0.12319791666666667
2024-03-08 17:00:00,0.11499000000000002,0.1437375
2024-03-08 17:30:00,0.134595,0.16824375
2024-03-08 18:00:00,0.16049833333333333,0.20062291666666665
2024-03-08 18:30:00,0.16886833333333331,0.21108541666666666
2024-03-08 19:00:00,0.101865,0.12733125
2024-03-08 19:30:00,0.09723666666666668,0.12154583333333334
2024-03-08 20:00:00,0.08921833333333333,0.11152291666666668
2024-03-08 20:30:00,0.08553333333333334,0.10691666666666666
2024-03-08 21:00:00,0.08259166666666666,0.10323958333333333
2024-03-08 21:30:00,0.08025333333333333,0.10031666666666667
2024-03-08 22:00:00,0.08005999999999999,0.10007500000000001
2024-03-08 22:30:00,0.08387499999999999,0.10484375
2024-03-08 23:00:00,0.08823333333333333,0.11029166666666666
2024-03-08 23:30:00,0.090575,0.11321874999999999
2024-03-09 00:00:00,0.08764499999999999,0.06573375
2024-03-09 00:30:00,0.093105,0.06982875
2024-03-09 01:00:00,0.08640833333333335,0.06480625
2024-03-09 01:30:00,0.08835,0.0662625
2024-03-09 02:00:00,0.08466666666666667,0.0635
2024-03-09 02:30:00,0.083305,0.06247875
2024-03-09 03:00:00,0.08119,0.060892499999999995
2024-03-09 03:30:00,0.08133,0.0609975
2024-03-09 04:00:00,0.08252833333333333,0.06189625000000001
2024-03-09 04:30:00,0.09025833333333333,0.06769375
2024-03-09 05:00:00,0.098835,0.07412625
2024-03-09 05:30:00,0.10677833333333335,0.08008375
2024-03-09 06:00:00,0.10718833333333333,0.08039125
2024-03-09 06:30:00,0.09988333333333332,0.07491249999999999
2024-03-09 07:00:00,0.07977,0.0598275
2024-03-09 07:30:00,0.0727,0.054525
2024-03-09 08:00:00,0.05004,0.03753
2024-03-09 08:30:00,0.03064,0.02298
2024-03-09 09:00:00,0.007468333333333334,0.0056012499999999995
2024-03-09 09:30:00,-0.03718,-0.037552499999999996
2024-03-09 10:00:00,-0.05347166666666667,-0.05347166666666667
2024-03-09 10:30:00,-0.051625000000000004,-0.051625000000000004
2024-03-09 11:00:00,-0.04690333333333333,-0.04690333333333333
2024-03-09 11:30:00,-0.05536833333333333,-0.05536833333333333
2024-03-09 12:00:00,-0.07155166666666667,-0.07155166666666667
2024-03-09 12:30:00,-0.10763166666666667,-0.10763166666666667
2024-03-09 13:00:00,-0.06920333333333333,-0.06920333333333333
2024-03-09 13:30:00,-0.050570000000000004,-0.050570000000000004
2024-03-09 14:00:00,-0.07991,-0.07991
2024-03-09 14:30:00,-0.055375,-0.055375
2024-03-09 15:00:00,-0.008693333333333334,-0.00725375
2024-03-09 15:30:00,-0.019611666666666666,-0.01923916666666667
2024-03-09 16:00:00,-0.03326666666666667,-0.03326666666666667
2024-03-09 16:30:00,-0.07163166666666666,-0.07163166666666666
2024-03-09 17:00:00,0.05691833333333334,0.07294375
2024-03-09 17:30:00,0.09489000000000002,0.11861250000000001
2024-03-09 18:00:00,0.13419833333333334,0.16774791666666666
2024-03-09 18:30:00,0.12744166666666668,0.15930208333333334
2024-03-09 19:00:00,0.10577833333333335,0.13222291666666666
2024-03-09 19:30:00,0.10892333333333333,0.13615416666666666
2024-03-09 20:00:00,0.09414,0.11767499999999999
2024-03-09 20:30:00,0.09379833333333333,0.11724791666666667
2024-03-09 21:00:00,0.10383166666666667,0.12978958333333335
2024-03-09 21:30:00,0.08631833333333333,0.10789791666666666
2024-03-09 22:00:00,0.08587666666666667,0.10734583333333335
2024-03-09 22:30:00,0.08474166666666666,0.10592708333333334
2024-03-09 23:00:00,0.09082333333333333,0.11352916666666667
2024-03-09 23:30:00,0.10586000000000001,0.132325
2024-03-10 00:00:00,0.09397666666666667,0.0704825
2024-03-10 00:30:00,0.08707,0.0653025
2024-03-10 01:00:00,0.09491,0.0711825
2024-03-10 01:30:00,0.10382166666666666,0.07786625
2024-03-10 02:00:00,0.09157833333333333,0.06868375
2024-03-10 02:30:00,0.079995,0.05999625
2024-03-10 03:00:00,0.07986166666666666,0.059896250000000005
2024-03-10 03:30:00,0.07977333333333332,0.059829999999999994
2024-03-10 04:00:00,0.09298666666666666,0.06974000000000001
2024-03-10 04:30:00,0.089575,0.06718125
2024-03-10 05:00:00,0.08447166666666667,0.06335375
2024-03-10 05:30:00,0.08358166666666667,0.06268625
2024-03-10 06:00:00,0.09822000000000002,0.073665
2024-03-10 06:30:00,0.08807666666666665,0.0660575
2024-03-10 07:00:00,0.0755,0.056625
2024-03-10 07:30:00,0.07254333333333333,0.0544075
2024-03-10 08:00:00,0.06432,0.048240000000000005
2024-03-10 08:30:00,-0.0013766666666666673,-0.006020000000000001
2024-03-10 09:00:00,-0.028991666666666666,-0.029791250000000002
2024-03-10 09:30:00,-0.019273333333333333,-0.019674583333333332
2024-03-10 10:00:00,-0.04328833333333334,-0.04328833333333334
2024-03-10 10:30:00,-0.049411666666666666,-0.049411666666666666
2024-03-10 11:00:00,-0.048868333333333326,-0.048868333333333326
2024-03-10 11:30:00,-0.052384999999999994,-0.052384999999999994
2024-03-10 12:00:00,-0.047979999999999995,-0.047979999999999995
2024-03-10 12:30:00,-0.04730500000000001,-0.04730500000000001
2024-03-10 13:00:00,-0.055265,-0.055265
2024-03-10 13:30:00,-0.061513333333333337,-0.061513333333333337
2024-03-10 14:00:00,-0.05861,-0.05861
2024-03-10 14:30:00,-0.044105,-0.044105
2024-03-10 15:00:00,-0.04037833333333333,-0.04037833333333333
2024-03-10 15:30:00,-0.033326666666666664,-0.033326666666666664
2024-03-10 16:00:00,-0.02847,-0.02847
2024-03-10 16:30:00,0.004393333333333333,0.005491666666666666
2024-03-10 17:00:00,0.007925,0.010457916666666666
2024-03-10 17:30:00,0.06334833333333334,0.07918541666666666
2024-03-10 18:00:00,0.09353666666666667,0.11692083333333332
2024-03-10 18:30:00,0.09585666666666666,0.11982083333333333
2024-03-10 19:00:00,0.08105833333333333,0.10132291666666667
2024-03-10 19:30:00,0.07813833333333332,0.09767291666666666
2024-03-10 20:00:00,0.081205,0.10150625
2024-03-10 20:30:00,0.07807666666666667,0.09759583333333333
2024-03-10 21:00:00,0.079755,0.09969375000000001
2024-03-10 21:30:00,0.07251833333333334,0.09064791666666666
2024-03-10 22:00:00,0.06609,0.08261249999999999
2024-03-10 22:30:00,0.06161166666666667,0.07701458333333333
2024-03-10 23:00:00,0.06660833333333334,0.08326041666666667
2024-03-10 23:30:00,0.07234166666666668,0.09042708333333334
2024-03-11 00:00:00,0.06895666666666667,0.0517175
2024-03-11 00:30:00,0.06053666666666666,0.045402500000000005
2024-03-11 01:00:00,0.06011333333333333,0.04508500000000001
2024-03-11 01:30:00,0.06091166666666667,0.04568375
2024-03-11 02:00:00,0.06052166666666667,0.04539125
2024-03-11 02:30:00,0.061191666666666665,0.045893750000000004
2024-03-11 03:00:00,0.060695,0.045521250000000006
2024-03-11 03:30:00,0.05783333333333333,0.043375
2024-03-11 04:00:00,0.05711333333333333,0.042835000000000005
2024-03-11 04:30:00,0.05957333333333333,0.044680000000000004
2024-03-11 05:00:00,0.07467833333333333,0.056008749999999996
2024-03-11 05:30:00,0.07448333333333333,0.0558625
2024-03-11 06:00:00,0.08864166666666666,0.06648125
2024-03-11 06:30:00,0.075635,0.05672625
2024-03-11 07:00:00,0.05209166666666667,0.03906875
2024-03-11 07:30:00,-0.0033016666666666663,-0.004424166666666666
2024-03-11 08:00:00,-0.013661666666666664,-0.013661666666666664
2024-03-11 08:30:00,-0.027661666666666668,-0.027661666666666668
2024-03-11 09:00:00,-0.03761,-0.03761
2024-03-11 09:30:00,-0.04671666666666666,-0.04671666666666666
2024-03-11 10:00:00,-0.045843333333333326,-0.045843333333333326
2024-03-11 10:30:00,-0.052408333333333335,-0.052408333333333335
2024-03-11 11:00:00,-0.051265,-0.051265
2024-03-11 11:30:00,-0.13045166666666666,-0.13045166666666666
2024-03-11 12:00:00,-0.391755,-0.391755
2024-03-11 12:30:00,-0.5218866666666667,-0.5218866666666667
2024-03-11 13:00:00,-0.04571166666666667,-0.04571166666666667
2024-03-11 13:30:00,-0.026568333333333333,-0.026235416666666664
2024-03-11 14:00:00,-0.050985,-0.050985
2024-03-11 14:30:00,-0.03195833333333333,-0.03195833333333333
2024-03-11 15:00:00,-0.019881666666666666,-0.019134166666666667
2024-03-11 15:30:00,0.024238333333333334,0.030297916666666664
2024-03-11 16:00:00,-0.009811666666666668,-0.007616250000000001
2024-03-11 16:30:00,0.11230333333333332,0.14037916666666667
2024-03-11 17:00:00,0.10937833333333334,0.13672291666666667
2024-03-11 17:30:00,0.10501333333333333,0.13126666666666667
2024-03-11 18:00:00,0.108665,0.13583125
2024-03-11 18:30:00,0.11717500000000002,0.14646875
2024-03-11 19:00:00,0.09948833333333333,0.12436041666666665
2024-03-11 19:30:00,0.09499333333333333,0.11874166666666668
2024-03-11 20:00:00,0.10509666666666667,0.13137083333333335
2024-03-11 20:30:00,0.099955,0.12494375
2024-03-11 21:00:00,0.10301666666666666,0.12877083333333333
2024-03-11 21:30:00,0.08453333333333334,0.10566666666666667
2024-03-11 22:00:00,0.08650999999999999,0.1081375
2024-03-11 22:30:00,0.08468500000000001,0.10585625
2024-03-11 23:00:00,0.08839833333333334,0.11049791666666665
2024-03-11 23:30:00,0.095835,0.11979374999999999
2024-03-12 00:00:00,0.08834833333333332,0.06626125000000001
2024-03-12 00:30:00,0.08890166666666667,0.06667625
2024-03-12 01:00:00,0.08542333333333334,0.0640675
2024-03-12 01:30:00,0.08427333333333333,0.063205
2024-03-12 02:00:00,0.086005,0.06450375000000001
2024-03-12 02:30:00,0.081415,0.06106124999999999
2024-03-12 03:00:00,0.08098166666666666,0.06073625
2024-03-12 03:30:00,0.08054166666666666,0.060406249999999995
2024-03-12 04:00:00,0.08282,0.062115
2024-03-12 04:30:00,0.08526,0.063945
2024-03-12 05:00:00,0.09898499999999999,0.07423875
2024-03-12 05:30:00,0.10308166666666667,0.07731125000000001
2024-03-12 06:00:00,0.11332166666666667,0.08499125
2024-03-12 06:30:00,0.10392333333333333,0.0779425
2024-03-12 07:00:00,0.08143333333333333,0.061075
2024-03-12 07:30:00,0.07284500000000001,0.05463375
2024-03-12 08:00:00,0.07537833333333334,0.05653375
2024-03-12 08:30:00,0.04192666666666667,0.031445
2024-03-12 09:00:00,-0.00962,-0.010673750000000001
2024-03-12 09:30:00,-0.007658333333333333,-0.008457916666666667
2024-03-12 10:00:00,-0.005883333333333333,-0.006631666666666667
2024-03-12 10:30:00,-0.003656666666666667,-0.005315833333333335
2024-03-12 11:00:00,-0.024378333333333335,-0.024378333333333335
2024-03-12 11:30:00,-0.01655,-0.017005833333333335
2024-03-12 12:00:00,0.0008316666666666664,0.0008316666666666664
2024-03-12 12:30:00,0.011798333333333334,0.011798333333333334
2024-03-12 13:00:00,-0.015581666666666667,-0.015580833333333334
2024-03-12 13:30:00,-0.006423333333333334,-0.006065000000000001
2024-03-12 14:00:00,0.03616833333333334,0.04558333333333334
2024-03-12 14:30:00,0.032183333333333335,0.0408925
2024-03-12 15:00:00,0.10744166666666667,0.13430208333333335
2024-03-12 15:30:00,0.12416,0.1552
2024-03-12 16:00:00,0.123325,0.15415625
2024-03-12 16:30:00,0.19790833333333332,0.2473854166666667
2024-03-12 17:00:00,0.158595,0.19824375000000002
2024-03-12 17:30:00,0.23076,0.28845000000000004
2024-03-12 18:00:00,0.2995,0.37437499999999996
2024-03-12 18:30:00,0.2995,0.37437499999999996
2024-03-12 19:00:00,0.22866333333333333,0.2858291666666667
2024-03-12 19:30:00,0.11903666666666667,0.14879583333333332
2024-03-12 20:00:00,0.12028333333333334,0.15035416666666668
2024-03-12 20:30:00,0.09569666666666667,0.11962083333333333
2024-03-12 21:00:00,0.11046333333333334,0.13807916666666667
2024-03-12 21:30:00,0.11321166666666667,0.14151458333333333
2024-03-12 22:00:00,0.11248666666666667,0.14060833333333334
2024-03-12 22:30:00,0.11571333333333333,0.14464166666666667
2024-03-12 23:00:00,0.12449666666666666,0.15562083333333335
2024-03-12 23:30:00,0.14425666666666667,0.18032083333333335
2024-03-13 00:00:00,0.11945166666666666,0.08958875
2024-03-13 00:30:00,0.11859000000000001,0.0889425
2024-03-13 01:00:00,0.11283166666666666,0.08462375
2024-03-13 01:30:00,0.10892666666666667,0.081695
2024-03-13 02:00:00,0.08767833333333334,0.06575874999999999
2024-03-13 02:30:00,0.08736166666666667,0.06552124999999999
2024-03-13 03:00:00,0.09008166666666667,0.06756125
2024-03-13 03:30:00,0.09347,0.0701025
2024-03-13 04:00:00,0.09971666666666668,0.07478749999999999
2024-03-13 04:30:00,0.13082,0.098115
2024-03-13 05:00:00,0.12668833333333332,0.09501624999999998
2024-03-13 05:30:00,0.13116833333333333,0.09837625
2024-03-13 06:00:00,0.16600666666666666,0.12450499999999999
2024-03-13 06:30:00,0.2666733333333333,0.200005
2024-03-13 07:00:00,0.14276999999999998,0.10707749999999999
2024-03-13 07:30:00,0.12109333333333333,0.09082
2024-03-13 08:00:00,0.136895,0.10267124999999999
2024-03-13 08:30:00,0.09333666666666667,0.0700025
2024-03-13 09:00:00,0.10011333333333333,0.075085
2024-03-13 09:30:00,0.04694333333333334,0.035207499999999996
2024-03-13 10:00:00,0.019710000000000002,0.013205416666666666
2024-03-13 10:30:00,-0.015964999999999997,-0.016361249999999997
2024-03-13 11:00:00,-0.0065183333333333334,-0.00673125
2024-03-13 11:30:00,0.0031,0.0021666666666666666
2024-03-13 12:00:00,0.0017850000000000001,0.0017850000000000001
2024-03-13 12:30:00,-0.0048583333333333326,-0.0048583333333333326
2024-03-13 13:00:00,0.016116666666666668,0.02023583333333333
2024-03-13 13:30:00,0.04303333333333333,0.05379166666666666
2024-03-13 14:00:00,0.030969999999999998,0.03882833333333333
2024-03-13 14:30:00,0.04609333333333334,0.05761666666666667
2024-03-13 15:00:00,0.11035833333333334,0.13794791666666667
2024-03-13 15:30:00,0.09612666666666665,0.12015833333333333
2024-03-13 16:00:00,0.10865333333333334,0.13581666666666667
2024-03-13 16:30:00,0.11456666666666666,0.14320833333333335
2024-03-13 17:00:00,0.02204333333333333,0.029860833333333333
2024-03-13 17:30:00,0.080405,0.10050625
2024-03-13 18:00:00,0.127805,0.15975625000000002
2024-03-13 18:30:00,0.2995,0.37437499999999996
2024-03-13 19:00:00,0.22295666666666666,0.2786958333333333
2024-03-13 19:30:00,0.18272333333333335,0.22840416666666666
2024-03-13 20:00:00,0.128795,0.16099375000000002
2024-03-13 20:30:00,0.12430166666666669,0.15537708333333333
2024-03-13 21:00:00,0.11842166666666666,0.14802708333333334
2024-03-13 21:30:00,0.11586666666666667,0.14483333333333334
2024-03-13 22:00:00,0.10287500000000001,0.12859375
2024-03-13 22:30:00,0.10381166666666668,0.12976458333333332
2024-03-13 23:00:00,0.10104,0.1263
2024-03-13 23:30:00,0.08494499999999999,0.10618125
2024-03-14 00:00:00,0.04537666666666667,0.0340325
2024-03-14 00:30:00,0.009333333333333332,0.006999999999999999
2024-03-14 01:00:00,0.013474999999999999,0.010106249999999999
2024-03-14 01:30:00,0.009193333333333333,0.006894999999999999
2024-03-14 02:00:00,0.017821666666666666,0.013366250000000001
2024-03-14 02:30:00,0.019696666666666668,0.014772500000000001
2024-03-14 03:00:00,0.049980000000000004,0.037485
2024-03-14 03:30:00,0.04790166666666667,0.03592625
2024-03-14 04:00:00,0.059465,0.04459875
2024-03-14 04:30:00,0.06871833333333334,0.05153875
2024-03-14 05:00:00,0.08710333333333332,0.0653275
2024-03-14 05:30:00,0.10494833333333335,0.07871125
2024-03-14 06:00:00,0.16047,0.12035249999999999
2024-03-14 06:30:00,0.12494333333333334,0.0937075
2024-03-14 07:00:00,0.07574833333333333,0.05681125
2024-03-14 07:30:00,0.042405,0.03180375
2024-03-14 08:00:00,0.03025,0.0226875
2024-03-14 08:30:00,-0.010956666666666665,-0.011701666666666666
2024-03-14 09:00:00,-0.011904999999999999,-0.01265
2024-03-14 09:30:00,-0.037763333333333336,-0.037763333333333336
2024-03-14 10:00:00,-0.04315,-0.04315
2024-03-14 10:30:00,-0.04801166666666667,-0.04801166666666667
2024-03-14 11:00:00,-0.05800333333333333,-0.05800333333333333
2024-03-14 11:30:00,-0.05861,-0.05861
2024-03-14 12:00:00,-0.05861,-0.05861
2024-03-14 12:30:00,-0.05335666666666666,-0.05335666666666666
2024-03-14 13:00:00,-0.051765,-0.051765
2024-03-14 13:30:00,-0.051908333333333334,-0.051908333333333334
2024-03-14 14:00:00,-0.056555,-0.056555
2024-03-14 14:30:00,-0.027736666666666663,-0.026991666666666664
2024-03-14 15:00:00,-0.010718333333333335,-0.009575
2024-03-14 15:30:00,-0.011160000000000002,-0.011012500000000001
2024-03-14 16:00:00,-0.05386166666666667,-0.05386166666666667
2024-03-14 16:30:00,-0.03126,-0.031227500000000002
2024-03-14 17:00:00,-0.0015883333333333333,-0.0006095833333333326
2024-03-14 17:30:00,0.014668333333333332,0.01847375
2024-03-14 18:00:00,0.05904333333333333,0.07380416666666667
2024-03-14 18:30:00,0.041025,0.05128125
2024-03-14 19:00:00,0.01617,0.020212499999999998
2024-03-14 19:30:00,0.07057999999999999,0.088225
2024-03-14 20:00:00,0.16250666666666666,0.20313333333333336
2024-03-14 20:30:00,0.06477833333333334,0.08097291666666667
2024-03-14 21:00:00,0.08134999999999999,0.1016875
2024-03-14 21:30:00,0.050256666666666665,0.06282083333333334
2024-03-14 22:00:00,0.060461666666666664,0.07557708333333334
2024-03-14 22:30:00,0.07936,0.0992
2024-03-14 23:00:00,0.08453166666666667,0.10566458333333333
2024-03-14 23:30:00,0.08161833333333333,0.10202291666666667
2024-03-15 00:00:00,0.08645333333333333,0.06484
2024-03-15 00:30:00,0.08605333333333333,0.06454
2024-03-15 01:00:00,0.084045,0.06303375
2024-03-15 01:30:00,0.08380333333333334,0.06285249999999999
2024-03-15 02:00:00,0.08892,0.06669
2024-03-15 02:30:00,0.08507500000000001,0.06380625
2024-03-15 03:00:00,0.08609,0.0645675
2024-03-15 03:30:00,0.09525333333333334,0.07144
2024-03-15 04:00:00,0.10497833333333334,0.07873375
2024-03-15 04:30:00,0.10309166666666668,0.07731875
2024-03-15 05:00:00,0.13620000000000002,0.10215
2024-03-15 05:30:00,0.16694666666666666,0.12521000000000002
2024-03-15 06:00:00,0.22311333333333336,0.167335
2024-03-15 06:30:00,0.16073333333333334,0.12055
2024-03-15 07:00:00,0.08903,0.0667725
2024-03-15 07:30:00,0.10950166666666666,0.08212625
2024-03-15 08:00:00,0.09970166666666667,0.07477625
2024-03-15 08:30:00,0.08713833333333333,0.06535375
2024-03-15 09:00:00,0.07020666666666667,0.052655
2024-03-15 09:30:00,0.04340666666666667,0.032555
2024-03-15 10:00:00,0.012063333333333334,0.0090475
2024-03-15 10:30:00,0.007926666666666667,0.005893333333333334
2024-03-15 11:00:00,-0.009666666666666665,-0.010092083333333333
2024-03-15 11:30:00,-0.0031766666666666666,-0.0034874999999999997
2024-03-15 12:00:00,0.006161666666666667,0.006161666666666667
2024-03-15 12:30:00,-0.013441666666666666,-0.013441666666666666
2024-03-15 13:00:00,-0.034844999999999994,-0.034844999999999994
2024-03-15 13:30:00,-0.017791666666666667,-0.017791666666666667
2024-03-15 14:00:00,-0.02508666666666667,-0.02508666666666667
2024-03-15 14:30:00,0.007850000000000001,0.01010875
2024-03-15 15:00:00,-0.0014450000000000018,0.0016579166666666663
2024-03-15 15:30:00,-0.17044666666666666,-0.16848166666666667
2024-03-15 16:00:00,-0.05093333333333333,-0.05078083333333333
2024-03-15 16:30:00,0.20441999999999996,0.255525
2024-03-15 17:00:00,0.158875,0.19859375
2024-03-15 17:30:00,0.2995,0.37437499999999996
2024-03-15 18:00:00,0.19329166666666667,0.24161458333333333
2024-03-15 18:30:00,0.2764083333333333,0.3455104166666667
2024-03-15 19:00:00,0.2564583333333333,0.32057291666666665
2024-03-15 19:30:00,0.18119666666666667,0.22649583333333334
2024-03-15 20:00:00,0.15727,0.1965875
2024-03-15 20:30:00,0.10931833333333334,0.13664791666666667
2024-03-15 21:00:00,0.12386000000000001,0.15482500000000002
2024-03-15 21:30:00,0.09527333333333333,0.11909166666666667
2024-03-15 22:00:00,0.11152166666666667,0.13940208333333334
2024-03-15 22:30:00,0.09059833333333334,0.11324791666666667
2024-03-15 23:00:00,0.07923666666666666,0.09904583333333333
2024-03-15 23:30:00,0.07313499999999999,0.09141875
2024-03-16 00:00:00,0.058563333333333335,0.0439225
2024-03-16 00:30:00,0.01576666666666667,0.011825
2024-03-16 01:00:00,0.008516666666666667,0.0063875
2024-03-16 01:30:00,0.006758333333333334,0.00506875
2024-03-16 02:00:00,-0.006083333333333333,-0.007190833333333333
2024-03-16 02:30:00,-0.029858333333333334,-0.029858333333333334
2024-03-16 03:00:00,-0.03802833333333333,-0.03802833333333333
2024-03-16 03:30:00,-0.03789,-0.03789
2024-03-16 04:00:00,-0.04032,-0.04032
2024-03-16 04:30:00,-0.03945833333333333,-0.03945833333333333
2024-03-16 05:00:00,-0.013039999999999998,-0.013047499999999998
2024-03-16 05:30:00,-0.027636666666666667,-0.027636666666666667
2024-03-16 06:00:00,0.003611666666666667,0.0018758333333333337
2024-03-16 06:30:00,0.006218333333333333,0.00466375
2024-03-16 07:00:00,0.0037199999999999998,0.0022299999999999998
2024-03-16 07:30:00,-0.016376666666666664,-0.016749166666666666
2024-03-16 08:00:00,-0.03321333333333334,-0.03321333333333334
2024-03-16 08:30:00,-0.04228833333333334,-0.04228833333333334
2024-03-16 09:00:00,-0.04387,-0.04387
2024-03-16 09:30:00,-0.047718333333333335,-0.047718333333333335
2024-03-16 10:00:00,-0.055273333333333334,-0.055273333333333334
2024-03-16 10:30:00,-0.052169999999999994,-0.052169999999999994
2024-03-16 11:00:00,-0.04906833333333333,-0.04906833333333333
2024-03-16 11:30:00,-0.05497,-0.05497
2024-03-16 12:00:00,-0.05525166666666667,-0.05525166666666667
2024-03-16 12:30:00,-0.05541666666666667,-0.05541666666666667
2024-03-16 13:00:00,-0.05236833333333333,-0.05236833333333333
2024-03-16 13:30:00,-0.04266,-0.04266
2024-03-16 14:00:00,-0.014245,-0.014140833333333333
2024-03-16 14:30:00,-0.035375,-0.035375
2024-03-16 15:00:00,-0.005011666666666667,-0.0043375
2024-03-16 15:30:00,-0.010293333333333333,-0.009545
2024-03-16 16:00:00,0.017193333333333335,0.02149166666666667
2024-03-16 16:30:00,0.07783,0.09728750000000001
2024-03-16 17:00:00,0.024733333333333333,0.03488458333333334
2024-03-16 17:30:00,0.07053833333333333,0.08817291666666667
2024-03-16 18:00:00,0.10658166666666667,0.13322708333333333
2024-03-16 18:30:00,0.07661833333333333,0.09577291666666667
2024-03-16 19:00:00,0.11222,0.140275
2024-03-16 19:30:00,0.08986000000000001,0.11232500000000001
2024-03-16 20:00:00,0.09026,0.11282500000000001
2024-03-16 20:30:00,0.09669833333333333,0.12087291666666666
2024-03-16 21:00:00,0.09026,0.11282500000000001
2024-03-16 21:30:00,0.08655,0.1081875
2024-03-16 22:00:00,0.09026,0.11282500000000001
2024-03-16 22:30:00,0.08886166666666667,0.11107708333333334
2024-03-16 23:00:00,0.09996000000000001,0.12495
2024-03-16 23:30:00,0.09160833333333333,0.11451041666666667
2024-03-17 00:00:00,0.08905,0.0667875
2024-03-17 00:30:00,0.08480666666666666,0.063605
2024-03-17 01:00:00,0.08103333333333333,0.060775
2024-03-17 01:30:00,0.08151166666666666,0.061133749999999994
2024-03-17 02:00:00,0.08644666666666667,0.06483499999999999
2024-03-17 02:30:00,0.08541666666666665,0.06406250000000001
2024-03-17 03:00:00,0.08769333333333333,0.06577
2024-03-17 03:30:00,0.09197999999999999,0.068985
2024-03-17 04:00:00,0.08740333333333333,0.0655525
2024-03-17 04:30:00,0.08510666666666666,0.06383
2024-03-17 05:00:00,0.085785,0.06433875
2024-03-17 05:30:00,0.08354166666666667,0.06265625
2024-03-17 06:00:00,0.08752666666666668,0.065645
2024-03-17 06:30:00,0.08859666666666666,0.0664475
2024-03-17 07:00:00,0.08283,0.0621225
2024-03-17 07:30:00,0.023893333333333332,0.017920000000000002
2024-03-17 08:00:00,0.06079500000000001,0.04372583333333333
2024-03-17 08:30:00,0.028543333333333334,0.0214075
2024-03-17 09:00:00,0.024505,0.01837875
2024-03-17 09:30:00,0.0622,0.046650000000000004
2024-03-17 10:00:00,0.015141666666666664,0.01135625
2024-03-17 10:30:00,0.029124999999999998,0.02184375
2024-03-17 11:00:00,0.04074666666666667,0.030556249999999997
2024-03-17 11:30:00,0.010888333333333333,0.008060416666666667
2024-03-17 12:00:00,0.0043033333333333335,0.0043033333333333335
2024-03-17 12:30:00,-0.0037699999999999995,-0.0037699999999999995
2024-03-17 13:00:00,0.015754999999999998,0.021485416666666663
2024-03-17 13:30:00,-0.005864999999999999,-0.004100833333333333
2024-03-17 14:00:00,-0.019561666666666668,-0.019561666666666668
2024-03-17 14:30:00,0.016381666666666666,0.021160833333333334
2024-03-17 15:00:00,0.015535,0.02179958333333333
2024-03-17 15:30:00,0.06305499999999999,0.07881875
2024-03-17 16:00:00,0.08344499999999999,0.10430625
2024-03-17 16:30:00,0.12683833333333333,0.15854791666666668
2024-03-17 17:00:00,0.065945,0.08243125
2024-03-17 17:30:00,0.012773333333333333,0.016929166666666665
2024-03-17 18:00:00,0.04749166666666666,0.05936458333333333
2024-03-17 18:30:00,0.07281333333333333,0.09101666666666668
2024-03-17 19:00:00,0.10254,0.128175
2024-03-17 19:30:00,0.08659333333333334,0.10824166666666667
2024-03-17 20:00:00,0.07037500000000001,0.08796875
2024-03-17 20:30:00,0.06916,0.08645000000000001
2024-03-17 21:00:00,0.05069166666666667,0.06336458333333334
2024-03-17 21:30:00,0.02249,0.0281125
2024-03-17 22:00:00,0.011143333333333333,0.013929166666666666
2024-03-17 22:30:00,0.006595,0.00824375
2024-03-17 23:00:00,0.017425,0.02178125
2024-03-17 23:30:00,0.00895,0.011187500000000001
2024-03-18 00:00:00,0.009818333333333333,0.00736375
2024-03-18 00:30:00,0.013473333333333332,0.010105000000000001
2024-03-18 01:00:00,0.01911,0.0143325
2024-03-18 01:30:00,0.019123333333333332,0.0143425
2024-03-18 02:00:00,0.017438333333333333,0.01307875
2024-03-18 02:30:00,0.0043950000000000005,0.002390416666666667
2024-03-18 03:00:00,-0.002116666666666666,-0.0032533333333333325
2024-03-18 03:30:00,0.0077333333333333325,0.0058
2024-03-18 04:00:00,-0.012698333333333334,-0.012701666666666667
2024-03-18 04:30:00,-0.02335,-0.023351666666666663
2024-03-18 05:00:00,0.007035,0.00527625
2024-03-18 05:30:00,0.010719999999999999,0.00804
2024-03-18 06:00:00,0.01933,0.014497499999999998
2024-03-18 06:30:00,0.06092166666666666,0.045691249999999996
2024-03-18 07:00:00,0.006091666666666666,0.002902916666666668
2024-03-18 07:30:00,-0.038165,-0.038165
2024-03-18 08:00:00,-0.026425,-0.026797500000000002
2024-03-18 08:30:00,-0.04994666666666667,-0.04994666666666667
2024-03-18 09:00:00,-0.049985,-0.049985
2024-03-18 09:30:00,-0.057629999999999994,-0.057629999999999994
2024-03-18 10:00:00,-0.05903,-0.05903
2024-03-18 10:30:00,-0.05903,-0.05903
2024-03-18 11:00:00,-0.06426166666666666,-0.06426166666666666
2024-03-18 11:30:00,-0.05873833333333334,-0.05873833333333334
2024-03-18 12:00:00,-0.05861,-0.05861
2024-03-18 12:30:00,-0.05861,-0.05861
2024-03-18 13:00:00,-0.05830666666666667,-0.05830666666666667
2024-03-18 13:30:00,-0.054955000000000004,-0.054955000000000004
2024-03-18 14:00:00,-0.04944333333333333,-0.04944333333333333
2024-03-18 14:30:00,-0.047599999999999996,-0.047599999999999996
2024-03-18 15:00:00,-0.044386666666666665,-0.044386666666666665
2024-03-18 15:30:00,-0.03163166666666666,-0.030809166666666665
2024-03-18 16:00:00,0.02143666666666667,0.02775833333333333
2024-03-18 16:30:00,0.043673333333333335,0.05459166666666667
2024-03-18 17:00:00,0.06505666666666667,0.08132083333333333
2024-03-18 17:30:00,0.04060333333333333,0.05075416666666666
2024-03-18 18:00:00,0.06103666666666666,0.07629583333333333
2024-03-18 18:30:00,0.07234499999999999,0.09043125
2024-03-18 19:00:00,0.062310000000000004,0.0778875
2024-03-18 19:30:00,0.077145,0.09643125000000001
2024-03-18 20:00:00,0.067375,0.08421875000000001
2024-03-18 20:30:00,0.06787166666666666,0.08483958333333334
2024-03-18 21:00:00,0.07424833333333333,0.09281041666666667
2024-03-18 21:30:00,0.08192666666666666,0.10240833333333334
2024-03-18 22:00:00,0.08423666666666667,0.10529583333333332
2024-03-18 22:30:00,0.07866166666666667,0.09832708333333333
2024-03-18 23:00:00,0.08340833333333332,0.10426041666666667
2024-03-18 23:30:00,0.07501833333333334,0.09377291666666666
2024-03-19 00:00:00,0.06480166666666666,0.048601250000000006
2024-03-19 00:30:00,0.04252166666666667,0.03189125
2024-03-19 01:00:00,0.0014633333333333328,0.00012916666666666645
2024-03-19 01:30:00,-0.0008633333333333339,-0.0016100000000000005
2024-03-19 02:00:00,0.006261666666666666,0.00469625
2024-03-19 02:30:00,0.017798333333333333,0.01334875
2024-03-19 03:00:00,0.026101666666666665,0.01957625
2024-03-19 03:30:00,0.06530666666666667,0.04898
2024-03-19 04:00:00,0.07772,0.05829
2024-03-19 04:30:00,0.08697333333333333,0.06523
2024-03-19 05:00:00,0.08850333333333334,0.06637749999999999
2024-03-19 05:30:00,0.10134333333333334,0.07600749999999999
2024-03-19 06:00:00,0.12041,0.0903075
2024-03-19 06:30:00,0.14056333333333335,0.10542250000000002
2024-03-19 07:00:00,0.12831,0.0962325
2024-03-19 07:30:00,0.10140666666666666,0.076055
2024-03-19 08:00:00,0.12097000000000001,0.0907275
2024-03-19 08:30:00,0.09591000000000001,0.0719325
2024-03-19 09:00:00,0.09565333333333333,0.07174
2024-03-19 09:30:00,0.09820166666666667,0.07365125
2024-03-19 10:00:00,0.08245000000000001,0.0618375
2024-03-19 10:30:00,0.07478833333333333,0.05609125
2024-03-19 11:00:00,0.08450166666666666,0.06337625000000001
2024-03-19 11:30:00,0.09202666666666666,0.06901999999999998
2024-03-19 12:00:00,0.09138666666666667,0.09138666666666667
2024-03-19 12:30:00,0.09026,0.09026
2024-03-19 13:00:00,0.09586499999999999,0.11983125
2024-03-19 13:30:00,0.11714666666666666,0.14643333333333333
2024-03-19 14:00:00,0.13118666666666667,0.16398333333333334
2024-03-19 14:30:00,0.115885,0.14485625
2024-03-19 15:00:00,0.11755833333333332,0.14694791666666668
2024-03-19 15:30:00,0.10007333333333333,0.12509166666666668
2024-03-19 16:00:00,0.09026166666666667,0.11282708333333334
2024-03-19 16:30:00,0.09468833333333333,0.11836041666666668
2024-03-19 17:00:00,0.13671166666666665,0.17088958333333334
2024-03-19 17:30:00,0.15360166666666666,0.19200208333333335
2024-03-19 18:00:00,0.21158333333333332,0.26447916666666665
2024-03-19 18:30:00,0.26404333333333335,0.3300541666666667
2024-03-19 19:00:00,0.1309,0.163625
2024-03-19 19:30:00,0.10636333333333332,0.13295416666666668
2024-03-19 20:00:00,0.11617,0.1452125
2024-03-19 20:30:00,0.10733666666666668,0.13417083333333332
2024-03-19 21:00:00,0.09444666666666666,0.11805833333333333
2024-03-19 21:30:00,0.10115333333333333,0.12644166666666667
2024-03-19 22:00:00,0.116085,0.14510625
2024-03-19 22:30:00,0.11380833333333333,0.14226041666666667
2024-03-19 23:00:00,0.13613,0.1701625
2024-03-19 23:30:00,0.13493666666666668,0.16867083333333333
2024-03-20 00:00:00,0.10331166666666665,0.07748375
2024-03-20 00:30:00,0.11432500000000001,0.08574375000000001
2024-03-20 01:00:00,0.10182166666666666,0.07636625000000001
2024-03-20 01:30:00,0.10706500000000001,0.08029875
2024-03-20 02:00:00,0.11066333333333334,0.0829975
2024-03-20 02:30:00,0.12326999999999999,0.0924525
2024-03-20 03:00:00,0.12609,0.09456750000000001
2024-03-20 03:30:00,0.111875,0.08390625
2024-03-20 04:00:00,0.12246833333333333,0.09185125
2024-03-20 04:30:00,0.11579833333333334,0.08684874999999999
2024-03-20 05:00:00,0.13336166666666668,0.10002125
2024-03-20 05:30:00,0.15245333333333333,0.11434
2024-03-20 06:00:00,0.27289,0.2046675
2024-03-20 06:30:00,0.17297166666666666,0.12972875
2024-03-20 07:00:00,0.11574,0.08680500000000001
2024-03-20 07:30:00,0.10362833333333332,0.07772125
2024-03-20 08:00:00,0.10732333333333333,0.0804925
2024-03-20 08:30:00,0.09333000000000001,0.06999749999999999
2024-03-20 09:00:00,0.08993666666666666,0.0674525
2024-03-20 09:30:00,0.08598833333333333,0.06449125
2024-03-20 10:00:00,0.07969666666666667,0.0597725
2024-03-20 10:30:00,-0.0006799999999999989,-0.004130416666666666
2024-03-20 11:00:00,-0.002409999999999999,-0.005931666666666665
2024-03-20 11:30:00,0.011273333333333331,0.006175416666666667
2024-03-20 12:00:00,0.059765000000000006,0.059765000000000006
2024-03-20 12:30:00,0.03235166666666667,0.03235166666666667
2024-03-20 13:00:00,0.0051199999999999996,0.007620833333333334
2024-03-20 13:30:00,0.027684999999999998,0.0355625
2024-03-20 14:00:00,0.08738166666666668,0.10922708333333332
2024-03-20 14:30:00,0.050515,0.06431125
2024-03-20 15:00:00,0.058371666666666676,0.07296458333333333
2024-03-20 15:30:00,0.06616166666666666,0.08270208333333333
2024-03-20 16:00:00,0.074695,0.09336875
2024-03-20 16:30:00,0.10355833333333335,0.12944791666666666
2024-03-20 17:00:00,0.11380166666666668,0.14225208333333333
2024-03-20 17:30:00,0.12997,0.16246249999999998
2024-03-20 18:00:00,0.12974833333333333,0.16218541666666667
2024-03-20 18:30:00,0.12049,0.1506125
2024-03-20 19:00:00,0.09198833333333334,0.11498541666666667
2024-03-20 19:30:00,0.09026,0.11282500000000001
2024-03-20 20:00:00,0.09026,0.11282500000000001
2024-03-20 20:30:00,0.09049833333333335,0.11312291666666667
2024-03-20 21:00:00,0.11353666666666666,0.14192083333333333
2024-03-20 21:30:00,0.098045,0.12255624999999999
2024-03-20 22:00:00,0.11861499999999998,0.14826875
2024-03-20 22:30:00,0.12330666666666666,0.15413333333333334
2024-03-20 23:00:00,0.13001,0.1625125
2024-03-20 23:30:00,0.13687166666666667,0.17108958333333335
2024-03-21 00:00:00,0.113385,0.08503875
2024-03-21 00:30:00,0.09690166666666666,0.07267625
2024-03-21 01:00:00,0.09104000000000001,0.06828
2024-03-21 01:30:00,0.09053833333333333,0.06790375
2024-03-21 02:00:00,0.090885,0.06816375
2024-03-21 02:30:00,0.09057166666666668,0.06792875
2024-03-21 03:00:00,0.09149333333333333,0.06862
2024-03-21 03:30:00,0.09629833333333333,0.07222374999999999
2024-03-21 04:00:00,0.11322,0.084915
2024-03-21 04:30:00,0.11658666666666667,0.08744
2024-03-21 05:00:00,0.11916,0.08937
2024-03-21 05:30:00,0.10908666666666667,0.08181500000000001
2024-03-21 06:00:00,0.119,0.08925
2024-03-21 06:30:00,0.11528833333333334,0.08646625000000001
2024-03-21 07:00:00,0.12155333333333333,0.091165
2024-03-21 07:30:00,0.12170500000000001,0.09127875
2024-03-21 08:00:00,0.12452999999999999,0.09339750000000001
2024-03-21 08:30:00,0.10479,0.07859250000000001
2024-03-21 09:00:00,0.10437166666666668,0.07827875
2024-03-21 09:30:00,0.085155,0.06386625
2024-03-21 10:00:00,0.05353666666666667,0.0401525
2024-03-21 10:30:00,0.09628833333333332,0.07221625
2024-03-21 11:00:00,0.13490166666666667,0.10117625000000001
2024-03-21 11:30:00,0.09780333333333334,0.0733525
2024-03-21 12:00:00,0.08646,0.08646
2024-03-21 12:30:00,0.057598333333333335,0.057598333333333335
2024-03-21 13:00:00,0.025908333333333335,0.03303
2024-03-21 13:30:00,0.028243333333333332,0.035317916666666664
2024-03-21 14:00:00,0.048249999999999994,0.06130708333333334
2024-03-21 14:30:00,0.08697666666666666,0.10872083333333334
2024-03-21 15:00:00,0.06971833333333334,0.08786291666666668
2024-03-21 15:30:00,0.042890000000000005,0.0536125
2024-03-21 16:00:00,0.05327166666666666,0.06658958333333333
2024-03-21 16:30:00,0.09026,0.11282500000000001
2024-03-21 17:00:00,0.12189166666666668,0.15236458333333333
2024-03-21 17:30:00,0.14705333333333334,0.18381666666666666
2024-03-21 18:00:00,0.1783583333333333,0.22294791666666666
2024-03-21 18:30:00,0.166805,0.20850625
2024-03-21 19:00:00,0.12338833333333332,0.15423541666666668
2024-03-21 19:30:00,0.11422333333333334,0.14277916666666668
2024-03-21 20:00:00,0.11118,0.138975
2024-03-21 20:30:00,0.107215,0.13401875
2024-03-21 21:00:00,0.11270166666666666,0.14087708333333332
2024-03-21 21:30:00,0.10092,0.12615
2024-03-21 22:00:00,0.11210166666666666,0.14012708333333335
2024-03-21 22:30:00,0.11085166666666667,0.13856458333333332
2024-03-21 23:00:00,0.11311500000000001,0.14139375
2024-03-21 23:30:00,0.10504833333333334,0.13131041666666668
2024-03-22 00:00:00,0.10620833333333334,0.07965625
2024-03-22 00:30:00,0.09515833333333334,0.07136875
2024-03-22 01:00:00,0.08981500000000002,0.06736125
2024-03-22 01:30:00,0.08857833333333333,0.06643375
2024-03-22 02:00:00,0.08432833333333334,0.06324625
2024-03-22 02:30:00,0.08471166666666667,0.06353375
2024-03-22 03:00:00,0.08538166666666668,0.06403625
2024-03-22 03:30:00,0.08631833333333333,0.06473875
2024-03-22 04:00:00,0.09568666666666666,0.071765
2024-03-22 04:30:00,0.11318833333333334,0.08489124999999999
2024-03-22 05:00:00,0.109775,0.08233125000000001
2024-03-22 05:30:00,0.09640666666666668,0.072305
2024-03-22 06:00:00,0.13289833333333334,0.09967375
2024-03-22 06:30:00,0.1328383333333333,0.09962875
2024-03-22 07:00:00,0.09586,0.071895
2024-03-22 07:30:00,0.09733833333333335,0.07300374999999999
2024-03-22 08:00:00,0.08121833333333334,0.060913749999999996
2024-03-22 08:30:00,0.054656666666666666,0.040992499999999994
2024-03-22 09:00:00,0.02344333333333333,0.017582499999999997
2024-03-22 09:30:00,0.022868333333333334,0.01715125
2024-03-22 10:00:00,0.0029283333333333336,0.0005945833333333336
2024-03-22 10:30:00,0.004520000000000001,0.0018154166666666674
2024-03-22 11:00:00,0.005859999999999998,0.0027591666666666667
2024-03-22 11:30:00,-0.0173,-0.017974166666666666
2024-03-22 12:00:00,-0.001913333333333333,-0.001913333333333333
2024-03-22 12:30:00,0.009998333333333333,0.009998333333333333
2024-03-22 13:00:00,0.0021950000000000003,0.0033125000000000008
2024-03-22 13:30:00,-0.0017599999999999996,3.375000000000079e-05
2024-03-22 14:00:00,-0.000565,-0.0001883333333333333
2024-03-22 14:30:00,0.0033816666666666665,0.00466
2024-03-22 15:00:00,0.04837333333333333,0.06173791666666667
2024-03-22 15:30:00,0.09020666666666666,0.11275833333333334
2024-03-22 16:00:00,0.08925833333333333,0.11157291666666667
2024-03-22 16:30:00,0.11485166666666667,0.14356458333333333
2024-03-22 17:00:00,0.11954999999999999,0.1494375
2024-03-22 17:30:00,0.11917833333333333,0.14897291666666665
2024-03-22 18:00:00,0.11685,0.1460625
2024-03-22 18:30:00,0.12252,0.15315
2024-03-22 19:00:00,0.10284666666666666,0.12855833333333333
2024-03-22 19:30:00,0.089995,0.11249375
2024-03-22 20:00:00,0.10133333333333333,0.12666666666666668
2024-03-22 20:30:00,0.09727666666666668,0.12159583333333335
2024-03-22 21:00:00,0.09879166666666667,0.12348958333333333
2024-03-22 21:30:00,0.08621000000000001,0.1077625
2024-03-22 22:00:00,0.08892666666666667,0.11115833333333335
2024-03-22 22:30:00,0.09143000000000001,0.1142875
2024-03-22 23:00:00,0.086175,0.10771875000000002
2024-03-22 23:30:00,0.08486166666666667,0.10607708333333334
2024-03-23 00:00:00,0.08239333333333333,0.061794999999999996
2024-03-23 00:30:00,0.08216666666666667,0.06162499999999999
2024-03-23 01:00:00,0.07635166666666666,0.05726375
2024-03-23 01:30:00,0.07161666666666666,0.053712499999999996
2024-03-23 02:00:00,0.06423,0.0481725
2024-03-23 02:30:00,0.07298833333333334,0.05474125
2024-03-23 03:00:00,0.07756666666666667,0.058175
2024-03-23 03:30:00,0.07933666666666667,0.05950249999999999
2024-03-23 04:00:00,0.06526166666666666,0.04894625
2024-03-23 04:30:00,0.0717,0.053774999999999996
2024-03-23 05:00:00,0.08030666666666667,0.06023
2024-03-23 05:30:00,0.08148166666666666,0.061111250000000006
2024-03-23 06:00:00,0.08438000000000001,0.063285
2024-03-23 06:30:00,0.08118333333333333,0.060887500000000004
2024-03-23 07:00:00,0.04787666666666667,0.0359075
2024-03-23 07:30:00,0.03746833333333333,0.027143750000000005
2024-03-23 08:00:00,0.0016833333333333338,0.0003933333333333338
2024-03-23 08:30:00,-0.01118,-0.011582083333333333
2024-03-23 09:00:00,-0.03339333333333333,-0.03339333333333333
2024-03-23 09:30:00,-0.03965166666666666,-0.03965166666666666
2024-03-23 10:00:00,-0.03879,-0.03879
2024-03-23 10:30:00,-0.021971666666666667,-0.021971666666666667
2024-03-23 11:00:00,-0.030521666666666666,-0.030521666666666666
2024-03-23 11:30:00,-0.04485333333333333,-0.04485333333333333
2024-03-23 12:00:00,-0.04393833333333333,-0.04393833333333333
2024-03-23 12:30:00,-0.04173166666666667,-0.04173166666666667
2024-03-23 13:00:00,-0.046838333333333336,-0.046838333333333336
2024-03-23 13:30:00,-0.026388333333333333,-0.026388333333333333
2024-03-23 14:00:00,-0.027531666666666666,-0.027531666666666666
2024-03-23 14:30:00,-0.03099333333333333,-0.03099333333333333
2024-03-23 15:00:00,-0.005820000000000001,-0.004094583333333334
2024-03-23 15:30:00,0.013513333333333336,0.018617083333333333
2024-03-23 16:00:00,0.03631333333333333,0.045391666666666663
2024-03-23 16:30:00,0.070475,0.08809375000000001
2024-03-23 17:00:00,0.11558666666666666,0.14448333333333332
2024-03-23 17:30:00,0.13563166666666668,0.16953958333333333
2024-03-23 18:00:00,0.11679333333333332,0.14599166666666666
2024-03-23 18:30:00,0.09121000000000001,0.1140125
2024-03-23 19:00:00,0.08512000000000002,0.1064
2024-03-23 19:30:00,0.08219,0.1027375
2024-03-23 20:00:00,0.08126166666666666,0.10157708333333333
2024-03-23 20:30:00,0.08042833333333334,0.10053541666666667
2024-03-23 21:00:00,0.07906166666666667,0.09882708333333333
2024-03-23 21:30:00,0.0789,0.098625
2024-03-23 22:00:00,0.082405,0.10300625000000001
2024-03-23 22:30:00,0.08362666666666667,0.10453333333333333
2024-03-23 23:00:00,0.08763333333333334,0.10954166666666666
2024-03-23 23:30:00,0.08646666666666668,0.10808333333333332
2024-03-24 00:00:00,0.08693666666666666,0.06520250000000001
2024-03-24 00:30:00,0.08235666666666666,0.0617675
2024-03-24 01:00:00,0.065655,0.04924124999999999
2024-03-24 01:30:00,0.051408333333333334,0.03855625
2024-03-24 02:00:00,0.05003166666666667,0.03752375
2024-03-24 02:30:00,0.049861666666666665,0.03739625
2024-03-24 03:00:00,0.056345,0.042258750000000005
2024-03-24 03:30:00,0.060691666666666665,0.04551875
2024-03-24 04:00:00,0.07361000000000001,0.0552075
2024-03-24 04:30:00,0.08077833333333333,0.06058375
2024-03-24 05:00:00,0.08640166666666667,0.06480124999999999
2024-03-24 05:30:00,0.08970333333333334,0.06727749999999999
2024-03-24 06:00:00,0.09026,0.06769499999999999
2024-03-24 06:30:00,0.09026,0.06769499999999999
2024-03-24 07:00:00,0.08729333333333333,0.06546999999999999
2024-03-24 07:30:00,0.08151,0.0611325
2024-03-24 08:00:00,0.08644,0.06483
2024-03-24 08:30:00,0.05608166666666667,0.04206125
2024-03-24 09:00:00,0.07586333333333332,0.0568975
2024-03-24 09:30:00,0.039681666666666664,0.02976125
2024-03-24 10:00:00,0.040104999999999995,0.030078749999999998
2024-03-24 10:30:00,0.018578333333333332,0.01393375
2024-03-24 11:00:00,0.024765,0.01857375
2024-03-24 11:30:00,0.05708833333333333,0.04281625
2024-03-24 12:00:00,0.066385,0.066385
2024-03-24 12:30:00,0.062093333333333334,0.062093333333333334
2024-03-24 13:00:00,0.06262333333333332,0.07827916666666666
2024-03-24 13:30:00,0.06921000000000001,0.08651249999999999
2024-03-24 14:00:00,0.06525833333333333,0.08157291666666668
2024-03-24 14:30:00,0.08312333333333334,0.10390416666666667
2024-03-24 15:00:00,0.08858666666666666,0.11073333333333334
2024-03-24 15:30:00,0.09458499999999999,0.11823125000000001
2024-03-24 16:00:00,0.11810833333333333,0.14763541666666666
2024-03-24 16:30:00,0.13291499999999998,0.16614375
2024-03-24 17:00:00,0.16719833333333334,0.20899791666666667
2024-03-24 17:30:00,0.21108333333333332,0.26385416666666667
2024-03-24 18:00:00,0.25617,0.3202125
2024-03-24 18:30:00,0.24115,0.30143749999999997
2024-03-24 19:00:00,0.1715266666666667,0.21440833333333334
2024-03-24 19:30:00,0.11762333333333334,0.14702916666666666
2024-03-24 20:00:00,0.10871666666666667,0.13589583333333335
2024-03-24 20:30:00,0.1185,0.14812499999999998
2024-03-24 21:00:00,0.11739833333333333,0.14674791666666667
2024-03-24 21:30:00,0.11891999999999998,0.14864999999999998
2024-03-24 22:00:00,0.12219166666666666,0.15273958333333335
2024-03-24 22:30:00,0.10949333333333333,0.13686666666666666
2024-03-24 23:00:00,0.11339833333333334,0.14174791666666667
2024-03-24 23:30:00,0.11945499999999999,0.14931875
2024-03-25 00:00:00,0.12739999999999999,0.09555000000000001
2024-03-25 00:30:00,0.10936000000000001,0.08202
2024-03-25 01:00:00,0.10084166666666666,0.07563125
2024-03-25 01:30:00,0.10930333333333335,0.0819775
2024-03-25 02:00:00,0.094425,0.07081875
2024-03-25 02:30:00,0.0882,0.06615
2024-03-25 03:00:00,0.08914666666666667,0.06685999999999999
2024-03-25 03:30:00,0.09106500000000001,0.06829874999999999
2024-03-25 04:00:00,0.10989666666666666,0.0824225
2024-03-25 04:30:00,0.10692833333333333,0.08019625
2024-03-25 05:00:00,0.11936999999999999,0.0895275
2024-03-25 05:30:00,0.13084666666666667,0.09813500000000001
2024-03-25 06:00:00,0.14075166666666666,0.10556375
2024-03-25 06:30:00,0.20537833333333333,0.15403375
2024-03-25 07:00:00,0.14595666666666665,0.1094675
2024-03-25 07:30:00,0.19468333333333332,0.1460125
2024-03-25 08:00:00,0.17403500000000002,0.13052624999999998
2024-03-25 08:30:00,0.13079833333333332,0.09809875000000001
2024-03-25 09:00:00,0.12235666666666667,0.0917675
2024-03-25 09:30:00,0.10407166666666666,0.07805375
2024-03-25 10:00:00,0.110865,0.08314875000000001
2024-03-25 10:30:00,0.13619166666666666,0.10214375000000002
2024-03-25 11:00:00,0.12035166666666665,0.09026374999999999
2024-03-25 11:30:00,0.11723166666666666,0.08792375000000001
2024-03-25 12:00:00,0.10881,0.10881
2024-03-25 12:30:00,0.15462,0.15462
2024-03-25 13:00:00,0.14139,0.1767375
2024-03-25 13:30:00,0.13964666666666667,0.17455833333333334
2024-03-25 14:00:00,0.12324,0.15405000000000002
2024-03-25 14:30:00,0.10434,0.13042499999999999
2024-03-25 15:00:00,0.10692166666666668,0.1336520833333333
2024-03-25 15:30:00,0.13830166666666668,0.17287708333333332
2024-03-25 16:00:00,0.17125,0.21406250000000002
2024-03-25 16:30:00,0.24985,0.3123125
2024-03-25 17:00:00,0.1873033333333333,0.23412916666666664
2024-03-25 17:30:00,0.2854083333333333,0.3567604166666667
2024-03-25 18:00:00,0.2859083333333334,0.3573854166666666
2024-03-25 18:30:00,0.28448666666666667,0.3556083333333333
2024-03-25 19:00:00,0.27210666666666666,0.34013333333333334
2024-03-25 19:30:00,0.18473333333333333,0.23091666666666666
2024-03-25 20:00:00,0.19643166666666667,0.24553958333333334
2024-03-25 20:30:00,0.15574166666666667,0.19467708333333333
2024-03-25 21:00:00,0.15573833333333334,0.19467291666666667
2024-03-25 21:30:00,0.14791833333333335,0.18489791666666666
2024-03-25 22:00:00,0.15213,0.1901625
2024-03-25 22:30:00,0.14136166666666666,0.17670208333333334
2024-03-25 23:00:00,0.14342166666666667,0.17927708333333334
2024-03-25 23:30:00,0.14513166666666666,0.18141458333333335
2024-03-26 00:00:00,0.14778333333333335,0.11083749999999999
2024-03-26 00:30:00,0.14324499999999998,0.10743375
2024-03-26 01:00:00,0.13006833333333334,0.09755124999999999
2024-03-26 01:30:00,0.12903,0.0967725
2024-03-26 02:00:00,0.11667499999999999,0.08750625000000001
2024-03-26 02:30:00,0.12007833333333333,0.09005875
2024-03-26 03:00:00,0.12994666666666665,0.09746
2024-03-26 03:30:00,0.1326183333333333,0.09946375
2024-03-26 04:00:00,0.13943833333333333,0.10457875
2024-03-26 04:30:00,0.14934166666666668,0.11200624999999999
2024-03-26 05:00:00,0.15888833333333333,0.11916624999999999
2024-03-26 05:30:00,0.20291166666666668,0.15218375
2024-03-26 06:00:00,0.25821500000000003,0.19366125
2024-03-26 06:30:00,0.30909000000000003,0.2318175
2024-03-26 07:00:00,0.21678666666666666,0.16258999999999998
2024-03-26 07:30:00,0.20374666666666666,0.15281
2024-03-26 08:00:00,0.15052833333333335,0.11289624999999999
2024-03-26 08:30:00,0.14427500000000001,0.10820625
2024-03-26 09:00:00,0.13249333333333332,0.09937
2024-03-26 09:30:00,0.13276833333333335,0.09957624999999999
2024-03-26 10:00:00,0.12086999999999999,0.09065250000000001
2024-03-26 10:30:00,0.106525,0.07989375
2024-03-26 11:00:00,0.09906833333333333,0.07430125
2024-03-26 11:30:00,0.11194833333333333,0.08396125
2024-03-26 12:00:00,0.10798999999999999,0.10798999999999999
2024-03-26 12:30:00,0.108615,0.108615
2024-03-26 13:00:00,0.09869500000000002,0.12336874999999999
2024-03-26 13:30:00,0.109245,0.13655625000000002
2024-03-26 14:00:00,0.12928333333333333,0.1616041666666667
2024-03-26 14:30:00,0.10834,0.135425
2024-03-26 15:00:00,0.10941000000000001,0.1367625
2024-03-26 15:30:00,0.10869333333333335,0.13586666666666666
2024-03-26 16:00:00,0.13770333333333332,0.17212916666666667
2024-03-26 16:30:00,0.18248333333333333,0.22810416666666666
2024-03-26 17:00:00,0.25464833333333337,0.31831041666666665
2024-03-26 17:30:00,0.28881,0.3610125
2024-03-26 18:00:00,0.298865,0.37358125
2024-03-26 18:30:00,0.201145,0.25143125
2024-03-26 19:00:00,0.16485333333333332,0.20606666666666665
2024-03-26 19:30:00,0.17685333333333333,0.22106666666666666
2024-03-26 20:00:00,0.15081666666666668,0.18852083333333333
2024-03-26 20:30:00,0.11511500000000001,0.14389375000000001
2024-03-26 21:00:00,0.11575333333333333,0.14469166666666666
2024-03-26 21:30:00,0.10956500000000001,0.13695625
2024-03-26 22:00:00,0.12802,0.160025
2024-03-26 22:30:00,0.11913833333333333,0.14892291666666668
2024-03-26 23:00:00,0.1294833333333333,0.16185416666666666
2024-03-26 23:30:00,0.11314,0.141425
2024-03-27 00:00:00,0.10732833333333335,0.08049625
2024-03-27 00:30:00,0.10896499999999999,0.08172375
2024-03-27 01:00:00,0.09201833333333333,0.06901375
2024-03-27 01:30:00,0.09026,0.06769499999999999
2024-03-27 02:00:00,0.08850166666666666,0.06637624999999998
2024-03-27 02:30:00,0.08887666666666667,0.0666575
2024-03-27 03:00:00,0.08470666666666667,0.06352999999999999
2024-03-27 03:30:00,0.08131333333333333,0.060985000000000004
2024-03-27 04:00:00,0.08334666666666667,0.06251
2024-03-27 04:30:00,0.09026,0.06769499999999999
2024-03-27 05:00:00,0.09055333333333333,0.06791499999999999
2024-03-27 05:30:00,0.10773499999999998,0.08080125
2024-03-27 06:00:00,0.12398000000000002,0.092985
2024-03-27 06:30:00,0.14224833333333334,0.10668625
2024-03-27 07:00:00,0.1554883333333333,0.11661624999999999
2024-03-27 07:30:00,0.18086500000000003,0.13564875
2024-03-27 08:00:00,0.13426,0.10069499999999999
2024-03-27 08:30:00,0.12675666666666666,0.09506750000000001
2024-03-27 09:00:00,0.11801833333333334,0.08851375
2024-03-27 09:30:00,0.11373499999999999,0.08530125
2024-03-27 10:00:00,0.08966,0.067245
2024-03-27 10:30:00,0.06621833333333334,0.04966375
2024-03-27 11:00:00,0.007041666666666666,0.0040349999999999995
2024-03-27 11:30:00,-0.010123333333333335,-0.013990416666666667
2024-03-27 12:00:00,-0.042701666666666666,-0.042701666666666666
2024-03-27 12:30:00,-0.05205666666666667,-0.05205666666666667
2024-03-27 13:00:00,-0.056920000000000005,-0.056920000000000005
2024-03-27 13:30:00,-0.05845,-0.05845
2024-03-27 14:00:00,-0.05361666666666667,-0.05361666666666667
2024-03-27 14:30:00,-0.053346666666666674,-0.053346666666666674
2024-03-27 15:00:00,-0.05105666666666667,-0.05105666666666667
2024-03-27 15:30:00,-0.05012166666666667,-0.05012166666666667
2024-03-27 16:00:00,-0.0005450000000000009,0.0009866666666666663
2024-03-27 16:30:00,0.049589999999999995,0.0619875
2024-03-27 17:00:00,0.08451333333333333,0.10564166666666668
2024-03-27 17:30:00,0.11222166666666666,0.14027708333333333
2024-03-27 18:00:00,0.14128333333333332,0.17660416666666667
2024-03-27 18:30:00,0.17115333333333335,0.21394166666666667
2024-03-27 19:00:00,0.11694333333333333,0.14617916666666667
2024-03-27 19:30:00,0.11893333333333334,0.14866666666666667
2024-03-27 20:00:00,0.13093666666666667,0.16367083333333332
2024-03-27 20:30:00,0.13805833333333334,0.17257291666666666
2024-03-27 21:00:00,0.12224333333333333,0.15280416666666666
2024-03-27 21:30:00,0.12295833333333334,0.15369791666666666
2024-03-27 22:00:00,0.11938166666666666,0.14922708333333332
2024-03-27 22:30:00,0.114045,0.14255625
2024-03-27 23:00:00,0.11486166666666668,0.14357708333333333
2024-03-27 23:30:00,0.11255166666666667,0.14068958333333334
2024-03-28 00:00:00,0.11924,0.08943000000000001
2024-03-28 00:30:00,0.11296,0.08472
2024-03-28 01:00:00,0.10853166666666665,0.08139875
2024-03-28 01:30:00,0.11469999999999998,0.086025
2024-03-28 02:00:00,0.10558666666666666,0.07919
2024-03-28 02:30:00,0.10093333333333333,0.0757
2024-03-28 03:00:00,0.11127,0.0834525
2024-03-28 03:30:00,0.11910166666666666,0.08932625000000001
2024-03-28 04:00:00,0.12265,0.0919875
2024-03-28 04:30:00,0.11849166666666666,0.08886875
2024-03-28 05:00:00,0.142135,0.10660125
2024-03-28 05:30:00,0.14074166666666665,0.10555625
2024-03-28 06:00:00,0.20225666666666667,0.1516925
2024-03-28 06:30:00,0.23984666666666665,0.179885
2024-03-28 07:00:00,0.13132833333333332,0.09849625000000001
2024-03-28 07:30:00,0.11094833333333333,0.08321125
2024-03-28 08:00:00,0.10224666666666667,0.076685
2024-03-28 08:30:00,0.0969,0.07267499999999999
2024-03-28 09:00:00,0.05871666666666667,0.0440375
2024-03-28 09:30:00,0.03359666666666667,0.025197499999999998
2024-03-28 10:00:00,0.033161666666666666,0.024871249999999998
2024-03-28 10:30:00,0.05387,0.0404025
2024-03-28 11:00:00,-0.014376666666666668,-0.01602333333333333
2024-03-28 11:30:00,-0.023385,-0.023386666666666667
2024-03-28 12:00:00,-0.024408333333333334,-0.024408333333333334
2024-03-28 12:30:00,-0.0003800000000000007,-0.0003800000000000007
2024-03-28 13:00:00,-0.013173333333333336,-0.013164166666666666
2024-03-28 13:30:00,0.01167,0.014589166666666667
2024-03-28 14:00:00,-0.027965,-0.02707125
2024-03-28 14:30:00,0.047645,0.05955625
2024-03-28 15:00:00,0.07258166666666667,0.09072708333333333
2024-03-28 15:30:00,0.09139166666666666,0.11423958333333334
2024-03-28 16:00:00,0.10341333333333332,0.12926666666666667
2024-03-28 16:30:00,0.10558166666666667,0.13197708333333333
2024-03-28 17:00:00,0.17454,0.218175
2024-03-28 17:30:00,0.25612166666666664,0.32015208333333334
2024-03-28 18:00:00,0.18615666666666666,0.23269583333333332
2024-03-28 18:30:00,0.19225833333333334,0.2403229166666667
2024-03-28 19:00:00,0.12507666666666664,0.15634583333333332
2024-03-28 19:30:00,0.13219166666666668,0.16523958333333333
2024-03-28 20:00:00,0.14492,0.18115
2024-03-28 20:30:00,0.12369833333333334,0.15462291666666667
2024-03-28 21:00:00,0.1326,0.16574999999999998
2024-03-28 21:30:00,0.11729833333333334,0.14662291666666669
2024-03-28 22:00:00,0.10533333333333333,0.13166666666666668
2024-03-28 22:30:00,0.10266333333333333,0.1283291666666667
2024-03-28 23:00:00,0.10514666666666667,0.13143333333333332
2024-03-28 23:30:00,0.10804166666666666,0.13505208333333332
2024-03-29 00:00:00,0.10202666666666667,0.07651999999999999
2024-03-29 00:30:00,0.09072999999999999,0.0680475
2024-03-29 01:00:00,0.08833333333333333,0.06624999999999999
2024-03-29 01:30:00,0.071635,0.05372625
2024-03-29 02:00:00,0.07299666666666667,0.0547475
2024-03-29 02:30:00,0.07792500000000001,0.058443749999999996
2024-03-29 03:00:00,0.08539833333333334,0.06404875
2024-03-29 03:30:00,0.08813666666666668,0.0661025
2024-03-29 04:00:00,0.11042666666666666,0.08282
2024-03-29 04:30:00,0.10706166666666667,0.08029625
2024-03-29 05:00:00,0.13734,0.103005
2024-03-29 05:30:00,0.133605,0.10020375
2024-03-29 06:00:00,0.14561833333333332,0.10921375
2024-03-29 06:30:00,0.15769666666666668,0.1182725
2024-03-29 07:00:00,0.15249,0.1143675
2024-03-29 07:30:00,0.12202166666666668,0.09151625000000001
2024-03-29 08:00:00,0.12493833333333333,0.09370375000000002
2024-03-29 08:30:00,0.13660166666666665,0.10245125
2024-03-29 09:00:00,0.10764333333333333,0.0807325
2024-03-29 09:30:00,0.11390499999999999,0.08542875
2024-03-29 10:00:00,0.12400166666666666,0.09300125
2024-03-29 10:30:00,0.10801666666666666,0.0810125
2024-03-29 11:00:00,0.07770999999999999,0.058282499999999994
2024-03-29 11:30:00,0.036151666666666665,0.027113750000000002
2024-03-29 12:00:00,0.004351666666666666,0.004351666666666666
2024-03-29 12:30:00,0.01145,0.01145
2024-03-29 13:00:00,0.0033849999999999996,0.0044775
2024-03-29 13:30:00,0.016121666666666666,0.020152083333333334
2024-03-29 14:00:00,0.02506,0.031325
2024-03-29 14:30:00,0.039571666666666665,0.04946458333333333
2024-03-29 15:00:00,0.049293333333333335,0.06161666666666666
2024-03-29 15:30:00,0.07776166666666667,0.09720208333333334
2024-03-29 16:00:00,0.08577333333333333,0.10721666666666667
2024-03-29 16:30:00,0.12633166666666665,0.15791458333333333
2024-03-29 17:00:00,0.12612666666666666,0.15765833333333334
2024-03-29 17:30:00,0.138845,0.17355625
2024-03-29 18:00:00,0.14092833333333332,0.17616041666666668
2024-03-29 18:30:00,0.13833499999999999,0.17291875
2024-03-29 19:00:00,0.13608166666666666,0.17010208333333332
2024-03-29 19:30:00,0.125225,0.15653125
2024-03-29 20:00:00,0.12819,0.1602375
2024-03-29 20:30:00,0.12556166666666665,0.15695208333333333
2024-03-29 21:00:00,0.13275499999999998,0.16594375
2024-03-29 21:30:00,0.12179833333333334,0.15224791666666668
2024-03-29 22:00:00,0.13455833333333334,0.1681979166666667
2024-03-29 22:30:00,0.14082833333333333,0.17603541666666667
2024-03-29 23:00:00,0.1376666666666667,0.17208333333333334
2024-03-29 23:30:00,0.15503,0.1937875
2024-03-30 00:00:00,0.12420833333333332,0.09315625
2024-03-30 00:30:00,0.13272333333333333,0.09954249999999999
2024-03-30 01:00:00,0.11718833333333334,0.08789124999999999
2024-03-30 01:30:00,0.14358666666666667,0.10769000000000001
2024-03-30 02:00:00,0.16775166666666666,0.12581375
2024-03-30 02:30:00,0.13492,0.10119
2024-03-30 03:00:00,0.14928166666666667,0.11196125
2024-03-30 03:30:00,0.125735,0.09430125
2024-03-30 04:00:00,0.127245,0.09543375
2024-03-30 04:30:00,0.13293,0.0996975
2024-03-30 05:00:00,0.14364166666666667,0.10773125
2024-03-30 05:30:00,0.14395666666666665,0.1079675
2024-03-30 06:00:00,0.17725500000000002,0.13294125
2024-03-30 06:30:00,0.163585,0.12268875000000001
2024-03-30 07:00:00,0.12777333333333332,0.09583000000000001
2024-03-30 07:30:00,0.101885,0.07641375
2024-03-30 08:00:00,0.078425,0.05881875
2024-03-30 08:30:00,0.04452166666666666,0.033391250000000004
2024-03-30 09:00:00,-0.028236666666666663,-0.028759999999999997
2024-03-30 09:30:00,-0.02594,-0.026370416666666664
2024-03-30 10:00:00,-0.02969833333333333,-0.02969833333333333
2024-03-30 10:30:00,-0.03327833333333333,-0.03327833333333333
2024-03-30 11:00:00,-0.013601666666666665,-0.014157499999999998
2024-03-30 11:30:00,-0.006421666666666666,-0.007699166666666667
2024-03-30 12:00:00,0.015498333333333334,0.015498333333333334
2024-03-30 12:30:00,0.005969999999999999,0.005969999999999999
2024-03-30 13:00:00,0.008001666666666667,0.011515833333333335
2024-03-30 13:30:00,0.036068333333333334,0.04508541666666666
2024-03-30 14:00:00,0.022408333333333332,0.02851333333333333
2024-03-30 14:30:00,-0.0022600000000000003,0.000880833333333333
2024-03-30 15:00:00,0.055508333333333326,0.07021875
2024-03-30 15:30:00,0.07594666666666666,0.09493333333333333
2024-03-30 16:00:00,0.12806166666666666,0.16007708333333334
2024-03-30 16:30:00,0.15272666666666665,0.19090833333333332
2024-03-30 17:00:00,0.20950833333333332,0.26188541666666665
2024-03-30 17:30:00,0.15686,0.196075
2024-03-30 18:00:00,0.1875433333333333,0.23442916666666666
2024-03-30 18:30:00,0.19174333333333335,0.23967916666666667
2024-03-30 19:00:00,0.115055,0.14381875000000002
2024-03-30 19:30:00,0.12072166666666667,0.15090208333333333
2024-03-30 20:00:00,0.11727833333333333,0.14659791666666666
2024-03-30 20:30:00,0.10945,0.1368125
2024-03-30 21:00:00,0.11399666666666668,0.14249583333333332
2024-03-30 21:30:00,0.11007666666666667,0.13759583333333333
2024-03-30 22:00:00,0.11220166666666666,0.14025208333333333
2024-03-30 22:30:00,0.10636166666666667,0.13295208333333333
2024-03-30 23:00:00,0.11330666666666667,0.14163333333333333
2024-03-30 23:30:00,0.12528,0.1566
2024-03-31 00:00:00,0.112135,0.08410125
2024-03-31 00:30:00,0.10435833333333333,0.07826875
2024-03-31 01:00:00,0.1069,0.08017500000000001
2024-03-31 01:30:00,0.111855,0.08389125000000001
2024-03-31 02:00:00,0.11924666666666667,0.089435
2024-03-31 02:30:00,0.11164999999999999,0.0837375
2024-03-31 03:00:00,0.111725,0.08379375
2024-03-31 03:30:00,0.13368,0.10026
2024-03-31 04:00:00,0.13763666666666666,0.10322750000000001
2024-03-31 04:30:00,0.13510666666666668,0.10132999999999999
2024-03-31 05:00:00,0.13256833333333334,0.09942625
2024-03-31 05:30:00,0.12140833333333334,0.09105625
2024-03-31 06:00:00,0.14076666666666665,0.10557499999999999
2024-03-31 06:30:00,0.13920833333333332,0.10440624999999999
2024-03-31 07:00:00,0.12252166666666668,0.09189125
2024-03-31 07:30:00,0.08085333333333333,0.06064
2024-03-31 08:00:00,0.06690666666666667,0.05018
2024-03-31 08:30:00,0.0387,0.029025
2024-03-31 09:00:00,0.026003333333333333,0.019502500000000002
2024-03-31 09:30:00,0.009111666666666665,0.0063375
2024-03-31 10:00:00,0.00022333333333333333,0.0001254166666666667
2024-03-31 10:30:00,0.0036316666666666667,0.0018904166666666668
2024-03-31 11:00:00,0.009041666666666667,0.0066225
2024-03-31 11:30:00,-0.010498333333333333,-0.010707083333333332
2024-03-31 12:00:00,0.019309999999999997,0.019309999999999997
2024-03-31 12:30:00,0.031665,0.031665
2024-03-31 13:00:00,0.032288333333333336,0.04036041666666667
2024-03-31 13:30:00,0.025521666666666665,0.03273541666666666
2024-03-31 14:00:00,0.057615,0.07201875
2024-03-31 14:30:00,0.050429999999999996,0.0630375
2024-03-31 15:00:00,0.046628333333333334,0.058285416666666666
2024-03-31 15:30:00,0.05433833333333333,0.06792291666666667
2024-03-31 16:00:00,0.07639833333333333,0.09549791666666667
2024-03-31 16:30:00,0.165905,0.20738125
2024-03-31 17:00:00,0.18610333333333332,0.23262916666666666
2024-03-31 17:30:00,0.2620766666666667,0.3275958333333333
2024-03-31 18:00:00,0.2908483333333333,0.36356041666666666
2024-03-31 18:30:00,0.22716499999999998,0.28395624999999997
2024-03-31 19:00:00,0.122325,0.15290625
2024-03-31 19:30:00,0.09719,0.12148750000000001
2024-03-31 20:00:00,0.10085166666666667,0.12606458333333334
2024-03-31 20:30:00,0.11398333333333333,0.14247916666666668
2024-03-31 21:00:00,0.10903,0.1362875
2024-03-31 21:30:00,0.10132333333333333,0.12665416666666668
2024-03-31 22:00:00,0.12177500000000001,0.15221874999999999
2024-03-31 22:30:00,0.105395,0.13174375000000002
2024-03-31 23:00:00,0.12047999999999999,0.15059999999999998
2024-03-31 23:30:00,0.11023666666666666,0.1377958333333333
2024-04-01 00:00:00,0.10254166666666668,0.07690625
2024-04-01 00:30:00,0.09472833333333334,0.07104624999999999
2024-04-01 01:00:00,0.09756333333333334,0.07317249999999999
2024-04-01 01:30:00,0.09530166666666667,0.07147625
2024-04-01 02:00:00,0.07997166666666666,0.05997875
2024-04-01 02:30:00,0.08272666666666667,0.062044999999999996
2024-04-01 03:00:00,0.09475666666666667,0.0710675
2024-04-01 03:30:00,0.09720000000000001,0.0729
2024-04-01 04:00:00,0.10049333333333334,0.07536999999999999
2024-04-01 04:30:00,0.10110999999999999,0.0758325
2024-04-01 05:00:00,0.10503833333333334,0.07877875
2024-04-01 05:30:00,0.10793000000000001,0.0809475
2024-04-01 06:00:00,0.14963833333333335,0.11222874999999999
2024-04-01 06:30:00,0.19987,0.14990250000000002
2024-04-01 07:00:00,0.12163333333333333,0.091225
2024-04-01 07:30:00,0.10535,0.0790125
2024-04-01 08:00:00,0.0802,0.06015
2024-04-01 08:30:00,0.08602,0.064515
2024-04-01 09:00:00,0.08740833333333332,0.06555625
2024-04-01 09:30:00,0.07094666666666667,0.05321
2024-04-01 10:00:00,0.05962833333333333,0.04472125
2024-04-01 10:30:00,0.023763333333333334,0.016535416666666667
2024-04-01 11:00:00,0.01605166666666667,0.01203875
2024-04-01 11:30:00,0.006665,0.002437500000000001
2024-04-01 12:00:00,0.0029750000000000006,0.0029750000000000006
2024-04-01 12:30:00,0.002256666666666667,0.002256666666666667
2024-04-01 13:00:00,0.008940000000000002,0.014029583333333331
2024-04-01 13:30:00,0.05121666666666667,0.06402083333333333
2024-04-01 14:00:00,0.04585,0.057312499999999995
2024-04-01 14:30:00,0.049883333333333335,0.06235416666666666
2024-04-01 15:00:00,0.08937666666666666,0.11172083333333334
2024-04-01 15:30:00,0.09366000000000001,0.117075
2024-04-01 16:00:00,0.12309666666666667,0.15387083333333332
2024-04-01 16:30:00,0.12728333333333333,0.15910416666666666
2024-04-01 17:00:00,0.14840666666666666,0.1855083333333333
2024-04-01 17:30:00,0.269725,0.33715625
2024-04-01 18:00:00,0.2802266666666667,0.35028333333333334
2024-04-01 18:30:00,0.21458500000000003,0.26823125
2024-04-01 19:00:00,0.15652,0.19565
2024-04-01 19:30:00,0.162165,0.20270625
2024-04-01 20:00:00,0.13205999999999998,0.165075
2024-04-01 20:30:00,0.13004333333333332,0.16255416666666667
2024-04-01 21:00:00,0.13392833333333332,0.16741041666666667
2024-04-01 21:30:00,0.12803,0.1600375
2024-04-01 22:00:00,0.14133666666666667,0.17667083333333333
2024-04-01 22:30:00,0.1394483333333333,0.17431041666666666
2024-04-01 23:00:00,0.14465833333333333,0.18082291666666664
2024-04-01 23:30:00,0.14544833333333332,0.18181041666666667
2024-04-02 00:00:00,0.11188666666666668,0.083915
2024-04-02 00:30:00,0.13180333333333333,0.0988525
2024-04-02 01:00:00,0.13418333333333332,0.10063749999999999
2024-04-02 01:30:00,0.12684666666666666,0.09513500000000001
2024-04-02 02:00:00,0.115715,0.08678625000000001
2024-04-02 02:30:00,0.11714333333333334,0.08785749999999999
2024-04-02 03:00:00,0.117035,0.08777625
2024-04-02 03:30:00,0.11758,0.088185
2024-04-02 04:00:00,0.141,0.10575
2024-04-02 04:30:00,0.13615166666666664,0.10211375
2024-04-02 05:00:00,0.13003166666666666,0.09752375
2024-04-02 05:30:00,0.13705333333333333,0.10279
2024-04-02 06:00:00,0.18578333333333333,0.1393375
2024-04-02 06:30:00,0.23300166666666666,0.17475125
2024-04-02 07:00:00,0.15151166666666668,0.11363374999999999
2024-04-02 07:30:00,0.12140166666666667,0.09105124999999999
2024-04-02 08:00:00,0.10148166666666668,0.07611125
2024-04-02 08:30:00,0.09614166666666667,0.07210625
2024-04-02 09:00:00,0.09280499999999998,0.06960375
2024-04-02 09:30:00,0.08173666666666667,0.0613025
2024-04-02 10:00:00,0.042559999999999994,0.03192
2024-04-02 10:30:00,0.06823833333333333,0.05117875
2024-04-02 11:00:00,0.08071166666666667,0.060533750000000004
2024-04-02 11:30:00,0.07445333333333333,0.05584
2024-04-02 12:00:00,0.07393000000000001,0.07393000000000001
2024-04-02 12:30:00,0.08130333333333332,0.08130333333333332
2024-04-02 13:00:00,0.08173666666666667,0.10217083333333332
2024-04-02 13:30:00,0.075655,0.09456875
2024-04-02 14:00:00,0.08404,0.10504999999999999
2024-04-02 14:30:00,0.08841500000000001,0.11051875
2024-04-02 15:00:00,0.10397333333333335,0.12996666666666667
2024-04-02 15:30:00,0.14409166666666665,0.18011458333333333
2024-04-02 16:00:00,0.15039166666666667,0.18798958333333335
2024-04-02 16:30:00,0.15113333333333331,0.18891666666666665
2024-04-02 17:00:00,0.16528166666666666,0.20660208333333333
2024-04-02 17:30:00,0.26705666666666666,0.3338208333333333
2024-04-02 18:00:00,0.27057166666666665,0.3382145833333334
2024-04-02 18:30:00,0.20757166666666668,0.25946458333333333
2024-04-02 19:00:00,0.14734,0.18417499999999998
2024-04-02 19:30:00,0.132765,0.16595625
2024-04-02 20:00:00,0.113255,0.14156875
2024-04-02 20:30:00,0.14252166666666666,0.17815208333333332
2024-04-02 21:00:00,0.14057833333333333,0.17572291666666665
2024-04-02 21:30:00,0.12234166666666667,0.15292708333333335
2024-04-02 22:00:00,0.14802,0.185025
2024-04-02 22:30:00,0.14341166666666666,0.1792645833333333
2024-04-02 23:00:00,0.14992999999999998,0.18741249999999998
2024-04-02 23:30:00,0.13896166666666668,0.17370208333333334
2024-04-03 00:00:00,0.13952833333333334,0.10464625
2024-04-03 00:30:00,0.137315,0.10298625
2024-04-03 01:00:00,0.12293333333333334,0.0922
2024-04-03 01:30:00,0.112865,0.08464875
2024-04-03 02:00:00,0.11659333333333333,0.087445
2024-04-03 02:30:00,0.12039333333333334,0.090295
2024-04-03 03:00:00,0.12425666666666667,0.09319250000000001
2024-04-03 03:30:00,0.12204666666666668,0.09153499999999999
2024-04-03 04:00:00,0.11899333333333334,0.089245
2024-04-03 04:30:00,0.10045833333333333,0.07534375
2024-04-03 05:00:00,0.11534666666666667,0.08651000000000002
2024-04-03 05:30:00,0.13135833333333333,0.09851874999999999
2024-04-03 06:00:00,0.16948333333333332,0.1271125
2024-04-03 06:30:00,0.16357999999999998,0.122685
2024-04-03 07:00:00,0.12983,0.09737250000000001
2024-04-03 07:30:00,0.10946,0.082095
2024-04-03 08:00:00,0.10981333333333333,0.08236
2024-04-03 08:30:00,0.10026333333333333,0.0751975
2024-04-03 09:00:00,0.09836,0.07376999999999999
2024-04-03 09:30:00,0.08955833333333334,0.06716875
2024-04-03 10:00:00,0.08416,0.06312
2024-04-03 10:30:00,0.08367333333333334,0.06275499999999999
2024-04-03 11:00:00,0.08499333333333332,0.06374500000000001
2024-04-03 11:30:00,0.09041666666666666,0.06781250000000001
2024-04-03 12:00:00,0.06980166666666666,0.06980166666666666
2024-04-03 12:30:00,0.07458166666666667,0.07458166666666667
2024-04-03 13:00:00,0.06698333333333333,0.08372916666666667
2024-04-03 13:30:00,0.074555,0.09319375
2024-04-03 14:00:00,0.09163500000000001,0.11454375
2024-04-03 14:30:00,0.090965,0.11370625000000001
2024-04-03 15:00:00,0.09423166666666666,0.11778958333333334
2024-04-03 15:30:00,0.10635,0.13293750000000001
2024-04-03 16:00:00,0.15336166666666667,0.19170208333333336
2024-04-03 16:30:00,0.09447666666666667,0.11809583333333333
2024-04-03 17:00:00,0.172485,0.21560625
2024-04-03 17:30:00,0.33589833333333335,0.41987291666666665
2024-04-03 18:00:00,0.26866166666666663,0.3358270833333334
2024-04-03 18:30:00,0.04814833333333333,0.060185416666666665
2024-04-03 19:00:00,0.12937666666666667,0.16172083333333334
2024-04-03 19:30:00,0.14020833333333332,0.17526041666666667
2024-04-03 20:00:00,0.114025,0.14253125
2024-04-03 20:30:00,0.13132,0.16415
2024-04-03 21:00:00,0.11955500000000001,0.14944375
2024-04-03 21:30:00,0.11956499999999999,0.14945624999999998
2024-04-03 22:00:00,0.13328166666666666,0.16660208333333335
2024-04-03 22:30:00,0.11598166666666666,0.14497708333333334
2024-04-03 23:00:00,0.13416666666666666,0.16770833333333335
2024-04-03 23:30:00,0.12059333333333333,0.15074166666666666
2024-04-04 00:00:00,0.10859999999999999,0.08145000000000001
2024-04-04 00:30:00,0.09367166666666667,0.07025375
2024-04-04 01:00:00,0.09165166666666667,0.06873875
2024-04-04 01:30:00,0.0877,0.065775
2024-04-04 02:00:00,0.08667666666666668,0.0650075
2024-04-04 02:30:00,0.08313999999999999,0.062355
2024-04-04 03:00:00,0.08370333333333334,0.0627775
2024-04-04 03:30:00,0.07263333333333334,0.054474999999999996
2024-04-04 04:00:00,0.08122,0.060915
2024-04-04 04:30:00,0.08358166666666667,0.06268625
2024-04-04 05:00:00,0.089905,0.06742875
2024-04-04 05:30:00,0.09137,0.0685275
2024-04-04 06:00:00,0.10602166666666667,0.07951625
2024-04-04 06:30:00,0.09750333333333334,0.0731275
2024-04-04 07:00:00,0.09606833333333333,0.07205125
2024-04-04 07:30:00,0.09124,0.06843
2024-04-04 08:00:00,0.08991833333333334,0.06743875
2024-04-04 08:30:00,0.09267666666666667,0.0695075
2024-04-04 09:00:00,0.09543,0.0715725
2024-04-04 09:30:00,0.08294,0.062205
2024-04-04 10:00:00,0.06591166666666666,0.04943375
2024-04-04 10:30:00,0.03562166666666667,0.02671625
2024-04-04 11:00:00,0.03883333333333333,0.029125
2024-04-04 11:30:00,0.02662666666666667,0.019969999999999998
2024-04-04 12:00:00,0.03696833333333333,0.03696833333333333
2024-04-04 12:30:00,0.04829,0.04829
2024-04-04 13:00:00,0.05349333333333334,0.06686666666666667
2024-04-04 13:30:00,0.08383999999999998,0.1048
2024-04-04 14:00:00,0.10727333333333333,0.13409166666666666
2024-04-04 14:30:00,0.12035166666666668,0.15043958333333332
2024-04-04 15:00:00,0.13105833333333336,0.16382291666666668
2024-04-04 15:30:00,0.12066333333333333,0.15082916666666665
2024-04-04 16:00:00,0.08945166666666667,0.11181458333333334
2024-04-04 16:30:00,0.07866,0.098325
2024-04-04 17:00:00,0.10375666666666666,0.12969583333333334
2024-04-04 17:30:00,0.179455,0.22431874999999998
2024-04-04 18:00:00,0.15875999999999998,0.19845000000000002
2024-04-04 18:30:00,0.146195,0.18274374999999998
2024-04-04 19:00:00,0.15813,0.1976625
2024-04-04 19:30:00,0.11434833333333333,0.14293541666666668
2024-04-04 20:00:00,0.06713833333333334,0.08392291666666667
2024-04-04 20:30:00,0.053155,0.06644375
2024-04-04 21:00:00,0.022046666666666662,0.027558333333333334
2024-04-04 21:30:00,0.045375,0.056718750000000005
2024-04-04 22:00:00,0.09525166666666667,0.11906458333333332
2024-04-04 22:30:00,0.08553500000000001,0.10691875
2024-04-04 23:00:00,0.08014166666666667,0.10017708333333332
2024-04-04 23:30:00,0.07783,0.09728750000000001
2024-04-05 00:00:00,0.05129166666666667,0.03846875
2024-04-05 00:30:00,0.037788333333333333,0.028341250000000002
2024-04-05 01:00:00,0.06188166666666666,0.046411249999999994
2024-04-05 01:30:00,0.07621499999999999,0.05716125
2024-04-05 02:00:00,0.073865,0.05539875
2024-04-05 02:30:00,0.07722333333333334,0.057917500000000004
2024-04-05 03:00:00,0.07310166666666666,0.05482625
2024-04-05 03:30:00,0.06649833333333334,0.04987375
2024-04-05 04:00:00,0.06966333333333334,0.0522475
2024-04-05 04:30:00,0.07869333333333334,0.059019999999999996
2024-04-05 05:00:00,0.07751333333333334,0.058135
2024-04-05 05:30:00,0.07112500000000001,0.053343749999999995
2024-04-05 06:00:00,0.08145999999999999,0.061095000000000003
2024-04-05 06:30:00,0.08187166666666666,0.06140375
2024-04-05 07:00:00,0.07950166666666668,0.05962625
2024-04-05 07:30:00,0.053169999999999995,0.0398775
2024-04-05 08:00:00,0.019793333333333333,0.014784583333333332
2024-04-05 08:30:00,0.04305166666666666,0.03228875
2024-04-05 09:00:00,0.03964666666666667,0.029735
2024-04-05 09:30:00,0.025205,0.018738333333333333
2024-04-05 10:00:00,0.038565,0.02861
2024-04-05 10:30:00,0.037245,0.027933750000000004
2024-04-05 11:00:00,0.029086666666666667,0.021815
2024-04-05 11:30:00,0.02210833333333333,0.015805416666666666
2024-04-05 12:00:00,-0.019754999999999998,-0.019754999999999998
2024-04-05 12:30:00,-0.023749999999999997,-0.023749999999999997
2024-04-05 13:00:00,-0.005330000000000001,-0.0026479166666666678
2024-04-05 13:30:00,-0.008928333333333333,-0.007155416666666667
2024-04-05 14:00:00,-0.0028566666666666666,-0.00064875
2024-04-05 14:30:00,0.0010733333333333324,0.0030174999999999993
2024-04-05 15:00:00,0.016268333333333333,0.0221625
2024-04-05 15:30:00,0.014475,0.018093750000000002
2024-04-05 16:00:00,0.00897,0.0112125
2024-04-05 16:30:00,0.02205333333333333,0.027566666666666666
2024-04-05 17:00:00,0.030806666666666666,0.03850833333333333
2024-04-05 17:30:00,0.062123333333333336,0.07765416666666668
2024-04-05 18:00:00,0.054695,0.06836874999999999
2024-04-05 18:30:00,0.042923333333333334,0.05365416666666667
2024-04-05 19:00:00,0.021404999999999997,0.02675625
2024-04-05 19:30:00,0.020309999999999998,0.025387499999999997
2024-04-05 20:00:00,0.004915,0.00614375
2024-04-05 20:30:00,0.007213333333333333,0.009016666666666668
2024-04-05 21:00:00,0.00895,0.011187500000000001
2024-04-05 21:30:00,0.007453333333333333,0.009316666666666668
2024-04-05 22:00:00,0.005976666666666666,0.007470833333333334
2024-04-05 22:30:00,0.00894,0.011175
2024-04-05 23:00:00,0.019113333333333333,0.02389166666666667
2024-04-05 23:30:00,0.030796666666666667,0.03849583333333333
2024-04-06 00:00:00,0.00897,0.0067275
2024-04-06 00:30:00,0.008941666666666665,0.00670625
2024-04-06 01:00:00,0.007203333333333333,0.0054025
2024-04-06 01:30:00,0.00675,0.0050625
2024-04-06 02:00:00,0.0065,0.004875
2024-04-06 02:30:00,0.0005616666666666666,-0.00018416666666666654
2024-04-06 03:00:00,0.0044399999999999995,0.00333
2024-04-06 03:30:00,0.007036666666666667,0.0052775
2024-04-06 04:00:00,0.009411666666666667,0.00705875
2024-04-06 04:30:00,0.00914,0.006855
2024-04-06 05:00:00,0.00898,0.0067350000000000005
2024-04-06 05:30:00,0.00897,0.0067275
2024-04-06 06:00:00,0.010426666666666667,0.00782
2024-04-06 06:30:00,0.0061849999999999995,0.00463875
2024-04-06 07:00:00,-0.01773,-0.01773166666666667
2024-04-06 07:30:00,-0.03725833333333333,-0.03725833333333333
2024-04-06 08:00:00,-0.038586666666666665,-0.038586666666666665
2024-04-06 08:30:00,-0.04176,-0.04176
2024-04-06 09:00:00,-0.042435,-0.042435
2024-04-06 09:30:00,-0.04508333333333333,-0.04508333333333333
2024-04-06 10:00:00,-0.048106666666666666,-0.048106666666666666
2024-04-06 10:30:00,-0.051153333333333335,-0.051153333333333335
2024-04-06 11:00:00,-0.05411666666666667,-0.05411666666666667
2024-04-06 11:30:00,-0.05547,-0.05547
2024-04-06 12:00:00,-0.056760000000000005,-0.056760000000000005
2024-04-06 12:30:00,-0.05564,-0.05564
2024-04-06 13:00:00,-0.052335,-0.052335
2024-04-06 13:30:00,-0.05486,-0.05486
2024-04-06 14:00:00,-0.047863333333333334,-0.047863333333333334
2024-04-06 14:30:00,-0.04316833333333333,-0.04316833333333333
2024-04-06 15:00:00,-0.044083333333333335,-0.044083333333333335
2024-04-06 15:30:00,-0.044776666666666666,-0.044776666666666666
2024-04-06 16:00:00,-0.04670166666666667,-0.04670166666666667
2024-04-06 16:30:00,-0.028118333333333332,-0.027934999999999998
2024-04-06 17:00:00,0.009,0.011250000000000001
2024-04-06 17:30:00,0.025345000000000003,0.03168125
2024-04-06 18:00:00,0.06526333333333333,0.08157916666666666
2024-04-06 18:30:00,0.07807166666666666,0.09758958333333334
2024-04-06 19:00:00,0.05451166666666666,0.06813958333333334
2024-04-06 19:30:00,0.051985,0.06498125
2024-04-06 20:00:00,0.06905,0.0863125
2024-04-06 20:30:00,0.03156833333333333,0.039460416666666664
2024-04-06 21:00:00,0.029321666666666666,0.036652083333333335
2024-04-06 21:30:00,0.023581666666666667,0.02947708333333333
2024-04-06 22:00:00,0.015023333333333333,0.018779166666666666
2024-04-06 22:30:00,0.008983333333333333,0.011229166666666667
2024-04-06 23:00:00,0.016615,0.02076875
2024-04-06 23:30:00,0.019508333333333332,0.024385416666666663
2024-04-07 00:00:00,0.01955,0.0146625
2024-04-07 00:30:00,0.019173333333333334,0.014379999999999999
2024-04-07 01:00:00,0.021148333333333335,0.01586125
2024-04-07 01:30:00,0.018693333333333333,0.01402
2024-04-07 02:00:00,0.010946666666666667,0.00821
2024-04-07 02:30:00,0.01822,0.013664999999999998
2024-04-07 03:00:00,0.017856666666666667,0.0133925
2024-04-07 03:30:00,0.019136666666666666,0.014352499999999999
2024-04-07 04:00:00,0.037825000000000004,0.028368749999999998
2024-04-07 04:30:00,0.03506666666666667,0.0263
2024-04-07 05:00:00,0.035539999999999995,0.026654999999999998
2024-04-07 05:30:00,0.03607166666666667,0.027053749999999998
2024-04-07 06:00:00,0.045283333333333335,0.0339625
2024-04-07 06:30:00,0.04035333333333333,0.030265
2024-04-07 07:00:00,0.02154333333333333,0.0161575
2024-04-07 07:30:00,0.005996666666666667,0.0044975
2024-04-07 08:00:00,0.025803333333333334,0.019352499999999998
2024-04-07 08:30:00,-0.014693333333333334,-0.015347916666666668
2024-04-07 09:00:00,-0.03215166666666667,-0.03215166666666667
2024-04-07 09:30:00,-0.029481666666666666,-0.029481666666666666
2024-04-07 10:00:00,-0.03780666666666666,-0.03780666666666666
2024-04-07 10:30:00,-0.031275000000000004,-0.031275000000000004
2024-04-07 11:00:00,-0.04786833333333334,-0.04786833333333334
2024-04-07 11:30:00,-0.04861666666666667,-0.04861666666666667
2024-04-07 12:00:00,-0.04144833333333333,-0.04144833333333333
2024-04-07 12:30:00,-0.04621166666666667,-0.04621166666666667
2024-04-07 13:00:00,-0.04661833333333334,-0.04661833333333334
2024-04-07 13:30:00,-0.05448833333333333,-0.05448833333333333
2024-04-07 14:00:00,-0.04145666666666666,-0.04145666666666666
2024-04-07 14:30:00,-0.040615,-0.040615
2024-04-07 15:00:00,-0.041216666666666665,-0.041216666666666665
2024-04-07 15:30:00,-0.03462833333333334,-0.03462833333333334
2024-04-07 16:00:00,0.02673333333333333,0.033945
2024-04-07 16:30:00,0.06895,0.08618750000000001
2024-04-07 17:00:00,0.09940666666666668,0.12425833333333332
2024-04-07 17:30:00,0.11644666666666666,0.14555833333333335
2024-04-07 18:00:00,0.11606499999999999,0.14508125
2024-04-07 18:30:00,0.09621333333333333,0.12026666666666667
2024-04-07 19:00:00,0.0927,0.115875
2024-04-07 19:30:00,0.09047833333333333,0.11309791666666667
2024-04-07 20:00:00,0.09176333333333332,0.11470416666666666
2024-04-07 20:30:00,0.10202499999999999,0.12753124999999998
2024-04-07 21:00:00,0.09605666666666667,0.12007083333333333
2024-04-07 21:30:00,0.07898333333333334,0.09872916666666666
2024-04-07 22:00:00,0.08826166666666667,0.11032708333333334
2024-04-07 22:30:00,0.08645833333333335,0.10807291666666667
2024-04-07 23:00:00,0.08989833333333334,0.11237291666666667
2024-04-07 23:30:00,0.08883999999999999,0.11105
2024-04-08 00:00:00,0.08462666666666667,0.06347
2024-04-08 00:30:00,0.08398333333333334,0.0629875
2024-04-08 01:00:00,0.07538833333333333,0.05654125000000001
2024-04-08 01:30:00,0.06656166666666667,0.04992125
2024-04-08 02:00:00,0.06915666666666667,0.051867500000000004
2024-04-08 02:30:00,0.06869499999999999,0.05152125
2024-04-08 03:00:00,0.07814333333333333,0.0586075
2024-04-08 03:30:00,0.071505,0.05362875
2024-04-08 04:00:00,0.06897833333333334,0.05173375
2024-04-08 04:30:00,0.07636,0.057269999999999995
2024-04-08 05:00:00,0.07654666666666667,0.057409999999999996
2024-04-08 05:30:00,0.076725,0.057543750000000005
2024-04-08 06:00:00,0.08529333333333333,0.06397
2024-04-08 06:30:00,0.081,0.06075
2024-04-08 07:00:00,0.06353833333333334,0.04765375
2024-04-08 07:30:00,0.044088333333333334,0.03306625
2024-04-08 08:00:00,-0.005345,-0.008490833333333335
2024-04-08 08:30:00,0.010333333333333333,0.006305416666666667
2024-04-08 09:00:00,-0.004658333333333334,-0.0062525
2024-04-08 09:30:00,-0.018131666666666667,-0.01854958333333333
2024-04-08 10:00:00,-0.014528333333333336,-0.0154225
2024-04-08 10:30:00,-0.012738333333333336,-0.014567916666666667
2024-04-08 11:00:00,-0.017401666666666666,-0.018279166666666666
2024-04-08 11:30:00,-0.024981666666666666,-0.024981666666666666
2024-04-08 12:00:00,-0.004921666666666667,-0.004921666666666667
2024-04-08 12:30:00,-0.024366666666666665,-0.024366666666666665
2024-04-08 13:00:00,-0.032175,-0.032175
2024-04-08 13:30:00,-0.030771666666666666,-0.030771666666666666
2024-04-08 14:00:00,-0.011205,-0.011204166666666666
2024-04-08 14:30:00,0.017060000000000002,0.021325
2024-04-08 15:00:00,0.027285,0.03410625
2024-04-08 15:30:00,0.04776166666666667,0.05970208333333333
2024-04-08 16:00:00,0.07358166666666667,0.09197708333333333
2024-04-08 16:30:00,0.13065000000000002,0.1633125
2024-04-08 17:00:00,0.25290833333333335,0.31613541666666667
2024-04-08 17:30:00,0.26177833333333334,0.32722291666666664
2024-04-08 18:00:00,0.20100166666666666,0.2512520833333333
2024-04-08 18:30:00,0.17744000000000001,0.2218
2024-04-08 19:00:00,0.13525,0.1690625
2024-04-08 19:30:00,0.12937,0.1617125
2024-04-08 20:00:00,0.12287833333333333,0.15359791666666667
2024-04-08 20:30:00,0.12073666666666666,0.15092083333333334
2024-04-08 21:00:00,0.13291666666666666,0.16614583333333333
2024-04-08 21:30:00,0.10912500000000001,0.13640625
2024-04-08 22:00:00,0.117905,0.14738125000000002
2024-04-08 22:30:00,0.10560166666666666,0.13200208333333333
2024-04-08 23:00:00,0.10632000000000001,0.13290000000000002
2024-04-08 23:30:00,0.10448166666666668,0.13060208333333334
2024-04-09 00:00:00,0.1059,0.07942500000000001
2024-04-09 00:30:00,0.10335333333333334,0.077515
2024-04-09 01:00:00,0.09435666666666666,0.0707675
2024-04-09 01:30:00,0.09310833333333333,0.06983125
2024-04-09 02:00:00,0.08725333333333334,0.06544
2024-04-09 02:30:00,0.07905333333333332,0.05929
2024-04-09 03:00:00,0.08313,0.0623475
2024-04-09 03:30:00,0.08094333333333333,0.0607075
2024-04-09 04:00:00,0.07949166666666667,0.05961875
2024-04-09 04:30:00,0.084575,0.06343125000000001
2024-04-09 05:00:00,0.09037833333333334,0.06778375
2024-04-09 05:30:00,0.08666333333333333,0.0649975
2024-04-09 06:00:00,0.13439666666666666,0.1007975
2024-04-09 06:30:00,0.11851,0.08888249999999999
2024-04-09 07:00:00,0.08983000000000001,0.0673725
2024-04-09 07:30:00,0.10159833333333333,0.07619875
2024-04-09 08:00:00,0.08022666666666667,0.06017
2024-04-09 08:30:00,0.07495166666666667,0.05621375
2024-04-09 09:00:00,0.045143333333333334,0.03302416666666667
2024-04-09 09:30:00,0.015103333333333335,0.008660833333333335
2024-04-09 10:00:00,0.0022216666666666665,-0.00045625000000000033
2024-04-09 10:30:00,-0.011703333333333335,-0.012500416666666667
2024-04-09 11:00:00,0.002173333333333333,-0.001757916666666667
2024-04-09 11:30:00,0.015463333333333334,0.011597499999999998
2024-04-09 12:00:00,0.024793333333333334,0.024793333333333334
2024-04-09 12:30:00,0.06856166666666667,0.06856166666666667
2024-04-09 13:00:00,0.07823166666666666,0.09778958333333333
2024-04-09 13:30:00,0.07609833333333334,0.09512291666666667
2024-04-09 14:00:00,0.08252333333333332,0.10315416666666666
2024-04-09 14:30:00,0.08616666666666667,0.10770833333333334
2024-04-09 15:00:00,0.07260833333333333,0.09076041666666668
2024-04-09 15:30:00,0.09630499999999999,0.12038125
2024-04-09 16:00:00,0.145395,0.18174375
2024-04-09 16:30:00,0.2237066666666667,0.27963333333333334
2024-04-09 17:00:00,0.17757,0.22196249999999998
2024-04-09 17:30:00,0.15976500000000002,0.19970625
2024-04-09 18:00:00,0.15259333333333333,0.19074166666666667
2024-04-09 18:30:00,0.14597,0.1824625
2024-04-09 19:00:00,0.11266833333333333,0.14083541666666666
2024-04-09 19:30:00,0.11483833333333333,0.14354791666666666
2024-04-09 20:00:00,0.12858,0.160725
2024-04-09 20:30:00,0.08817833333333334,0.11022291666666667
2024-04-09 21:00:00,0.05791166666666667,0.07238958333333333
2024-04-09 21:30:00,0.035300000000000005,0.044125
2024-04-09 22:00:00,0.007359999999999999,0.0092
2024-04-09 22:30:00,0.008476666666666667,0.010595833333333334
2024-04-09 23:00:00,0.007916666666666667,0.009895833333333333
2024-04-09 23:30:00,0.008276666666666667,0.010345833333333334
2024-04-10 00:00:00,0.004441666666666667,0.0033312500000000004
2024-04-10 00:30:00,0.008284999999999999,0.0062137500000000005
2024-04-10 01:00:00,0.0024249999999999996,0.00181875
2024-04-10 01:30:00,-0.025961666666666664,-0.025961666666666664
2024-04-10 02:00:00,-0.020985,-0.020985
2024-04-10 02:30:00,-0.03201333333333333,-0.03201333333333333
2024-04-10 03:00:00,-0.03106333333333333,-0.03106333333333333
2024-04-10 03:30:00,-0.03378166666666666,-0.03378166666666666
2024-04-10 04:00:00,-0.04085333333333333,-0.04085333333333333
2024-04-10 04:30:00,-0.03673666666666666,-0.03673666666666666
2024-04-10 05:00:00,-0.03501,-0.03501
2024-04-10 05:30:00,-0.012231666666666667,-0.012298749999999999
2024-04-10 06:00:00,0.011138333333333333,0.00835375
2024-04-10 06:30:00,0.020898333333333335,0.01567375
2024-04-10 07:00:00,0.04283,0.0321225
2024-04-10 07:30:00,0.06989166666666667,0.05241874999999999
2024-04-10 08:00:00,0.07915666666666667,0.0593675
2024-04-10 08:30:00,0.06366666666666666,0.047749999999999994
2024-04-10 09:00:00,0.07042,0.052815
2024-04-10 09:30:00,0.05148833333333333,0.03861625
2024-04-10 10:00:00,0.08408,0.06305999999999999
2024-04-10 10:30:00,0.06738166666666666,0.05053625
2024-04-10 11:00:00,0.062268333333333335,0.04670125
2024-04-10 11:30:00,0.052818333333333335,0.039613749999999996
2024-04-10 12:00:00,0.036851666666666665,0.036851666666666665
2024-04-10 12:30:00,0.05758,0.05758
2024-04-10 13:00:00,0.048315,0.06039375
2024-04-10 13:30:00,0.011985,0.0152825
2024-04-10 14:00:00,0.0014900000000000007,0.00459
2024-04-10 14:30:00,-0.00294,-0.0025675
2024-04-10 15:00:00,-0.007256666666666666,-0.004632083333333333
2024-04-10 15:30:00,0.046143333333333335,0.05788666666666666
2024-04-10 16:00:00,0.04413666666666666,0.056294583333333335
2024-04-10 16:30:00,0.09956666666666668,0.12445833333333334
2024-04-10 17:00:00,0.12785833333333332,0.15982291666666668
2024-04-10 17:30:00,0.174925,0.21865625
2024-04-10 18:00:00,0.170065,0.21258125000000003
2024-04-10 18:30:00,0.15619666666666665,0.19524583333333334
2024-04-10 19:00:00,0.134555,0.16819375
2024-04-10 19:30:00,0.13507166666666667,0.16883958333333335
2024-04-10 20:00:00,0.14088499999999998,0.17610625
2024-04-10 20:30:00,0.16718,0.208975
2024-04-10 21:00:00,0.16373000000000001,0.2046625
2024-04-10 21:30:00,0.14519,0.1814875
2024-04-10 22:00:00,0.13391,0.1673875
2024-04-10 22:30:00,0.10757833333333333,0.13447291666666666
2024-04-10 23:00:00,0.12324,0.15405
2024-04-10 23:30:00,0.11825833333333334,0.14782291666666666
2024-04-11 00:00:00,0.10780333333333332,0.0808525
2024-04-11 00:30:00,0.11470333333333334,0.08602749999999999
2024-04-11 01:00:00,0.11483333333333334,0.08612500000000001
2024-04-11 01:30:00,0.10794999999999999,0.0809625
2024-04-11 02:00:00,0.10415333333333333,0.078115
2024-04-11 02:30:00,0.10952666666666666,0.082145
2024-04-11 03:00:00,0.10557666666666667,0.0791825
2024-04-11 03:30:00,0.10991833333333334,0.08243875
2024-04-11 04:00:00,0.12637833333333334,0.09478375
2024-04-11 04:30:00,0.12941833333333333,0.09706375
2024-04-11 05:00:00,0.12245166666666667,0.09183875000000001
2024-04-11 05:30:00,0.10199333333333334,0.076495
2024-04-11 06:00:00,0.14744166666666667,0.11058125
2024-04-11 06:30:00,0.14963,0.1122225
2024-04-11 07:00:00,0.14284333333333332,0.1071325
2024-04-11 07:30:00,0.102145,0.07660875
2024-04-11 08:00:00,0.10709,0.0803175
2024-04-11 08:30:00,0.09784999999999999,0.0733875
2024-04-11 09:00:00,0.09510833333333334,0.07133125
2024-04-11 09:30:00,0.08636,0.06477
2024-04-11 10:00:00,0.053024999999999996,0.03976875
2024-04-11 10:30:00,0.05165166666666667,0.038738749999999995
2024-04-11 11:00:00,0.025934999999999996,0.01945125
2024-04-11 11:30:00,0.07699333333333334,0.057745
2024-04-11 12:00:00,0.04879166666666666,0.04879166666666666
2024-04-11 12:30:00,0.05798999999999999,0.05798999999999999
2024-04-11 13:00:00,0.05981,0.0747625
2024-04-11 13:30:00,0.04304333333333333,0.053804166666666674
2024-04-11 14:00:00,0.048889999999999996,0.06111249999999999
2024-04-11 14:30:00,0.05197666666666667,0.06497083333333332
2024-04-11 15:00:00,0.04534,0.056674999999999996
2024-04-11 15:30:00,0.06978833333333333,0.08723541666666666
2024-04-11 16:00:00,0.07507833333333333,0.09384791666666668
2024-04-11 16:30:00,0.18238833333333335,0.2279854166666667
2024-04-11 17:00:00,0.2185433333333333,0.2731791666666667
2024-04-11 17:30:00,0.2578933333333333,0.32236666666666663
2024-04-11 18:00:00,0.2646283333333333,0.33078541666666667
2024-04-11 18:30:00,0.18150333333333335,0.22687916666666666
2024-04-11 19:00:00,0.11946666666666667,0.14933333333333335
2024-04-11 19:30:00,0.10163833333333333,0.12704791666666668
2024-04-11 20:00:00,0.12010833333333333,0.15013541666666666
2024-04-11 20:30:00,0.10687999999999999,0.1336
2024-04-11 21:00:00,0.11672166666666667,0.14590208333333335
2024-04-11 21:30:00,0.10289333333333334,0.12861666666666668
2024-04-11 22:00:00,0.09954333333333333,0.12442916666666666
2024-04-11 22:30:00,0.09867833333333333,0.12334791666666667
2024-04-11 23:00:00,0.09997166666666668,0.12496458333333334
2024-04-11 23:30:00,0.10100000000000002,0.12625
2024-04-12 00:00:00,0.10100000000000002,0.07575
2024-04-12 00:30:00,0.09921833333333334,0.07441375
2024-04-12 01:00:00,0.08655,0.0649125
2024-04-12 01:30:00,0.087545,0.06565875
2024-04-12 02:00:00,0.08131666666666666,0.0609875
2024-04-12 02:30:00,0.08045000000000001,0.060337499999999995
2024-04-12 03:00:00,0.07932166666666667,0.05949125
2024-04-12 03:30:00,0.07509833333333334,0.05632375
2024-04-12 04:00:00,0.07831,0.0587325
2024-04-12 04:30:00,0.07967166666666667,0.059753749999999994
2024-04-12 05:00:00,0.08159166666666666,0.06119375
2024-04-12 05:30:00,0.08413666666666668,0.06310249999999999
2024-04-12 06:00:00,0.09977833333333334,0.07483374999999999
2024-04-12 06:30:00,0.09836166666666668,0.07377125
2024-04-12 07:00:00,0.07788166666666667,0.05841125
2024-04-12 07:30:00,0.05736666666666667,0.043025
2024-04-12 08:00:00,0.05080666666666667,0.038105
2024-04-12 08:30:00,0.062165000000000005,0.04662375
2024-04-12 09:00:00,0.07374,0.055305
2024-04-12 09:30:00,0.06448166666666667,0.04836125
2024-04-12 10:00:00,0.03261666666666666,0.023629166666666663
2024-04-12 10:30:00,-0.0075766666666666664,-0.00997375
2024-04-12 11:00:00,-0.017698333333333333,-0.018210416666666663
2024-04-12 11:30:00,-0.03948833333333333,-0.03948833333333333
2024-04-12 12:00:00,-0.03760666666666667,-0.03760666666666667
2024-04-12 12:30:00,-0.03883833333333333,-0.03883833333333333
2024-04-12 13:00:00,-0.03641833333333333,-0.03635625
2024-04-12 13:30:00,-0.034905,-0.034905
2024-04-12 14:00:00,-0.010653333333333334,-0.01056875
2024-04-12 14:30:00,-7.666666666666687e-05,0.0006358333333333333
2024-04-12 15:00:00,0.017038333333333336,0.021961666666666668
2024-04-12 15:30:00,0.06590666666666667,0.08238333333333334
2024-04-12 16:00:00,0.069535,0.08691875
2024-04-12 16:30:00,0.09092333333333334,0.11365416666666667
2024-04-12 17:00:00,0.133865,0.16733125000000001
2024-04-12 17:30:00,0.12430000000000001,0.155375
2024-04-12 18:00:00,0.12001333333333335,0.15001666666666666
2024-04-12 18:30:00,0.10114833333333334,0.12643541666666666
2024-04-12 19:00:00,0.08225,0.10281249999999999
2024-04-12 19:30:00,0.083715,0.10464375
2024-04-12 20:00:00,0.07543,0.09428750000000001
2024-04-12 20:30:00,0.06752,0.08439999999999999
2024-04-12 21:00:00,0.022003333333333333,0.027504166666666666
2024-04-12 21:30:00,0.0067350000000000005,0.008418750000000001
2024-04-12 22:00:00,0.007941666666666666,0.009927083333333335
2024-04-12 22:30:00,0.005928333333333334,0.007410416666666667
2024-04-12 23:00:00,0.011865,0.014831249999999999
2024-04-12 23:30:00,0.006763333333333333,0.008454166666666667
2024-04-13 00:00:00,-0.005041666666666666,-0.006531666666666666
2024-04-13 00:30:00,-0.035359999999999996,-0.035359999999999996
2024-04-13 01:00:00,-0.04094,-0.04094
2024-04-13 01:30:00,-0.04463,-0.04463
2024-04-13 02:00:00,-0.048605,-0.048605
2024-04-13 02:30:00,-0.0494,-0.0494
2024-04-13 03:00:00,-0.0494,-0.0494
2024-04-13 03:30:00,-0.0494,-0.0494
2024-04-13 04:00:00,-0.0494,-0.0494
2024-04-13 04:30:00,-0.0494,-0.0494
2024-04-13 05:00:00,-0.0494,-0.0494
2024-04-13 05:30:00,-0.048645,-0.048645
2024-04-13 06:00:00,-0.017285,-0.017520833333333333
2024-04-13 06:30:00,0.0023966666666666667,0.0017974999999999998
2024-04-13 07:00:00,0.0013150000000000002,0.00098625
2024-04-13 07:30:00,0.009946666666666666,0.0074600000000000005
2024-04-13 08:00:00,0.011863333333333332,0.008897500000000001
2024-04-13 08:30:00,0.009068333333333333,0.0066054166666666666
2024-04-13 09:00:00,0.007648333333333333,0.005550833333333334
2024-04-13 09:30:00,0.003981666666666667,0.0029862499999999998
2024-04-13 10:00:00,-0.02006,-0.020524166666666666
2024-04-13 10:30:00,-0.008834999999999999,-0.00957625
2024-04-13 11:00:00,-0.0033133333333333335,-0.003850416666666667
2024-04-13 11:30:00,0.003013333333333333,0.00226
2024-04-13 12:00:00,0.019263333333333334,0.019263333333333334
2024-04-13 12:30:00,0.05647666666666667,0.05647666666666667
2024-04-13 13:00:00,0.04809833333333333,0.060122916666666665
2024-04-13 13:30:00,0.041093333333333336,0.05136666666666667
2024-04-13 14:00:00,0.066345,0.08293125
2024-04-13 14:30:00,0.06027,0.07533749999999999
2024-04-13 15:00:00,0.07388333333333334,0.09235416666666667
2024-04-13 15:30:00,0.082895,0.10361875
2024-04-13 16:00:00,0.09702,0.12127500000000001
2024-04-13 16:30:00,0.17520666666666665,0.21900833333333333
2024-04-13 17:00:00,0.16391166666666668,0.20488958333333332
2024-04-13 17:30:00,0.18231666666666668,0.22789583333333333
2024-04-13 18:00:00,0.15274833333333332,0.19093541666666666
2024-04-13 18:30:00,0.11494833333333333,0.14368541666666668
2024-04-13 19:00:00,0.09866000000000001,0.123325
2024-04-13 19:30:00,0.10307833333333334,0.12884791666666667
2024-04-13 20:00:00,0.11021500000000001,0.13776875
2024-04-13 20:30:00,0.12111666666666666,0.15139583333333334
2024-04-13 21:00:00,0.12608833333333333,0.15761041666666667
2024-04-13 21:30:00,0.11241333333333332,0.14051666666666665
2024-04-13 22:00:00,0.11690166666666667,0.14612708333333332
2024-04-13 22:30:00,0.12040000000000001,0.1505
2024-04-13 23:00:00,0.10569166666666667,0.13211458333333334
2024-04-13 23:30:00,0.10212666666666666,0.12765833333333335
2024-04-14 00:00:00,0.09876,0.07407000000000001
2024-04-14 00:30:00,0.09954666666666667,0.07466
2024-04-14 01:00:00,0.09540833333333333,0.07155625
2024-04-14 01:30:00,0.08484833333333335,0.06363624999999999
2024-04-14 02:00:00,0.08486666666666666,0.06365
2024-04-14 02:30:00,0.07964,0.05973
2024-04-14 03:00:00,0.082985,0.06223875
2024-04-14 03:30:00,0.08115666666666667,0.0608675
2024-04-14 04:00:00,0.07199833333333333,0.053998750000000005
2024-04-14 04:30:00,0.07623833333333334,0.05717875
2024-04-14 05:00:00,0.06953166666666667,0.05214875
2024-04-14 05:30:00,0.060178333333333334,0.04513375
2024-04-14 06:00:00,0.07548333333333333,0.0566125
2024-04-14 06:30:00,0.079695,0.05977125
2024-04-14 07:00:00,0.064455,0.04834125
2024-04-14 07:30:00,0.057651666666666664,0.04323875
2024-04-14 08:00:00,0.063495,0.04762125
2024-04-14 08:30:00,0.044224999999999993,0.033168750000000004
2024-04-14 09:00:00,0.016936666666666666,0.010781666666666667
2024-04-14 09:30:00,0.007631666666666666,0.005459166666666667
2024-04-14 10:00:00,-0.026585,-0.026585833333333336
2024-04-14 10:30:00,-0.03825,-0.03825
2024-04-14 11:00:00,-0.039303333333333336,-0.039303333333333336
2024-04-14 11:30:00,-0.04803833333333333,-0.04803833333333333
2024-04-14 12:00:00,-0.05755166666666667,-0.05755166666666667
2024-04-14 12:30:00,-0.05785333333333333,-0.05785333333333333
2024-04-14 13:00:00,-0.048745000000000004,-0.048745000000000004
2024-04-14 13:30:00,-0.05875166666666667,-0.05875166666666667
2024-04-14 14:00:00,-0.05393833333333333,-0.05393833333333333
2024-04-14 14:30:00,-0.052763333333333336,-0.052763333333333336
2024-04-14 15:00:00,-0.04892,-0.04892
2024-04-14 15:30:00,-0.03725,-0.03725
2024-04-14 16:00:00,-0.014871666666666667,-0.013576666666666667
2024-04-14 16:30:00,0.059460000000000006,0.074325
2024-04-14 17:00:00,0.10291166666666667,0.12863958333333333
2024-04-14 17:30:00,0.14047333333333334,0.17559166666666667
2024-04-14 18:00:00,0.19191333333333335,0.23989166666666664
2024-04-14 18:30:00,0.16866,0.210825
2024-04-14 19:00:00,0.148305,0.18538124999999997
2024-04-14 19:30:00,0.14325,0.17906249999999999
2024-04-14 20:00:00,0.161265,0.20158125000000002
2024-04-14 20:30:00,0.15089333333333332,0.18861666666666665
2024-04-14 21:00:00,0.11595666666666667,0.14494583333333333
2024-04-14 21:30:00,0.12394833333333333,0.15493541666666666
2024-04-14 22:00:00,0.144615,0.18076875
2024-04-14 22:30:00,0.11305333333333334,0.14131666666666667
2024-04-14 23:00:00,0.13289333333333334,0.16611666666666666
2024-04-14 23:30:00,0.11655166666666666,0.14568958333333334
2024-04-15 00:00:00,0.10650833333333333,0.07988125
2024-04-15 00:30:00,0.10705500000000001,0.08029125
2024-04-15 01:00:00,0.10094666666666667,0.07571
2024-04-15 01:30:00,0.101775,0.07633125
2024-04-15 02:00:00,0.09534333333333334,0.0715075
2024-04-15 02:30:00,0.09299666666666667,0.0697475
2024-04-15 03:00:00,0.095705,0.07177875
2024-04-15 03:30:00,0.09335500000000001,0.07001624999999999
2024-04-15 04:00:00,0.08992499999999999,0.06744375
2024-04-15 04:30:00,0.08864666666666667,0.066485
2024-04-15 05:00:00,0.09703,0.0727725
2024-04-15 05:30:00,0.111615,0.08371125
2024-04-15 06:00:00,0.17080333333333333,0.1281025
2024-04-15 06:30:00,0.21336,0.16002
2024-04-15 07:00:00,0.15431166666666665,0.11573375000000001
2024-04-15 07:30:00,0.12036666666666666,0.090275
2024-04-15 08:00:00,0.08786666666666666,0.0659
2024-04-15 08:30:00,0.07362666666666666,0.05522
2024-04-15 09:00:00,0.06208166666666667,0.04656125
2024-04-15 09:30:00,0.06013333333333334,0.0451
2024-04-15 10:00:00,0.037981666666666664,0.02848625
2024-04-15 10:30:00,-0.020073333333333335,-0.02090875
2024-04-15 11:00:00,-0.0005133333333333338,-0.0020516666666666673
2024-04-15 11:30:00,-0.010021666666666667,-0.010025
2024-04-15 12:00:00,0.019649999999999997,0.019649999999999997
2024-04-15 12:30:00,0.0367,0.0367
2024-04-15 13:00:00,0.07184833333333333,0.08981041666666667
2024-04-15 13:30:00,0.077255,0.09656875
2024-04-15 14:00:00,0.08397833333333334,0.10497291666666668
2024-04-15 14:30:00,0.076115,0.09514374999999999
2024-04-15 15:00:00,0.07872333333333333,0.09840416666666667
2024-04-15 15:30:00,0.10152833333333333,0.12691041666666666
2024-04-15 16:00:00,0.13630333333333333,0.17037916666666666
2024-04-15 16:30:00,0.1846833333333333,0.23085416666666667
2024-04-15 17:00:00,0.28046,0.350575
2024-04-15 17:30:00,0.30758,0.38447499999999996
2024-04-15 18:00:00,0.30160666666666663,0.37700833333333333
2024-04-15 18:30:00,0.28432166666666664,0.35540208333333334
2024-04-15 19:00:00,0.22393666666666667,0.27992083333333334
2024-04-15 19:30:00,0.18932666666666667,0.23665833333333333
2024-04-15 20:00:00,0.18307666666666667,0.22884583333333333
2024-04-15 20:30:00,0.15734499999999998,0.19668125
2024-04-15 21:00:00,0.15905333333333332,0.19881666666666667
2024-04-15 21:30:00,0.132305,0.16538125
2024-04-15 22:00:00,0.15306166666666668,0.19132708333333334
2024-04-15 22:30:00,0.14492833333333335,0.18116041666666668
2024-04-15 23:00:00,0.13864666666666667,0.17330833333333331
2024-04-15 23:30:00,0.14205166666666666,0.17756458333333333
2024-04-16 00:00:00,0.146775,0.11008125
2024-04-16 00:30:00,0.14029666666666665,0.1052225
2024-04-16 01:00:00,0.11691333333333333,0.087685
2024-04-16 01:30:00,0.10552,0.07914
2024-04-16 02:00:00,0.10302,0.077265
2024-04-16 02:30:00,0.08546166666666666,0.06409625000000001
2024-04-16 03:00:00,0.08370833333333333,0.06278125
2024-04-16 03:30:00,0.08110166666666667,0.06082625
2024-04-16 04:00:00,0.07984833333333333,0.059886249999999995
2024-04-16 04:30:00,0.08345166666666666,0.06258875
2024-04-16 05:00:00,0.08565833333333334,0.06424375
2024-04-16 05:30:00,0.08753833333333333,0.06565375
2024-04-16 06:00:00,0.09743666666666667,0.0730775
2024-04-16 06:30:00,0.113745,0.08530875
2024-04-16 07:00:00,0.111885,0.08391375
2024-04-16 07:30:00,0.09373666666666668,0.0703025
2024-04-16 08:00:00,0.05932833333333334,0.044496249999999994
2024-04-16 08:30:00,0.028088333333333337,0.021066249999999998
2024-04-16 09:00:00,0.031911666666666665,0.02393375
2024-04-16 09:30:00,-0.002776666666666667,-0.0037491666666666676
2024-04-16 10:00:00,-0.013276666666666666,-0.013276666666666666
2024-04-16 10:30:00,-0.019093333333333334,-0.019093333333333334
2024-04-16 11:00:00,-0.03653,-0.03653
2024-04-16 11:30:00,-0.046130000000000004,-0.046130000000000004
2024-04-16 12:00:00,-0.032413333333333336,-0.032413333333333336
2024-04-16 12:30:00,-0.022808333333333333,-0.022808333333333333
2024-04-16 13:00:00,0.006103333333333333,0.007629166666666667
2024-04-16 13:30:00,0.015501666666666669,0.019377083333333333
2024-04-16 14:00:00,-0.027863333333333334,-0.027054166666666667
2024-04-16 14:30:00,-0.01884166666666667,-0.01688125
2024-04-16 15:00:00,0.039531666666666666,0.04941458333333334
2024-04-16 15:30:00,0.08649333333333332,0.10811666666666668
2024-04-16 16:00:00,0.14029333333333335,0.17536666666666667
2024-04-16 16:30:00,0.20062833333333333,0.2507854166666667
2024-04-16 17:00:00,0.22549666666666668,0.28187083333333335
2024-04-16 17:30:00,0.2818333333333333,0.35229166666666667
2024-04-16 18:00:00,0.2651016666666667,0.3313770833333333
2024-04-16 18:30:00,0.183315,0.22914375
2024-04-16 19:00:00,0.15376666666666666,0.19220833333333331
2024-04-16 19:30:00,0.13478666666666667,0.16848333333333332
2024-04-16 20:00:00,0.12944833333333333,0.16181041666666668
2024-04-16 20:30:00,0.13865333333333332,0.17331666666666667
2024-04-16 21:00:00,0.14619666666666667,0.1827458333333333
2024-04-16 21:30:00,0.14422,0.180275
2024-04-16 22:00:00,0.15072833333333333,0.18841041666666666
2024-04-16 22:30:00,0.14392166666666664,0.17990208333333332
2024-04-16 23:00:00,0.13507499999999997,0.16884375
2024-04-16 23:30:00,0.131935,0.16491875
2024-04-17 00:00:00,0.14605166666666666,0.10953875
2024-04-17 00:30:00,0.1489,0.11167500000000001
2024-04-17 01:00:00,0.14284833333333333,0.10713625
2024-04-17 01:30:00,0.12429166666666665,0.09321875
2024-04-17 02:00:00,0.10269666666666667,0.0770225
2024-04-17 02:30:00,0.09177,0.0688275
2024-04-17 03:00:00,0.08664833333333334,0.06498625
2024-04-17 03:30:00,0.09184333333333333,0.0688825
2024-04-17 04:00:00,0.08807166666666666,0.06605375000000001
2024-04-17 04:30:00,0.082995,0.06224625
2024-04-17 05:00:00,0.09721833333333334,0.07291375
2024-04-17 05:30:00,0.10601500000000001,0.07951124999999999
2024-04-17 06:00:00,0.16135833333333335,0.12101875000000001
2024-04-17 06:30:00,0.24015333333333333,0.18011500000000003
2024-04-17 07:00:00,0.12541833333333333,0.09406375
2024-04-17 07:30:00,0.09078666666666667,0.06809
2024-04-17 08:00:00,0.09421833333333333,0.07066375
2024-04-17 08:30:00,0.09332666666666667,0.069995
2024-04-17 09:00:00,0.06086833333333333,0.04565125
2024-04-17 09:30:00,0.0043933333333333316,0.0015841666666666651
2024-04-17 10:00:00,-0.010271666666666667,-0.011491666666666669
2024-04-17 10:30:00,-0.03500166666666667,-0.03500166666666667
2024-04-17 11:00:00,-0.013841666666666667,-0.013841666666666667
2024-04-17 11:30:00,-0.0014799999999999998,-0.0015604166666666665
2024-04-17 12:00:00,-0.010113333333333334,-0.010113333333333334
2024-04-17 12:30:00,-0.008883333333333333,-0.008883333333333333
2024-04-17 13:00:00,0.0006083333333333337,0.001907916666666667
2024-04-17 13:30:00,0.0027383333333333335,0.00391
2024-04-17 14:00:00,-0.029498333333333335,-0.029498333333333335
2024-04-17 14:30:00,-0.004939999999999999,-0.0034570833333333315
2024-04-17 15:00:00,-0.005618333333333334,-0.005255833333333335
2024-04-17 15:30:00,0.016423333333333335,0.020529166666666668
2024-04-17 16:00:00,0.11433,0.1429125
2024-04-17 16:30:00,0.2175933333333333,0.2719916666666667
2024-04-17 17:00:00,0.26442,0.330525
2024-04-17 17:30:00,0.27349666666666667,0.34187083333333335
2024-04-17 18:00:00,0.26630666666666664,0.3328833333333333
2024-04-17 18:30:00,0.23753166666666667,0.2969145833333333
2024-04-17 19:00:00,0.16483833333333334,0.20604791666666666
2024-04-17 19:30:00,0.16840666666666668,0.21050833333333333
2024-04-17 20:00:00,0.21181166666666665,0.26476458333333336
2024-04-17 20:30:00,0.18762,0.23452499999999998
2024-04-17 21:00:00,0.17899333333333334,0.22374166666666664
2024-04-17 21:30:00,0.186335,0.23291874999999998
2024-04-17 22:00:00,0.19649166666666665,0.24561458333333333
2024-04-17 22:30:00,0.16598833333333332,0.20748541666666667
2024-04-17 23:00:00,0.16015333333333334,0.20019166666666666
2024-04-17 23:30:00,0.16938166666666665,0.21172708333333334
2024-04-18 00:00:00,0.138885,0.10416375
2024-04-18 00:30:00,0.11136833333333333,0.08352625000000001
2024-04-18 01:00:00,0.107195,0.08039624999999999
2024-04-18 01:30:00,0.09938333333333334,0.07453749999999999
2024-04-18 02:00:00,0.10104,0.07578
2024-04-18 02:30:00,0.09686333333333334,0.07264749999999999
2024-04-18 03:00:00,0.09993666666666667,0.07495249999999999
2024-04-18 03:30:00,0.09706166666666667,0.07279624999999999
2024-04-18 04:00:00,0.09725833333333334,0.07294374999999999
2024-04-18 04:30:00,0.10100000000000002,0.07575
2024-04-18 05:00:00,0.108025,0.08101875
2024-04-18 05:30:00,0.11659333333333333,0.087445
2024-04-18 06:00:00,0.14496499999999998,0.10872375000000001
2024-04-18 06:30:00,0.1755783333333333,0.13168375000000002
2024-04-18 07:00:00,0.20800666666666667,0.156005
2024-04-18 07:30:00,0.10548333333333333,0.07911249999999999
2024-04-18 08:00:00,0.10639,0.0797925
2024-04-18 08:30:00,0.10715666666666668,0.0803675
2024-04-18 09:00:00,0.09977000000000001,0.0748275
2024-04-18 09:30:00,0.08550833333333334,0.06413125
2024-04-18 10:00:00,0.091705,0.06877875
2024-04-18 10:30:00,0.04358,0.032685
2024-04-18 11:00:00,0.054441666666666666,0.04083125
2024-04-18 11:30:00,0.043205,0.03240375
2024-04-18 12:00:00,0.029531666666666664,0.029531666666666664
2024-04-18 12:30:00,0.03808,0.03808
2024-04-18 13:00:00,0.06820666666666667,0.08525833333333332
2024-04-18 13:30:00,0.10957666666666666,0.13697083333333335
2024-04-18 14:00:00,0.11845833333333333,0.14807291666666667
2024-04-18 14:30:00,0.09655999999999999,0.12069999999999999
2024-04-18 15:00:00,0.09944666666666667,0.12430833333333334
2024-04-18 15:30:00,0.11213833333333334,0.14017291666666667
2024-04-18 16:00:00,0.13490333333333332,0.1686291666666667
2024-04-18 16:30:00,0.18463666666666667,0.2307958333333333
2024-04-18 17:00:00,0.244295,0.30536875
2024-04-18 17:30:00,0.28843166666666664,0.36053958333333336
2024-04-18 18:00:00,0.305695,0.38211875
2024-04-18 18:30:00,0.27814,0.34767499999999996
2024-04-18 19:00:00,0.19885833333333333,0.24857291666666667
2024-04-18 19:30:00,0.16051666666666667,0.20064583333333333
2024-04-18 20:00:00,0.14870999999999998,0.18588749999999998
2024-04-18 20:30:00,0.14497666666666667,0.1812208333333333
2024-04-18 21:00:00,0.14540666666666666,0.18175833333333333
2024-04-18 21:30:00,0.153855,0.19231875
2024-04-18 22:00:00,0.16893666666666665,0.21117083333333334
2024-04-18 22:30:00,0.13959666666666667,0.17449583333333332
2024-04-18 23:00:00,0.13599833333333333,0.16999791666666667
2024-04-18 23:30:00,0.137845,0.17230625
2024-04-19 00:00:00,0.13741333333333333,0.10306
2024-04-19 00:30:00,0.12711999999999998,0.09534
2024-04-19 01:00:00,0.10604666666666666,0.07953500000000001
2024-04-19 01:30:00,0.10313666666666667,0.0773525
2024-04-19 02:00:00,0.10166166666666666,0.07624625
2024-04-19 02:30:00,0.10100000000000002,0.07575
2024-04-19 03:00:00,0.09719166666666668,0.07289375
2024-04-19 03:30:00,0.09166333333333333,0.0687475
2024-04-19 04:00:00,0.08655333333333333,0.064915
2024-04-19 04:30:00,0.09313,0.06984749999999999
2024-04-19 05:00:00,0.10229,0.0767175
2024-04-19 05:30:00,0.10657333333333334,0.07993
2024-04-19 06:00:00,0.13679333333333332,0.10259499999999999
2024-04-19 06:30:00,0.13832,0.10374
2024-04-19 07:00:00,0.12884333333333334,0.09663250000000001
2024-04-19 07:30:00,0.127885,0.09591375
2024-04-19 08:00:00,0.08993,0.06744750000000001
2024-04-19 08:30:00,0.09205833333333334,0.06904375
2024-04-19 09:00:00,0.08710333333333332,0.0653275
2024-04-19 09:30:00,0.08658666666666666,0.06494
2024-04-19 10:00:00,0.07637833333333334,0.05728375
2024-04-19 10:30:00,0.07873,0.0590475
2024-04-19 11:00:00,0.100625,0.07546874999999999
2024-04-19 11:30:00,0.08513833333333333,0.06385375
2024-04-19 12:00:00,0.10774833333333333,0.10774833333333333
2024-04-19 12:30:00,0.08992499999999999,0.08992499999999999
2024-04-19 13:00:00,0.09251833333333333,0.11564791666666667
2024-04-19 13:30:00,0.09121833333333333,0.11402291666666665
2024-04-19 14:00:00,0.097625,0.12203125
2024-04-19 14:30:00,0.09563500000000001,0.11954375
2024-04-19 15:00:00,0.091115,0.11389375
2024-04-19 15:30:00,0.09942666666666666,0.12428333333333334
2024-04-19 16:00:00,0.1537683333333333,0.19221041666666663
2024-04-19 16:30:00,0.21602833333333335,0.2700354166666667
2024-04-19 17:00:00,0.2726633333333333,0.3408291666666667
2024-04-19 17:30:00,0.2995816666666667,0.37447708333333335
2024-04-19 18:00:00,0.30487333333333333,0.38109166666666666
2024-04-19 18:30:00,0.29673333333333335,0.3709166666666666
2024-04-19 19:00:00,0.220525,0.27565625
2024-04-19 19:30:00,0.16906333333333334,0.21132916666666668
2024-04-19 20:00:00,0.169365,0.21170624999999998
2024-04-19 20:30:00,0.15138166666666666,0.1892270833333333
2024-04-19 21:00:00,0.16614500000000001,0.20768125
2024-04-19 21:30:00,0.14248833333333333,0.17811041666666663
2024-04-19 22:00:00,0.14038166666666665,0.17547708333333334
2024-04-19 22:30:00,0.13839333333333334,0.17299166666666665
2024-04-19 23:00:00,0.14829,0.18536249999999999
2024-04-19 23:30:00,0.14363666666666666,0.17954583333333332
2024-04-20 00:00:00,0.13781833333333332,0.10336374999999999
2024-04-20 00:30:00,0.141435,0.10607625
2024-04-20 01:00:00,0.13732,0.10298999999999998
2024-04-20 01:30:00,0.10827500000000001,0.08120625
2024-04-20 02:00:00,0.11768666666666666,0.088265
2024-04-20 02:30:00,0.11169166666666668,0.08376875
2024-04-20 03:00:00,0.10485166666666668,0.07863875
2024-04-20 03:30:00,0.10092000000000001,0.07569
2024-04-20 04:00:00,0.099015,0.07426125
2024-04-20 04:30:00,0.09976833333333333,0.07482625
2024-04-20 05:00:00,0.09502000000000001,0.07126500000000001
2024-04-20 05:30:00,0.09651,0.0723825
2024-04-20 06:00:00,0.10605833333333332,0.07954375000000001
2024-04-20 06:30:00,0.10765000000000001,0.0807375
2024-04-20 07:00:00,0.09769666666666667,0.0732725
2024-04-20 07:30:00,0.07283666666666666,0.054627499999999996
2024-04-20 08:00:00,0.065945,0.049458749999999996
2024-04-20 08:30:00,0.06931,0.051982499999999994
2024-04-20 09:00:00,0.059820000000000005,0.044864999999999995
2024-04-20 09:30:00,0.07932166666666667,0.059491249999999996
2024-04-20 10:00:00,0.061621666666666665,0.04621624999999999
2024-04-20 10:30:00,0.05760166666666666,0.04320125
2024-04-20 11:00:00,0.045408333333333335,0.032634166666666665
2024-04-20 11:30:00,0.038733333333333335,0.029050000000000003
2024-04-20 12:00:00,0.04164166666666667,0.04164166666666667
2024-04-20 12:30:00,0.03996333333333333,0.03996333333333333
2024-04-20 13:00:00,0.022691666666666666,0.028364583333333332
2024-04-20 13:30:00,0.027678333333333333,0.034597916666666666
2024-04-20 14:00:00,0.02463333333333333,0.030791666666666665
2024-04-20 14:30:00,0.038245,0.047806249999999995
2024-04-20 15:00:00,0.06036166666666667,0.07545208333333332
2024-04-20 15:30:00,0.06942833333333333,0.08678541666666667
2024-04-20 16:00:00,0.05988833333333334,0.07486041666666667
2024-04-20 16:30:00,0.08054,0.100675
2024-04-20 17:00:00,0.09684999999999999,0.1210625
2024-04-20 17:30:00,0.10607,0.1325875
2024-04-20 18:00:00,0.12685,0.1585625
2024-04-20 18:30:00,0.11315000000000001,0.1414375
2024-04-20 19:00:00,0.09625,0.1203125
2024-04-20 19:30:00,0.08555,0.1069375
2024-04-20 20:00:00,0.08164,0.10205000000000002
2024-04-20 20:30:00,0.08144,0.1018
2024-04-20 21:00:00,0.08020999999999999,0.10026249999999999
2024-04-20 21:30:00,0.07056,0.0882
2024-04-20 22:00:00,0.06901,0.0862625
2024-04-20 22:30:00,0.06531,0.0816375
2024-04-20 23:00:00,0.0723,0.090375
2024-04-20 23:30:00,0.075,0.09375
2024-04-21 00:00:00,0.08736,0.06552
2024-04-21 00:30:00,0.08287,0.062152500000000006
2024-04-21 01:00:00,0.07758,0.05818500000000001
2024-04-21 01:30:00,0.07722,0.057915
2024-04-21 02:00:00,0.07686,0.057645
2024-04-21 02:30:00,0.06897,0.0517275
2024-04-21 03:00:00,0.07084,0.053130000000000004
2024-04-21 03:30:00,0.06912,0.051840000000000004
2024-04-21 04:00:00,0.06959,0.0521925
2024-04-21 04:30:00,0.091815,0.06886125
2024-04-21 05:00:00,0.09043833333333334,0.06782875
2024-04-21 05:30:00,0.08137499999999999,0.06103125
2024-04-21 06:00:00,0.08235666666666668,0.061767499999999996
2024-04-21 06:30:00,0.08270000000000001,0.062025
2024-04-21 07:00:00,0.066175,0.049631249999999995
2024-04-21 07:30:00,0.023633333333333336,0.017725
2024-04-21 08:00:00,-0.005235,-0.005610833333333333
2024-04-21 08:30:00,0.004025,0.0021858333333333335
2024-04-21 09:00:00,0.006724999999999999,0.004277916666666667
2024-04-21 09:30:00,0.005053333333333333,0.00379
2024-04-21 10:00:00,-0.020213333333333333,-0.02105833333333333
2024-04-21 10:30:00,-0.032830000000000005,-0.032830000000000005
2024-04-21 11:00:00,-0.005908333333333334,-0.006640416666666667
2024-04-21 11:30:00,-0.025963333333333335,-0.025963333333333335
2024-04-21 12:00:00,-0.022943333333333333,-0.022943333333333333
2024-04-21 12:30:00,-0.016229999999999998,-0.016229999999999998
2024-04-21 13:00:00,-0.010771666666666667,-0.008539583333333335
2024-04-21 13:30:00,-0.003690000000000001,-0.0024775
2024-04-21 14:00:00,-0.0018549999999999984,0.0006258333333333336
2024-04-21 14:30:00,0.0012233333333333339,0.0039025
2024-04-21 15:00:00,0.022873333333333332,0.028591666666666668
2024-04-21 15:30:00,0.02841666666666667,0.03552083333333333
2024-04-21 16:00:00,0.06935666666666666,0.08669583333333335
2024-04-21 16:30:00,0.12679333333333334,0.15849166666666667
2024-04-21 17:00:00,0.18161166666666664,0.22701458333333333
2024-04-21 17:30:00,0.2806983333333333,0.35087291666666665
2024-04-21 18:00:00,0.227715,0.28464375
2024-04-21 18:30:00,0.159045,0.19880625
2024-04-21 19:00:00,0.11441333333333333,0.14301666666666665
2024-04-21 19:30:00,0.09891499999999999,0.12364375
2024-04-21 20:00:00,0.09902499999999999,0.12378125
2024-04-21 20:30:00,0.09819833333333333,0.12274791666666666
2024-04-21 21:00:00,0.09256000000000002,0.11569999999999998
2024-04-21 21:30:00,0.08496999999999999,0.1062125
2024-04-21 22:00:00,0.08439833333333334,0.10549791666666668
2024-04-21 22:30:00,0.08241666666666667,0.10302083333333334
2024-04-21 23:00:00,0.08263166666666667,0.10328958333333334
2024-04-21 23:30:00,0.07680333333333333,0.09600416666666667
2024-04-22 00:00:00,0.080485,0.06036375
2024-04-22 00:30:00,0.083195,0.06239625000000001
2024-04-22 01:00:00,0.072665,0.05449874999999999
2024-04-22 01:30:00,0.07075833333333333,0.05306875
2024-04-22 02:00:00,0.06208166666666667,0.04656125
2024-04-22 02:30:00,0.06231333333333333,0.046735
2024-04-22 03:00:00,0.06686333333333333,0.050147500000000005
2024-04-22 03:30:00,0.05630333333333334,0.0422275
2024-04-22 04:00:00,0.053270000000000005,0.039952499999999995
2024-04-22 04:30:00,0.057045000000000005,0.04278375
2024-04-22 05:00:00,0.06645666666666666,0.049842500000000005
2024-04-22 05:30:00,0.06301,0.0472575
2024-04-22 06:00:00,0.08305833333333333,0.06229375
2024-04-22 06:30:00,0.09458166666666667,0.07093624999999999
2024-04-22 07:00:00,0.07569833333333333,0.056773750000000005
2024-04-22 07:30:00,0.05467666666666667,0.0410075
2024-04-22 08:00:00,0.03611166666666667,0.02708375
2024-04-22 08:30:00,0.02983,0.0223725
2024-04-22 09:00:00,0.012191666666666665,0.008704166666666667
2024-04-22 09:30:00,0.008811666666666667,0.0065495833333333335
2024-04-22 10:00:00,-0.012511666666666666,-0.014306250000000001
2024-04-22 10:30:00,-0.026146666666666665,-0.026146666666666665
2024-04-22 11:00:00,-0.03118333333333333,-0.03118333333333333
2024-04-22 11:30:00,-0.031061666666666668,-0.031061666666666668
2024-04-22 12:00:00,-0.034061666666666664,-0.034061666666666664
2024-04-22 12:30:00,-0.013686666666666666,-0.013686666666666666
2024-04-22 13:00:00,-0.002558333333333334,-0.0015108333333333336
2024-04-22 13:30:00,0.008960000000000001,0.011200000000000002
2024-04-22 14:00:00,0.009763333333333334,0.013037083333333333
2024-04-22 14:30:00,0.04757,0.0594625
2024-04-22 15:00:00,0.07039166666666667,0.08798958333333334
2024-04-22 15:30:00,0.08881833333333333,0.11102291666666668
2024-04-22 16:00:00,0.117855,0.14731874999999997
2024-04-22 16:30:00,0.19396833333333333,0.2424604166666667
2024-04-22 17:00:00,0.281505,0.35188125
2024-04-22 17:30:00,0.3277033333333333,0.40962916666666666
2024-04-22 18:00:00,0.27341,0.3417625
2024-04-22 18:30:00,0.18388833333333332,0.22986041666666668
2024-04-22 19:00:00,0.15808333333333333,0.19760416666666666
2024-04-22 19:30:00,0.135795,0.16974375
2024-04-22 20:00:00,0.110925,0.13865625
2024-04-22 20:30:00,0.11127333333333334,0.13909166666666667
2024-04-22 21:00:00,0.11575166666666666,0.14468958333333334
2024-04-22 21:30:00,0.10458,0.130725
2024-04-22 22:00:00,0.10059,0.1257375
2024-04-22 22:30:00,0.09592166666666667,0.11990208333333334
2024-04-22 23:00:00,0.10802666666666666,0.13503333333333334
2024-04-22 23:30:00,0.09233833333333334,0.11542291666666667
2024-04-23 00:00:00,0.08744,0.06558
2024-04-23 00:30:00,0.07714833333333333,0.05786125
2024-04-23 01:00:00,0.06856666666666666,0.051425
2024-04-23 01:30:00,0.037630000000000004,0.028222499999999998
2024-04-23 02:00:00,0.027645,0.02073375
2024-04-23 02:30:00,0.017721666666666667,0.01329125
2024-04-23 03:00:00,0.019123333333333332,0.0143425
2024-04-23 03:30:00,0.015945,0.011958749999999999
2024-04-23 04:00:00,0.01821666666666667,0.013662500000000001
2024-04-23 04:30:00,0.019796666666666667,0.0148475
2024-04-23 05:00:00,0.016089999999999997,0.0120675
2024-04-23 05:30:00,0.023716666666666667,0.0177875
2024-04-23 06:00:00,0.03492,0.02619
2024-04-23 06:30:00,0.038895,0.02917125
2024-04-23 07:00:00,0.033071666666666666,0.02480375
2024-04-23 07:30:00,0.012374999999999999,0.00928125
2024-04-23 08:00:00,-0.016658333333333334,-0.016659166666666666
2024-04-23 08:30:00,-0.00946,-0.00946
2024-04-23 09:00:00,-0.013105,-0.013105833333333332
2024-04-23 09:30:00,-0.019203333333333333,-0.019204166666666665
2024-04-23 10:00:00,-0.031689999999999996,-0.031689999999999996
2024-04-23 10:30:00,-0.028528333333333333,-0.028624583333333332
2024-04-23 11:00:00,-0.018436666666666667,-0.018702916666666666
2024-04-23 11:30:00,0.019395,0.014546250000000002
2024-04-23 12:00:00,0.017308333333333332,0.017308333333333332
2024-04-23 12:30:00,0.038983333333333335,0.038983333333333335
2024-04-23 13:00:00,0.06426333333333334,0.08032916666666667
2024-04-23 13:30:00,0.051943333333333334,0.06492916666666666
2024-04-23 14:00:00,0.040508333333333334,0.05063541666666666
2024-04-23 14:30:00,0.06498666666666666,0.08123333333333334
2024-04-23 15:00:00,0.07515666666666666,0.09394583333333333
2024-04-23 15:30:00,0.103945,0.12993125
2024-04-23 16:00:00,0.09903833333333334,0.12379791666666666
2024-04-23 16:30:00,0.18737499999999999,0.23421875
2024-04-23 17:00:00,0.27255666666666667,0.34069583333333336
2024-04-23 17:30:00,0.28458,0.355725
2024-04-23 18:00:00,0.23159333333333335,0.28949166666666665
2024-04-23 18:30:00,0.17120000000000002,0.214
2024-04-23 19:00:00,0.13457833333333333,0.16822291666666667
2024-04-23 19:30:00,0.12175166666666666,0.15218958333333332
2024-04-23 20:00:00,0.11397333333333333,0.14246666666666666
2024-04-23 20:30:00,0.113795,0.14224375
2024-04-23 21:00:00,0.127595,0.15949375000000002
2024-04-23 21:30:00,0.10571666666666667,0.13214583333333332
2024-04-23 22:00:00,0.09718166666666667,0.12147708333333333
2024-04-23 22:30:00,0.09260666666666667,0.11575833333333334
2024-04-23 23:00:00,0.08771833333333334,0.10964791666666666
2024-04-23 23:30:00,0.083055,0.10381875
2024-04-24 00:00:00,0.07958166666666666,0.059686249999999996
2024-04-24 00:30:00,0.07740833333333334,0.058056250000000004
2024-04-24 01:00:00,0.043831666666666665,0.03287375
2024-04-24 01:30:00,0.012083333333333333,0.0090625
2024-04-24 02:00:00,0.007153333333333334,0.005364999999999999
2024-04-24 02:30:00,0.007413333333333333,0.00556
2024-04-24 03:00:00,0.0089,0.006675
2024-04-24 03:30:00,0.007546666666666667,0.005659999999999999
2024-04-24 04:00:00,0.00895,0.0067125
2024-04-24 04:30:00,0.006384999999999999,0.0047887500000000005
2024-04-24 05:00:00,0.008285,0.00621375
2024-04-24 05:30:00,0.0089,0.006675
2024-04-24 06:00:00,0.017428333333333334,0.01307125
2024-04-24 06:30:00,0.032253333333333335,0.02419
2024-04-24 07:00:00,0.019116666666666667,0.014337500000000001
2024-04-24 07:30:00,0.006181666666666666,0.00463625
2024-04-24 08:00:00,-0.019346666666666665,-0.019346666666666665
2024-04-24 08:30:00,-0.017166666666666667,-0.017166666666666667
2024-04-24 09:00:00,0.005353333333333332,0.003110416666666667
2024-04-24 09:30:00,-0.007995,-0.007996666666666666
2024-04-24 10:00:00,-0.03026,-0.03026
2024-04-24 10:30:00,-0.039509999999999997,-0.039509999999999997
2024-04-24 11:00:00,-0.050050000000000004,-0.050050000000000004
2024-04-24 11:30:00,-0.054520000000000006,-0.054520000000000006
2024-04-24 12:00:00,-0.05430666666666667,-0.05430666666666667
2024-04-24 12:30:00,-0.052491666666666666,-0.052491666666666666
2024-04-24 13:00:00,-0.049973333333333335,-0.049973333333333335
2024-04-24 13:30:00,-0.05040833333333333,-0.05040833333333333
2024-04-24 14:00:00,-0.04919333333333333,-0.04919333333333333
2024-04-24 14:30:00,-0.048220000000000006,-0.048220000000000006
2024-04-24 15:00:00,-0.004108333333333334,-0.0020450000000000004
2024-04-24 15:30:00,0.05694833333333333,0.07118541666666667
2024-04-24 16:00:00,0.09895333333333334,0.12369166666666666
2024-04-24 16:30:00,0.139655,0.17456875000000002
2024-04-24 17:00:00,0.14622333333333334,0.1827791666666667
2024-04-24 17:30:00,0.07927333333333333,0.10153374999999999
2024-04-24 18:00:00,0.09949666666666668,0.12437083333333333
2024-04-24 18:30:00,0.10070666666666667,0.12588333333333332
2024-04-24 19:00:00,0.07883666666666667,0.09854583333333333
2024-04-24 19:30:00,0.057133333333333335,0.07141666666666667
2024-04-24 20:00:00,0.015255,0.01906875
2024-04-24 20:30:00,0.006958333333333334,0.008697916666666666
2024-04-24 21:00:00,0.00799,0.009987500000000002
2024-04-24 21:30:00,2e-05,2.5e-05
2024-04-24 22:00:00,-0.008106666666666667,-0.006423333333333333
2024-04-24 22:30:00,-0.022486666666666665,-0.02240375
2024-04-24 23:00:00,0.004116666666666667,0.005145833333333333
2024-04-24 23:30:00,-0.003444999999999999,-0.002640416666666666
2024-04-25 00:00:00,0.002045,0.0014166666666666666
2024-04-25 00:30:00,0.008955,0.00671625
2024-04-25 01:00:00,0.014501666666666664,0.010876249999999999
2024-04-25 01:30:00,0.010655,0.00799125
2024-04-25 02:00:00,0.004991666666666667,0.0036883333333333334
2024-04-25 02:30:00,0.00424,0.003120833333333333
2024-04-25 03:00:00,0.0012150000000000004,7.83333333333339e-05
2024-04-25 03:30:00,-0.007490000000000001,-0.008235833333333333
2024-04-25 04:00:00,-0.003998333333333333,-0.004118333333333333
2024-04-25 04:30:00,0.00018499999999999983,-0.0009149999999999999
2024-04-25 05:00:00,0.022885,0.0161675
2024-04-25 05:30:00,0.015793333333333333,0.011845
2024-04-25 06:00:00,0.049575,0.03718125
2024-04-25 06:30:00,0.07313166666666666,0.05484875
2024-04-25 07:00:00,0.09842166666666667,0.07381625
2024-04-25 07:30:00,0.07419666666666666,0.05564750000000001
2024-04-25 08:00:00,0.04690333333333333,0.0351775
2024-04-25 08:30:00,0.021423333333333336,0.0158975
2024-04-25 09:00:00,0.015141666666666664,0.01135625
2024-04-25 09:30:00,0.014363333333333334,0.010772499999999999
2024-04-25 10:00:00,0.0020483333333333334,0.0014541666666666668
2024-04-25 10:30:00,0.00048000000000000066,-0.0016233333333333325
2024-04-25 11:00:00,-0.009085,-0.009929166666666666
2024-04-25 11:30:00,0.01183,0.008263333333333334
2024-04-25 12:00:00,-0.015818333333333334,-0.015818333333333334
2024-04-25 12:30:00,-0.05161166666666667,-0.05161166666666667
2024-04-25 13:00:00,-0.04633,-0.04633
2024-04-25 13:30:00,-0.04833666666666667,-0.04833666666666667
2024-04-25 14:00:00,-0.04562333333333333,-0.04562333333333333
2024-04-25 14:30:00,-0.04337,-0.04337
2024-04-25 15:00:00,0.008411666666666666,0.011359166666666668
2024-04-25 15:30:00,0.040365,0.05045625
2024-04-25 16:00:00,0.09311166666666666,0.11638958333333334
2024-04-25 16:30:00,0.158475,0.19809374999999999
2024-04-25 17:00:00,0.24086333333333335,0.3010791666666667
2024-04-25 17:30:00,0.28326666666666667,0.3540833333333333
2024-04-25 18:00:00,0.2892633333333334,0.36157916666666673
2024-04-25 18:30:00,0.22379333333333332,0.27974166666666667
2024-04-25 19:00:00,0.14983,0.18728749999999997
2024-04-25 19:30:00,0.11334999999999999,0.1416875
2024-04-25 20:00:00,0.10384166666666667,0.12980208333333335
2024-04-25 20:30:00,0.09620166666666667,0.12025208333333333
2024-04-25 21:00:00,0.09364,0.11705
2024-04-25 21:30:00,0.10010000000000001,0.12512500000000001
2024-04-25 22:00:00,0.09255333333333333,0.11569166666666665
2024-04-25 22:30:00,0.08879999999999999,0.111
2024-04-25 23:00:00,0.09131833333333333,0.11414791666666667
2024-04-25 23:30:00,0.08125333333333333,0.10156666666666665
2024-04-26 00:00:00,0.07715166666666666,0.05786375
2024-04-26 00:30:00,0.04506833333333334,0.03380125
2024-04-26 01:00:00,0.0322,0.02415
2024-04-26 01:30:00,0.019163333333333334,0.014372500000000002
2024-04-26 02:00:00,0.019035,0.014276249999999999
2024-04-26 02:30:00,0.009255,0.00694125
2024-04-26 03:00:00,0.005131666666666666,0.00384875
2024-04-26 03:30:00,0.00057,0.0003599999999999999
2024-04-26 04:00:00,-0.009524999999999999,-0.009959999999999998
2024-04-26 04:30:00,-0.021501666666666665,-0.021501666666666665
2024-04-26 05:00:00,-0.016806666666666668,-0.016806666666666668
2024-04-26 05:30:00,0.0026483333333333337,0.0011541666666666668
2024-04-26 06:00:00,0.010678333333333331,0.00800875
2024-04-26 06:30:00,0.01788333333333333,0.0134125
2024-04-26 07:00:00,0.024681666666666668,0.01851125
2024-04-26 07:30:00,0.06568666666666666,0.049265
2024-04-26 08:00:00,0.039626666666666664,0.02972
2024-04-26 08:30:00,-0.0010783333333333335,-0.001681666666666667
2024-04-26 09:00:00,-0.028216666666666668,-0.028216666666666668
2024-04-26 09:30:00,-0.034756666666666665,-0.034756666666666665
2024-04-26 10:00:00,-0.04689666666666667,-0.04689666666666667
2024-04-26 10:30:00,-0.04732333333333333,-0.04732333333333333
2024-04-26 11:00:00,-0.040695,-0.040695
2024-04-26 11:30:00,-0.007303333333333333,-0.00974625
2024-04-26 12:00:00,0.017853333333333336,0.017853333333333336
2024-04-26 12:30:00,0.07146833333333334,0.07146833333333334
2024-04-26 13:00:00,0.07230666666666667,0.09038333333333333
2024-04-26 13:30:00,0.056988333333333335,0.07123541666666666
2024-04-26 14:00:00,0.07370833333333333,0.09213541666666665
2024-04-26 14:30:00,0.127305,0.15913125
2024-04-26 15:00:00,0.11513333333333335,0.14391666666666666
2024-04-26 15:30:00,0.11221333333333333,0.14026666666666668
2024-04-26 16:00:00,0.13285166666666667,0.16606458333333332
2024-04-26 16:30:00,0.22004833333333332,0.27506041666666664
2024-04-26 17:00:00,0.2563166666666667,0.3203958333333333
2024-04-26 17:30:00,0.29149833333333336,0.36437291666666666
2024-04-26 18:00:00,0.260025,0.32503125
2024-04-26 18:30:00,0.21337499999999998,0.26671875
2024-04-26 19:00:00,0.18730666666666665,0.2341333333333333
2024-04-26 19:30:00,0.178175,0.22271875
2024-04-26 20:00:00,0.179585,0.22448125
2024-04-26 20:30:00,0.17227,0.2153375
2024-04-26 21:00:00,0.15615166666666666,0.19518958333333333
2024-04-26 21:30:00,0.150415,0.18801874999999998
2024-04-26 22:00:00,0.16504333333333332,0.20630416666666665
2024-04-26 22:30:00,0.163515,0.20439375
2024-04-26 23:00:00,0.22140166666666664,0.27675208333333334
2024-04-26 23:30:00,0.13685333333333333,0.17106666666666667
2024-04-27 00:00:00,0.13830833333333334,0.10373125
2024-04-27 00:30:00,0.12961666666666669,0.0972125
2024-04-27 01:00:00,0.11571,0.0867825
2024-04-27 01:30:00,0.117195,0.08789625
2024-04-27 02:00:00,0.11831000000000001,0.08873249999999999
2024-04-27 02:30:00,0.10996333333333334,0.0824725
2024-04-27 03:00:00,0.11069333333333332,0.08302
2024-04-27 03:30:00,0.10668166666666667,0.08001124999999999
2024-04-27 04:00:00,0.11358833333333333,0.08519125
2024-04-27 04:30:00,0.12124166666666668,0.09093125
2024-04-27 05:00:00,0.123635,0.09272625000000001
2024-04-27 05:30:00,0.12322833333333333,0.09242125
2024-04-27 06:00:00,0.13801,0.10350750000000002
2024-04-27 06:30:00,0.15044833333333332,0.11283625000000001
2024-04-27 07:00:00,0.16513666666666668,0.12385249999999999
2024-04-27 07:30:00,0.13375499999999999,0.10031625
2024-04-27 08:00:00,0.135205,0.10140375
2024-04-27 08:30:00,0.13270166666666666,0.09952625
2024-04-27 09:00:00,0.07418666666666666,0.055639999999999995
2024-04-27 09:30:00,0.022035,0.016526250000000003
2024-04-27 10:00:00,0.011868333333333333,0.00890125
2024-04-27 10:30:00,0.02222333333333333,0.0166675
2024-04-27 11:00:00,0.012393333333333333,0.009295
2024-04-27 11:30:00,0.012838333333333334,0.00962875
2024-04-27 12:00:00,0.01804,0.01804
2024-04-27 12:30:00,0.03124333333333333,0.03124333333333333
2024-04-27 13:00:00,0.03724,0.04655
2024-04-27 13:30:00,0.03391333333333333,0.04239166666666667
2024-04-27 14:00:00,0.060156666666666664,0.07519583333333334
2024-04-27 14:30:00,0.07890666666666667,0.09863333333333334
2024-04-27 15:00:00,0.07559833333333332,0.09449791666666667
2024-04-27 15:30:00,0.139275,0.17409375000000002
2024-04-27 16:00:00,0.16251166666666667,0.2031395833333333
2024-04-27 16:30:00,0.20653333333333332,0.25816666666666666
2024-04-27 17:00:00,0.27074666666666664,0.33843333333333336
2024-04-27 17:30:00,0.3542783333333333,0.4428479166666666
2024-04-27 18:00:00,0.3394633333333333,0.4243291666666667
2024-04-27 18:30:00,0.3332866666666667,0.4166083333333333
2024-04-27 19:00:00,0.269335,0.33666875
2024-04-27 19:30:00,0.29739166666666667,0.3717395833333333
2024-04-27 20:00:00,0.3039116666666667,0.37988958333333334
2024-04-27 20:30:00,0.28591666666666665,0.35739583333333336
2024-04-27 21:00:00,0.27213166666666666,0.3401645833333333
2024-04-27 21:30:00,0.27831,0.34788749999999996
2024-04-27 22:00:00,0.2853383333333333,0.3566729166666667
2024-04-27 22:30:00,0.2461033333333333,0.3076291666666667
2024-04-27 23:00:00,0.28105833333333335,0.35132291666666665
2024-04-27 23:30:00,0.2983733333333333,0.37296666666666667
2024-04-28 00:00:00,0.281245,0.21093375
2024-04-28 00:30:00,0.22369666666666665,0.1677725
2024-04-28 01:00:00,0.20394500000000002,0.15295875
2024-04-28 01:30:00,0.19129666666666667,0.1434725
2024-04-28 02:00:00,0.16047666666666668,0.1203575
2024-04-28 02:30:00,0.16043333333333334,0.120325
2024-04-28 03:00:00,0.16476500000000002,0.12357375
2024-04-28 03:30:00,0.164825,0.12361875
2024-04-28 04:00:00,0.19758833333333334,0.14819125
2024-04-28 04:30:00,0.18799,0.1409925
2024-04-28 05:00:00,0.1778833333333333,0.13341250000000002
2024-04-28 05:30:00,0.13154,0.09865499999999999
2024-04-28 06:00:00,0.15373166666666668,0.11529875
2024-04-28 06:30:00,0.18099999999999997,0.13575
2024-04-28 07:00:00,0.165215,0.12391125000000001
2024-04-28 07:30:00,0.11995833333333333,0.08996875
2024-04-28 08:00:00,0.11172,0.08378999999999999
2024-04-28 08:30:00,0.09009166666666667,0.06756875
2024-04-28 09:00:00,0.11807166666666667,0.08855375
2024-04-28 09:30:00,0.11119166666666667,0.08339375
2024-04-28 10:00:00,0.03997,0.029144166666666665
2024-04-28 10:30:00,0.03272833333333333,0.024546250000000002
2024-04-28 11:00:00,0.013686666666666666,0.009829583333333334
2024-04-28 11:30:00,0.016116666666666665,0.01000375
2024-04-28 12:00:00,-0.0025016666666666664,-0.0025016666666666664
2024-04-28 12:30:00,0.006528333333333333,0.006528333333333333
2024-04-28 13:00:00,-0.015050000000000001,-0.014373333333333333
2024-04-28 13:30:00,0.022021666666666665,0.027556666666666663
2024-04-28 14:00:00,0.09255666666666668,0.11569583333333333
2024-04-28 14:30:00,0.12318833333333334,0.15398541666666668
2024-04-28 15:00:00,0.13643833333333333,0.17054791666666666
2024-04-28 15:30:00,0.14937333333333333,0.18671666666666664
2024-04-28 16:00:00,0.23865500000000003,0.29831875
2024-04-28 16:30:00,0.26060833333333333,0.32576041666666666
2024-04-28 17:00:00,0.3801083333333333,0.47513541666666664
2024-04-28 17:30:00,0.4341283333333334,0.5426604166666666
2024-04-28 18:00:00,0.400045,0.50005625
2024-04-28 18:30:00,0.33690166666666665,0.4211270833333334
2024-04-28 19:00:00,0.290165,0.36270625
2024-04-28 19:30:00,0.28262666666666664,0.35328333333333334
2024-04-28 20:00:00,0.2644033333333333,0.33050416666666665
2024-04-28 20:30:00,0.19413999999999998,0.242675
2024-04-28 21:00:00,0.22277500000000003,0.27846875
2024-04-28 21:30:00,0.2388416666666667,0.29855208333333333
2024-04-28 22:00:00,0.234595,0.29324374999999997
2024-04-28 22:30:00,0.20333833333333332,0.2541729166666667
2024-04-28 23:00:00,0.21031666666666668,0.26289583333333333
2024-04-28 23:30:00,0.234175,0.29271874999999997
2024-04-29 00:00:00,0.20076000000000002,0.15057
2024-04-29 00:30:00,0.15472833333333333,0.11604625
2024-04-29 01:00:00,0.15896333333333332,0.11922250000000001
2024-04-29 01:30:00,0.06502999999999999,0.048772499999999996
2024-04-29 02:00:00,0.15346166666666666,0.11509625000000001
2024-04-29 02:30:00,0.147305,0.11047875
2024-04-29 03:00:00,0.14161666666666667,0.1062125
2024-04-29 03:30:00,0.13960666666666668,0.10470499999999999
2024-04-29 04:00:00,0.1473283333333333,0.11049625
2024-04-29 04:30:00,0.15216333333333334,0.1141225
2024-04-29 05:00:00,0.143255,0.10744125
2024-04-29 05:30:00,0.03897166666666666,0.02922875
2024-04-29 06:00:00,0.14870333333333333,0.1115275
2024-04-29 06:30:00,0.23293333333333333,0.1747
2024-04-29 07:00:00,0.26136,0.19602
2024-04-29 07:30:00,0.28344833333333336,0.21258624999999998
2024-04-29 08:00:00,0.20513,0.1538475
2024-04-29 08:30:00,0.3006683333333333,0.22550125
2024-04-29 09:00:00,0.19541833333333333,0.14656375
2024-04-29 09:30:00,0.13878500000000002,0.10408875000000001
2024-04-29 10:00:00,0.14595833333333333,0.10946875
2024-04-29 10:30:00,0.13814833333333335,0.10361125
2024-04-29 11:00:00,0.13341333333333333,0.10006
2024-04-29 11:30:00,0.1325316666666667,0.09939875
2024-04-29 12:00:00,0.11794,0.11794
2024-04-29 12:30:00,0.13163833333333333,0.13163833333333333
2024-04-29 13:00:00,0.13752833333333334,0.17191041666666665
2024-04-29 13:30:00,0.121755,0.15219375
2024-04-29 14:00:00,0.13797833333333334,0.17247291666666667
2024-04-29 14:30:00,0.16118333333333335,0.20147916666666665
2024-04-29 15:00:00,0.141475,0.17684375
2024-04-29 15:30:00,0.2229,0.278625
2024-04-29 16:00:00,0.22011333333333336,0.2751416666666667
2024-04-29 16:30:00,0.27137666666666665,0.3392208333333333
2024-04-29 17:00:00,0.2814833333333333,0.35185416666666663
2024-04-29 17:30:00,0.3582016666666667,0.44775208333333333
2024-04-29 18:00:00,0.288095,0.36011875
2024-04-29 18:30:00,0.28963833333333333,0.36204791666666664
2024-04-29 19:00:00,0.26258333333333334,0.3282291666666667
2024-04-29 19:30:00,0.22412833333333335,0.2801604166666667
2024-04-29 20:00:00,0.22262666666666667,0.2782833333333333
2024-04-29 20:30:00,0.17642833333333333,0.22053541666666665
2024-04-29 21:00:00,0.19186999999999999,0.2398375
2024-04-29 21:30:00,0.16548666666666667,0.20685833333333334
2024-04-29 22:00:00,0.16095500000000001,0.20119374999999998
2024-04-29 22:30:00,0.14159333333333332,0.17699166666666666
2024-04-29 23:00:00,0.14150166666666666,0.17687708333333332
2024-04-29 23:30:00,0.13781,0.17226249999999999
2024-04-30 00:00:00,0.14982166666666666,0.11236625
2024-04-30 00:30:00,0.14138499999999998,0.10603875
2024-04-30 01:00:00,0.12483,0.0936225
2024-04-30 01:30:00,0.1191,0.089325
2024-04-30 02:00:00,0.11164333333333333,0.0837325
2024-04-30 02:30:00,0.09770000000000001,0.07327499999999999
2024-04-30 03:00:00,0.08350833333333334,0.06263125
2024-04-30 03:30:00,0.07521333333333334,0.056409999999999995
2024-04-30 04:00:00,0.07668166666666668,0.05751124999999999
2024-04-30 04:30:00,0.08531833333333333,0.06398875
2024-04-30 05:00:00,0.106835,0.08012625
2024-04-30 05:30:00,0.10730333333333332,0.0804775
2024-04-30 06:00:00,0.15655166666666667,0.11741375000000003
2024-04-30 06:30:00,0.21901833333333331,0.16426375000000001
2024-04-30 07:00:00,0.23361166666666666,0.17520875
2024-04-30 07:30:00,0.15072,0.11303999999999999
2024-04-30 08:00:00,0.186015,0.13951125
2024-04-30 08:30:00,0.13723333333333332,0.102925
2024-04-30 09:00:00,0.11913,0.08934750000000001
2024-04-30 09:30:00,0.07544833333333333,0.056586250000000005
2024-04-30 10:00:00,0.03596833333333333,0.026976249999999997
2024-04-30 10:30:00,0.015393333333333334,0.011545
2024-04-30 11:00:00,0.017403333333333333,0.0130525
2024-04-30 11:30:00,0.01843,0.0138225
2024-04-30 12:00:00,0.011748333333333333,0.011748333333333333
2024-04-30 12:30:00,0.021461666666666667,0.021461666666666667
2024-04-30 13:00:00,0.012605,0.01575625
2024-04-30 13:30:00,0.014576666666666667,0.018459583333333335
2024-04-30 14:00:00,0.022763333333333333,0.028454166666666666
2024-04-30 14:30:00,0.03602333333333333,0.04502916666666667
2024-04-30 15:00:00,0.036573333333333326,0.04571666666666666
2024-04-30 15:30:00,0.10302,0.128775
2024-04-30 16:00:00,0.12607500000000002,0.15759375
2024-04-30 16:30:00,0.12723333333333334,0.15904166666666666
2024-04-30 17:00:00,0.19540499999999997,0.24425624999999998
2024-04-30 17:30:00,0.24634166666666668,0.30792708333333335
2024-04-30 18:00:00,0.20897166666666667,0.2612145833333333
2024-04-30 18:30:00,0.20514833333333335,0.25643541666666664
2024-04-30 19:00:00,0.15603833333333333,0.19504791666666668
2024-04-30 19:30:00,0.13183833333333334,0.16479791666666668
2024-04-30 20:00:00,0.12856666666666666,0.16070833333333334
2024-04-30 20:30:00,0.11312,0.1414
2024-04-30 21:00:00,0.10763833333333334,0.13454791666666666
2024-04-30 21:30:00,0.05965,0.07456249999999999
2024-04-30 22:00:00,0.007263333333333333,0.009079166666666666
2024-04-30 22:30:00,-0.0018933333333333335,-0.001515
2024-04-30 23:00:00,0.006135000000000001,0.007668749999999999
2024-04-30 23:30:00,-0.004151666666666667,-0.0034020833333333338
2024-05-01 00:00:00,-0.03624,-0.03645958333333333
2024-05-01 00:30:00,-0.046106666666666664,-0.046106666666666664
2024-05-01 01:00:00,-0.046175,-0.046175
2024-05-01 01:30:00,-0.04715,-0.04715
2024-05-01 02:00:00,-0.04720666666666667,-0.04720666666666667
2024-05-01 02:30:00,-0.04732,-0.04732
2024-05-01 03:00:00,-0.047490000000000004,-0.047490000000000004
2024-05-01 03:30:00,-0.047433333333333334,-0.047433333333333334
2024-05-01 04:00:00,-0.04890333333333333,-0.04890333333333333
2024-05-01 04:30:00,-0.047490000000000004,-0.047490000000000004
2024-05-01 05:00:00,-0.046448333333333335,-0.046448333333333335
2024-05-01 05:30:00,0.021725000000000005,0.01629375
2024-05-01 06:00:00,0.07315333333333333,0.054865
2024-05-01 06:30:00,0.09863166666666667,0.07397374999999999
2024-05-01 07:00:00,0.09730166666666666,0.07297625
2024-05-01 07:30:00,0.09133833333333334,0.06850374999999999
2024-05-01 08:00:00,0.07709,0.057817499999999994
2024-05-01 08:30:00,0.012115,0.009086249999999999
2024-05-01 09:00:00,0.0004466666666666664,-0.0004983333333333333
2024-05-01 09:30:00,-0.016425,-0.01688
2024-05-01 10:00:00,0.028113333333333334,0.01986083333333333
2024-05-01 10:30:00,-0.007816666666666668,-0.009496666666666669
2024-05-01 11:00:00,-0.014058333333333332,-0.015098333333333333
2024-05-01 11:30:00,-0.003196666666666667,-0.004861666666666666
2024-05-01 12:00:00,-0.016245,-0.016245
2024-05-01 12:30:00,-0.01534,-0.01534
2024-05-01 13:00:00,-0.002393333333333333,-0.0020337499999999995
2024-05-01 13:30:00,-0.008523333333333334,-0.008072916666666667
2024-05-01 14:00:00,-0.007946666666666666,-0.007006666666666667
2024-05-01 14:30:00,-0.02886,-0.0284875
2024-05-01 15:00:00,0.006478333333333333,0.009245833333333333
2024-05-01 15:30:00,0.05500166666666667,0.06875208333333334
2024-05-01 16:00:00,0.08925499999999999,0.11156875
2024-05-01 16:30:00,0.18232166666666663,0.2279020833333333
2024-05-01 17:00:00,0.17167999999999997,0.21459999999999999
2024-05-01 17:30:00,0.14763833333333334,0.18454791666666667
2024-05-01 18:00:00,0.142675,0.17834375
2024-05-01 18:30:00,0.18726166666666666,0.23407708333333332
2024-05-01 19:00:00,0.16643166666666667,0.2080395833333333
2024-05-01 19:30:00,0.15055833333333332,0.18819791666666666
2024-05-01 20:00:00,0.15071833333333332,0.18839791666666664
2024-05-01 20:30:00,0.15319333333333332,0.19149166666666664
2024-05-01 21:00:00,0.1369733333333333,0.17121666666666666
2024-05-01 21:30:00,0.12561166666666665,0.15701458333333332
2024-05-01 22:00:00,0.15494666666666665,0.19368333333333332
2024-05-01 22:30:00,0.15228666666666665,0.19035833333333332
2024-05-01 23:00:00,0.16524333333333333,0.20655416666666668
2024-05-01 23:30:00,0.1846783333333333,0.23084791666666668
2024-05-02 00:00:00,0.17499999999999996,0.13125
2024-05-02 00:30:00,0.217935,0.16345125000000002
2024-05-02 01:00:00,0.18472,0.13854
2024-05-02 01:30:00,0.13203499999999999,0.09902625
2024-05-02 02:00:00,0.11200166666666667,0.08400124999999999
2024-05-02 02:30:00,0.10929333333333334,0.08197
2024-05-02 03:00:00,0.11681666666666668,0.0876125
2024-05-02 03:30:00,0.12015833333333333,0.09011875000000001
2024-05-02 04:00:00,0.124155,0.09311625
2024-05-02 04:30:00,0.13392333333333334,0.10044249999999999
2024-05-02 05:00:00,0.150105,0.11257875
2024-05-02 05:30:00,0.143435,0.10757625
2024-05-02 06:00:00,0.22878999999999997,0.1715925
2024-05-02 06:30:00,0.28408833333333333,0.21306625
2024-05-02 07:00:00,0.3019716666666667,0.22647875000000003
2024-05-02 07:30:00,0.24139,0.1810425
2024-05-02 08:00:00,0.25858333333333333,0.19393749999999998
2024-05-02 08:30:00,0.24966666666666668,0.18725
2024-05-02 09:00:00,0.1703,0.127725
2024-05-02 09:30:00,0.15685666666666667,0.1176425
2024-05-02 10:00:00,0.13000333333333333,0.09750249999999999
2024-05-02 10:30:00,0.12152166666666665,0.09114125
2024-05-02 11:00:00,0.11505666666666665,0.0862925
2024-05-02 11:30:00,0.13024166666666667,0.09768125
2024-05-02 12:00:00,0.12972333333333333,0.12972333333333333
2024-05-02 12:30:00,0.18389833333333336,0.18389833333333336
2024-05-02 13:00:00,0.15506166666666665,0.19382708333333332
2024-05-02 13:30:00,0.140345,0.17543125
2024-05-02 14:00:00,0.13125,0.1640625
2024-05-02 14:30:00,0.139735,0.17466875
2024-05-02 15:00:00,0.14890833333333334,0.18613541666666666
2024-05-02 15:30:00,0.1873566666666667,0.2341958333333333
2024-05-02 16:00:00,0.26321,0.3290125
2024-05-02 16:30:00,0.3157816666666666,0.39472708333333334
2024-05-02 17:00:00,0.344595,0.43074375
2024-05-02 17:30:00,0.3115833333333333,0.38947916666666665
2024-05-02 18:00:00,0.3016733333333333,0.37709166666666666
2024-05-02 18:30:00,0.23006666666666664,0.28758333333333336
2024-05-02 19:00:00,0.29990666666666665,0.3748833333333333
2024-05-02 19:30:00,0.2995,0.37437499999999996
2024-05-02 20:00:00,0.2995,0.37437499999999996
2024-05-02 20:30:00,0.2995,0.37437499999999996
2024-05-02 21:00:00,0.23837333333333333,0.29796666666666666
2024-05-02 21:30:00,0.14952999999999997,0.1869125
2024-05-02 22:00:00,0.18936833333333333,0.23671041666666667
2024-05-02 22:30:00,0.158805,0.19850625
2024-05-02 23:00:00,0.18384166666666668,0.22980208333333332
2024-05-02 23:30:00,0.14706333333333332,0.18382916666666668
2024-05-03 00:00:00,0.19987,0.14990250000000002
2024-05-03 00:30:00,0.17770166666666665,0.13327625
2024-05-03 01:00:00,0.14254333333333333,0.1069075
2024-05-03 01:30:00,0.14339333333333334,0.107545
2024-05-03 02:00:00,0.12115666666666668,0.09086749999999999
2024-05-03 02:30:00,0.12474166666666665,0.09355625
2024-05-03 03:00:00,0.11900166666666667,0.08925125
2024-05-03 03:30:00,0.10780166666666667,0.08085125
2024-05-03 04:00:00,0.09966000000000001,0.07474499999999999
2024-05-03 04:30:00,0.07937166666666666,0.05952875
2024-05-03 05:00:00,0.11086499999999999,0.08314875000000001
2024-05-03 05:30:00,0.09943333333333333,0.074575
2024-05-03 06:00:00,0.12545333333333333,0.09409000000000001
2024-05-03 06:30:00,0.08898,0.066735
2024-05-03 07:00:00,0.15887666666666667,0.11915750000000001
2024-05-03 07:30:00,0.10811,0.0810825
2024-05-03 08:00:00,0.11470333333333334,0.08602749999999999
2024-05-03 08:30:00,0.08381499999999999,0.06286125
2024-05-03 09:00:00,0.03773166666666667,0.02829875
2024-05-03 09:30:00,0.015461666666666665,0.01159625
2024-05-03 10:00:00,0.008075,0.00605625
2024-05-03 10:30:00,0.005276666666666666,0.0039575
2024-05-03 11:00:00,-0.01768166666666667,-0.0176825
2024-05-03 11:30:00,-0.023065,-0.0234375
2024-05-03 12:00:00,-0.00674,-0.00674
2024-05-03 12:30:00,0.002153333333333334,0.002153333333333334
2024-05-03 13:00:00,0.010338333333333333,0.012922916666666666
2024-05-03 13:30:00,0.016286666666666668,0.020358333333333332
2024-05-03 14:00:00,0.06109666666666667,0.07637083333333333
2024-05-03 14:30:00,0.09678333333333333,0.12097916666666668
2024-05-03 15:00:00,0.09688000000000001,0.1211
2024-05-03 15:30:00,0.12471166666666667,0.15588958333333333
2024-05-03 16:00:00,0.16167333333333334,0.20209166666666667
2024-05-03 16:30:00,0.2543783333333333,0.31797291666666666
2024-05-03 17:00:00,0.22939333333333334,0.2867416666666667
2024-05-03 17:30:00,0.26990333333333333,0.3373791666666666
2024-05-03 18:00:00,0.19468,0.24334999999999998
2024-05-03 18:30:00,0.18763666666666667,0.23454583333333334
2024-05-03 19:00:00,0.21923166666666663,0.27403958333333334
2024-05-03 19:30:00,0.21701333333333336,0.2712666666666667
2024-05-03 20:00:00,0.19463,0.2432875
2024-05-03 20:30:00,0.1699183333333333,0.21239791666666666
2024-05-03 21:00:00,0.18481833333333333,0.23102291666666666
2024-05-03 21:30:00,0.24823833333333334,0.3102979166666667
2024-05-03 22:00:00,0.26919,0.3364875
2024-05-03 22:30:00,0.19960166666666668,0.24950208333333335
2024-05-03 23:00:00,0.20656833333333333,0.25821041666666666
2024-05-03 23:30:00,0.201645,0.25205625
2024-05-04 00:00:00,0.26508499999999996,0.19881375
2024-05-04 00:30:00,0.21520499999999998,0.16140374999999998
2024-05-04 01:00:00,0.18027666666666667,0.1352075
2024-05-04 01:30:00,0.140755,0.10556624999999999
2024-05-04 02:00:00,0.13510000000000003,0.101325
2024-05-04 02:30:00,0.13439,0.10079250000000001
2024-05-04 03:00:00,0.12733999999999998,0.095505
2024-05-04 03:30:00,0.12187666666666667,0.09140750000000002
2024-05-04 04:00:00,0.14884333333333333,0.11163250000000001
2024-05-04 04:30:00,0.15799166666666667,0.11849375
2024-05-04 05:00:00,0.17791333333333334,0.133435
2024-05-04 05:30:00,0.15929333333333331,0.11947
2024-05-04 06:00:00,0.17816666666666667,0.133625
2024-05-04 06:30:00,0.22468,0.16850999999999997
2024-05-04 07:00:00,0.2563533333333334,0.192265
2024-05-04 07:30:00,0.25556,0.19167
2024-05-04 08:00:00,0.15977333333333335,0.11982999999999999
2024-05-04 08:30:00,0.175315,0.13148625
2024-05-04 09:00:00,0.17555833333333334,0.13166875
2024-05-04 09:30:00,0.12319333333333334,0.092395
2024-05-04 10:00:00,0.11180666666666667,0.083855
2024-05-04 10:30:00,0.08442500000000001,0.06331875
2024-05-04 11:00:00,0.0958,0.07185000000000001
2024-05-04 11:30:00,0.10647833333333334,0.07985874999999999
2024-05-04 12:00:00,0.09724666666666666,0.09724666666666666
2024-05-04 12:30:00,0.08514500000000001,0.08514500000000001
2024-05-04 13:00:00,0.07869833333333333,0.09837291666666666
2024-05-04 13:30:00,0.16501,0.20626250000000002
2024-05-04 14:00:00,0.11277999999999999,0.140975
2024-05-04 14:30:00,0.17763833333333334,0.22204791666666668
2024-05-04 15:00:00,0.16141166666666665,0.20176458333333333
2024-05-04 15:30:00,0.2053866666666667,0.2567333333333333
2024-05-04 16:00:00,0.18186333333333335,0.22732916666666667
2024-05-04 16:30:00,0.2826766666666667,0.3533458333333333
2024-05-04 17:00:00,0.27486166666666667,0.34357708333333337
2024-05-04 17:30:00,0.274165,0.34270625
2024-05-04 18:00:00,0.2549383333333333,0.31867291666666664
2024-05-04 18:30:00,0.2602716666666667,0.32533958333333335
2024-05-04 19:00:00,0.20488000000000003,0.2561
2024-05-04 19:30:00,0.200465,0.25058125000000003
2024-05-04 20:00:00,0.16358666666666669,0.20448333333333335
2024-05-04 20:30:00,0.15055,0.18818749999999998
2024-05-04 21:00:00,0.16024833333333333,0.20031041666666669
2024-05-04 21:30:00,0.17312666666666668,0.2164083333333333
2024-05-04 22:00:00,0.16977,0.2122125
2024-05-04 22:30:00,0.14784666666666665,0.18480833333333332
2024-05-04 23:00:00,0.14085,0.1760625
2024-05-04 23:30:00,0.13154666666666667,0.16443333333333335
2024-05-05 00:00:00,0.13900500000000002,0.10425374999999999
2024-05-05 00:30:00,0.1305666666666667,0.097925
2024-05-05 01:00:00,0.12147999999999999,0.09111000000000001
2024-05-05 01:30:00,0.11949166666666666,0.08961875000000001
2024-05-05 02:00:00,0.11125,0.0834375
2024-05-05 02:30:00,0.10615333333333334,0.079615
2024-05-05 03:00:00,0.11187166666666666,0.08390375
2024-05-05 03:30:00,0.11479166666666667,0.08609375000000001
2024-05-05 04:00:00,0.104705,0.07852875
2024-05-05 04:30:00,0.11692833333333334,0.08769624999999999
2024-05-05 05:00:00,0.12714666666666666,0.09536
2024-05-05 05:30:00,0.13489666666666666,0.1011725
2024-05-05 06:00:00,0.14520999999999998,0.1089075
2024-05-05 06:30:00,0.13335333333333332,0.100015
2024-05-05 07:00:00,0.14033166666666666,0.10524875
2024-05-05 07:30:00,0.11825000000000001,0.08868749999999999
2024-05-05 08:00:00,0.12875666666666666,0.09656749999999999
2024-05-05 08:30:00,0.12536666666666665,0.09402500000000001
2024-05-05 09:00:00,0.143965,0.10797375
2024-05-05 09:30:00,0.2011683333333333,0.15087625
2024-05-05 10:00:00,0.008185,0.005384583333333332
2024-05-05 10:30:00,0.00479,0.00337375
2024-05-05 11:00:00,-0.012081666666666666,-0.012538750000000001
2024-05-05 11:30:00,-0.034205,-0.034205
2024-05-05 12:00:00,-0.02838,-0.02838
2024-05-05 12:30:00,-0.05038,-0.05038
2024-05-05 13:00:00,-0.051375000000000004,-0.051375000000000004
2024-05-05 13:30:00,-0.051430000000000003,-0.051430000000000003
2024-05-05 14:00:00,-0.01575333333333333,-0.014908333333333334
2024-05-05 14:30:00,-0.0013233333333333337,0.00044083333333333404
2024-05-05 15:00:00,0.025473333333333334,0.031841666666666664
2024-05-05 15:30:00,0.06254333333333334,0.07817916666666667
2024-05-05 16:00:00,0.15179666666666666,0.18974583333333336
2024-05-05 16:30:00,0.22477499999999997,0.28096875
2024-05-05 17:00:00,0.2421283333333333,0.30266041666666665
2024-05-05 17:30:00,0.17467,0.2183375
2024-05-05 18:00:00,0.13328166666666666,0.16660208333333335
2024-05-05 18:30:00,0.23376166666666667,0.29220208333333336
2024-05-05 19:00:00,0.1833566666666667,0.22919583333333335
2024-05-05 19:30:00,0.14049,0.17561250000000003
2024-05-05 20:00:00,0.15632166666666666,0.19540208333333334
2024-05-05 20:30:00,0.15492,0.19365000000000002
2024-05-05 21:00:00,0.14713833333333334,0.18392291666666669
2024-05-05 21:30:00,0.12627666666666668,0.15784583333333332
2024-05-05 22:00:00,0.12420833333333332,0.15526041666666668
2024-05-05 22:30:00,0.12097666666666666,0.15122083333333333
2024-05-05 23:00:00,0.12271666666666665,0.15339583333333334
2024-05-05 23:30:00,0.12427500000000001,0.15534375
2024-05-06 00:00:00,0.11262333333333334,0.08446749999999999
2024-05-06 00:30:00,0.12515,0.0938625
2024-05-06 01:00:00,0.12815666666666667,0.09611750000000001
2024-05-06 01:30:00,0.09969499999999999,0.07477125
2024-05-06 02:00:00,0.09297666666666667,0.06973249999999999
2024-05-06 02:30:00,0.09748,0.07311
2024-05-06 03:00:00,0.087715,0.06578625
2024-05-06 03:30:00,0.09041500000000001,0.06781125
2024-05-06 04:00:00,0.10215166666666665,0.07661375
2024-05-06 04:30:00,0.12040000000000001,0.0903
2024-05-06 05:00:00,0.12565166666666666,0.09423875
2024-05-06 05:30:00,0.14110666666666669,0.10583
2024-05-06 06:00:00,0.18047166666666667,0.13535375
2024-05-06 06:30:00,0.18575833333333333,0.13931875
2024-05-06 07:00:00,0.26372,0.19779
2024-05-06 07:30:00,0.26522166666666663,0.19891625
2024-05-06 08:00:00,0.18388000000000002,0.13791
2024-05-06 08:30:00,0.16417166666666666,0.12312875
2024-05-06 09:00:00,0.2111316666666667,0.15834875
2024-05-06 09:30:00,0.15051666666666666,0.11288749999999999
2024-05-06 10:00:00,0.14102166666666668,0.10576625
2024-05-06 10:30:00,0.13105,0.09828750000000001
2024-05-06 11:00:00,0.03693833333333333,0.02770375
2024-05-06 11:30:00,0.034964999999999996,0.02622375
2024-05-06 12:00:00,0.03407333333333333,0.03407333333333333
2024-05-06 12:30:00,0.021753333333333333,0.021753333333333333
2024-05-06 13:00:00,0.06917,0.0864625
2024-05-06 13:30:00,0.04976666666666666,0.06220833333333333
2024-05-06 14:00:00,0.10226166666666665,0.12782708333333334
2024-05-06 14:30:00,0.06114666666666666,0.07643333333333334
2024-05-06 15:00:00,0.058145,0.07268124999999999
2024-05-06 15:30:00,0.10994166666666667,0.13742708333333334
2024-05-06 16:00:00,0.18572,0.23215
2024-05-06 16:30:00,0.18819166666666667,0.2352395833333333
2024-05-06 17:00:00,0.20148,0.25184999999999996
2024-05-06 17:30:00,0.26589333333333337,0.33236666666666664
2024-05-06 18:00:00,0.271985,0.33998124999999996
2024-05-06 18:30:00,0.23969,0.2996125
2024-05-06 19:00:00,0.14051333333333335,0.17564166666666667
2024-05-06 19:30:00,0.12790166666666666,0.15987708333333334
2024-05-06 20:00:00,0.12478333333333334,0.15597916666666667
2024-05-06 20:30:00,0.14290833333333333,0.17863541666666669
2024-05-06 21:00:00,0.13212,0.16515
2024-05-06 21:30:00,0.12872,0.16090000000000002
2024-05-06 22:00:00,0.123075,0.15384375
2024-05-06 22:30:00,0.12196166666666668,0.15245208333333335
2024-05-06 23:00:00,0.1201,0.150125
2024-05-06 23:30:00,0.114685,0.14335625
2024-05-07 00:00:00,0.098055,0.07354125
2024-05-07 00:30:00,0.11029833333333333,0.08272375
2024-05-07 01:00:00,0.09935666666666666,0.0745175
2024-05-07 01:30:00,0.09724666666666666,0.072935
2024-05-07 02:00:00,0.103915,0.07793625
2024-05-07 02:30:00,0.10824,0.08118
2024-05-07 03:00:00,0.10045,0.0753375
2024-05-07 03:30:00,0.09947666666666666,0.07460750000000001
2024-05-07 04:00:00,0.11410333333333333,0.08557749999999999
2024-05-07 04:30:00,0.11601833333333333,0.08701375
2024-05-07 05:00:00,0.12990666666666667,0.09743
2024-05-07 05:30:00,0.13239166666666666,0.09929375
2024-05-07 06:00:00,0.25061833333333333,0.18796374999999999
2024-05-07 06:30:00,0.29923666666666665,0.2244275
2024-05-07 07:00:00,0.2995,0.224625
2024-05-07 07:30:00,0.30062833333333333,0.22547124999999998
2024-05-07 08:00:00,0.264025,0.19801875
2024-05-07 08:30:00,0.17236333333333334,0.12927249999999998
2024-05-07 09:00:00,0.13709000000000002,0.1028175
2024-05-07 09:30:00,0.14677166666666666,0.11007875
2024-05-07 10:00:00,0.11255333333333332,0.084415
2024-05-07 10:30:00,0.101175,0.07588125
2024-05-07 11:00:00,0.10774833333333333,0.08081125
2024-05-07 11:30:00,0.08489833333333334,0.06367375
2024-05-07 12:00:00,0.09682666666666667,0.09682666666666667
2024-05-07 12:30:00,0.09424333333333333,0.09424333333333333
2024-05-07 13:00:00,0.09932666666666666,0.12415833333333333
2024-05-07 13:30:00,0.09401333333333334,0.11751666666666667
2024-05-07 14:00:00,0.11987333333333333,0.14984166666666668
2024-05-07 14:30:00,0.106445,0.13305625
2024-05-07 15:00:00,0.12113666666666667,0.15142083333333334
2024-05-07 15:30:00,0.16956333333333332,0.21195416666666667
2024-05-07 16:00:00,0.19402166666666668,0.24252708333333337
2024-05-07 16:30:00,0.25551666666666667,0.3193958333333333
2024-05-07 17:00:00,0.2947016666666667,0.36837708333333335
2024-05-07 17:30:00,0.435935,0.54491875
2024-05-07 18:00:00,0.40934833333333337,0.5116854166666667
2024-05-07 18:30:00,0.32661833333333334,0.4082729166666667
2024-05-07 19:00:00,0.30012833333333333,0.37516041666666666
2024-05-07 19:30:00,0.2847933333333333,0.3559916666666667
2024-05-07 20:00:00,0.26258,0.328225
2024-05-07 20:30:00,0.19349000000000002,0.2418625
2024-05-07 21:00:00,0.16579666666666668,0.20724583333333332
2024-05-07 21:30:00,0.17111,0.2138875
2024-05-07 22:00:00,0.17779833333333336,0.22224791666666666
2024-05-07 22:30:00,0.17685333333333333,0.22106666666666666
2024-05-07 23:00:00,0.2104,0.263
2024-05-07 23:30:00,0.21070833333333336,0.26338541666666665
2024-05-08 00:00:00,0.17446000000000003,0.130845
2024-05-08 00:30:00,0.14681666666666668,0.1101125
2024-05-08 01:00:00,0.12611666666666668,0.0945875
2024-05-08 01:30:00,0.13727333333333333,0.102955
2024-05-08 02:00:00,0.127365,0.09552375
2024-05-08 02:30:00,0.12593333333333334,0.09444999999999999
2024-05-08 03:00:00,0.124865,0.09364875
2024-05-08 03:30:00,0.12662666666666667,0.09497
2024-05-08 04:00:00,0.13060666666666668,0.097955
2024-05-08 04:30:00,0.15681333333333333,0.11760999999999999
2024-05-08 05:00:00,0.18483333333333332,0.138625
2024-05-08 05:30:00,0.21851166666666666,0.16388375
2024-05-08 06:00:00,0.27730166666666667,0.20797624999999997
2024-05-08 06:30:00,0.3078033333333333,0.2308525
2024-05-08 07:00:00,0.2995,0.224625
2024-05-08 07:30:00,0.2995,0.224625
2024-05-08 08:00:00,0.22098333333333334,0.1657375
2024-05-08 08:30:00,0.15638166666666667,0.11728625
2024-05-08 09:00:00,0.22571666666666668,0.1692875
2024-05-08 09:30:00,0.186955,0.14021625000000001
2024-05-08 10:00:00,0.15308000000000002,0.11481000000000001
2024-05-08 10:30:00,0.14675166666666667,0.11006375
2024-05-08 11:00:00,0.15278166666666668,0.11458625
2024-05-08 11:30:00,0.18169333333333335,0.13627
2024-05-08 12:00:00,0.19925833333333332,0.19925833333333332
2024-05-08 12:30:00,0.14808,0.14808
2024-05-08 13:00:00,0.16081166666666666,0.20101458333333333
2024-05-08 13:30:00,0.13708833333333334,0.17136041666666665
2024-05-08 14:00:00,0.13987166666666667,0.17483958333333335
2024-05-08 14:30:00,0.15191833333333335,0.18989791666666667
2024-05-08 15:00:00,0.20709666666666668,0.25887083333333333
2024-05-08 15:30:00,0.19066166666666665,0.23832708333333333
2024-05-08 16:00:00,0.29343,0.3667875
2024-05-08 16:30:00,0.31763166666666665,0.39703958333333333
2024-05-08 17:00:00,0.4245116666666666,0.5306395833333334
2024-05-08 17:30:00,0.8686066666666666,1.0857583333333334
2024-05-08 18:00:00,0.6564266666666666,0.8205333333333332
2024-05-08 18:30:00,0.45179166666666665,0.5647395833333334
2024-05-08 19:00:00,0.2996733333333333,0.37459166666666666
2024-05-08 19:30:00,0.29852666666666666,0.3731583333333333
2024-05-08 20:00:00,0.2941416666666667,0.3676770833333334
2024-05-08 20:30:00,0.226765,0.28345625
2024-05-08 21:00:00,0.20977,0.2622125
2024-05-08 21:30:00,0.1613116666666667,0.20163958333333332
2024-05-08 22:00:00,0.189115,0.23639374999999999
2024-05-08 22:30:00,0.18261666666666668,0.22827083333333334
2024-05-08 23:00:00,0.2063866666666667,0.25798333333333334
2024-05-08 23:30:00,0.18034333333333333,0.22542916666666668
2024-05-09 00:00:00,0.19822166666666666,0.14866625
2024-05-09 00:30:00,0.17168166666666665,0.12876125
2024-05-09 01:00:00,0.14619666666666667,0.10964750000000001
2024-05-09 01:30:00,0.14258,0.106935
2024-05-09 02:00:00,0.13293333333333332,0.09970000000000001
2024-05-09 02:30:00,0.13607666666666665,0.10205749999999998
2024-05-09 03:00:00,0.122405,0.09180375
2024-05-09 03:30:00,0.12939166666666665,0.09704375
2024-05-09 04:00:00,0.13837333333333332,0.10378
2024-05-09 04:30:00,0.14167,0.10625250000000001
2024-05-09 05:00:00,0.14271333333333333,0.10703499999999999
2024-05-09 05:30:00,0.14715666666666669,0.1103675
2024-05-09 06:00:00,0.27928333333333333,0.2094625
2024-05-09 06:30:00,0.29420833333333335,0.22065625
2024-05-09 07:00:00,0.326855,0.24514125
2024-05-09 07:30:00,0.21788666666666667,0.163415
2024-05-09 08:00:00,0.11075499999999999,0.08306625
2024-05-09 08:30:00,0.11589500000000001,0.08692124999999999
2024-05-09 09:00:00,0.137485,0.10311375
2024-05-09 09:30:00,0.09927333333333334,0.07445500000000001
2024-05-09 10:00:00,0.05132333333333333,0.0384925
2024-05-09 10:30:00,0.035655,0.026741250000000005
2024-05-09 11:00:00,0.03368666666666667,0.025265
2024-05-09 11:30:00,0.04255833333333334,0.03191875
2024-05-09 12:00:00,0.04097166666666666,0.04097166666666666
2024-05-09 12:30:00,0.03667666666666666,0.03667666666666666
2024-05-09 13:00:00,0.04579666666666666,0.057245833333333336
2024-05-09 13:30:00,0.06900166666666667,0.08625208333333334
2024-05-09 14:00:00,0.08056833333333334,0.10071041666666668
2024-05-09 14:30:00,0.11058333333333333,0.13822916666666665
2024-05-09 15:00:00,0.10491666666666666,0.13114583333333332
2024-05-09 15:30:00,0.15636166666666668,0.19545208333333333
2024-05-09 16:00:00,0.20302499999999998,0.25378125
2024-05-09 16:30:00,0.21884833333333334,0.2735604166666667
2024-05-09 17:00:00,0.22327333333333335,0.2790916666666667
2024-05-09 17:30:00,0.28670999999999996,0.3583875
2024-05-09 18:00:00,0.28577,0.3572125
2024-05-09 18:30:00,0.22010666666666667,0.27513333333333334
2024-05-09 19:00:00,0.18016666666666667,0.22520833333333332
2024-05-09 19:30:00,0.19600833333333334,0.24501041666666667
2024-05-09 20:00:00,0.18108500000000002,0.22635625
2024-05-09 20:30:00,0.16317,0.20396249999999996
2024-05-09 21:00:00,0.157025,0.19628125
2024-05-09 21:30:00,0.15528333333333336,0.19410416666666666
2024-05-09 22:00:00,0.155925,0.19490624999999998
2024-05-09 22:30:00,0.12188,0.15234999999999999
2024-05-09 23:00:00,0.13860166666666668,0.1732520833333333
2024-05-09 23:30:00,0.14445666666666668,0.18057083333333332
2024-05-10 00:00:00,0.15537333333333334,0.11653000000000001
2024-05-10 00:30:00,0.15370166666666665,0.11527625000000001
2024-05-10 01:00:00,0.13625833333333334,0.10219375000000001
2024-05-10 01:30:00,0.13000166666666665,0.09750125
2024-05-10 02:00:00,0.13141666666666665,0.0985625
2024-05-10 02:30:00,0.13890333333333335,0.10417749999999999
2024-05-10 03:00:00,0.142735,0.10705125
2024-05-10 03:30:00,0.13389166666666666,0.10041875
2024-05-10 04:00:00,0.148315,0.11123625
2024-05-10 04:30:00,0.16841333333333333,0.12631
2024-05-10 05:00:00,0.17829166666666665,0.13371875
2024-05-10 05:30:00,0.17812833333333333,0.13359625
2024-05-10 06:00:00,0.20004,0.15003
2024-05-10 06:30:00,0.26371,0.1977825
2024-05-10 07:00:00,0.28009833333333334,0.21007374999999998
2024-05-10 07:30:00,0.22169333333333333,0.16627
2024-05-10 08:00:00,0.164805,0.12360375
2024-05-10 08:30:00,0.18989666666666669,0.14242249999999998
2024-05-10 09:00:00,0.14003166666666667,0.10502375000000001
2024-05-10 09:30:00,0.198445,0.14883375
2024-05-10 10:00:00,0.16641999999999998,0.12481500000000001
2024-05-10 10:30:00,0.15798,0.118485
2024-05-10 11:00:00,0.15038666666666667,0.11279
2024-05-10 11:30:00,0.1443016666666667,0.10822625000000001
2024-05-10 12:00:00,0.10680166666666667,0.10680166666666667
2024-05-10 12:30:00,0.12254666666666668,0.12254666666666668
2024-05-10 13:00:00,0.12293,0.1536625
2024-05-10 13:30:00,0.12885,0.1610625
2024-05-10 14:00:00,0.136035,0.17004375000000002
2024-05-10 14:30:00,0.16707666666666668,0.20884583333333331
2024-05-10 15:00:00,0.18924333333333335,0.23655416666666665
2024-05-10 15:30:00,0.286245,0.35780625000000005
2024-05-10 16:00:00,0.2764066666666667,0.3455083333333333
2024-05-10 16:30:00,0.291475,0.36434375
2024-05-10 17:00:00,0.304465,0.38058125000000004
2024-05-10 17:30:00,0.3181333333333333,0.39766666666666667
2024-05-10 18:00:00,0.31844,0.39805
2024-05-10 18:30:00,0.29871833333333336,0.3733979166666666
2024-05-10 19:00:00,0.25134666666666666,0.3141833333333333
2024-05-10 19:30:00,0.22882,0.286025
2024-05-10 20:00:00,0.251175,0.31396875
2024-05-10 20:30:00,0.19575666666666666,0.24469583333333333
2024-05-10 21:00:00,0.17642166666666667,0.22052708333333335
2024-05-10 21:30:00,0.23907333333333333,0.2988416666666666
2024-05-10 22:00:00,0.26198499999999997,0.32748125
2024-05-10 22:30:00,0.23608333333333334,0.29510416666666667
2024-05-10 23:00:00,0.23749166666666666,0.2968645833333333
2024-05-10 23:30:00,0.17003333333333334,0.21254166666666666
2024-05-11 00:00:00,0.18525333333333335,0.13893999999999998
2024-05-11 00:30:00,0.1776333333333333,0.133225
2024-05-11 01:00:00,0.15888666666666665,0.11916500000000001
2024-05-11 01:30:00,0.15126333333333333,0.11344749999999999
2024-05-11 02:00:00,0.15049166666666666,0.11286875
2024-05-11 02:30:00,0.14454333333333333,0.10840749999999999
2024-05-11 03:00:00,0.14108333333333334,0.10581249999999999
2024-05-11 03:30:00,0.13342666666666667,0.10006999999999999
2024-05-11 04:00:00,0.16481833333333332,0.12361375000000001
2024-05-11 04:30:00,0.17117666666666667,0.1283825
2024-05-11 05:00:00,0.23006000000000001,0.17254500000000003
2024-05-11 05:30:00,0.15151333333333333,0.113635
2024-05-11 06:00:00,0.17959166666666668,0.13469375
2024-05-11 06:30:00,0.21738166666666667,0.16303625
2024-05-11 07:00:00,0.23208833333333334,0.17406625
2024-05-11 07:30:00,0.17431666666666668,0.13073749999999998
2024-05-11 08:00:00,0.15596833333333335,0.11697625
2024-05-11 08:30:00,0.10908333333333332,0.0818125
2024-05-11 09:00:00,0.11662499999999999,0.08746875
2024-05-11 09:30:00,0.08961333333333332,0.06721
2024-05-11 10:00:00,0.05118333333333333,0.0383875
2024-05-11 10:30:00,0.038553333333333335,0.028915
2024-05-11 11:00:00,0.0339,0.025425000000000003
2024-05-11 11:30:00,0.03367333333333333,0.025255
2024-05-11 12:00:00,0.02147666666666666,0.02147666666666666
2024-05-11 12:30:00,0.016913333333333332,0.016913333333333332
2024-05-11 13:00:00,0.029226666666666668,0.036533333333333334
2024-05-11 13:30:00,0.05912666666666666,0.07390833333333334
2024-05-11 14:00:00,0.08664166666666667,0.10830208333333334
2024-05-11 14:30:00,0.1338,0.16724999999999998
2024-05-11 15:00:00,0.13560833333333333,0.16951041666666666
2024-05-11 15:30:00,0.21401833333333334,0.26752291666666667
2024-05-11 16:00:00,0.14607833333333334,0.18259791666666667
2024-05-11 16:30:00,0.28016166666666664,0.3502020833333333
2024-05-11 17:00:00,0.2997,0.374625
2024-05-11 17:30:00,0.2995,0.37437499999999996
2024-05-11 18:00:00,0.2708083333333333,0.33851041666666665
2024-05-11 18:30:00,0.18921166666666667,0.2365145833333333
2024-05-11 19:00:00,0.16609333333333334,0.20761666666666667
2024-05-11 19:30:00,0.17824166666666666,0.22280208333333332
2024-05-11 20:00:00,0.15838,0.197975
2024-05-11 20:30:00,0.20582333333333333,0.25727916666666667
2024-05-11 21:00:00,0.20712166666666665,0.25890208333333337
2024-05-11 21:30:00,0.20906,0.261325
2024-05-11 22:00:00,0.19541,0.24426249999999997
2024-05-11 22:30:00,0.15577833333333335,0.19472291666666666
2024-05-11 23:00:00,0.16867166666666666,0.21083958333333333
2024-05-11 23:30:00,0.19342499999999999,0.24178124999999998
2024-05-12 00:00:00,0.17837833333333333,0.13378375
2024-05-12 00:30:00,0.15691666666666668,0.1176875
2024-05-12 01:00:00,0.15828333333333333,0.1187125
2024-05-12 01:30:00,0.15305500000000002,0.11479125
2024-05-12 02:00:00,0.14086500000000002,0.10564875
2024-05-12 02:30:00,0.14770833333333333,0.11078125
2024-05-12 03:00:00,0.14713333333333334,0.11035
2024-05-12 03:30:00,0.146015,0.10951125
2024-05-12 04:00:00,0.144915,0.10868625
2024-05-12 04:30:00,0.14972,0.11229
2024-05-12 05:00:00,0.15219166666666667,0.11414375
2024-05-12 05:30:00,0.15353333333333333,0.11514999999999999
2024-05-12 06:00:00,0.15871,0.1190325
2024-05-12 06:30:00,0.176395,0.13229625
2024-05-12 07:00:00,0.15323333333333333,0.114925
2024-05-12 07:30:00,0.15286333333333335,0.1146475
2024-05-12 08:00:00,0.11434666666666667,0.08576
2024-05-12 08:30:00,0.08135166666666667,0.06101375
2024-05-12 09:00:00,0.06382666666666666,0.04787
2024-05-12 09:30:00,0.04162333333333333,0.0312175
2024-05-12 10:00:00,0.04914333333333334,0.0368575
2024-05-12 10:30:00,0.028066666666666667,0.02105
2024-05-12 11:00:00,0.03244166666666667,0.02433125
2024-05-12 11:30:00,0.03234,0.024255
2024-05-12 12:00:00,0.02143,0.02143
2024-05-12 12:30:00,0.0003083333333333332,0.0003083333333333332
2024-05-12 13:00:00,0.014445,0.01805625
2024-05-12 13:30:00,0.013025,0.01628125
2024-05-12 14:00:00,0.018019999999999998,0.022525
2024-05-12 14:30:00,0.031253333333333334,0.039066666666666666
2024-05-12 15:00:00,0.12662166666666666,0.15827708333333335
2024-05-12 15:30:00,0.18742,0.234275
2024-05-12 16:00:00,0.18948500000000001,0.23685625
2024-05-12 16:30:00,0.22516166666666668,0.2814520833333333
2024-05-12 17:00:00,0.23906833333333333,0.29883541666666663
2024-05-12 17:30:00,0.2833966666666667,0.35424583333333337
2024-05-12 18:00:00,0.289715,0.36214375
2024-05-12 18:30:00,0.23537833333333333,0.29422291666666667
2024-05-12 19:00:00,0.18809,0.23511249999999997
2024-05-12 19:30:00,0.17976500000000004,0.22470625
2024-05-12 20:00:00,0.17377833333333334,0.21722291666666668
2024-05-12 20:30:00,0.17021333333333333,0.21276666666666666
2024-05-12 21:00:00,0.16344,0.2043
2024-05-12 21:30:00,0.14899333333333334,0.18624166666666664
2024-05-12 22:00:00,0.15001333333333336,0.18751666666666666
2024-05-12 22:30:00,0.14855833333333335,0.18569791666666668
2024-05-12 23:00:00,0.15019666666666667,0.1877458333333333
2024-05-12 23:30:00,0.17447166666666666,0.2180895833333333
2024-05-13 00:00:00,0.16074166666666667,0.12055624999999999
2024-05-13 00:30:00,0.15264333333333333,0.1144825
2024-05-13 01:00:00,0.1484633333333333,0.1113475
2024-05-13 01:30:00,0.14524499999999999,0.10893375
2024-05-13 02:00:00,0.13996833333333333,0.10497625
2024-05-13 02:30:00,0.12990500000000002,0.09742875
2024-05-13 03:00:00,0.11731333333333334,0.087985
2024-05-13 03:30:00,0.10582333333333332,0.0793675
2024-05-13 04:00:00,0.10163833333333333,0.07622875
2024-05-13 04:30:00,0.09958333333333334,0.0746875
2024-05-13 05:00:00,0.12258333333333334,0.0919375
2024-05-13 05:30:00,0.11678166666666667,0.08758625000000002
2024-05-13 06:00:00,0.14876666666666669,0.111575
2024-05-13 06:30:00,0.17964333333333335,0.1347325
2024-05-13 07:00:00,0.17188499999999998,0.12891375
2024-05-13 07:30:00,0.1700716666666667,0.12755375
2024-05-13 08:00:00,0.12583166666666667,0.09437374999999999
2024-05-13 08:30:00,0.12360166666666667,0.09270125
2024-05-13 09:00:00,0.128595,0.09644625
2024-05-13 09:30:00,0.10122333333333333,0.0759175
2024-05-13 10:00:00,0.05462166666666666,0.04096625
2024-05-13 10:30:00,0.013688333333333332,0.01026625
2024-05-13 11:00:00,0.006053333333333333,0.0035083333333333334
2024-05-13 11:30:00,-0.013268333333333333,-0.013547916666666666
2024-05-13 12:00:00,-0.03413833333333333,-0.03413833333333333
2024-05-13 12:30:00,-0.04845,-0.04845
2024-05-13 13:00:00,-0.047785,-0.047785
2024-05-13 13:30:00,-0.031411666666666664,-0.031411666666666664
2024-05-13 14:00:00,0.00030333333333333314,0.0012125
2024-05-13 14:30:00,0.018481666666666667,0.023102083333333332
2024-05-13 15:00:00,0.05672833333333333,0.07091041666666667
2024-05-13 15:30:00,0.187775,0.23471874999999998
2024-05-13 16:00:00,0.26539,0.33173749999999996
2024-05-13 16:30:00,0.26566333333333336,0.33207916666666665
2024-05-13 17:00:00,0.28706166666666666,0.35882708333333335
2024-05-13 17:30:00,0.15011000000000002,0.18763749999999998
2024-05-13 18:00:00,0.235345,0.29418125
2024-05-13 18:30:00,0.19568833333333335,0.24461041666666664
2024-05-13 19:00:00,0.188805,0.23600625
2024-05-13 19:30:00,0.19944833333333334,0.24931041666666667
2024-05-13 20:00:00,0.172575,0.21571875
2024-05-13 20:30:00,0.15011000000000002,0.18763749999999998
2024-05-13 21:00:00,0.17016,0.2127
2024-05-13 21:30:00,0.14845,0.1855625
2024-05-13 22:00:00,0.1468016666666667,0.18350208333333332
2024-05-13 22:30:00,0.13469166666666668,0.16836458333333335
2024-05-13 23:00:00,0.12659666666666666,0.15824583333333334
2024-05-13 23:30:00,0.13367666666666667,0.16709583333333333
2024-05-14 00:00:00,0.12023666666666666,0.09017750000000001
2024-05-14 00:30:00,0.12905166666666668,0.09678874999999999
2024-05-14 01:00:00,0.11837333333333333,0.08878000000000001
2024-05-14 01:30:00,0.05537166666666666,0.041528749999999996
2024-05-14 02:00:00,0.032466666666666665,0.02435
2024-05-14 02:30:00,0.037518333333333334,0.02813875
2024-05-14 03:00:00,0.029306666666666665,0.02198
2024-05-14 03:30:00,0.01687,0.012652499999999999
2024-05-14 04:00:00,0.03739666666666667,0.028047500000000003
2024-05-14 04:30:00,0.08969166666666667,0.06726875
2024-05-14 05:00:00,0.07091,0.0531825
2024-05-14 05:30:00,0.03127,0.023452499999999998
2024-05-14 06:00:00,0.054540000000000005,0.03952
2024-05-14 06:30:00,0.19946833333333333,0.14960125
2024-05-14 07:00:00,0.20358166666666666,0.15268625
2024-05-14 07:30:00,0.13689666666666667,0.1026725
2024-05-14 08:00:00,0.13937666666666668,0.10453250000000001
2024-05-14 08:30:00,0.14005333333333334,0.10504000000000001
2024-05-14 09:00:00,0.21469166666666664,0.16101875
2024-05-14 09:30:00,0.13609166666666667,0.10206875
2024-05-14 10:00:00,0.13422,0.100665
2024-05-14 10:30:00,0.10741166666666667,0.08055875
2024-05-14 11:00:00,0.13080499999999998,0.09810375
2024-05-14 11:30:00,0.12514333333333333,0.0938575
2024-05-14 12:00:00,0.12093666666666668,0.12093666666666668
2024-05-14 12:30:00,0.13565,0.13565
2024-05-14 13:00:00,0.13507499999999997,0.16884375
2024-05-14 13:30:00,0.15152166666666667,0.18940208333333333
2024-05-14 14:00:00,0.15273166666666668,0.19091458333333333
2024-05-14 14:30:00,0.11807000000000001,0.1475875
2024-05-14 15:00:00,0.10303333333333332,0.12879166666666667
2024-05-14 15:30:00,0.14549166666666666,0.18186458333333333
2024-05-14 16:00:00,0.20777500000000002,0.25971875
2024-05-14 16:30:00,0.24388,0.30485
2024-05-14 17:00:00,0.29589666666666664,0.36987083333333337
2024-05-14 17:30:00,0.30264833333333335,0.37831041666666665
2024-05-14 18:00:00,0.2995,0.37437499999999996
2024-05-14 18:30:00,0.296425,0.37053125
2024-05-14 19:00:00,0.233725,0.29215625
2024-05-14 19:30:00,0.22647666666666666,0.2830958333333333
2024-05-14 20:00:00,0.224235,0.28029375
2024-05-14 20:30:00,0.197495,0.24686875
2024-05-14 21:00:00,0.22173333333333334,0.2771666666666667
2024-05-14 21:30:00,0.18338833333333335,0.22923541666666666
2024-05-14 22:00:00,0.16171833333333333,0.20214791666666665
2024-05-14 22:30:00,0.16240833333333335,0.20301041666666664
2024-05-14 23:00:00,0.17629333333333333,0.22036666666666668
2024-05-14 23:30:00,0.17021833333333336,0.21277291666666667
2024-05-15 00:00:00,0.17403833333333332,0.13052875
2024-05-15 00:30:00,0.14136666666666667,0.106025
2024-05-15 01:00:00,0.14333166666666666,0.10749874999999999
2024-05-15 01:30:00,0.14160999999999999,0.1062075
2024-05-15 02:00:00,0.12832000000000002,0.09623999999999999
2024-05-15 02:30:00,0.12701166666666666,0.09525875
2024-05-15 03:00:00,0.13227166666666668,0.09920375
2024-05-15 03:30:00,0.13683333333333333,0.10262500000000001
2024-05-15 04:00:00,0.13924666666666666,0.104435
2024-05-15 04:30:00,0.15487666666666666,0.11615750000000001
2024-05-15 05:00:00,0.16741333333333333,0.12556
2024-05-15 05:30:00,0.14618666666666666,0.10964
2024-05-15 06:00:00,0.21421833333333332,0.16066375
2024-05-15 06:30:00,0.23699,0.1777425
2024-05-15 07:00:00,0.18014333333333332,0.13510750000000002
2024-05-15 07:30:00,0.15888500000000003,0.11916375
2024-05-15 08:00:00,0.177515,0.13313624999999998
2024-05-15 08:30:00,0.16448333333333334,0.1233625
2024-05-15 09:00:00,0.12974333333333335,0.09730749999999999
2024-05-15 09:30:00,0.12178166666666668,0.09133625
2024-05-15 10:00:00,0.09932833333333334,0.07449625
2024-05-15 10:30:00,0.06994333333333333,0.0524575
2024-05-15 11:00:00,0.05996666666666667,0.044974999999999994
2024-05-15 11:30:00,0.05254333333333334,0.0394075
2024-05-15 12:00:00,0.050249999999999996,0.050249999999999996
2024-05-15 12:30:00,0.06966333333333334,0.06966333333333334
2024-05-15 13:00:00,0.09317833333333332,0.11647291666666666
2024-05-15 13:30:00,0.10271000000000001,0.12838750000000002
2024-05-15 14:00:00,0.08994999999999999,0.11243750000000001
2024-05-15 14:30:00,0.09488666666666667,0.11860833333333333
2024-05-15 15:00:00,0.09440166666666666,0.11800208333333334
2024-05-15 15:30:00,0.14255833333333334,0.17819791666666665
2024-05-15 16:00:00,0.21549833333333335,0.2693729166666667
2024-05-15 16:30:00,0.24126666666666666,0.30158333333333337
2024-05-15 17:00:00,0.2493183333333333,0.31164791666666664
2024-05-15 17:30:00,0.15818333333333334,0.19772916666666665
2024-05-15 18:00:00,0.177575,0.22196874999999996
2024-05-15 18:30:00,0.22793666666666668,0.28492083333333335
2024-05-15 19:00:00,0.202775,0.25346874999999996
2024-05-15 19:30:00,0.18443833333333334,0.23054791666666666
2024-05-15 20:00:00,0.21046333333333334,0.2630791666666667
2024-05-15 20:30:00,0.194005,0.24250625
2024-05-15 21:00:00,0.193175,0.24146874999999998
2024-05-15 21:30:00,0.17756499999999997,0.22195625
2024-05-15 22:00:00,0.18953333333333333,0.23691666666666666
2024-05-15 22:30:00,0.15258333333333332,0.19072916666666664
2024-05-15 23:00:00,0.15011000000000002,0.18763749999999998
2024-05-15 23:30:00,0.1509,0.18862499999999996
2024-05-16 00:00:00,0.15011000000000002,0.11258249999999999
2024-05-16 00:30:00,0.15011000000000002,0.11258249999999999
2024-05-16 01:00:00,0.15011166666666667,0.11258375
2024-05-16 01:30:00,0.14546166666666668,0.10909625
2024-05-16 02:00:00,0.14202833333333334,0.10652125
2024-05-16 02:30:00,0.14185666666666666,0.1063925
2024-05-16 03:00:00,0.14536333333333334,0.10902250000000001
2024-05-16 03:30:00,0.14446,0.10834500000000001
2024-05-16 04:00:00,0.126695,0.09502125
2024-05-16 04:30:00,0.13806,0.103545
2024-05-16 05:00:00,0.15696833333333335,0.11772624999999999
2024-05-16 05:30:00,0.20423999999999998,0.15318
2024-05-16 06:00:00,0.248735,0.18655125000000003
2024-05-16 06:30:00,0.24206666666666665,0.18155
2024-05-16 07:00:00,0.2872633333333333,0.21544750000000001
2024-05-16 07:30:00,0.2749066666666667,0.20618
2024-05-16 08:00:00,0.260305,0.19522874999999998
2024-05-16 08:30:00,0.219225,0.16441875
2024-05-16 09:00:00,0.1817,0.136275
2024-05-16 09:30:00,0.1544866666666667,0.115865
2024-05-16 10:00:00,0.146245,0.10968375000000001
2024-05-16 10:30:00,0.12868666666666667,0.096515
2024-05-16 11:00:00,0.12896666666666667,0.096725
2024-05-16 11:30:00,0.13056166666666666,0.09792125
2024-05-16 12:00:00,0.13405666666666669,0.13405666666666669
2024-05-16 12:30:00,0.12739999999999999,0.12739999999999999
2024-05-16 13:00:00,0.12936,0.16169999999999998
2024-05-16 13:30:00,0.15654166666666666,0.19567708333333333
2024-05-16 14:00:00,0.16740333333333335,0.20925416666666666
2024-05-16 14:30:00,0.13216,0.16519999999999999
2024-05-16 15:00:00,0.12149833333333333,0.15187291666666666
2024-05-16 15:30:00,0.12823,0.1602875
2024-05-16 16:00:00,0.20896499999999998,0.26120625000000003
2024-05-16 16:30:00,0.29742833333333335,0.3717854166666667
2024-05-16 17:00:00,0.26254333333333335,0.32817916666666663
2024-05-16 17:30:00,0.29179666666666665,0.3647458333333333
2024-05-16 18:00:00,0.2583566666666666,0.3229458333333333
2024-05-16 18:30:00,0.30823,0.3852875
2024-05-16 19:00:00,0.24531166666666668,0.3066395833333333
2024-05-16 19:30:00,0.21940666666666667,0.2742583333333333
2024-05-16 20:00:00,0.23700666666666667,0.29625833333333335
2024-05-16 20:30:00,0.2797,0.349625
2024-05-16 21:00:00,0.2791183333333333,0.34889791666666664
2024-05-16 21:30:00,0.21414666666666668,0.26768333333333333
2024-05-16 22:00:00,0.186015,0.23251875
2024-05-16 22:30:00,0.15011000000000002,0.18763749999999998
2024-05-16 23:00:00,0.16657333333333335,0.2082166666666667
2024-05-16 23:30:00,0.15011000000000002,0.18763749999999998
2024-05-17 00:00:00,0.15011000000000002,0.11258249999999999
2024-05-17 00:30:00,0.14770166666666668,0.11077625
2024-05-17 01:00:00,0.14667333333333332,0.110005
2024-05-17 01:30:00,0.140035,0.10502624999999999
2024-05-17 02:00:00,0.13654666666666668,0.10241
2024-05-17 02:30:00,0.13735,0.1030125
2024-05-17 03:00:00,0.12728,0.09545999999999999
2024-05-17 03:30:00,0.13225833333333334,0.09919375000000001
2024-05-17 04:00:00,0.14442166666666667,0.10831625
2024-05-17 04:30:00,0.14497333333333332,0.10873
2024-05-17 05:00:00,0.164505,0.12337875
2024-05-17 05:30:00,0.18061833333333333,0.13546375
2024-05-17 06:00:00,0.2763233333333333,0.2072425
2024-05-17 06:30:00,0.29506499999999997,0.22129875
2024-05-17 07:00:00,0.29526,0.221445
2024-05-17 07:30:00,0.30037166666666665,0.22527874999999997
2024-05-17 08:00:00,0.26505,0.1987875
2024-05-17 08:30:00,0.231455,0.17359125
2024-05-17 09:00:00,0.17251666666666665,0.12938750000000002
2024-05-17 09:30:00,0.16958666666666666,0.12719
2024-05-17 10:00:00,0.17241499999999998,0.12931125000000002
2024-05-17 10:30:00,0.17697833333333335,0.13273375
2024-05-17 11:00:00,0.1643366666666667,0.1232525
2024-05-17 11:30:00,0.14806333333333335,0.11104750000000001
2024-05-17 12:00:00,0.12481666666666667,0.12481666666666667
2024-05-17 12:30:00,0.09068833333333333,0.09068833333333333
2024-05-17 13:00:00,0.06825333333333333,0.08531666666666667
2024-05-17 13:30:00,0.06025666666666666,0.07532083333333332
2024-05-17 14:00:00,0.06349666666666666,0.07937083333333333
2024-05-17 14:30:00,0.08739166666666666,0.10923958333333333
2024-05-17 15:00:00,0.10959333333333332,0.13699166666666668
2024-05-17 15:30:00,0.17335,0.2166875
2024-05-17 16:00:00,0.256345,0.32043125
2024-05-17 16:30:00,0.290995,0.36374375000000003
2024-05-17 17:00:00,0.28840166666666667,0.3605020833333333
2024-05-17 17:30:00,0.1766,0.22075
2024-05-17 18:00:00,0.19840000000000002,0.248
2024-05-17 18:30:00,0.247775,0.30971875
2024-05-17 19:00:00,0.19142166666666668,0.23927708333333333
2024-05-17 19:30:00,0.21821833333333332,0.27277291666666664
2024-05-17 20:00:00,0.21609166666666668,0.2701145833333333
2024-05-17 20:30:00,0.21688666666666667,0.27110833333333334
2024-05-17 21:00:00,0.2676133333333333,0.33451666666666663
2024-05-17 21:30:00,0.24127666666666667,0.30159583333333334
2024-05-17 22:00:00,0.22138166666666667,0.27672708333333335
2024-05-17 22:30:00,0.17153833333333335,0.21442291666666669
2024-05-17 23:00:00,0.15002000000000001,0.18752500000000003
2024-05-17 23:30:00,0.13830333333333336,0.17287916666666667
2024-05-18 00:00:00,0.084745,0.06355875
2024-05-18 00:30:00,0.07729833333333333,0.05797375
2024-05-18 01:00:00,0.064705,0.04852875
2024-05-18 01:30:00,0.13231666666666667,0.09923749999999999
2024-05-18 02:00:00,0.24771166666666666,0.18578375
2024-05-18 02:30:00,0.22272166666666668,0.16704125
2024-05-18 03:00:00,0.19589666666666664,0.14692249999999998
2024-05-18 03:30:00,0.16088833333333333,0.12066624999999999
2024-05-18 04:00:00,0.12624,0.09467999999999999
2024-05-18 04:30:00,0.12827,0.09620250000000001
2024-05-18 05:00:00,0.18374666666666664,0.13781
2024-05-18 05:30:00,0.19362166666666666,0.14521625000000002
2024-05-18 06:00:00,0.22687500000000002,0.17015625
2024-05-18 06:30:00,0.27107666666666663,0.2033075
2024-05-18 07:00:00,0.25998000000000004,0.194985
2024-05-18 07:30:00,0.22454333333333334,0.16840750000000002
2024-05-18 08:00:00,0.21915500000000002,0.16436625
2024-05-18 08:30:00,0.26357,0.19767750000000003
2024-05-18 09:00:00,0.23848666666666665,0.17886499999999997
2024-05-18 09:30:00,0.14219,0.10664250000000002
2024-05-18 10:00:00,0.12458999999999999,0.0934425
2024-05-18 10:30:00,0.09929,0.0744675
2024-05-18 11:00:00,0.057205,0.04290375
2024-05-18 11:30:00,0.07140833333333334,0.05355625
2024-05-18 12:00:00,0.054248333333333336,0.054248333333333336
2024-05-18 12:30:00,0.06816666666666667,0.06816666666666667
2024-05-18 13:00:00,0.090485,0.11310625
2024-05-18 13:30:00,0.07706666666666666,0.09633333333333334
2024-05-18 14:00:00,0.07198166666666667,0.08997708333333333
2024-05-18 14:30:00,0.089995,0.11249374999999999
2024-05-18 15:00:00,0.07670500000000001,0.09588124999999999
2024-05-18 15:30:00,0.12137166666666666,0.15171458333333335
2024-05-18 16:00:00,0.15616833333333335,0.1952104166666667
2024-05-18 16:30:00,0.15633333333333335,0.19541666666666666
2024-05-18 17:00:00,0.15002000000000001,0.18752500000000003
2024-05-18 17:30:00,0.07817,0.0977125
2024-05-18 18:00:00,0.05827833333333333,0.07284791666666666
2024-05-18 18:30:00,0.09242333333333334,0.11552916666666667
2024-05-18 19:00:00,0.04380666666666667,0.05475833333333333
2024-05-18 19:30:00,0.03292333333333333,0.041154166666666665
2024-05-18 20:00:00,0.033306666666666665,0.041633333333333335
2024-05-18 20:30:00,0.026006666666666664,0.032508333333333334
2024-05-18 21:00:00,0.019111666666666666,0.023889583333333336
2024-05-18 21:30:00,0.010674999999999999,0.01334375
2024-05-18 22:00:00,0.007035,0.008793750000000001
2024-05-18 22:30:00,0.008645,0.010806250000000002
2024-05-18 23:00:00,0.0089,0.011125000000000001
2024-05-18 23:30:00,0.0071916666666666665,0.008989583333333334
2024-05-19 00:00:00,0.0016316666666666667,-0.0002854166666666676
2024-05-19 00:30:00,0.006948333333333333,0.005211250000000001
2024-05-19 01:00:00,0.009885,0.00741375
2024-05-19 01:30:00,0.007413333333333333,0.00556
2024-05-19 02:00:00,-0.007683333333333334,-0.0087025
2024-05-19 02:30:00,-0.010896666666666666,-0.011095416666666665
2024-05-19 03:00:00,-0.000615,-0.0008137499999999999
2024-05-19 03:30:00,-0.03579333333333334,-0.03579333333333334
2024-05-19 04:00:00,-0.013653333333333332,-0.014028333333333332
2024-05-19 04:30:00,-0.03727166666666667,-0.0372725
2024-05-19 05:00:00,-0.032058333333333335,-0.03205916666666667
2024-05-19 05:30:00,-0.046015,-0.046015
2024-05-19 06:00:00,-0.0030033333333333335,-0.004125
2024-05-19 06:30:00,-0.018411666666666666,-0.019426250000000003
2024-05-19 07:00:00,0.009353333333333332,0.007015
2024-05-19 07:30:00,0.00897,0.0067275
2024-05-19 08:00:00,0.017306666666666665,0.01298
2024-05-19 08:30:00,0.023853333333333334,0.01789
2024-05-19 09:00:00,0.036975,0.027731250000000002
2024-05-19 09:30:00,0.05393,0.0404475
2024-05-19 10:00:00,0.030866666666666667,0.02315
2024-05-19 10:30:00,0.010021666666666667,0.0075162499999999995
2024-05-19 11:00:00,0.01425,0.0093825
2024-05-19 11:30:00,-0.013345000000000001,-0.014375416666666668
2024-05-19 12:00:00,0.003818333333333333,0.003818333333333333
2024-05-19 12:30:00,0.008251666666666666,0.008251666666666666
2024-05-19 13:00:00,0.012513333333333333,0.015641666666666665
2024-05-19 13:30:00,0.012459999999999999,0.015574999999999999
2024-05-19 14:00:00,0.017901666666666666,0.022377083333333336
2024-05-19 14:30:00,0.036573333333333326,0.04571666666666666
2024-05-19 15:00:00,0.04803166666666667,0.060039583333333334
2024-05-19 15:30:00,0.11045833333333333,0.13807291666666666
2024-05-19 16:00:00,0.14088833333333334,0.17611041666666669
2024-05-19 16:30:00,0.23711000000000002,0.29638749999999997
2024-05-19 17:00:00,0.29736999999999997,0.37171250000000006
2024-05-19 17:30:00,0.24703666666666668,0.3087958333333333
2024-05-19 18:00:00,0.2005066666666667,0.2506333333333333
2024-05-19 18:30:00,0.3138633333333333,0.3923291666666667
2024-05-19 19:00:00,0.2749066666666667,0.3436333333333333
2024-05-19 19:30:00,0.232065,0.29008125
2024-05-19 20:00:00,0.178225,0.22278125000000001
2024-05-19 20:30:00,0.20913666666666667,0.2614208333333333
2024-05-19 21:00:00,0.15634499999999998,0.19543124999999997
2024-05-19 21:30:00,0.15529666666666667,0.19412083333333333
2024-05-19 22:00:00,0.15736333333333333,0.19670416666666668
2024-05-19 22:30:00,0.15049500000000002,0.18811875
2024-05-19 23:00:00,0.14437833333333333,0.18047291666666668
2024-05-19 23:30:00,0.14791,0.1848875
2024-05-20 00:00:00,0.13586,0.101895
2024-05-20 00:30:00,0.10774333333333334,0.08080749999999999
2024-05-20 01:00:00,0.09188833333333334,0.06891625
2024-05-20 01:30:00,0.07346666666666667,0.0551
2024-05-20 02:00:00,0.06426666666666667,0.0482
2024-05-20 02:30:00,0.0648,0.048600000000000004
2024-05-20 03:00:00,0.057576666666666665,0.043182500000000006
2024-05-20 03:30:00,0.06583666666666667,0.0493775
2024-05-20 04:00:00,0.07123833333333333,0.05342875
2024-05-20 04:30:00,0.09207833333333333,0.06905875
2024-05-20 05:00:00,0.125235,0.09392625
2024-05-20 05:30:00,0.13910999999999998,0.1043325
2024-05-20 06:00:00,0.21050333333333335,0.1578775
2024-05-20 06:30:00,0.23114500000000002,0.17335875
2024-05-20 07:00:00,0.2853866666666667,0.21404
2024-05-20 07:30:00,0.2805,0.210375
2024-05-20 08:00:00,0.24812333333333333,0.1860925
2024-05-20 08:30:00,0.2147416666666667,0.16105625
2024-05-20 09:00:00,0.16952833333333336,0.12714625
2024-05-20 09:30:00,0.15012333333333333,0.1125925
2024-05-20 10:00:00,0.114165,0.08562375
2024-05-20 10:30:00,0.09303,0.0697725
2024-05-20 11:00:00,0.09266999999999999,0.06950250000000001
2024-05-20 11:30:00,0.08421333333333332,0.06316
2024-05-20 12:00:00,0.08456000000000001,0.08456000000000001
2024-05-20 12:30:00,0.08241166666666666,0.08241166666666666
2024-05-20 13:00:00,0.07469999999999999,0.093375
2024-05-20 13:30:00,0.07634,0.095425
2024-05-20 14:00:00,0.049350000000000005,0.0616875
2024-05-20 14:30:00,0.0795,0.099375
2024-05-20 15:00:00,0.09325833333333333,0.11657291666666665
2024-05-20 15:30:00,0.13628166666666666,0.17035208333333332
2024-05-20 16:00:00,0.18526833333333334,0.23158541666666665
2024-05-20 16:30:00,0.28873666666666664,0.36092083333333336
2024-05-20 17:00:00,0.32622,0.407775
2024-05-20 17:30:00,0.5344666666666666,0.6680833333333333
2024-05-20 18:00:00,0.380175,0.47521875
2024-05-20 18:30:00,0.32881,0.4110125
2024-05-20 19:00:00,0.301435,0.37679375000000004
2024-05-20 19:30:00,0.2995,0.37437499999999996
2024-05-20 20:00:00,0.29565,0.3695625
2024-05-20 20:30:00,0.2953233333333333,0.36915416666666667
2024-05-20 21:00:00,0.2902666666666667,0.36283333333333334
2024-05-20 21:30:00,0.22713666666666665,0.28392083333333334
2024-05-20 22:00:00,0.249345,0.31168124999999997
2024-05-20 22:30:00,0.23502,0.293775
2024-05-20 23:00:00,0.252535,0.31566875
2024-05-20 23:30:00,0.22407,0.2800875
2024-05-21 00:00:00,0.25123333333333336,0.18842499999999998
2024-05-21 00:30:00,0.20123833333333332,0.15092875
2024-05-21 01:00:00,0.17398000000000002,0.130485
2024-05-21 01:30:00,0.170215,0.12766125
2024-05-21 02:00:00,0.15472833333333333,0.11604625
2024-05-21 02:30:00,0.16549166666666668,0.12411875
2024-05-21 03:00:00,0.20767833333333333,0.15575875
2024-05-21 03:30:00,0.20185833333333333,0.15139375
2024-05-21 04:00:00,0.19448166666666666,0.14586125
2024-05-21 04:30:00,0.17892,0.13419
2024-05-21 05:00:00,0.26150833333333334,0.19613125
2024-05-21 05:30:00,0.285705,0.21427875
2024-05-21 06:00:00,0.309,0.23174999999999998
2024-05-21 06:30:00,0.7128166666666668,0.5346125
2024-05-21 07:00:00,0.24081,0.1806075
2024-05-21 07:30:00,0.28889333333333334,0.21667000000000003
2024-05-21 08:00:00,0.2551366666666666,0.1913525
2024-05-21 08:30:00,0.19152333333333335,0.1436425
2024-05-21 09:00:00,0.19580333333333333,0.14685250000000002
2024-05-21 09:30:00,0.17099833333333334,0.12824875
2024-05-21 10:00:00,0.12325666666666667,0.0924425
2024-05-21 10:30:00,0.098405,0.07380375
2024-05-21 11:00:00,0.04986666666666667,0.037399999999999996
2024-05-21 11:30:00,0.06128666666666666,0.045965
2024-05-21 12:00:00,0.07393166666666666,0.07393166666666666
2024-05-21 12:30:00,0.0708,0.0708
2024-05-21 13:00:00,0.06549833333333334,0.08187291666666667
2024-05-21 13:30:00,0.07069666666666667,0.08837083333333333
2024-05-21 14:00:00,0.08945333333333333,0.11181666666666668
2024-05-21 14:30:00,0.10182166666666666,0.12727708333333335
2024-05-21 15:00:00,0.11325,0.1415625
2024-05-21 15:30:00,0.20401666666666665,0.2550208333333333
2024-05-21 16:00:00,0.2815083333333333,0.3518854166666667
2024-05-21 16:30:00,0.31849333333333335,0.3981166666666667
2024-05-21 17:00:00,0.3506183333333333,0.4382729166666666
2024-05-21 17:30:00,0.42515,0.5314375
2024-05-21 18:00:00,0.44258166666666665,0.5532270833333333
2024-05-21 18:30:00,0.36793499999999996,0.45991875
2024-05-21 19:00:00,0.31513833333333335,0.3939229166666667
2024-05-21 19:30:00,0.2998783333333333,0.37484791666666667
2024-05-21 20:00:00,0.28685333333333335,0.3585666666666667
2024-05-21 20:30:00,0.28020833333333334,0.3502604166666667
2024-05-21 21:00:00,0.288285,0.36035625
2024-05-21 21:30:00,0.268155,0.33519375
2024-05-21 22:00:00,0.23997000000000002,0.29996249999999997
2024-05-21 22:30:00,0.25381333333333334,0.31726666666666664
2024-05-21 23:00:00,0.24420666666666668,0.30525833333333335
2024-05-21 23:30:00,0.24743,0.3092875
2024-05-22 00:00:00,0.2582466666666667,0.193685
2024-05-22 00:30:00,0.24978833333333336,0.18734125000000001
2024-05-22 01:00:00,0.18747500000000003,0.14060625000000002
2024-05-22 01:30:00,0.141135,0.10585125
2024-05-22 02:00:00,0.12937,0.0970275
2024-05-22 02:30:00,0.11594166666666667,0.08695625
2024-05-22 03:00:00,0.10787166666666666,0.08090375
2024-05-22 03:30:00,0.103345,0.07750875
2024-05-22 04:00:00,0.08879833333333333,0.06659875
2024-05-22 04:30:00,0.08387,0.0629025
2024-05-22 05:00:00,0.095115,0.07133625
2024-05-22 05:30:00,0.16690666666666665,0.12517999999999999
2024-05-22 06:00:00,0.12152166666666668,0.09114125
2024-05-22 06:30:00,-0.009381666666666668,-0.010876666666666666
2024-05-22 07:00:00,0.020415,0.01531125
2024-05-22 07:30:00,0.17591333333333334,0.131935
2024-05-22 08:00:00,0.13185333333333335,0.09888999999999999
2024-05-22 08:30:00,0.08851833333333332,0.06638875000000001
2024-05-22 09:00:00,0.09390333333333332,0.0704275
2024-05-22 09:30:00,0.06597,0.0494775
2024-05-22 10:00:00,0.031105000000000004,0.02332875
2024-05-22 10:30:00,-0.026853333333333337,-0.027228333333333337
2024-05-22 11:00:00,-0.018233333333333334,-0.018267083333333333
2024-05-22 11:30:00,-0.02971,-0.029854166666666668
2024-05-22 12:00:00,0.0008816666666666668,0.0008816666666666668
2024-05-22 12:30:00,0.00046333333333333296,0.00046333333333333296
2024-05-22 13:00:00,-0.021528333333333333,-0.021526666666666666
2024-05-22 13:30:00,-0.029725,-0.029725
2024-05-22 14:00:00,-0.024521666666666667,-0.024521666666666667
2024-05-22 14:30:00,-0.006163333333333333,-0.004712083333333332
2024-05-22 15:00:00,-0.0014216666666666663,0.0003695833333333329
2024-05-22 15:30:00,0.05270166666666667,0.06587708333333332
2024-05-22 16:00:00,0.07652666666666667,0.09565833333333333
2024-05-22 16:30:00,0.16432333333333335,0.2054041666666667
2024-05-22 17:00:00,0.14607833333333334,0.18387333333333333
2024-05-22 17:30:00,-0.01573833333333333,-0.0153625
2024-05-22 18:00:00,-0.010203333333333333,-0.010203333333333333
2024-05-22 18:30:00,-0.027753333333333335,-0.026198750000000003
2024-05-22 19:00:00,0.10022666666666667,0.12528333333333333
2024-05-22 19:30:00,0.09743500000000001,0.12179374999999999
2024-05-22 20:00:00,-0.011318333333333333,-0.006069166666666666
2024-05-22 20:30:00,0.014271666666666667,0.017839583333333336
2024-05-22 21:00:00,0.00301,0.0037625
2024-05-22 21:30:00,-0.0006116666666666666,-0.0006091666666666666
2024-05-22 22:00:00,-0.030696666666666667,-0.030695833333333335
2024-05-22 22:30:00,-0.024808333333333335,-0.023963333333333333
2024-05-22 23:00:00,0.007155000000000001,0.010279166666666667
2024-05-22 23:30:00,-0.021330000000000002,-0.020481666666666665
2024-05-23 00:00:00,-0.04686500000000001,-0.04686500000000001
2024-05-23 00:30:00,-0.04747333333333334,-0.04747333333333334
2024-05-23 01:00:00,-0.051719999999999995,-0.051719999999999995
2024-05-23 01:30:00,-0.052039999999999996,-0.052039999999999996
2024-05-23 02:00:00,-0.053366666666666666,-0.053366666666666666
2024-05-23 02:30:00,-0.054675,-0.054675
2024-05-23 03:00:00,-0.05565833333333333,-0.05565833333333333
2024-05-23 03:30:00,-0.05489166666666667,-0.05489166666666667
2024-05-23 04:00:00,-0.05429666666666667,-0.05429666666666667
2024-05-23 04:30:00,-0.05067166666666667,-0.05067166666666667
2024-05-23 05:00:00,-0.04725666666666667,-0.04725666666666667
2024-05-23 05:30:00,-0.034208333333333334,-0.034499583333333333
2024-05-23 06:00:00,-0.05107166666666666,-0.05107166666666666
2024-05-23 06:30:00,-0.04368166666666667,-0.043682500000000006
2024-05-23 07:00:00,0.009051666666666664,0.003920833333333333
2024-05-23 07:30:00,0.08959166666666667,0.06719375
2024-05-23 08:00:00,0.07144666666666667,0.053585
2024-05-23 08:30:00,0.05148666666666666,0.038615000000000003
2024-05-23 09:00:00,0.10105166666666666,0.07578875
2024-05-23 09:30:00,0.11647166666666665,0.08735375000000001
2024-05-23 10:00:00,0.05471666666666666,0.0410375
2024-05-23 10:30:00,0.094815,0.07111125
2024-05-23 11:00:00,0.10903166666666668,0.08177374999999999
2024-05-23 11:30:00,0.10892,0.08169
2024-05-23 12:00:00,0.13251833333333332,0.13251833333333332
2024-05-23 12:30:00,0.15159166666666668,0.15159166666666668
2024-05-23 13:00:00,0.14949500000000002,0.18686875
2024-05-23 13:30:00,0.13561,0.16951249999999998
2024-05-23 14:00:00,0.14170666666666668,0.17713333333333334
2024-05-23 14:30:00,0.10134833333333333,0.12668541666666666
2024-05-23 15:00:00,0.1336766666666667,0.16709583333333333
2024-05-23 15:30:00,0.18667166666666665,0.2333395833333333
2024-05-23 16:00:00,0.30623833333333333,0.3827979166666667
2024-05-23 16:30:00,0.2627216666666667,0.32840208333333337
2024-05-23 17:00:00,0.12792333333333333,0.15990416666666665
2024-05-23 17:30:00,0.2579466666666667,0.3224333333333333
2024-05-23 18:00:00,0.06159333333333333,0.07699166666666667
2024-05-23 18:30:00,0.093655,0.11706875
2024-05-23 19:00:00,0.1948816666666667,0.24360208333333333
2024-05-23 19:30:00,0.180445,0.22555625
2024-05-23 20:00:00,0.09685500000000001,0.12106874999999999
2024-05-23 20:30:00,0.18794833333333336,0.23493541666666665
2024-05-23 21:00:00,0.120275,0.15034375
2024-05-23 21:30:00,0.102695,0.12836875
2024-05-23 22:00:00,0.036131666666666666,0.045164583333333334
2024-05-23 22:30:00,0.072115,0.09014375000000001
2024-05-23 23:00:00,0.094615,0.11826874999999999
2024-05-23 23:30:00,0.079835,0.09979375
2024-05-24 00:00:00,0.05731166666666667,0.042983749999999994
2024-05-24 00:30:00,0.07942500000000001,0.05956875
2024-05-24 01:00:00,0.04241166666666666,0.031808750000000004
2024-05-24 01:30:00,0.023196666666666668,0.0173975
2024-05-24 02:00:00,0.017983333333333334,0.0134875
2024-05-24 02:30:00,0.010805,0.00810375
2024-05-24 03:00:00,0.011673333333333334,0.008755
2024-05-24 03:30:00,0.015141666666666666,0.01135625
2024-05-24 04:00:00,0.019123333333333332,0.0143425
2024-05-24 04:30:00,0.027348333333333336,0.020511249999999998
2024-05-24 05:00:00,0.07752333333333333,0.05814249999999999
2024-05-24 05:30:00,0.10776666666666666,0.080825
2024-05-24 06:00:00,0.15872166666666668,0.11904125
2024-05-24 06:30:00,0.21744,0.16308
2024-05-24 07:00:00,0.26542166666666667,0.19906625
2024-05-24 07:30:00,0.27969,0.2097675
2024-05-24 08:00:00,0.2882883333333333,0.21621625
2024-05-24 08:30:00,0.1649016666666667,0.12367625
2024-05-24 09:00:00,0.15774000000000002,0.118305
2024-05-24 09:30:00,0.15146666666666667,0.11359999999999999
2024-05-24 10:00:00,0.14825666666666668,0.11119250000000001
2024-05-24 10:30:00,0.07858,0.058934999999999994
2024-05-24 11:00:00,0.021015000000000002,0.01576125
2024-05-24 11:30:00,0.012949999999999998,0.0097125
2024-05-24 12:00:00,0.015811666666666665,0.015811666666666665
2024-05-24 12:30:00,0.017501666666666665,0.017501666666666665
2024-05-24 13:00:00,0.016268333333333333,0.020335416666666665
2024-05-24 13:30:00,0.05821833333333334,0.07277291666666667
2024-05-24 14:00:00,0.09228166666666666,0.11535208333333334
2024-05-24 14:30:00,0.11160166666666667,0.13950208333333333
2024-05-24 15:00:00,0.11670666666666667,0.14588333333333334
2024-05-24 15:30:00,0.16916166666666665,0.21145208333333332
2024-05-24 16:00:00,0.18402166666666667,0.23002708333333333
2024-05-24 16:30:00,0.2905333333333333,0.3631666666666667
2024-05-24 17:00:00,0.200805,0.25100625000000004
2024-05-24 17:30:00,0.13992666666666667,0.17490833333333333
2024-05-24 18:00:00,0.15002000000000001,0.18752500000000003
2024-05-24 18:30:00,0.15002000000000001,0.18752500000000003
2024-05-24 19:00:00,0.15002000000000001,0.18752500000000003
2024-05-24 19:30:00,0.20591,0.2573875
2024-05-24 20:00:00,0.1972016666666667,0.24650208333333334
2024-05-24 20:30:00,0.22190333333333334,0.2773791666666667
2024-05-24 21:00:00,0.1767483333333333,0.2209354166666667
2024-05-24 21:30:00,0.15175833333333336,0.18969791666666666
2024-05-24 22:00:00,0.157965,0.19745625
2024-05-24 22:30:00,0.15516333333333335,0.19395416666666665
2024-05-24 23:00:00,0.1517416666666667,0.18967708333333333
2024-05-24 23:30:00,0.15365,0.1920625
2024-05-25 00:00:00,0.15451333333333336,0.11588500000000002
2024-05-25 00:30:00,0.18230500000000002,0.13672874999999998
2024-05-25 01:00:00,0.14909,0.11181750000000001
2024-05-25 01:30:00,0.12037166666666667,0.09027875
2024-05-25 02:00:00,0.073,0.05474999999999999
2024-05-25 02:30:00,0.06389666666666667,0.0479225
2024-05-25 03:00:00,0.08003666666666666,0.06002749999999999
2024-05-25 03:30:00,0.06647499999999999,0.04985625
2024-05-25 04:00:00,0.05238333333333334,0.039287499999999996
2024-05-25 04:30:00,0.07277333333333334,0.05458
2024-05-25 05:00:00,0.060926666666666664,0.04569499999999999
2024-05-25 05:30:00,0.08248166666666666,0.06186125
2024-05-25 06:00:00,0.06788166666666666,0.05091125
2024-05-25 06:30:00,0.06163666666666667,0.0462275
2024-05-25 07:00:00,0.11871833333333333,0.08903875
2024-05-25 07:30:00,0.13334166666666666,0.10000625
2024-05-25 08:00:00,0.13002166666666667,0.09751625000000001
2024-05-25 08:30:00,0.16492,0.12369000000000001
2024-05-25 09:00:00,0.24241000000000001,0.1818075
2024-05-25 09:30:00,0.09717999999999999,0.07288499999999999
2024-05-25 10:00:00,0.026633333333333332,0.019975000000000003
2024-05-25 10:30:00,0.010281666666666666,0.007711249999999999
2024-05-25 11:00:00,0.003618333333333333,0.0026774999999999998
2024-05-25 11:30:00,-0.012249999999999999,-0.01278
2024-05-25 12:00:00,-0.0048200000000000005,-0.0048200000000000005
2024-05-25 12:30:00,0.001046666666666667,0.001046666666666667
2024-05-25 13:00:00,0.008216666666666666,0.010270833333333335
2024-05-25 13:30:00,0.015643333333333332,0.019554166666666668
2024-05-25 14:00:00,0.011895000000000001,0.01486875
2024-05-25 14:30:00,0.05456166666666667,0.06820208333333334
2024-05-25 15:00:00,0.07734666666666666,0.09668333333333334
2024-05-25 15:30:00,0.09730166666666668,0.12162708333333334
2024-05-25 16:00:00,0.13019666666666665,0.16274583333333334
2024-05-25 16:30:00,0.19517833333333334,0.24397291666666668
2024-05-25 17:00:00,0.136365,0.17045625
2024-05-25 17:30:00,0.02970666666666667,0.03713333333333333
2024-05-25 18:00:00,0.06772,0.08465
2024-05-25 18:30:00,0.04660333333333333,0.05825416666666667
2024-05-25 19:00:00,0.017531666666666664,0.021914583333333335
2024-05-25 19:30:00,0.03437833333333334,0.042972916666666666
2024-05-25 20:00:00,0.040551666666666666,0.050689583333333336
2024-05-25 20:30:00,0.018883333333333332,0.023604166666666666
2024-05-25 21:00:00,0.029759999999999998,0.037200000000000004
2024-05-25 21:30:00,0.009466666666666667,0.011833333333333333
2024-05-25 22:00:00,0.007573333333333334,0.009466666666666667
2024-05-25 22:30:00,0.00894,0.011175
2024-05-25 23:00:00,0.008911666666666667,0.011139583333333335
2024-05-25 23:30:00,0.00894,0.011175
2024-05-26 00:00:00,0.00699,0.0052425
2024-05-26 00:30:00,0.008426666666666667,0.00632
2024-05-26 01:00:00,0.007568333333333333,0.00567625
2024-05-26 01:30:00,0.0061333333333333335,0.0046
2024-05-26 02:00:00,0.0018333333333333333,0.0013750000000000001
2024-05-26 02:30:00,-0.006829999999999999,-0.006842916666666666
2024-05-26 03:00:00,-0.018051666666666664,-0.0180525
2024-05-26 03:30:00,-0.0136,-0.013601666666666665
2024-05-26 04:00:00,-0.009046666666666666,-0.009852916666666664
2024-05-26 04:30:00,-0.0253,-0.0253
2024-05-26 05:00:00,-0.017351666666666665,-0.017351666666666665
2024-05-26 05:30:00,-0.007903333333333333,-0.007905833333333332
2024-05-26 06:00:00,0.0029933333333333335,0.002245
2024-05-26 06:30:00,0.006006666666666667,0.0045049999999999995
2024-05-26 07:00:00,0.010976666666666668,0.0082325
2024-05-26 07:30:00,0.029985,0.022488750000000002
2024-05-26 08:00:00,0.05428333333333333,0.0407125
2024-05-26 08:30:00,0.08304,0.06228
2024-05-26 09:00:00,0.074465,0.05584875
2024-05-26 09:30:00,0.07519666666666666,0.056397499999999996
2024-05-26 10:00:00,0.040613333333333335,0.03046
2024-05-26 10:30:00,0.023713333333333333,0.017785
2024-05-26 11:00:00,0.028858333333333333,0.02164375
2024-05-26 11:30:00,0.032285,0.024213750000000003
2024-05-26 12:00:00,0.021871666666666664,0.021871666666666664
2024-05-26 12:30:00,0.012284999999999999,0.012284999999999999
2024-05-26 13:00:00,0.007598333333333333,0.009497916666666667
2024-05-26 13:30:00,0.004796666666666667,0.005995833333333333
2024-05-26 14:00:00,0.03506,0.043825
2024-05-26 14:30:00,0.02756,0.03445
2024-05-26 15:00:00,0.023785,0.02973125
2024-05-26 15:30:00,0.052311666666666666,0.06538958333333333
2024-05-26 16:00:00,0.13762666666666667,0.17203333333333334
2024-05-26 16:30:00,0.16940999999999998,0.2117625
2024-05-26 17:00:00,0.22669166666666665,0.28336458333333336
2024-05-26 17:30:00,0.28162333333333334,0.35202916666666667
2024-05-26 18:00:00,0.28918499999999997,0.36148125
2024-05-26 18:30:00,0.1763,0.220375
2024-05-26 19:00:00,0.12785666666666667,0.15982083333333333
2024-05-26 19:30:00,0.15002000000000001,0.18752500000000003
2024-05-26 20:00:00,0.14864833333333335,0.18581041666666667
2024-05-26 20:30:00,0.13105333333333333,0.16381666666666667
2024-05-26 21:00:00,0.078025,0.09753125
2024-05-26 21:30:00,0.03798666666666667,0.04748333333333333
2024-05-26 22:00:00,0.00897,0.0112125
2024-05-26 22:30:00,0.006795,0.00849375
2024-05-26 23:00:00,0.00894,0.011175
2024-05-26 23:30:00,0.00889,0.011112500000000003
2024-05-27 00:00:00,0.007899999999999999,0.005925
2024-05-27 00:30:00,0.006743333333333333,0.0050575
2024-05-27 01:00:00,0.008013333333333332,0.006010000000000001
2024-05-27 01:30:00,0.008161666666666666,0.006121249999999999
2024-05-27 02:00:00,0.0020183333333333334,0.0015137500000000001
2024-05-27 02:30:00,-0.006405000000000001,-0.006676250000000001
2024-05-27 03:00:00,0.0026566666666666666,0.0019925
2024-05-27 03:30:00,0.0032933333333333334,0.00247
2024-05-27 04:00:00,0.0074600000000000005,0.005595
2024-05-27 04:30:00,0.012386666666666666,0.00929
2024-05-27 05:00:00,0.01778666666666667,0.01334
2024-05-27 05:30:00,0.012118333333333333,0.00908875
2024-05-27 06:00:00,0.04014666666666667,0.030109999999999998
2024-05-27 06:30:00,0.08421666666666666,0.06308458333333333
2024-05-27 07:00:00,0.01062,0.006207916666666667
2024-05-27 07:30:00,0.16183666666666666,0.12137750000000001
2024-05-27 08:00:00,0.08673666666666668,0.0650525
2024-05-27 08:30:00,0.06438833333333333,0.04829125
2024-05-27 09:00:00,0.05739333333333333,0.043045
2024-05-27 09:30:00,0.049800000000000004,0.03735
2024-05-27 10:00:00,0.0204,0.0153
2024-05-27 10:30:00,0.012746666666666668,0.00956
2024-05-27 11:00:00,0.018651666666666667,0.01398875
2024-05-27 11:30:00,0.021788333333333337,0.016341249999999998
2024-05-27 12:00:00,-0.008845,-0.008845
2024-05-27 12:30:00,-0.0036850000000000003,-0.0036850000000000003
2024-05-27 13:00:00,0.0001616666666666663,0.001388333333333334
2024-05-27 13:30:00,0.010678333333333333,0.013347916666666668
2024-05-27 14:00:00,0.027665,0.03458125
2024-05-27 14:30:00,0.023066666666666666,0.028833333333333336
2024-05-27 15:00:00,0.028513333333333335,0.03564166666666666
2024-05-27 15:30:00,0.04737,0.0592125
2024-05-27 16:00:00,0.11481333333333334,0.14351666666666665
2024-05-27 16:30:00,0.15002000000000001,0.18752500000000003
2024-05-27 17:00:00,0.24296166666666666,0.3037020833333333
2024-05-27 17:30:00,0.16936166666666666,0.21170208333333332
2024-05-27 18:00:00,0.15002000000000001,0.18752500000000003
2024-05-27 18:30:00,0.27848333333333336,0.34810416666666666
2024-05-27 19:00:00,0.177825,0.22228125
2024-05-27 19:30:00,0.1908,0.23850000000000002
2024-05-27 20:00:00,0.15372,0.19215000000000002
2024-05-27 20:30:00,0.15195833333333333,0.18994791666666666
2024-05-27 21:00:00,0.12102666666666667,0.15128333333333333
2024-05-27 21:30:00,0.010635,0.01329375
2024-05-27 22:00:00,0.015081666666666667,0.018852083333333335
2024-05-27 22:30:00,0.010843333333333332,0.013554166666666667
2024-05-27 23:00:00,0.018716666666666666,0.023395833333333334
2024-05-27 23:30:00,0.010843333333333332,0.013554166666666667
2024-05-28 00:00:00,0.00854,0.006405
2024-05-28 00:30:00,0.0005466666666666663,-0.0006083333333333334
2024-05-28 01:00:00,0.005966666666666666,0.004475
2024-05-28 01:30:00,0.008513333333333333,0.006384999999999999
2024-05-28 02:00:00,0.008513333333333333,0.006384999999999999
2024-05-28 02:30:00,0.00671,0.0048475
2024-05-28 03:00:00,0.0014483333333333334,0.0010695833333333334
2024-05-28 03:30:00,0.0016316666666666667,0.00122375
2024-05-28 04:00:00,0.00894,0.006705
2024-05-28 04:30:00,0.009783333333333333,0.0073375
2024-05-28 05:00:00,0.00895,0.0067125
2024-05-28 05:30:00,0.008783333333333332,0.0065875
2024-05-28 06:00:00,0.017464999999999998,0.013098750000000001
2024-05-28 06:30:00,0.052364999999999995,0.03927375
2024-05-28 07:00:00,0.18998833333333334,0.14249124999999999
2024-05-28 07:30:00,0.20731666666666668,0.1554875
2024-05-28 08:00:00,0.100455,0.07534125
2024-05-28 08:30:00,0.07238833333333333,0.05429124999999999
2024-05-28 09:00:00,0.043603333333333334,0.0327025
2024-05-28 09:30:00,0.04399166666666667,0.032993749999999995
2024-05-28 10:00:00,0.05232,0.039240000000000004
2024-05-28 10:30:00,0.006345000000000001,0.003192916666666668
2024-05-28 11:00:00,0.010558333333333334,0.00791875
2024-05-28 11:30:00,0.00233,0.0015450000000000001
2024-05-28 12:00:00,0.014346666666666667,0.014346666666666667
2024-05-28 12:30:00,0.009631666666666667,0.009631666666666667
2024-05-28 13:00:00,-0.0013616666666666673,-0.0004924999999999993
2024-05-28 13:30:00,0.0007300000000000006,0.0026245833333333342
2024-05-28 14:00:00,0.021433333333333335,0.02729166666666667
2024-05-28 14:30:00,0.021403333333333333,0.026754166666666666
2024-05-28 15:00:00,0.008270000000000001,0.01277958333333333
2024-05-28 15:30:00,0.06502333333333334,0.08127916666666667
2024-05-28 16:00:00,0.058666666666666666,0.07333333333333335
2024-05-28 16:30:00,0.07914666666666667,0.09893333333333333
2024-05-28 17:00:00,0.014856666666666666,0.020549583333333333
2024-05-28 17:30:00,0.00928,0.0116
2024-05-28 18:00:00,0.009723333333333332,0.012154166666666666
2024-05-28 18:30:00,0.005976666666666666,0.007470833333333334
2024-05-28 19:00:00,0.03714,0.046425
2024-05-28 19:30:00,-0.001366666666666667,-0.0001729166666666665
2024-05-28 20:00:00,0.006603333333333333,0.008254166666666667
2024-05-28 20:30:00,0.018504999999999997,0.023131250000000003
2024-05-28 21:00:00,0.00894,0.011175
2024-05-28 21:30:00,0.008476666666666667,0.010595833333333334
2024-05-28 22:00:00,0.00894,0.011175
2024-05-28 22:30:00,0.006541666666666667,0.008177083333333333
2024-05-28 23:00:00,0.008635,0.01079375
2024-05-28 23:30:00,0.003948333333333333,0.00555875
2024-05-29 00:00:00,-0.015425,-0.015549166666666664
2024-05-29 00:30:00,-0.0033116666666666663,-0.003316666666666666
2024-05-29 01:00:00,-0.023603333333333334,-0.02416708333333333
2024-05-29 01:30:00,-0.001966666666666667,-0.002607083333333334
2024-05-29 02:00:00,-0.004935,-0.0049375
2024-05-29 02:30:00,-0.016026666666666665,-0.016026666666666665
2024-05-29 03:00:00,-0.0002699999999999997,-0.0014816666666666665
2024-05-29 03:30:00,-0.0014333333333333333,-0.0018270833333333333
2024-05-29 04:00:00,0.0009799999999999998,-0.00033708333333333333
2024-05-29 04:30:00,-0.017121666666666664,-0.017379166666666664
2024-05-29 05:00:00,-0.022376666666666666,-0.022751666666666667
2024-05-29 05:30:00,-0.013285,-0.0140225
2024-05-29 06:00:00,0.019666666666666666,0.01475
2024-05-29 06:30:00,0.005476666666666667,0.0017412499999999995
2024-05-29 07:00:00,0.00653,0.004524166666666667
2024-05-29 07:30:00,0.008960000000000001,0.00672
2024-05-29 08:00:00,0.013596666666666667,0.010195
2024-05-29 08:30:00,0.005876666666666666,0.0044075
2024-05-29 09:00:00,0.00943,0.0070725
2024-05-29 09:30:00,0.00597,0.0044775
2024-05-29 10:00:00,0.007781666666666666,0.00583625
2024-05-29 10:30:00,-0.002093333333333333,-0.002917916666666666
2024-05-29 11:00:00,-0.0019183333333333335,-0.0022720833333333334
2024-05-29 11:30:00,0.019058333333333333,0.014293750000000001
2024-05-29 12:00:00,0.008141666666666667,0.008141666666666667
2024-05-29 12:30:00,-0.020371666666666666,-0.020371666666666666
2024-05-29 13:00:00,-0.044735,-0.044735
2024-05-29 13:30:00,-0.00974,-0.008551666666666667
2024-05-29 14:00:00,0.0024566666666666665,0.00407625
2024-05-29 14:30:00,0.006849999999999999,0.008562499999999999
2024-05-29 15:00:00,-0.009865,-0.009242083333333333
2024-05-29 15:30:00,0.02308,0.02947
2024-05-29 16:00:00,0.00897,0.0112125
2024-05-29 16:30:00,0.00895,0.011187500000000001
2024-05-29 17:00:00,0.00895,0.011187500000000001
2024-05-29 17:30:00,0.0022366666666666668,0.0041016666666666675
2024-05-29 18:00:00,-0.01242,-0.0099075
2024-05-29 18:30:00,0.009453333333333333,0.011816666666666668
2024-05-29 19:00:00,0.00894,0.011175
2024-05-29 19:30:00,0.00894,0.011175
2024-05-29 20:00:00,0.008276666666666667,0.010345833333333334
2024-05-29 20:30:00,0.008626666666666666,0.010783333333333334
2024-05-29 21:00:00,0.007428333333333333,0.009285416666666668
2024-05-29 21:30:00,-0.006568333333333333,-0.0058649999999999996
2024-05-29 22:00:00,-0.0072766666666666665,-0.006014166666666667
2024-05-29 22:30:00,-0.040185,-0.040185
2024-05-29 23:00:00,-0.038233333333333334,-0.038233333333333334
2024-05-29 23:30:00,-0.019756666666666665,-0.019011666666666666
2024-05-30 00:00:00,-0.03346333333333334,-0.03346416666666667
2024-05-30 00:30:00,-0.038195,-0.038195
2024-05-30 01:00:00,-0.04859666666666667,-0.04859666666666667
2024-05-30 01:30:00,-0.047115,-0.047115
2024-05-30 02:00:00,-0.046990000000000004,-0.046990000000000004
2024-05-30 02:30:00,-0.04739833333333334,-0.04739833333333334
2024-05-30 03:00:00,-0.034065,-0.034065
2024-05-30 03:30:00,-0.007658333333333332,-0.009070833333333332
2024-05-30 04:00:00,-0.006796666666666666,-0.006872916666666666
2024-05-30 04:30:00,-0.0017866666666666662,-0.0021729166666666663
2024-05-30 05:00:00,0.009325,0.00699375
2024-05-30 05:30:00,0.008931666666666666,0.00669875
2024-05-30 06:00:00,0.034596666666666664,0.0259475
2024-05-30 06:30:00,0.10447333333333332,0.078355
2024-05-30 07:00:00,0.10855999999999999,0.08142
2024-05-30 07:30:00,0.10024333333333334,0.0751825
2024-05-30 08:00:00,0.09691666666666666,0.0726875
2024-05-30 08:30:00,0.07373333333333333,0.055299999999999995
2024-05-30 09:00:00,0.07377333333333333,0.05533
2024-05-30 09:30:00,0.07778666666666667,0.05834
2024-05-30 10:00:00,0.06101500000000001,0.04576125
2024-05-30 10:30:00,0.03462166666666667,0.02596625
2024-05-30 11:00:00,0.024128333333333335,0.01809625
2024-05-30 11:30:00,0.042839999999999996,0.03213
2024-05-30 12:00:00,0.026773333333333333,0.026773333333333333
2024-05-30 12:30:00,0.016148333333333334,0.016148333333333334
2024-05-30 13:00:00,0.040723333333333334,0.05090416666666667
2024-05-30 13:30:00,0.05499166666666666,0.06873958333333334
2024-05-30 14:00:00,0.058775,0.07346875
2024-05-30 14:30:00,0.06095999999999999,0.0762
2024-05-30 15:00:00,0.07357666666666667,0.09197083333333333
2024-05-30 15:30:00,0.07941833333333333,0.09927291666666667
2024-05-30 16:00:00,0.20946666666666666,0.2618333333333333
2024-05-30 16:30:00,0.19628833333333331,0.24536041666666666
2024-05-30 17:00:00,0.24954,0.311925
2024-05-30 17:30:00,0.29342666666666667,0.3667833333333333
2024-05-30 18:00:00,0.26480166666666666,0.3310020833333333
2024-05-30 18:30:00,0.2598416666666667,0.3248020833333333
2024-05-30 19:00:00,0.24013833333333334,0.3001729166666667
2024-05-30 19:30:00,0.25983333333333336,0.32479166666666665
2024-05-30 20:00:00,0.26045666666666667,0.3255708333333333
2024-05-30 20:30:00,0.25803,0.3225375
2024-05-30 21:00:00,0.23972333333333337,0.29965416666666667
2024-05-30 21:30:00,0.19432333333333332,0.24290416666666667
2024-05-30 22:00:00,0.22560166666666667,0.2820020833333334
2024-05-30 22:30:00,0.21605166666666667,0.27006458333333333
2024-05-30 23:00:00,0.175125,0.21890625
2024-05-30 23:30:00,0.16417,0.2052125
2024-05-31 00:00:00,0.13346166666666667,0.10009625
2024-05-31 00:30:00,0.12801833333333332,0.09601375000000001
2024-05-31 01:00:00,0.11977333333333333,0.08983000000000001
2024-05-31 01:30:00,0.12613166666666667,0.09459875
2024-05-31 02:00:00,0.10309666666666667,0.0773225
2024-05-31 02:30:00,0.10253166666666667,0.07689875
2024-05-31 03:00:00,0.09992,0.07493999999999999
2024-05-31 03:30:00,0.10193,0.0764475
2024-05-31 04:00:00,0.10568499999999999,0.07926375000000001
2024-05-31 04:30:00,0.10880166666666667,0.08160125
2024-05-31 05:00:00,0.115885,0.08691375000000001
2024-05-31 05:30:00,0.14089,0.10566750000000001
2024-05-31 06:00:00,0.21858,0.16393500000000003
2024-05-31 06:30:00,0.24067833333333333,0.18050875
2024-05-31 07:00:00,0.08489833333333334,0.06367375
2024-05-31 07:30:00,0.29170666666666667,0.21878
2024-05-31 08:00:00,0.15800166666666668,0.11850125
2024-05-31 08:30:00,0.15855833333333333,0.11891875
2024-05-31 09:00:00,0.13545,0.1015875
2024-05-31 09:30:00,0.16318833333333335,0.12239125
2024-05-31 10:00:00,0.13157,0.09867750000000002
2024-05-31 10:30:00,0.07973333333333334,0.0598
2024-05-31 11:00:00,0.095155,0.07136625
2024-05-31 11:30:00,0.08486333333333333,0.0636475
2024-05-31 12:00:00,0.08789999999999999,0.08789999999999999
2024-05-31 12:30:00,0.07415833333333334,0.07415833333333334
2024-05-31 13:00:00,0.07782666666666667,0.09728333333333333
2024-05-31 13:30:00,0.08925666666666666,0.11157083333333334
2024-05-31 14:00:00,0.147715,0.18464375
2024-05-31 14:30:00,0.10283333333333333,0.12854166666666667
2024-05-31 15:00:00,0.13749,0.1718625
2024-05-31 15:30:00,0.27632833333333334,0.34541041666666666
2024-05-31 16:00:00,0.26807,0.33508750000000004
2024-05-31 16:30:00,0.29334,0.36667500000000003
2024-05-31 17:00:00,0.29203166666666663,0.36503958333333336
2024-05-31 17:30:00,0.282945,0.35368125
2024-05-31 18:00:00,0.26102333333333333,0.3262791666666666
2024-05-31 18:30:00,0.20202333333333333,0.25252916666666664
2024-05-31 19:00:00,0.17952500000000002,0.22440625
2024-05-31 19:30:00,0.15302166666666667,0.19127708333333335
2024-05-31 20:00:00,0.125185,0.15648125
2024-05-31 20:30:00,0.12027666666666666,0.15034583333333332
2024-05-31 21:00:00,0.10358333333333332,0.12947916666666667
2024-05-31 21:30:00,0.09216166666666666,0.11520208333333333
2024-05-31 22:00:00,0.09285833333333332,0.11607291666666668
2024-05-31 22:30:00,0.10717333333333333,0.13396666666666668
2024-05-31 23:00:00,0.10046333333333334,0.12557916666666666
2024-05-31 23:30:00,0.08986833333333333,0.11233541666666667
2024-06-01 00:00:00,0.08355,0.0626625
2024-06-01 00:30:00,0.09013,0.0675975
2024-06-01 01:00:00,0.080615,0.06046125
2024-06-01 01:30:00,0.07161666666666668,0.053712499999999996
2024-06-01 02:00:00,0.06959166666666666,0.052193750000000004
2024-06-01 02:30:00,0.07175,0.053812500000000006
2024-06-01 03:00:00,0.06292833333333334,0.047196249999999995
2024-06-01 03:30:00,0.06318166666666668,0.04738625
2024-06-01 04:00:00,0.06800666666666666,0.051005
2024-06-01 04:30:00,0.06313,0.047347499999999994
2024-06-01 05:00:00,0.061455,0.04609125
2024-06-01 05:30:00,0.07353,0.055147499999999995
2024-06-01 06:00:00,0.08561999999999999,0.06421500000000001
2024-06-01 06:30:00,0.11424,0.08567999999999999
2024-06-01 07:00:00,0.12201999999999998,0.091515
2024-06-01 07:30:00,0.10519,0.07889249999999999
2024-06-01 08:00:00,0.08372666666666667,0.062795
2024-06-01 08:30:00,0.07097333333333333,0.05323
2024-06-01 09:00:00,0.07594666666666666,0.056960000000000004
2024-06-01 09:30:00,0.060338333333333334,0.04525375
2024-06-01 10:00:00,0.05102500000000001,0.03826875
2024-06-01 10:30:00,0.046924999999999994,0.03519375
2024-06-01 11:00:00,0.05336833333333333,0.040026250000000006
2024-06-01 11:30:00,0.07020833333333333,0.05265625000000001
2024-06-01 12:00:00,0.063085,0.063085
2024-06-01 12:30:00,0.04992833333333333,0.04992833333333333
2024-06-01 13:00:00,0.06404,0.08005000000000001
2024-06-01 13:30:00,0.07492833333333333,0.09366041666666668
2024-06-01 14:00:00,0.06647666666666667,0.08309583333333333
2024-06-01 14:30:00,0.06475166666666667,0.08093958333333333
2024-06-01 15:00:00,0.09194833333333334,0.11493541666666666
2024-06-01 15:30:00,0.10724166666666667,0.13405208333333332
2024-06-01 16:00:00,0.13019666666666665,0.16274583333333334
2024-06-01 16:30:00,0.16697666666666666,0.20872083333333333
2024-06-01 17:00:00,0.17886333333333335,0.22357916666666666
2024-06-01 17:30:00,0.18401333333333333,0.23001666666666667
2024-06-01 18:00:00,0.15218666666666666,0.19023333333333334
2024-06-01 18:30:00,0.11231999999999999,0.1404
2024-06-01 19:00:00,0.09051999999999999,0.11315000000000001
2024-06-01 19:30:00,0.09136500000000002,0.11420625
2024-06-01 20:00:00,0.08197499999999999,0.10246875
2024-06-01 20:30:00,0.07320833333333333,0.09151041666666666
2024-06-01 21:00:00,0.06943833333333334,0.08679791666666666
2024-06-01 21:30:00,0.06674833333333334,0.08343541666666666
2024-06-01 22:00:00,0.056218333333333335,0.07027291666666667
2024-06-01 22:30:00,0.03237166666666667,0.04046458333333333
2024-06-01 23:00:00,0.062264999999999994,0.07783125
2024-06-01 23:30:00,0.036485,0.045606249999999994
2024-06-02 00:00:00,0.0185,0.013875
2024-06-02 00:30:00,0.035561666666666665,0.026671249999999997
2024-06-02 01:00:00,0.014054999999999998,0.01054125
2024-06-02 01:30:00,0.009058333333333333,0.00679375
2024-06-02 02:00:00,0.013321666666666667,0.00999125
2024-06-02 02:30:00,0.00898,0.0067350000000000005
2024-06-02 03:00:00,0.008321666666666666,0.00624125
2024-06-02 03:30:00,0.008794999999999999,0.0065962500000000006
2024-06-02 04:00:00,0.008516666666666667,0.0063875
2024-06-02 04:30:00,0.00894,0.006705
2024-06-02 05:00:00,0.00894,0.006705
2024-06-02 05:30:00,0.010315,0.00773625
2024-06-02 06:00:00,0.010209999999999999,0.0076575
2024-06-02 06:30:00,0.012353333333333332,0.009264999999999999
2024-06-02 07:00:00,0.02310166666666667,0.01732625
2024-06-02 07:30:00,0.029956666666666663,0.0224675
2024-06-02 08:00:00,0.020825,0.015609583333333335
2024-06-02 08:30:00,0.014646666666666667,0.010985
2024-06-02 09:00:00,0.019545,0.01465875
2024-06-02 09:30:00,0.031091666666666667,0.023318750000000003
2024-06-02 10:00:00,0.004868333333333332,0.003041666666666666
2024-06-02 10:30:00,0.006188333333333333,0.004630416666666666
2024-06-02 11:00:00,-0.0021783333333333338,-0.0029291666666666667
2024-06-02 11:30:00,-0.003398333333333333,-0.003406666666666666
2024-06-02 12:00:00,0.0037233333333333337,0.0037233333333333337
2024-06-02 12:30:00,0.004196666666666667,0.004196666666666667
2024-06-02 13:00:00,0.006038333333333333,0.007547916666666667
2024-06-02 13:30:00,0.003906666666666667,0.004883333333333333
2024-06-02 14:00:00,0.016871666666666667,0.02108958333333333
2024-06-02 14:30:00,0.03682166666666667,0.04602708333333333
2024-06-02 15:00:00,0.08067333333333333,0.10084166666666666
2024-06-02 15:30:00,0.082325,0.10290624999999999
2024-06-02 16:00:00,0.09552166666666667,0.11940208333333334
2024-06-02 16:30:00,0.098215,0.12276875
2024-06-02 17:00:00,0.10255166666666667,0.12818958333333333
2024-06-02 17:30:00,0.118205,0.14775625
2024-06-02 18:00:00,0.10321166666666666,0.12901458333333335
2024-06-02 18:30:00,0.08930833333333334,0.11163541666666665
2024-06-02 19:00:00,0.07859666666666666,0.09824583333333332
2024-06-02 19:30:00,0.06337833333333333,0.07922291666666666
2024-06-02 20:00:00,0.06785666666666666,0.08482083333333333
2024-06-02 20:30:00,0.052996666666666664,0.06624583333333334
2024-06-02 21:00:00,0.02464,0.030799999999999998
2024-06-02 21:30:00,0.022231666666666667,0.02778958333333333
2024-06-02 22:00:00,0.012369999999999999,0.015462499999999999
2024-06-02 22:30:00,0.007483333333333332,0.009354166666666667
2024-06-02 23:00:00,0.00889,0.011112500000000003
2024-06-02 23:30:00,0.008598333333333333,0.010747916666666668
2024-06-03 00:00:00,0.009201666666666667,0.00690125
2024-06-03 00:30:00,0.005108333333333334,0.0038304166666666664
2024-06-03 01:00:00,0.007473333333333333,0.005605
2024-06-03 01:30:00,0.0070283333333333335,0.005271250000000001
2024-06-03 02:00:00,0.0084,0.0063
2024-06-03 02:30:00,0.007193333333333334,0.0053950000000000005
2024-06-03 03:00:00,0.007516666666666667,0.0056375
2024-06-03 03:30:00,0.005001666666666666,0.00375125
2024-06-03 04:00:00,0.007651666666666667,0.00573875
2024-06-03 04:30:00,0.005826666666666667,0.00437
2024-06-03 05:00:00,0.00898,0.0067350000000000005
2024-06-03 05:30:00,0.018415,0.013811250000000002
2024-06-03 06:00:00,0.036028333333333336,0.02702125
2024-06-03 06:30:00,0.06317333333333333,0.04738
2024-06-03 07:00:00,0.08403333333333333,0.063025
2024-06-03 07:30:00,0.08347833333333333,0.06260875
2024-06-03 08:00:00,0.08437666666666667,0.0632825
2024-06-03 08:30:00,0.069105,0.05182875
2024-06-03 09:00:00,0.06810333333333334,0.0510775
2024-06-03 09:30:00,0.06054333333333333,0.045407499999999996
2024-06-03 10:00:00,0.03921,0.0294075
2024-06-03 10:30:00,0.010986666666666665,0.008239999999999999
2024-06-03 11:00:00,-0.0006516666666666662,-0.0021424999999999994
2024-06-03 11:30:00,0.009826666666666666,0.007370000000000001
2024-06-03 12:00:00,0.01867,0.01867
2024-06-03 12:30:00,0.05229333333333333,0.05229333333333333
2024-06-03 13:00:00,0.083855,0.10481875
2024-06-03 13:30:00,0.09034666666666667,0.11293333333333333
2024-06-03 14:00:00,0.09461333333333333,0.11826666666666667
2024-06-03 14:30:00,0.09262333333333334,0.11577916666666667
2024-06-03 15:00:00,0.08980500000000001,0.11225625
2024-06-03 15:30:00,0.08600833333333334,0.10751041666666666
2024-06-03 16:00:00,0.08188166666666667,0.10235208333333334
2024-06-03 16:30:00,0.09743333333333333,0.12179166666666667
2024-06-03 17:00:00,0.12272000000000001,0.1534
2024-06-03 17:30:00,0.15612333333333334,0.19515416666666666
2024-06-03 18:00:00,0.10746499999999999,0.13433125
2024-06-03 18:30:00,0.10108166666666667,0.12635208333333334
2024-06-03 19:00:00,0.0807,0.10087499999999999
2024-06-03 19:30:00,0.07360333333333334,0.09200416666666666
2024-06-03 20:00:00,0.07313166666666666,0.09141458333333334
2024-06-03 20:30:00,0.07135000000000001,0.08918749999999999
2024-06-03 21:00:00,0.06832500000000001,0.08540625
2024-06-03 21:30:00,0.030715000000000003,0.03839375
2024-06-03 22:00:00,0.018305000000000002,0.022881250000000002
2024-06-03 22:30:00,0.004516666666666666,0.005645833333333333
2024-06-03 23:00:00,0.00912,0.0114
2024-06-03 23:30:00,0.0062450000000000006,0.007806250000000001
2024-06-04 00:00:00,0.007899999999999999,0.005925
2024-06-04 00:30:00,0.004161666666666667,0.0029404166666666663
2024-06-04 01:00:00,-0.0010833333333333333,-0.0010866666666666666
2024-06-04 01:30:00,-0.00019333333333333325,-0.0006862500000000001
2024-06-04 02:00:00,0.00302,0.002265
2024-06-04 02:30:00,0.000525,9.208333333333334e-05
2024-06-04 03:00:00,0.005933333333333333,0.00445
2024-06-04 03:30:00,0.0015883333333333333,0.00119125
2024-06-04 04:00:00,0.006648333333333333,0.00498625
2024-06-04 04:30:00,0.007711666666666666,0.00578375
2024-06-04 05:00:00,0.00894,0.006705
2024-06-04 05:30:00,0.019311666666666668,0.014483750000000002
2024-06-04 06:00:00,0.08155,0.0611625
2024-06-04 06:30:00,0.09150833333333334,0.06863124999999999
2024-06-04 07:00:00,0.098015,0.07351124999999999
2024-06-04 07:30:00,0.09471833333333333,0.07103875
2024-06-04 08:00:00,0.09057,0.06792749999999999
2024-06-04 08:30:00,0.07881500000000001,0.059111250000000004
2024-06-04 09:00:00,0.07288499999999999,0.054663750000000004
2024-06-04 09:30:00,0.0736,0.055200000000000006
2024-06-04 10:00:00,0.06609666666666666,0.0495725
2024-06-04 10:30:00,0.07042333333333334,0.052817499999999996
2024-06-04 11:00:00,0.06946833333333334,0.05210125000000001
2024-06-04 11:30:00,0.059563333333333336,0.0446725
2024-06-04 12:00:00,0.042423333333333334,0.042423333333333334
2024-06-04 12:30:00,0.038329999999999996,0.038329999999999996
2024-06-04 13:00:00,0.03520333333333333,0.04400416666666667
2024-06-04 13:30:00,0.018671666666666666,0.023339583333333334
2024-06-04 14:00:00,0.013571666666666668,0.016964583333333335
2024-06-04 14:30:00,0.007225,0.00903125
2024-06-04 15:00:00,0.064345,0.08043125
2024-06-04 15:30:00,0.08265666666666667,0.10332083333333332
2024-06-04 16:00:00,0.15823333333333334,0.19779166666666667
2024-06-04 16:30:00,0.1845933333333333,0.2307416666666667
2024-06-04 17:00:00,0.2057216666666667,0.25715208333333334
2024-06-04 17:30:00,0.19137833333333332,0.23922291666666665
2024-06-04 18:00:00,0.09691,0.12113750000000001
2024-06-04 18:30:00,0.07953,0.0994125
2024-06-04 19:00:00,0.06985833333333333,0.08732291666666665
2024-06-04 19:30:00,0.07751666666666666,0.09689583333333333
2024-06-04 20:00:00,0.047194999999999994,0.05899374999999999
2024-06-04 20:30:00,0.006356666666666667,0.007945833333333334
2024-06-04 21:00:00,0.00861,0.010762500000000001
2024-06-04 21:30:00,0.002975,0.0037187500000000003
2024-06-04 22:00:00,0.00155,0.0019375000000000002
2024-06-04 22:30:00,-0.010685,-0.0106625
2024-06-04 23:00:00,-0.010103333333333332,-0.010102499999999999
2024-06-04 23:30:00,-0.019966666666666664,-0.019942916666666664
2024-06-05 00:00:00,-0.023529999999999995,-0.023529999999999995
2024-06-05 00:30:00,-0.004914999999999999,-0.00492875
2024-06-05 01:00:00,-0.01901,-0.01901
2024-06-05 01:30:00,-0.024543333333333334,-0.024543333333333334
2024-06-05 02:00:00,-0.027454999999999997,-0.027454999999999997
2024-06-05 02:30:00,-0.03970666666666666,-0.03970666666666666
2024-06-05 03:00:00,-0.032249999999999994,-0.032249999999999994
2024-06-05 03:30:00,-0.036215,-0.036215
2024-06-05 04:00:00,-0.045136666666666665,-0.045136666666666665
2024-06-05 04:30:00,-0.02975333333333333,-0.02975333333333333
2024-06-05 05:00:00,-0.044006666666666666,-0.044006666666666666
2024-06-05 05:30:00,-0.021346666666666663,-0.021672916666666663
2024-06-05 06:00:00,0.003486666666666667,0.00245125
2024-06-05 06:30:00,0.017608333333333333,0.013206249999999998
2024-06-05 07:00:00,0.061691666666666665,0.04626875
2024-06-05 07:30:00,0.05508,0.04131
2024-06-05 08:00:00,0.045880000000000004,0.03441
2024-06-05 08:30:00,0.04792,0.03594
2024-06-05 09:00:00,0.06938666666666667,0.05204
2024-06-05 09:30:00,0.02272666666666667,0.017045
2024-06-05 10:00:00,0.005776666666666667,0.0043325
2024-06-05 10:30:00,0.007963333333333333,0.0059724999999999995
2024-06-05 11:00:00,0.024416666666666666,0.0183125
2024-06-05 11:30:00,0.017916666666666668,0.013437499999999998
2024-06-05 12:00:00,0.031094999999999998,0.031094999999999998
2024-06-05 12:30:00,0.005968333333333333,0.005968333333333333
2024-06-05 13:00:00,0.006115,0.00764375
2024-06-05 13:30:00,0.007453333333333333,0.009316666666666666
2024-06-05 14:00:00,0.026401666666666667,0.033002083333333335
2024-06-05 14:30:00,0.00857,0.0107125
2024-06-05 15:00:00,0.00636,0.00795
2024-06-05 15:30:00,0.006998333333333333,0.008747916666666666
2024-06-05 16:00:00,0.019203333333333333,0.02400416666666667
2024-06-05 16:30:00,0.021145,0.026431250000000003
2024-06-05 17:00:00,0.011951666666666666,0.014939583333333334
2024-06-05 17:30:00,0.021266666666666666,0.026583333333333334
2024-06-05 18:00:00,0.01966666666666667,0.024583333333333336
2024-06-05 18:30:00,0.014475,0.018093750000000002
2024-06-05 19:00:00,0.005951666666666667,0.0074875
2024-06-05 19:30:00,0.008851666666666666,0.011064583333333334
2024-06-05 20:00:00,-0.0005666666666666675,0.0008058333333333329
2024-06-05 20:30:00,0.008375,0.01046875
2024-06-05 21:00:00,0.007753333333333333,0.009691666666666668
2024-06-05 21:30:00,0.0031766666666666666,0.003970833333333334
2024-06-05 22:00:00,0.0006533333333333333,0.0008166666666666666
2024-06-05 22:30:00,0.004561666666666666,0.005702083333333333
2024-06-05 23:00:00,0.0053750000000000004,0.00671875
2024-06-05 23:30:00,0.007141666666666667,0.008927083333333334
2024-06-06 00:00:00,0.009,0.00675
2024-06-06 00:30:00,0.017758333333333334,0.013318749999999999
2024-06-06 01:00:00,0.02205,0.0165375
2024-06-06 01:30:00,0.019190000000000002,0.0143925
2024-06-06 02:00:00,0.025448333333333333,0.01908625
2024-06-06 02:30:00,0.012265,0.00919875
2024-06-06 03:00:00,0.008483333333333334,0.0063625
2024-06-06 03:30:00,0.006613333333333333,0.00496
2024-06-06 04:00:00,0.006818333333333333,0.00511375
2024-06-06 04:30:00,0.00894,0.006705
2024-06-06 05:00:00,0.007908333333333333,0.00593125
2024-06-06 05:30:00,0.0011833333333333333,0.0007775
2024-06-06 06:00:00,0.010118333333333333,0.007588750000000001
2024-06-06 06:30:00,0.035848333333333336,0.02688625
2024-06-06 07:00:00,0.0337,0.025275000000000002
2024-06-06 07:30:00,0.07336666666666668,0.055025
2024-06-06 08:00:00,0.07164,0.05373
2024-06-06 08:30:00,0.061011666666666665,0.045758749999999994
2024-06-06 09:00:00,0.050135000000000006,0.03760125
2024-06-06 09:30:00,0.0028033333333333335,0.0013041666666666664
2024-06-06 10:00:00,0.02663666666666667,0.0199775
2024-06-06 10:30:00,-0.005174999999999999,-0.006725833333333334
2024-06-06 11:00:00,-0.019511666666666667,-0.019511666666666667
2024-06-06 11:30:00,-0.020481666666666665,-0.020481666666666665
2024-06-06 12:00:00,-0.05073833333333333,-0.05073833333333333
2024-06-06 12:30:00,-0.05357,-0.05357
2024-06-06 13:00:00,-0.057196666666666666,-0.057196666666666666
2024-06-06 13:30:00,-0.05329166666666666,-0.05329166666666666
2024-06-06 14:00:00,-0.05367333333333333,-0.05367333333333333
2024-06-06 14:30:00,-0.05139833333333333,-0.05139833333333333
2024-06-06 15:00:00,-0.02172,-0.021502083333333328
2024-06-06 15:30:00,-0.0015066666666666655,0.003939583333333332
2024-06-06 16:00:00,0.047580000000000004,0.059475
2024-06-06 16:30:00,0.028201666666666667,0.03525208333333333
2024-06-06 17:00:00,0.030521666666666666,0.03815208333333333
2024-06-06 17:30:00,-0.01439,-0.013664583333333336
2024-06-06 18:00:00,0.04513166666666666,0.056414583333333324
2024-06-06 18:30:00,0.04646666666666666,0.05808333333333333
2024-06-06 19:00:00,0.009966666666666667,0.012458333333333333
2024-06-06 19:30:00,0.008288333333333333,0.010360416666666667
2024-06-06 20:00:00,0.00868,0.01085
2024-06-06 20:30:00,0.008506666666666668,0.010633333333333333
2024-06-06 21:00:00,0.00419,0.0058291666666666665
2024-06-06 21:30:00,0.004185,0.00523125
2024-06-06 22:00:00,-0.012485000000000001,-0.012467916666666667
2024-06-06 22:30:00,-0.007064999999999999,-0.006880416666666666
2024-06-06 23:00:00,-0.005424999999999999,-0.00520375
2024-06-06 23:30:00,-0.013319999999999999,-0.01331833333333333
2024-06-07 00:00:00,-0.025171666666666665,-0.025171666666666665
2024-06-07 00:30:00,-0.017491666666666666,-0.01786208333333333
2024-06-07 01:00:00,-0.0021366666666666665,-0.00247125
2024-06-07 01:30:00,-0.031078333333333333,-0.031078333333333333
2024-06-07 02:00:00,-0.033951666666666665,-0.033951666666666665
2024-06-07 02:30:00,-0.03949333333333333,-0.03949333333333333
2024-06-07 03:00:00,-0.03481666666666667,-0.03481666666666667
2024-06-07 03:30:00,-0.03864,-0.03864
2024-06-07 04:00:00,-0.02929,-0.02929
2024-06-07 04:30:00,-0.007213333333333332,-0.007215833333333332
2024-06-07 05:00:00,-0.007928333333333334,-0.00794125
2024-06-07 05:30:00,0.00022333333333333333,0.00016749999999999998
2024-06-07 06:00:00,0.003241666666666667,0.00243125
2024-06-07 06:30:00,0.05608,0.04206000000000001
2024-06-07 07:00:00,0.07196833333333334,0.05397625
2024-06-07 07:30:00,0.07207999999999999,0.05406
2024-06-07 08:00:00,0.06324833333333334,0.047436250000000006
2024-06-07 08:30:00,0.03286833333333333,0.02465125
2024-06-07 09:00:00,0.009663333333333335,0.0072475
2024-06-07 09:30:00,0.0024933333333333335,0.0018700000000000001
2024-06-07 10:00:00,0.00402,0.003015
2024-06-07 10:30:00,0.0070283333333333335,0.005271250000000001
2024-06-07 11:00:00,-0.005488333333333334,-0.0059054166666666665
2024-06-07 11:30:00,0.0026000000000000003,0.0010412500000000003
2024-06-07 12:00:00,-0.005071666666666666,-0.005071666666666666
2024-06-07 12:30:00,-0.00641,-0.00641
2024-06-07 13:00:00,0.004688333333333333,0.006693750000000001
2024-06-07 13:30:00,0.0015399999999999997,0.0027583333333333336
2024-06-07 14:00:00,-0.008543333333333333,-0.008048333333333333
2024-06-07 14:30:00,0.012338333333333333,0.015422916666666666
2024-06-07 15:00:00,0.030964999999999996,0.03870625
2024-06-07 15:30:00,0.041218333333333336,0.05152291666666667
2024-06-07 16:00:00,0.07918333333333334,0.09897916666666667
2024-06-07 16:30:00,0.13788666666666669,0.1723583333333333
2024-06-07 17:00:00,0.14715833333333334,0.18394791666666666
2024-06-07 17:30:00,0.21034,0.262925
2024-06-07 18:00:00,0.144955,0.18119375000000001
2024-06-07 18:30:00,0.134485,0.16810625
2024-06-07 19:00:00,0.11772833333333334,0.14716041666666665
2024-06-07 19:30:00,0.11101333333333334,0.13876666666666668
2024-06-07 20:00:00,0.08726833333333334,0.10908541666666666
2024-06-07 20:30:00,0.08705999999999998,0.108825
2024-06-07 21:00:00,0.08325333333333333,0.10406666666666668
2024-06-07 21:30:00,0.06767833333333334,0.08459791666666666
2024-06-07 22:00:00,0.06681166666666667,0.08351458333333334
2024-06-07 22:30:00,0.036725,0.04590625
2024-06-07 23:00:00,0.07421666666666667,0.09277083333333332
2024-06-07 23:30:00,0.037064999999999994,0.04633125
2024-06-08 00:00:00,0.015451666666666667,0.01158875
2024-06-08 00:30:00,0.010388333333333333,0.0077912499999999996
2024-06-08 01:00:00,0.005829999999999999,0.0043725000000000005
2024-06-08 01:30:00,0.007891666666666667,0.00591875
2024-06-08 02:00:00,0.008723333333333333,0.0065425
2024-06-08 02:30:00,0.0061983333333333335,0.00464875
2024-06-08 03:00:00,0.008286666666666666,0.006215000000000001
2024-06-08 03:30:00,0.007066666666666666,0.0053
2024-06-08 04:00:00,0.008471666666666667,0.006353750000000001
2024-06-08 04:30:00,0.008533333333333334,0.0064
2024-06-08 05:00:00,0.007821666666666666,0.00586625
2024-06-08 05:30:00,0.007645,0.00573375
2024-06-08 06:00:00,0.00889,0.0066675
2024-06-08 06:30:00,0.023683333333333334,0.0177625
2024-06-08 07:00:00,0.008961666666666666,0.006721250000000001
2024-06-08 07:30:00,0.020266666666666665,0.0152
2024-06-08 08:00:00,0.01905,0.0142875
2024-06-08 08:30:00,0.007644999999999999,0.00573375
2024-06-08 09:00:00,0.005301666666666666,0.00397625
2024-06-08 09:30:00,0.002551666666666667,0.0019137499999999999
2024-06-08 10:00:00,0.0015266666666666666,0.001145
2024-06-08 10:30:00,0.003955,0.0029662499999999997
2024-06-08 11:00:00,-0.009086666666666667,-0.009104166666666665
2024-06-08 11:30:00,-0.011275,-0.01128375
2024-06-08 12:00:00,-0.00482,-0.00482
2024-06-08 12:30:00,0.00172,0.00172
2024-06-08 13:00:00,0.009218333333333334,0.011522916666666667
2024-06-08 13:30:00,0.005566666666666667,0.006958333333333334
2024-06-08 14:00:00,0.005273333333333334,0.006591666666666667
2024-06-08 14:30:00,0.032716666666666665,0.04089583333333333
2024-06-08 15:00:00,0.035833333333333335,0.04479166666666667
2024-06-08 15:30:00,0.05234666666666667,0.06543333333333334
2024-06-08 16:00:00,0.12235333333333333,0.15294166666666667
2024-06-08 16:30:00,0.17670333333333332,0.22087916666666665
2024-06-08 17:00:00,0.16155333333333335,0.20194166666666669
2024-06-08 17:30:00,0.22638333333333335,0.2829791666666666
2024-06-08 18:00:00,0.12146166666666668,0.15182708333333333
2024-06-08 18:30:00,0.12176666666666668,0.15220833333333333
2024-06-08 19:00:00,0.11076833333333334,0.13846041666666667
2024-06-08 19:30:00,0.10829666666666667,0.13537083333333333
2024-06-08 20:00:00,0.10576833333333334,0.13221041666666666
2024-06-08 20:30:00,0.09106500000000001,0.11383125
2024-06-08 21:00:00,0.085345,0.10668125
2024-06-08 21:30:00,0.08090833333333333,0.10113541666666666
2024-06-08 22:00:00,0.086505,0.10813125
2024-06-08 22:30:00,0.08292166666666666,0.10365208333333333
2024-06-08 23:00:00,0.09380499999999999,0.11725624999999999
2024-06-08 23:30:00,0.101265,0.12658125
2024-06-09 00:00:00,0.09107833333333333,0.06830875
2024-06-09 00:30:00,0.07733666666666666,0.058002500000000005
2024-06-09 01:00:00,0.07092333333333334,0.053192500000000004
2024-06-09 01:30:00,0.059818333333333334,0.04486375
2024-06-09 02:00:00,0.026903333333333335,0.0201775
2024-06-09 02:30:00,0.04002833333333333,0.03002125
2024-06-09 03:00:00,0.03613666666666667,0.0271025
2024-06-09 03:30:00,0.03707,0.027802499999999997
2024-06-09 04:00:00,0.029696666666666666,0.0222725
2024-06-09 04:30:00,0.037143333333333334,0.027857499999999997
2024-06-09 05:00:00,0.034005,0.025503750000000002
2024-06-09 05:30:00,0.07365333333333333,0.055240000000000004
2024-06-09 06:00:00,0.07529833333333333,0.056473749999999996
2024-06-09 06:30:00,0.09442666666666666,0.07082000000000001
2024-06-09 07:00:00,0.08409166666666666,0.06306875
2024-06-09 07:30:00,0.08077333333333332,0.06058
2024-06-09 08:00:00,0.07028666666666666,0.052715000000000005
2024-06-09 08:30:00,0.068735,0.05155125
2024-06-09 09:00:00,0.070445,0.052833750000000006
2024-06-09 09:30:00,0.06539666666666667,0.0490475
2024-06-09 10:00:00,0.04311,0.0323325
2024-06-09 10:30:00,0.030505,0.02287875
2024-06-09 11:00:00,0.03213166666666667,0.024098750000000002
2024-06-09 11:30:00,0.035484999999999996,0.026613750000000002
2024-06-09 12:00:00,0.035230000000000004,0.035230000000000004
2024-06-09 12:30:00,0.031738333333333334,0.031738333333333334
2024-06-09 13:00:00,0.04008833333333333,0.050110416666666664
2024-06-09 13:30:00,0.036158333333333334,0.045197916666666664
2024-06-09 14:00:00,0.04097833333333333,0.05122291666666667
2024-06-09 14:30:00,0.06162,0.077025
2024-06-09 15:00:00,0.080615,0.10076875
2024-06-09 15:30:00,0.16818166666666667,0.21022708333333331
2024-06-09 16:00:00,0.16762666666666667,0.20953333333333335
2024-06-09 16:30:00,0.19413166666666667,0.24266458333333332
2024-06-09 17:00:00,0.19511833333333337,0.2438979166666667
2024-06-09 17:30:00,0.17879333333333333,0.22349166666666664
2024-06-09 18:00:00,0.14177833333333334,0.17722291666666667
2024-06-09 18:30:00,0.11616333333333333,0.14520416666666666
2024-06-09 19:00:00,0.11005666666666668,0.13757083333333334
2024-06-09 19:30:00,0.09183166666666666,0.11478958333333333
2024-06-09 20:00:00,0.09812,0.12265
2024-06-09 20:30:00,0.08701500000000001,0.10876874999999998
2024-06-09 21:00:00,0.08163,0.1020375
2024-06-09 21:30:00,0.08999,0.1124875
2024-06-09 22:00:00,0.09754333333333333,0.12192916666666666
2024-06-09 22:30:00,0.08170833333333333,0.10213541666666666
2024-06-09 23:00:00,0.08128666666666666,0.10160833333333334
2024-06-09 23:30:00,0.076805,0.09600625
2024-06-10 00:00:00,0.07190333333333333,0.053927499999999996
2024-06-10 00:30:00,0.07880833333333333,0.05910625
2024-06-10 01:00:00,0.05248,0.03936
2024-06-10 01:30:00,0.008981666666666667,0.00673625
2024-06-10 02:00:00,0.006528333333333334,0.00489625
2024-06-10 02:30:00,0.004971666666666667,0.00372875
2024-06-10 03:00:00,0.008325,0.00624375
2024-06-10 03:30:00,0.007323333333333334,0.0054925
2024-06-10 04:00:00,0.007578333333333333,0.0056837500000000004
2024-06-10 04:30:00,0.008878333333333334,0.006658750000000001
2024-06-10 05:00:00,0.006006666666666667,0.004505
2024-06-10 05:30:00,0.0034999999999999996,0.002625
2024-06-10 06:00:00,0.009448333333333333,0.00708625
2024-06-10 06:30:00,0.00897,0.0067275
2024-06-10 07:00:00,0.00639,0.0047925
2024-06-10 07:30:00,0.00898,0.0067350000000000005
2024-06-10 08:00:00,0.009723333333333334,0.0072925
2024-06-10 08:30:00,0.008201666666666666,0.00615125
2024-06-10 09:00:00,0.0005549999999999996,-0.0007616666666666669
2024-06-10 09:30:00,0.0006633333333333335,-0.00017250000000000015
2024-06-10 10:00:00,0.004593333333333333,0.003445
2024-06-10 10:30:00,0.00948,0.0055987499999999996
2024-06-10 11:00:00,-0.004013333333333333,-0.00580625
2024-06-10 11:30:00,0.010023333333333334,0.006552083333333333
2024-06-10 12:00:00,0.0008800000000000001,0.0008800000000000001
2024-06-10 12:30:00,-0.0105,-0.0105
2024-06-10 13:00:00,-0.03128333333333333,-0.03128333333333333
2024-06-10 13:30:00,-0.038246666666666665,-0.038246666666666665
2024-06-10 14:00:00,-0.044155,-0.044155
2024-06-10 14:30:00,-0.03709333333333333,-0.03709333333333333
2024-06-10 15:00:00,-0.007334999999999999,-0.006962499999999999
2024-06-10 15:30:00,0.019629999999999998,0.0252575
2024-06-10 16:00:00,0.054446666666666664,0.06805833333333335
2024-06-10 16:30:00,0.07314333333333334,0.09142916666666667
2024-06-10 17:00:00,0.046998333333333336,0.06060875000000001
2024-06-10 17:30:00,0.05283666666666667,0.06604583333333335
2024-06-10 18:00:00,0.04927,0.061587499999999996
2024-06-10 18:30:00,0.068125,0.08515625
2024-06-10 19:00:00,0.043935,0.054918749999999995
2024-06-10 19:30:00,0.010755,0.013443749999999999
2024-06-10 20:00:00,0.007266666666666667,0.009083333333333334
2024-06-10 20:30:00,0.0014999999999999998,0.0018750000000000001
2024-06-10 21:00:00,-0.0021349999999999997,-0.0020616666666666665
2024-06-10 21:30:00,-0.0005783333333333333,-0.0005466666666666665
2024-06-10 22:00:00,0.0035083333333333334,0.004385416666666667
2024-06-10 22:30:00,0.000805,0.00100625
2024-06-10 23:00:00,-0.010465,-0.010387500000000001
2024-06-10 23:30:00,-0.006621666666666667,-0.006173750000000001
2024-06-11 00:00:00,-0.0030499999999999993,-0.004168333333333333
2024-06-11 00:30:00,-0.0016916666666666666,-0.002292083333333333
2024-06-11 01:00:00,-0.017088333333333334,-0.017088333333333334
2024-06-11 01:30:00,-0.04434833333333333,-0.04434833333333333
2024-06-11 02:00:00,-0.04004,-0.04004
2024-06-11 02:30:00,-0.050943333333333334,-0.050943333333333334
2024-06-11 03:00:00,-0.05112666666666666,-0.05112666666666666
2024-06-11 03:30:00,-0.05067,-0.05067
2024-06-11 04:00:00,-0.024241666666666672,-0.02503791666666667
2024-06-11 04:30:00,-0.029260000000000005,-0.029590833333333334
2024-06-11 05:00:00,0.0052383333333333336,0.00392875
2024-06-11 05:30:00,0.015701666666666666,0.01177625
2024-06-11 06:00:00,0.03332333333333334,0.0249925
2024-06-11 06:30:00,0.04536333333333333,0.034022500000000004
2024-06-11 07:00:00,0.11101166666666668,0.08325874999999999
2024-06-11 07:30:00,0.10470499999999999,0.07852875
2024-06-11 08:00:00,0.07265666666666666,0.0544925
2024-06-11 08:30:00,0.06119166666666667,0.045893750000000004
2024-06-11 09:00:00,0.05270666666666667,0.03953
2024-06-11 09:30:00,0.010998333333333332,0.008248750000000001
2024-06-11 10:00:00,0.003993333333333334,0.002995
2024-06-11 10:30:00,0.0061583333333333325,0.0046187500000000005
2024-06-11 11:00:00,0.009191666666666667,0.006893750000000001
2024-06-11 11:30:00,0.010563333333333333,0.0079225
2024-06-11 12:00:00,0.010931666666666668,0.010931666666666668
2024-06-11 12:30:00,-0.0037333333333333337,-0.0037333333333333337
2024-06-11 13:00:00,-0.012124999999999999,-0.011570833333333334
2024-06-11 13:30:00,-0.0064266666666666665,-0.00639625
2024-06-11 14:00:00,-0.005830000000000001,-0.005802083333333333
2024-06-11 14:30:00,-0.0023,-0.002276666666666667
2024-06-11 15:00:00,-0.017768333333333334,-0.01775875
2024-06-11 15:30:00,0.05364833333333333,0.06875833333333332
2024-06-11 16:00:00,0.11632833333333333,0.14541041666666668
2024-06-11 16:30:00,0.15362333333333333,0.19202916666666667
2024-06-11 17:00:00,0.208125,0.26015625000000003
2024-06-11 17:30:00,0.24117999999999998,0.301475
2024-06-11 18:00:00,0.17717166666666664,0.22146458333333333
2024-06-11 18:30:00,0.14191333333333334,0.17739166666666664
2024-06-11 19:00:00,0.10184333333333333,0.12730416666666666
2024-06-11 19:30:00,0.11072666666666668,0.13840833333333333
2024-06-11 20:00:00,0.08837666666666666,0.11047083333333334
2024-06-11 20:30:00,0.08856833333333335,0.11071041666666666
2024-06-11 21:00:00,0.07944166666666667,0.09930208333333335
2024-06-11 21:30:00,0.05765000000000001,0.0720625
2024-06-11 22:00:00,0.039915,0.049893749999999994
2024-06-11 22:30:00,0.012648333333333333,0.015810416666666667
2024-06-11 23:00:00,0.010273333333333332,0.012841666666666666
2024-06-11 23:30:00,0.007135,0.008918750000000001
2024-06-12 00:00:00,0.004823333333333333,0.003470833333333333
2024-06-12 00:30:00,0.008983333333333334,0.0067375
2024-06-12 01:00:00,0.0009633333333333334,0.0005366666666666667
2024-06-12 01:30:00,0.0018416666666666666,0.0013812499999999999
2024-06-12 02:00:00,0.00606,0.0045449999999999996
2024-06-12 02:30:00,0.008001666666666666,0.00600125
2024-06-12 03:00:00,0.008385,0.00628875
2024-06-12 03:30:00,0.008763333333333333,0.006572499999999999
2024-06-12 04:00:00,0.009471666666666666,0.00710375
2024-06-12 04:30:00,0.008483333333333334,0.0063625
2024-06-12 05:00:00,0.00899,0.006742499999999999
2024-06-12 05:30:00,0.04125500000000001,0.030941250000000003
2024-06-12 06:00:00,0.07990000000000001,0.059925
2024-06-12 06:30:00,0.09739166666666667,0.07304375
2024-06-12 07:00:00,0.13092499999999999,0.09819375000000001
2024-06-12 07:30:00,0.113185,0.08488875
2024-06-12 08:00:00,0.08452,0.06339
2024-06-12 08:30:00,0.055854999999999995,0.04189125
2024-06-12 09:00:00,0.07196666666666668,0.053974999999999995
2024-06-12 09:30:00,0.11406500000000001,0.08554875
2024-06-12 10:00:00,0.06189,0.0464175
2024-06-12 10:30:00,0.02851333333333333,0.021385
2024-06-12 11:00:00,0.014325,0.010743750000000002
2024-06-12 11:30:00,0.014506666666666668,0.01088
2024-06-12 12:00:00,0.013361666666666668,0.013361666666666668
2024-06-12 12:30:00,0.01778,0.01778
2024-06-12 13:00:00,0.010698333333333332,0.013372916666666667
2024-06-12 13:30:00,0.02678666666666667,0.03348333333333334
2024-06-12 14:00:00,0.019059999999999997,0.023825
2024-06-12 14:30:00,0.03340666666666667,0.041758333333333335
2024-06-12 15:00:00,0.03287166666666667,0.04108958333333334
2024-06-12 15:30:00,0.08139,0.1017375
2024-06-12 16:00:00,0.10318833333333333,0.12898541666666666
2024-06-12 16:30:00,0.14741166666666666,0.18426458333333331
2024-06-12 17:00:00,0.19975166666666666,0.24968958333333333
2024-06-12 17:30:00,0.254945,0.31868124999999997
2024-06-12 18:00:00,0.18589333333333333,0.23236666666666664
2024-06-12 18:30:00,0.12328666666666667,0.15410833333333332
2024-06-12 19:00:00,0.10986166666666668,0.13732708333333332
2024-06-12 19:30:00,0.095715,0.11964375
2024-06-12 20:00:00,0.08877499999999999,0.11096875
2024-06-12 20:30:00,0.07164166666666667,0.08955208333333335
2024-06-12 21:00:00,0.06724000000000001,0.08405
2024-06-12 21:30:00,0.05332666666666667,0.06665833333333333
2024-06-12 22:00:00,0.00904,0.0113
2024-06-12 22:30:00,0.003406666666666667,0.00458125
2024-06-12 23:00:00,0.0015816666666666663,0.0019770833333333333
2024-06-12 23:30:00,0.013054999999999999,0.01631875
2024-06-13 00:00:00,0.013368333333333331,0.00986625
2024-06-13 00:30:00,-0.0010866666666666666,-0.0011179166666666666
2024-06-13 01:00:00,0.0040616666666666666,0.00304625
2024-06-13 01:30:00,-0.01473,-0.014766666666666666
2024-06-13 02:00:00,-0.013093333333333332,-0.013095
2024-06-13 02:30:00,-0.02,-0.02
2024-06-13 03:00:00,-0.015536666666666666,-0.01554375
2024-06-13 03:30:00,-0.009203333333333332,-0.00925375
2024-06-13 04:00:00,-0.028083333333333335,-0.028130000000000002
2024-06-13 04:30:00,-0.0367,-0.0367
2024-06-13 05:00:00,-0.006273333333333333,-0.006335416666666667
2024-06-13 05:30:00,0.007501666666666666,0.00562625
2024-06-13 06:00:00,0.02713,0.0203475
2024-06-13 06:30:00,0.06865833333333334,0.051493750000000005
2024-06-13 07:00:00,0.07788166666666667,0.058411250000000005
2024-06-13 07:30:00,0.06799500000000001,0.05099625
2024-06-13 08:00:00,0.06556166666666667,0.04917125
2024-06-13 08:30:00,0.069055,0.051791250000000004
2024-06-13 09:00:00,0.06860000000000001,0.05145
2024-06-13 09:30:00,0.05599500000000001,0.041996250000000006
2024-06-13 10:00:00,0.039691666666666674,0.02976875
2024-06-13 10:30:00,0.018741666666666667,0.01405625
2024-06-13 11:00:00,0.014861666666666667,0.010312916666666666
2024-06-13 11:30:00,-0.016043333333333333,-0.016051666666666665
2024-06-13 12:00:00,-0.008579999999999999,-0.008579999999999999
2024-06-13 12:30:00,-0.012181666666666667,-0.012181666666666667
2024-06-13 13:00:00,-0.018693333333333333,-0.018693333333333333
2024-06-13 13:30:00,-0.018359999999999998,-0.018122083333333334
2024-06-13 14:00:00,-0.023006666666666665,-0.023006666666666665
2024-06-13 14:30:00,0.001785,0.0028483333333333334
2024-06-13 15:00:00,0.010021666666666667,0.013220416666666665
2024-06-13 15:30:00,0.026873333333333332,0.033591666666666666
2024-06-13 16:00:00,0.06241833333333333,0.07802291666666666
2024-06-13 16:30:00,0.11006,0.137575
2024-06-13 17:00:00,0.14284833333333333,0.17856041666666667
2024-06-13 17:30:00,0.161305,0.20163125
2024-06-13 18:00:00,0.13029666666666667,0.16287083333333333
2024-06-13 18:30:00,0.1488533333333333,0.18606666666666669
2024-06-13 19:00:00,0.10879666666666667,0.13599583333333332
2024-06-13 19:30:00,0.098485,0.12310625000000001
2024-06-13 20:00:00,0.08744,0.1093
2024-06-13 20:30:00,0.078135,0.09766875000000001
2024-06-13 21:00:00,0.072145,0.09018125
2024-06-13 21:30:00,0.043243333333333335,0.05405416666666666
2024-06-13 22:00:00,0.004783333333333333,0.0059791666666666665
2024-06-13 22:30:00,0.005513333333333333,0.0068916666666666675
2024-06-13 23:00:00,0.005591666666666666,0.006989583333333334
2024-06-13 23:30:00,0.00021500000000000002,0.00026875
2024-06-14 00:00:00,-0.006525,-0.00655375
2024-06-14 00:30:00,-0.022929999999999996,-0.022929999999999996
2024-06-14 01:00:00,-0.019774999999999997,-0.019774999999999997
2024-06-14 01:30:00,-0.030680000000000002,-0.030680000000000002
2024-06-14 02:00:00,-0.033915,-0.033915
2024-06-14 02:30:00,-0.03745333333333333,-0.03745333333333333
2024-06-14 03:00:00,-0.039163333333333335,-0.039163333333333335
2024-06-14 03:30:00,-0.041375,-0.041375
2024-06-14 04:00:00,-0.047161666666666664,-0.047161666666666664
2024-06-14 04:30:00,-0.04728333333333334,-0.04728333333333334
2024-06-14 05:00:00,-0.028345,-0.028345
2024-06-14 05:30:00,-0.017308333333333332,-0.017315416666666666
2024-06-14 06:00:00,-0.005073333333333333,-0.00555125
2024-06-14 06:30:00,0.011921666666666665,0.00894125
2024-06-14 07:00:00,0.00899,0.006742499999999999
2024-06-14 07:30:00,0.02499,0.0187425
2024-06-14 08:00:00,0.004168333333333333,0.00312625
2024-06-14 08:30:00,-0.00979,-0.00982
2024-06-14 09:00:00,-0.02084,-0.02084
2024-06-14 09:30:00,-0.02561333333333333,-0.02561333333333333
2024-06-14 10:00:00,-0.03357333333333334,-0.03357333333333334
2024-06-14 10:30:00,-0.04868,-0.04868
2024-06-14 11:00:00,-0.053864999999999996,-0.053864999999999996
2024-06-14 11:30:00,-0.05758666666666667,-0.05758666666666667
2024-06-14 12:00:00,-0.05838666666666667,-0.05838666666666667
2024-06-14 12:30:00,-0.05906666666666666,-0.05906666666666666
2024-06-14 13:00:00,-0.059469999999999995,-0.059469999999999995
2024-06-14 13:30:00,-0.05892666666666666,-0.05892666666666666
2024-06-14 14:00:00,-0.05838666666666667,-0.05838666666666667
2024-06-14 14:30:00,-0.056128333333333336,-0.056128333333333336
2024-06-14 15:00:00,-0.05429666666666667,-0.05429666666666667
2024-06-14 15:30:00,-0.024686666666666666,-0.024685833333333334
2024-06-14 16:00:00,0.0019250000000000003,0.002880416666666667
2024-06-14 16:30:00,0.0121,0.015125
2024-06-14 17:00:00,0.00898,0.011224999999999999
2024-06-14 17:30:00,-0.015286666666666665,-0.014530000000000001
2024-06-14 18:00:00,0.01776,0.02536208333333333
2024-06-14 18:30:00,0.016278333333333332,0.020347916666666667
2024-06-14 19:00:00,0.00594,0.007425
2024-06-14 19:30:00,-0.003315,-0.0033108333333333327
2024-06-14 20:00:00,-0.026328333333333332,-0.026328333333333332
2024-06-14 20:30:00,-0.02053333333333333,-0.02053333333333333
2024-06-14 21:00:00,-0.02563,-0.02563
2024-06-14 21:30:00,-0.03136833333333333,-0.03136833333333333
2024-06-14 22:00:00,-0.028348333333333333,-0.028348333333333333
2024-06-14 22:30:00,-0.03260333333333334,-0.03260333333333334
2024-06-14 23:00:00,-0.014271666666666667,-0.014271666666666667
2024-06-14 23:30:00,-0.02287,-0.02287
2024-06-15 00:00:00,-0.034806666666666666,-0.034806666666666666
2024-06-15 00:30:00,-0.04291333333333333,-0.04291333333333333
2024-06-15 01:00:00,-0.04819333333333333,-0.04819333333333333
2024-06-15 01:30:00,-0.05246833333333333,-0.05246833333333333
2024-06-15 02:00:00,-0.05278333333333333,-0.05278333333333333
2024-06-15 02:30:00,-0.05367333333333333,-0.05367333333333333
2024-06-15 03:00:00,-0.05391666666666667,-0.05391666666666667
2024-06-15 03:30:00,-0.05654666666666667,-0.05654666666666667
2024-06-15 04:00:00,-0.05647666666666667,-0.05647666666666667
2024-06-15 04:30:00,-0.055023333333333334,-0.055023333333333334
2024-06-15 05:00:00,-0.052395,-0.052395
2024-06-15 05:30:00,-0.05139,-0.05139
2024-06-15 06:00:00,-0.05023333333333333,-0.05023333333333333
2024-06-15 06:30:00,-0.04343166666666667,-0.04343166666666667
2024-06-15 07:00:00,-0.06399833333333334,-0.06399833333333334
2024-06-15 07:30:00,-0.035705,-0.035805
2024-06-15 08:00:00,7.333333333333333e-05,5.5e-05
2024-06-15 08:30:00,-0.021333333333333333,-0.021333333333333333
2024-06-15 09:00:00,-0.02727,-0.02727
2024-06-15 09:30:00,-0.04966,-0.04966
2024-06-15 10:00:00,-0.05265166666666666,-0.05265166666666666
2024-06-15 10:30:00,-0.05488833333333334,-0.05488833333333334
2024-06-15 11:00:00,-0.05812666666666667,-0.05812666666666667
2024-06-15 11:30:00,-0.05834333333333334,-0.05834333333333334
2024-06-15 12:00:00,-0.05861333333333333,-0.05861333333333333
2024-06-15 12:30:00,-0.05969333333333333,-0.05969333333333333
2024-06-15 13:00:00,-0.058706666666666664,-0.058706666666666664
2024-06-15 13:30:00,-0.05861333333333333,-0.05861333333333333
2024-06-15 14:00:00,-0.05800666666666667,-0.05800666666666667
2024-06-15 14:30:00,-0.05800666666666667,-0.05800666666666667
2024-06-15 15:00:00,-0.058175000000000004,-0.058175000000000004
2024-06-15 15:30:00,-0.031966666666666664,-0.031709999999999995
2024-06-15 16:00:00,0.03996,0.049949999999999994
2024-06-15 16:30:00,0.027153333333333335,0.03394166666666667
2024-06-15 17:00:00,0.029943333333333332,0.037429166666666666
2024-06-15 17:30:00,0.07923166666666666,0.09903958333333333
2024-06-15 18:00:00,0.06988166666666666,0.08735208333333333
2024-06-15 18:30:00,0.06471500000000001,0.08089375
2024-06-15 19:00:00,0.06680833333333334,0.08351041666666666
2024-06-15 19:30:00,0.07757,0.09696250000000001
2024-06-15 20:00:00,0.071085,0.08885625000000001
2024-06-15 20:30:00,0.073385,0.09173125
2024-06-15 21:00:00,0.07158333333333333,0.08947916666666667
2024-06-15 21:30:00,0.07159833333333333,0.08949791666666668
2024-06-15 22:00:00,0.06661333333333334,0.08326666666666667
2024-06-15 22:30:00,0.06871666666666666,0.08589583333333334
2024-06-15 23:00:00,0.067405,0.08425624999999999
2024-06-15 23:30:00,0.06642666666666668,0.08303333333333333
2024-06-16 00:00:00,0.05735000000000001,0.0430125
2024-06-16 00:30:00,0.023228333333333333,0.017421250000000003
2024-06-16 01:00:00,0.05336833333333333,0.04002625
2024-06-16 01:30:00,0.037173333333333336,0.02788
2024-06-16 02:00:00,0.010688333333333333,0.00801625
2024-06-16 02:30:00,0.012385,0.00928875
2024-06-16 03:00:00,0.017458333333333333,0.013093750000000001
2024-06-16 03:30:00,0.014081666666666666,0.010561250000000001
2024-06-16 04:00:00,0.008523333333333334,0.0063925
2024-06-16 04:30:00,0.007278333333333334,0.005458750000000001
2024-06-16 05:00:00,0.00895,0.0067125
2024-06-16 05:30:00,0.00894,0.006705
2024-06-16 06:00:00,0.043783333333333334,0.0328375
2024-06-16 06:30:00,0.017509999999999998,0.0131325
2024-06-16 07:00:00,-0.002950000000000001,-0.0037416666666666674
2024-06-16 07:30:00,0.06260166666666667,0.04695125
2024-06-16 08:00:00,0.056848333333333334,0.04263625000000001
2024-06-16 08:30:00,0.02576166666666667,0.01932125
2024-06-16 09:00:00,0.008588333333333333,0.00644125
2024-06-16 09:30:00,0.0014999999999999998,0.001125
2024-06-16 10:00:00,-0.015264999999999999,-0.015281666666666666
2024-06-16 10:30:00,-0.03524666666666667,-0.03524666666666667
2024-06-16 11:00:00,-0.043081666666666664,-0.043081666666666664
2024-06-16 11:30:00,-0.051655,-0.051655
2024-06-16 12:00:00,-0.056271666666666664,-0.056271666666666664
2024-06-16 12:30:00,-0.05800666666666667,-0.05800666666666667
2024-06-16 13:00:00,-0.05800666666666667,-0.05800666666666667
2024-06-16 13:30:00,-0.058100000000000006,-0.058100000000000006
2024-06-16 14:00:00,-0.05800666666666667,-0.05800666666666667
2024-06-16 14:30:00,-0.05707333333333334,-0.05707333333333334
2024-06-16 15:00:00,-0.05318333333333333,-0.05318333333333333
2024-06-16 15:30:00,-0.031214999999999996,-0.031205833333333332
2024-06-16 16:00:00,0.016153333333333336,0.020713750000000003
2024-06-16 16:30:00,0.0068783333333333335,0.008597916666666667
2024-06-16 17:00:00,-0.05436666666666667,-0.05436666666666667
2024-06-16 17:30:00,-0.00026666666666666505,0.0026854166666666693
2024-06-16 18:00:00,0.0007416666666666671,0.002310000000000001
2024-06-16 18:30:00,-0.03636333333333334,-0.03636333333333334
2024-06-16 19:00:00,-0.039273333333333334,-0.039273333333333334
2024-06-16 19:30:00,-0.015838333333333333,-0.015838333333333333
2024-06-16 20:00:00,0.0011466666666666671,0.0024558333333333337
2024-06-16 20:30:00,0.0070283333333333335,0.008785416666666667
2024-06-16 21:00:00,0.0015383333333333332,0.0019229166666666667
2024-06-16 21:30:00,-0.004495,-0.004111666666666667
2024-06-16 22:00:00,-0.005488333333333332,-0.005113333333333333
2024-06-16 22:30:00,-0.03281666666666667,-0.03281666666666667
2024-06-16 23:00:00,-0.033940000000000005,-0.033940000000000005
2024-06-16 23:30:00,-0.021345000000000003,-0.021343749999999998
2024-06-17 00:00:00,-0.022386666666666666,-0.022386666666666666
2024-06-17 00:30:00,-0.025495,-0.025495
2024-06-17 01:00:00,-0.033021666666666664,-0.033021666666666664
2024-06-17 01:30:00,-0.03696166666666667,-0.03696166666666667
2024-06-17 02:00:00,-0.036300000000000006,-0.036300000000000006
2024-06-17 02:30:00,-0.03487666666666667,-0.03487666666666667
2024-06-17 03:00:00,-0.037480000000000006,-0.037480000000000006
2024-06-17 03:30:00,-0.015198333333333335,-0.015589166666666666
2024-06-17 04:00:00,0.005385,0.00403875
2024-06-17 04:30:00,0.008891666666666668,0.00666875
2024-06-17 05:00:00,0.026875,0.02015625
2024-06-17 05:30:00,0.04146166666666667,0.031096250000000002
2024-06-17 06:00:00,0.07839833333333333,0.058798750000000004
2024-06-17 06:30:00,0.05672166666666667,0.04254125
2024-06-17 07:00:00,0.03394833333333333,0.02546125
2024-06-17 07:30:00,0.07015833333333334,0.05261875
2024-06-17 08:00:00,0.07668,0.05751
2024-06-17 08:30:00,0.07746833333333333,0.05810125
2024-06-17 09:00:00,0.076,0.057
2024-06-17 09:30:00,0.07519166666666667,0.05639375
2024-06-17 10:00:00,0.036313333333333336,0.027235
2024-06-17 10:30:00,0.029176666666666667,0.0218825
2024-06-17 11:00:00,0.018483333333333334,0.0138625
2024-06-17 11:30:00,0.0045449999999999996,0.0033495833333333333
2024-06-17 12:00:00,0.008055,0.008055
2024-06-17 12:30:00,-0.021238333333333335,-0.021238333333333335
2024-06-17 13:00:00,-0.0034750000000000002,-0.00292625
2024-06-17 13:30:00,-0.015028333333333333,-0.014652499999999999
2024-06-17 14:00:00,0.010996666666666667,0.01415875
2024-06-17 14:30:00,0.028685,0.03585625
2024-06-17 15:00:00,0.041315,0.051643749999999995
2024-06-17 15:30:00,0.09208333333333334,0.11510416666666667
2024-06-17 16:00:00,0.18322333333333332,0.22902916666666664
2024-06-17 16:30:00,0.16875666666666667,0.2109458333333333
2024-06-17 17:00:00,0.11888166666666666,0.14860208333333333
2024-06-17 17:30:00,0.30878666666666665,0.38598333333333334
2024-06-17 18:00:00,0.17992666666666668,0.22490833333333335
2024-06-17 18:30:00,0.18798833333333334,0.2349854166666667
2024-06-17 19:00:00,0.16668000000000002,0.20835
2024-06-17 19:30:00,0.22109166666666666,0.2763645833333333
2024-06-17 20:00:00,0.17490499999999998,0.21863125000000003
2024-06-17 20:30:00,0.15571166666666666,0.19463958333333334
2024-06-17 21:00:00,0.14772833333333332,0.18466041666666666
2024-06-17 21:30:00,0.13831000000000002,0.1728875
2024-06-17 22:00:00,0.10930666666666666,0.13663333333333333
2024-06-17 22:30:00,0.09498166666666667,0.11872708333333333
2024-06-17 23:00:00,0.12416666666666666,0.1552083333333333
2024-06-17 23:30:00,0.12478166666666667,0.15597708333333335
2024-06-18 00:00:00,0.11391166666666667,0.08543374999999999
2024-06-18 00:30:00,0.09253166666666666,0.06939875
2024-06-18 01:00:00,0.09121166666666668,0.06840875
2024-06-18 01:30:00,0.09201833333333333,0.06901375
2024-06-18 02:00:00,0.09806,0.073545
2024-06-18 02:30:00,0.08704166666666667,0.06528125
2024-06-18 03:00:00,0.08729500000000001,0.06547125
2024-06-18 03:30:00,0.08845166666666666,0.06633875
2024-06-18 04:00:00,0.11666166666666666,0.08749625
2024-06-18 04:30:00,0.11984333333333334,0.08988249999999999
2024-06-18 05:00:00,0.16157000000000002,0.1211775
2024-06-18 05:30:00,0.10946833333333333,0.08210125
2024-06-18 06:00:00,0.15202666666666667,0.11402
2024-06-18 06:30:00,0.15448,0.11586
2024-06-18 07:00:00,0.19158833333333333,0.14369125000000002
2024-06-18 07:30:00,0.17802666666666667,0.13352
2024-06-18 08:00:00,0.21291000000000002,0.1596825
2024-06-18 08:30:00,0.12024999999999998,0.09018749999999999
2024-06-18 09:00:00,0.18516333333333335,0.13887249999999998
2024-06-18 09:30:00,0.16486666666666666,0.12365
2024-06-18 10:00:00,0.108115,0.08108625000000001
2024-06-18 10:30:00,0.09058166666666667,0.06793625
2024-06-18 11:00:00,0.10975166666666668,0.08231375
2024-06-18 11:30:00,0.08402333333333334,0.0630175
2024-06-18 12:00:00,0.138475,0.138475
2024-06-18 12:30:00,0.14531333333333332,0.14531333333333332
2024-06-18 13:00:00,0.16047666666666668,0.20059583333333333
2024-06-18 13:30:00,0.09243,0.1155375
2024-06-18 14:00:00,0.14407833333333334,0.18009791666666666
2024-06-18 14:30:00,0.14306833333333333,0.17883541666666666
2024-06-18 15:00:00,0.13535333333333333,0.16919166666666666
2024-06-18 15:30:00,0.25779,0.3222375
2024-06-18 16:00:00,0.28127833333333335,0.3515979166666667
2024-06-18 16:30:00,0.26264166666666666,0.3283020833333333
2024-06-18 17:00:00,0.36940166666666663,0.4617520833333333
2024-06-18 17:30:00,0.7220400000000001,0.9025500000000001
2024-06-18 18:00:00,0.378095,0.4726187499999999
2024-06-18 18:30:00,0.37293166666666666,0.4661645833333334
2024-06-18 19:00:00,0.3004383333333333,0.37554791666666665
2024-06-18 19:30:00,0.283225,0.35403125
2024-06-18 20:00:00,0.2869366666666667,0.3586708333333333
2024-06-18 20:30:00,0.266155,0.33269375
2024-06-18 21:00:00,0.20664333333333332,0.25830416666666667
2024-06-18 21:30:00,0.15329666666666666,0.19162083333333335
2024-06-18 22:00:00,0.13246666666666665,0.16558333333333333
2024-06-18 22:30:00,0.13272166666666665,0.16590208333333334
2024-06-18 23:00:00,0.117165,0.14645624999999998
2024-06-18 23:30:00,0.11359333333333334,0.14199166666666665
2024-06-19 00:00:00,0.11103333333333332,0.083275
2024-06-19 00:30:00,0.11163666666666666,0.0837275
2024-06-19 01:00:00,0.10642833333333333,0.07982125
2024-06-19 01:30:00,0.10293999999999999,0.07720500000000001
2024-06-19 02:00:00,0.09835166666666667,0.07376375
2024-06-19 02:30:00,0.09632166666666668,0.07224124999999999
2024-06-19 03:00:00,0.09143499999999999,0.06857625
2024-06-19 03:30:00,0.08188333333333332,0.0614125
2024-06-19 04:00:00,0.10645,0.07983749999999999
2024-06-19 04:30:00,0.10513666666666667,0.0788525
2024-06-19 05:00:00,0.10687833333333334,0.08015875
2024-06-19 05:30:00,0.10915833333333334,0.08186875
2024-06-19 06:00:00,0.131715,0.09878625
2024-06-19 06:30:00,0.14801666666666669,0.1110125
2024-06-19 07:00:00,0.20172833333333332,0.15129625
2024-06-19 07:30:00,0.15932,0.11949
2024-06-19 08:00:00,0.14564166666666667,0.10923125
2024-06-19 08:30:00,0.09935666666666666,0.0745175
2024-06-19 09:00:00,0.13285166666666667,0.09963875
2024-06-19 09:30:00,0.11587333333333333,0.08690500000000001
2024-06-19 10:00:00,0.09892833333333333,0.07419625
2024-06-19 10:30:00,0.083155,0.062366250000000005
2024-06-19 11:00:00,0.08483,0.0636225
2024-06-19 11:30:00,0.01831,0.0137325
2024-06-19 12:00:00,0.03753833333333333,0.03753833333333333
2024-06-19 12:30:00,0.05398333333333333,0.05398333333333333
2024-06-19 13:00:00,0.09422166666666666,0.11777708333333332
2024-06-19 13:30:00,0.11121166666666667,0.13901458333333333
2024-06-19 14:00:00,0.114465,0.14308125000000002
2024-06-19 14:30:00,0.11860166666666666,0.14825208333333334
2024-06-19 15:00:00,0.118765,0.14845624999999998
2024-06-19 15:30:00,0.1854566666666667,0.23182083333333334
2024-06-19 16:00:00,0.165235,0.20654375
2024-06-19 16:30:00,0.13694166666666666,0.17117708333333334
2024-06-19 17:00:00,0.15714,0.196425
2024-06-19 17:30:00,0.15665666666666667,0.19582083333333333
2024-06-19 18:00:00,0.16933,0.2116625
2024-06-19 18:30:00,0.12936666666666666,0.16170833333333334
2024-06-19 19:00:00,0.12758166666666668,0.15947708333333332
2024-06-19 19:30:00,0.14867333333333335,0.18584166666666668
2024-06-19 20:00:00,0.24658,0.308225
2024-06-19 20:30:00,0.15459,0.19323749999999998
2024-06-19 21:00:00,0.14240666666666665,0.17800833333333332
2024-06-19 21:30:00,0.10770833333333334,0.13463541666666667
2024-06-19 22:00:00,0.11046666666666667,0.13808333333333334
2024-06-19 22:30:00,0.11036499999999999,0.13795625
2024-06-19 23:00:00,0.09888333333333334,0.12360416666666667
2024-06-19 23:30:00,0.09566166666666666,0.11957708333333333
2024-06-20 00:00:00,0.10032666666666668,0.075245
2024-06-20 00:30:00,0.09375499999999999,0.07031625
2024-06-20 01:00:00,0.09272000000000001,0.06954
2024-06-20 01:30:00,0.09006666666666667,0.06755
2024-06-20 02:00:00,0.08996666666666668,0.06747500000000001
2024-06-20 02:30:00,0.08854000000000001,0.066405
2024-06-20 03:00:00,0.08492833333333333,0.06369625
2024-06-20 03:30:00,0.08751166666666667,0.06563375
2024-06-20 04:00:00,0.10292666666666667,0.077195
2024-06-20 04:30:00,0.10645333333333333,0.07984000000000001
2024-06-20 05:00:00,0.11284833333333333,0.08463625000000001
2024-06-20 05:30:00,0.10591166666666667,0.07943375
2024-06-20 06:00:00,0.12408333333333334,0.09306249999999999
2024-06-20 06:30:00,0.14345666666666668,0.1075925
2024-06-20 07:00:00,0.18699,0.1402425
2024-06-20 07:30:00,0.15296666666666667,0.11472500000000001
2024-06-20 08:00:00,0.1495466666666667,0.11216
2024-06-20 08:30:00,0.13837,0.10377750000000001
2024-06-20 09:00:00,0.14845333333333333,0.11134
2024-06-20 09:30:00,0.13485333333333335,0.10114
2024-06-20 10:00:00,0.12704666666666667,0.095285
2024-06-20 10:30:00,0.10482833333333334,0.07862125
2024-06-20 11:00:00,0.10831833333333334,0.08123875000000001
2024-06-20 11:30:00,0.11421333333333333,0.08566
2024-06-20 12:00:00,0.11838166666666666,0.11838166666666666
2024-06-20 12:30:00,0.10998166666666666,0.10998166666666666
2024-06-20 13:00:00,0.16136999999999999,0.2017125
2024-06-20 13:30:00,0.15533666666666665,0.19417083333333332
2024-06-20 14:00:00,0.25129666666666667,0.31412083333333335
2024-06-20 14:30:00,0.17676,0.22095
2024-06-20 15:00:00,0.14167666666666667,0.1770958333333333
2024-06-20 15:30:00,0.12840666666666667,0.16050833333333334
2024-06-20 16:00:00,0.136695,0.17086874999999999
2024-06-20 16:30:00,0.08511666666666667,0.10639583333333334
2024-06-20 17:00:00,0.086455,0.10806875
2024-06-20 17:30:00,0.0961,0.120125
2024-06-20 18:00:00,0.06476000000000001,0.08095000000000001
2024-06-20 18:30:00,0.11198000000000001,0.139975
2024-06-20 19:00:00,0.11259000000000001,0.1407375
2024-06-20 19:30:00,0.106,0.1325
2024-06-20 20:00:00,0.08785333333333334,0.10981666666666667
2024-06-20 20:30:00,0.08768333333333334,0.10960416666666667
2024-06-20 21:00:00,0.07394833333333334,0.09243541666666666
2024-06-20 21:30:00,0.06157666666666667,0.07697083333333334
2024-06-20 22:00:00,0.05938000000000001,0.074225
2024-06-20 22:30:00,0.049091666666666665,0.061364583333333333
2024-06-20 23:00:00,0.06762333333333334,0.08452916666666667
2024-06-20 23:30:00,0.014025000000000001,0.01753125
2024-06-21 00:00:00,0.026581666666666667,0.01993625
2024-06-21 00:30:00,0.00899,0.006742499999999999
2024-06-21 01:00:00,0.009325,0.00699375
2024-06-21 01:30:00,0.007461666666666666,0.00559625
2024-06-21 02:00:00,0.009993333333333333,0.007495000000000001
2024-06-21 02:30:00,0.011593333333333332,0.008695
2024-06-21 03:00:00,0.028558333333333335,0.02141875
2024-06-21 03:30:00,0.014646666666666667,0.010985
2024-06-21 04:00:00,0.05259833333333333,0.03944875
2024-06-21 04:30:00,0.07808166666666667,0.05856125
2024-06-21 05:00:00,0.07679166666666666,0.05759375
2024-06-21 05:30:00,0.06899500000000001,0.05174625
2024-06-21 06:00:00,0.10050666666666667,0.07538
2024-06-21 06:30:00,0.12566,0.09424500000000001
2024-06-21 07:00:00,0.13626000000000002,0.102195
2024-06-21 07:30:00,0.17024833333333333,0.12768625
2024-06-21 08:00:00,0.16065166666666666,0.12048874999999999
2024-06-21 08:30:00,0.17027333333333336,0.12770499999999999
2024-06-21 09:00:00,0.20164666666666667,0.151235
2024-06-21 09:30:00,0.18764833333333333,0.14073625
2024-06-21 10:00:00,0.29605333333333334,0.22204000000000002
2024-06-21 10:30:00,0.09907166666666667,0.07430375
2024-06-21 11:00:00,0.12584833333333334,0.09438625
2024-06-21 11:30:00,0.132075,0.09905625
2024-06-21 12:00:00,0.16924666666666666,0.16924666666666666
2024-06-21 12:30:00,0.11354333333333333,0.11354333333333333
2024-06-21 13:00:00,0.12614833333333333,0.15768541666666666
2024-06-21 13:30:00,0.10868499999999999,0.13585624999999998
2024-06-21 14:00:00,0.10441,0.1305125
2024-06-21 14:30:00,0.14675833333333332,0.18344791666666663
2024-06-21 15:00:00,0.24664666666666665,0.30830833333333335
2024-06-21 15:30:00,0.14020166666666667,0.17525208333333334
2024-06-21 16:00:00,0.13256333333333334,0.16570416666666665
2024-06-21 16:30:00,0.15294166666666667,0.19117708333333336
2024-06-21 17:00:00,0.16712666666666667,0.20890833333333333
2024-06-21 17:30:00,0.15403999999999998,0.19255
2024-06-21 18:00:00,0.13911500000000002,0.17389374999999999
2024-06-21 18:30:00,0.12853666666666666,0.16067083333333335
2024-06-21 19:00:00,0.12652166666666667,0.15815208333333333
2024-06-21 19:30:00,0.11589666666666666,0.14487083333333334
2024-06-21 20:00:00,0.09082666666666667,0.11353333333333333
2024-06-21 20:30:00,0.11035166666666667,0.13793958333333334
2024-06-21 21:00:00,0.09064166666666668,0.11330208333333332
2024-06-21 21:30:00,0.07512833333333334,0.09391041666666666
2024-06-21 22:00:00,0.07513833333333333,0.09392291666666668
2024-06-21 22:30:00,0.06674500000000001,0.08343125000000001
2024-06-21 23:00:00,0.06476000000000001,0.08095000000000001
2024-06-21 23:30:00,0.04329666666666667,0.05412083333333333
2024-06-22 00:00:00,-0.0005133333333333335,-0.0009008333333333335
2024-06-22 00:30:00,0.0034333333333333334,0.0023991666666666666
2024-06-22 01:00:00,0.0038733333333333332,0.002905
2024-06-22 01:30:00,-0.0012183333333333328,-0.0020679166666666663
2024-06-22 02:00:00,0.0001883333333333333,6.666666666666666e-05
2024-06-22 02:30:00,-0.014135,-0.014135833333333334
2024-06-22 03:00:00,-0.033381666666666664,-0.033381666666666664
2024-06-22 03:30:00,-0.033915,-0.033915
2024-06-22 04:00:00,-0.037706666666666666,-0.037706666666666666
2024-06-22 04:30:00,-0.039205,-0.039205
2024-06-22 05:00:00,-0.033381666666666664,-0.033381666666666664
2024-06-22 05:30:00,-0.005683333333333333,-0.005684166666666666
2024-06-22 06:00:00,-0.0034999999999999996,-0.003527083333333333
2024-06-22 06:30:00,0.0016500000000000002,0.0012375
2024-06-22 07:00:00,0.0061016666666666676,0.00457625
2024-06-22 07:30:00,0.009268333333333333,0.00695125
2024-06-22 08:00:00,0.003953333333333333,0.0029649999999999993
2024-06-22 08:30:00,-0.003328333333333333,-0.003329166666666666
2024-06-22 09:00:00,-0.022676666666666668,-0.022676666666666668
2024-06-22 09:30:00,-0.033361666666666664,-0.033361666666666664
2024-06-22 10:00:00,-0.05049666666666667,-0.05049666666666667
2024-06-22 10:30:00,-0.051469999999999995,-0.051469999999999995
2024-06-22 11:00:00,-0.058645,-0.058645
2024-06-22 11:30:00,-0.05879,-0.05879
2024-06-22 12:00:00,-0.05990500000000001,-0.05990500000000001
2024-06-22 12:30:00,-0.059936666666666666,-0.059936666666666666
2024-06-22 13:00:00,-0.05966166666666667,-0.05966166666666667
2024-06-22 13:30:00,-0.05908666666666667,-0.05908666666666667
2024-06-22 14:00:00,-0.04912,-0.04912
2024-06-22 14:30:00,-0.020073333333333332,-0.019974583333333334
2024-06-22 15:00:00,-0.026091666666666666,-0.026091666666666666
2024-06-22 15:30:00,-0.008865,-0.00882875
2024-06-22 16:00:00,0.0017033333333333334,0.0026616666666666668
2024-06-22 16:30:00,0.007795,0.00974375
2024-06-22 17:00:00,0.006066666666666667,0.007583333333333333
2024-06-22 17:30:00,0.00895,0.011187500000000001
2024-06-22 18:00:00,0.031253333333333334,0.03906666666666666
2024-06-22 18:30:00,0.008283333333333334,0.010354166666666668
2024-06-22 19:00:00,-0.01655,-0.016549166666666667
2024-06-22 19:30:00,-0.0039299999999999995,-0.0033820833333333324
2024-06-22 20:00:00,0.0037199999999999998,0.005370416666666667
2024-06-22 20:30:00,-0.011778333333333333,-0.011682083333333334
2024-06-22 21:00:00,-0.0033766666666666663,-0.003373333333333333
2024-06-22 21:30:00,-0.016688333333333336,-0.016680833333333332
2024-06-22 22:00:00,-0.025336666666666664,-0.025325833333333336
2024-06-22 22:30:00,-0.03342166666666667,-0.03342166666666667
2024-06-22 23:00:00,-0.004026666666666665,-0.0040149999999999995
2024-06-22 23:30:00,-0.016806666666666668,-0.016805
2024-06-23 00:00:00,-0.03716833333333333,-0.03716833333333333
2024-06-23 00:30:00,-0.04236500000000001,-0.04236500000000001
2024-06-23 01:00:00,-0.03976,-0.03976
2024-06-23 01:30:00,-0.05139,-0.05139
2024-06-23 02:00:00,-0.050811666666666665,-0.050811666666666665
2024-06-23 02:30:00,-0.05233499999999999,-0.05233499999999999
2024-06-23 03:00:00,-0.05233499999999999,-0.05233499999999999
2024-06-23 03:30:00,-0.055415,-0.055415
2024-06-23 04:00:00,-0.05634,-0.05634
2024-06-23 04:30:00,-0.058,-0.058
2024-06-23 05:00:00,-0.05791666666666667,-0.05791666666666667
2024-06-23 05:30:00,-0.056885,-0.056885
2024-06-23 06:00:00,-0.054905,-0.054905
2024-06-23 06:30:00,-0.051116666666666664,-0.051116666666666664
2024-06-23 07:00:00,-0.04413166666666666,-0.04413166666666666
2024-06-23 07:30:00,-0.01596,-0.01596
2024-06-23 08:00:00,-0.015543333333333333,-0.015543333333333333
2024-06-23 08:30:00,-0.03342,-0.03342
2024-06-23 09:00:00,-0.023333333333333334,-0.023333333333333334
2024-06-23 09:30:00,-0.01935,-0.01935
2024-06-23 10:00:00,-0.019469999999999998,-0.019469999999999998
2024-06-23 10:30:00,-0.03753833333333333,-0.03753833333333333
2024-06-23 11:00:00,-0.05485166666666667,-0.05485166666666667
2024-06-23 11:30:00,-0.056565,-0.056565
2024-06-23 12:00:00,-0.054891666666666665,-0.054891666666666665
2024-06-23 12:30:00,-0.054244999999999995,-0.054244999999999995
2024-06-23 13:00:00,-0.053744999999999994,-0.053744999999999994
2024-06-23 13:30:00,-0.05784,-0.05784
2024-06-23 14:00:00,-0.05588833333333334,-0.05588833333333334
2024-06-23 14:30:00,-0.042618333333333334,-0.042618333333333334
2024-06-23 15:00:00,-0.048749999999999995,-0.048749999999999995
2024-06-23 15:30:00,-0.0076300000000000005,-0.007033750000000001
2024-06-23 16:00:00,-0.002208333333333333,-0.0011679166666666663
2024-06-23 16:30:00,0.01466,0.018324999999999998
2024-06-23 17:00:00,0.055323333333333335,0.06915416666666667
2024-06-23 17:30:00,0.07397333333333334,0.09246666666666666
2024-06-23 18:00:00,0.06884166666666666,0.08605208333333332
2024-06-23 18:30:00,0.07264333333333332,0.09080416666666667
2024-06-23 19:00:00,0.05971666666666667,0.07464583333333334
2024-06-23 19:30:00,0.03770666666666667,0.04713333333333333
2024-06-23 20:00:00,0.0025166666666666666,0.003268333333333333
2024-06-23 20:30:00,-0.013319999999999999,-0.01331833333333333
2024-06-23 21:00:00,-0.013199999999999998,-0.013168333333333332
2024-06-23 21:30:00,0.00045833333333333316,0.0008450000000000002
2024-06-23 22:00:00,-0.005111666666666667,-0.0051108333333333335
2024-06-23 22:30:00,-0.01819833333333333,-0.01819833333333333
2024-06-23 23:00:00,-0.009426666666666667,-0.009426666666666667
2024-06-23 23:30:00,-0.00528,-0.0052775
2024-06-24 00:00:00,0.0021900000000000005,0.0008891666666666667
2024-06-24 00:30:00,-0.006751666666666666,-0.006753333333333333
2024-06-24 01:00:00,-0.016595,-0.016595833333333334
2024-06-24 01:30:00,-0.027911666666666668,-0.027911666666666668
2024-06-24 02:00:00,-0.0367,-0.0367
2024-06-24 02:30:00,-0.03159666666666667,-0.03159666666666667
2024-06-24 03:00:00,-0.03626666666666667,-0.03626666666666667
2024-06-24 03:30:00,-0.04197833333333333,-0.04197833333333333
2024-06-24 04:00:00,-0.035855,-0.035855
2024-06-24 04:30:00,-0.0367,-0.0367
2024-06-24 05:00:00,-0.015086666666666667,-0.015086666666666667
2024-06-24 05:30:00,-0.003969999999999999,-0.0043025
2024-06-24 06:00:00,0.017845000000000003,0.01338375
2024-06-24 06:30:00,0.03185333333333334,0.023889999999999998
2024-06-24 07:00:00,0.06368166666666666,0.04776125
2024-06-24 07:30:00,0.059960000000000006,0.04497
2024-06-24 08:00:00,0.05044333333333333,0.0378325
2024-06-24 08:30:00,0.040828333333333335,0.03062125
2024-06-24 09:00:00,0.012203333333333332,0.008899166666666666
2024-06-24 09:30:00,0.007866666666666666,0.005833333333333333
2024-06-24 10:00:00,0.021904999999999997,0.016174166666666667
2024-06-24 10:30:00,0.0036550000000000003,0.002426666666666667
2024-06-24 11:00:00,-0.0007116666666666668,-0.0010937499999999999
2024-06-24 11:30:00,-0.004695,-0.00478375
2024-06-24 12:00:00,-0.014211666666666666,-0.014211666666666666
2024-06-24 12:30:00,0.0023766666666666667,0.0023766666666666667
2024-06-24 13:00:00,0.0018649999999999997,0.00301125
2024-06-24 13:30:00,0.0257,0.032125
2024-06-24 14:00:00,0.025695,0.03211875
2024-06-24 14:30:00,0.019768333333333336,0.024710416666666665
2024-06-24 15:00:00,0.03921,0.049012499999999994
2024-06-24 15:30:00,0.05207833333333334,0.06509791666666666
2024-06-24 16:00:00,0.13521166666666667,0.16901458333333333
2024-06-24 16:30:00,0.15101166666666666,0.18876458333333335
2024-06-24 17:00:00,0.26721,0.3340125
2024-06-24 17:30:00,0.28004333333333337,0.3500541666666666
2024-06-24 18:00:00,0.288995,0.36124375000000003
2024-06-24 18:30:00,0.2365816666666667,0.29572708333333336
2024-06-24 19:00:00,0.15619,0.19523749999999998
2024-06-24 19:30:00,0.13755833333333334,0.17194791666666667
2024-06-24 20:00:00,0.10721833333333332,0.13402291666666666
2024-06-24 20:30:00,0.10959666666666668,0.13699583333333334
2024-06-24 21:00:00,0.07737000000000001,0.09671249999999999
2024-06-24 21:30:00,0.06985166666666667,0.08731458333333335
2024-06-24 22:00:00,0.07957166666666667,0.09946458333333334
2024-06-24 22:30:00,0.07744833333333333,0.09681041666666668
2024-06-24 23:00:00,0.07121333333333334,0.08901666666666667
2024-06-24 23:30:00,0.069325,0.08665625
2024-06-25 00:00:00,0.06930333333333333,0.0519775
2024-06-25 00:30:00,0.05754666666666666,0.043160000000000004
2024-06-25 01:00:00,0.03495,0.0262125
2024-06-25 01:30:00,0.03169166666666667,0.02376875
2024-06-25 02:00:00,0.032905,0.02467875
2024-06-25 02:30:00,0.03184666666666667,0.023885
2024-06-25 03:00:00,0.025493333333333337,0.01912
2024-06-25 03:30:00,0.039585,0.02968875
2024-06-25 04:00:00,0.022073333333333334,0.016555
2024-06-25 04:30:00,0.019176666666666668,0.014382500000000001
2024-06-25 05:00:00,0.017521666666666668,0.013141249999999998
2024-06-25 05:30:00,0.10005000000000001,0.0750375
2024-06-25 06:00:00,0.08665833333333334,0.06499375
2024-06-25 06:30:00,0.11807666666666666,0.0885575
2024-06-25 07:00:00,0.13629166666666667,0.10221875000000001
2024-06-25 07:30:00,0.14324499999999998,0.10743375
2024-06-25 08:00:00,0.12064000000000001,0.09048
2024-06-25 08:30:00,0.08533666666666667,0.0640025
2024-06-25 09:00:00,0.10653166666666668,0.07989875
2024-06-25 09:30:00,0.09985166666666667,0.07488875
2024-06-25 10:00:00,0.06373000000000001,0.0477975
2024-06-25 10:30:00,0.056126666666666665,0.042095
2024-06-25 11:00:00,0.06272833333333333,0.047046250000000005
2024-06-25 11:30:00,0.03785666666666667,0.0283925
2024-06-25 12:00:00,0.06917666666666666,0.06917666666666666
2024-06-25 12:30:00,0.05595833333333333,0.05595833333333333
2024-06-25 13:00:00,0.056365,0.07045625
2024-06-25 13:30:00,0.0771,0.09637499999999999
2024-06-25 14:00:00,0.08372333333333333,0.10465416666666666
2024-06-25 14:30:00,0.11954333333333333,0.14942916666666667
2024-06-25 15:00:00,0.10419333333333332,0.13024166666666667
2024-06-25 15:30:00,0.13928500000000002,0.17410625
2024-06-25 16:00:00,0.13894333333333334,0.17367916666666663
2024-06-25 16:30:00,0.152345,0.19043125000000002
2024-06-25 17:00:00,0.16223,0.2027875
2024-06-25 17:30:00,0.20235333333333336,0.2529416666666667
2024-06-25 18:00:00,0.13116833333333333,0.16396041666666666
2024-06-25 18:30:00,0.13703,0.1712875
2024-06-25 19:00:00,0.13093333333333335,0.16366666666666665
2024-06-25 19:30:00,0.1505,0.188125
2024-06-25 20:00:00,0.12455500000000001,0.15569375
2024-06-25 20:30:00,0.10953,0.13691250000000002
2024-06-25 21:00:00,0.08860166666666668,0.11075208333333332
2024-06-25 21:30:00,0.06663000000000001,0.0832875
2024-06-25 22:00:00,0.057653333333333334,0.07206666666666667
2024-06-25 22:30:00,0.05219666666666667,0.06524583333333334
2024-06-25 23:00:00,0.06752666666666667,0.08440833333333335
2024-06-25 23:30:00,0.07151333333333333,0.08939166666666666
2024-06-26 00:00:00,0.039648333333333334,0.029736250000000002
2024-06-26 00:30:00,0.066105,0.04957875
2024-06-26 01:00:00,0.07807333333333333,0.058555
2024-06-26 01:30:00,0.06688,0.05016
2024-06-26 02:00:00,0.06407,0.0480525
2024-06-26 02:30:00,0.06205833333333333,0.046543749999999995
2024-06-26 03:00:00,0.06212500000000001,0.046593749999999996
2024-06-26 03:30:00,0.06340166666666668,0.047551249999999996
2024-06-26 04:00:00,0.04887166666666667,0.03665375
2024-06-26 04:30:00,0.070105,0.05257875
2024-06-26 05:00:00,0.08389666666666666,0.0629225
2024-06-26 05:30:00,0.06391666666666668,0.0479375
2024-06-26 06:00:00,0.043508333333333336,0.03263125
2024-06-26 06:30:00,0.040718333333333336,0.03053875
2024-06-26 07:00:00,0.08356833333333334,0.06267625
2024-06-26 07:30:00,0.10202833333333333,0.07652125
2024-06-26 08:00:00,0.10613166666666667,0.07959875
2024-06-26 08:30:00,0.08180833333333333,0.06135625
2024-06-26 09:00:00,0.10294166666666667,0.07720624999999999
2024-06-26 09:30:00,0.090745,0.06805875
2024-06-26 10:00:00,0.12236999999999999,0.0917775
2024-06-26 10:30:00,0.22785999999999998,0.170895
2024-06-26 11:00:00,0.22464333333333333,0.16848249999999998
2024-06-26 11:30:00,0.26538666666666666,0.19904
2024-06-26 12:00:00,0.16850166666666666,0.16850166666666666
2024-06-26 12:30:00,0.14138166666666666,0.14138166666666666
2024-06-26 13:00:00,0.2418233333333333,0.30227916666666665
2024-06-26 13:30:00,0.10661666666666665,0.13327083333333334
2024-06-26 14:00:00,0.11095,0.1386875
2024-06-26 14:30:00,0.09449333333333333,0.11811666666666666
2024-06-26 15:00:00,0.06476000000000001,0.08095000000000001
2024-06-26 15:30:00,0.112425,0.14053125
2024-06-26 16:00:00,0.13302333333333335,0.16627916666666667
2024-06-26 16:30:00,0.20697833333333335,0.25872291666666664
2024-06-26 17:00:00,0.170045,0.21255625
2024-06-26 17:30:00,0.24355166666666664,0.3044395833333334
2024-06-26 18:00:00,0.18863333333333335,0.23579166666666665
2024-06-26 18:30:00,0.15365666666666666,0.19207083333333333
2024-06-26 19:00:00,0.13878,0.17347500000000002
2024-06-26 19:30:00,0.13478166666666666,0.16847708333333333
2024-06-26 20:00:00,0.13014666666666666,0.16268333333333332
2024-06-26 20:30:00,0.10667333333333333,0.13334166666666666
2024-06-26 21:00:00,0.08429333333333333,0.10536666666666666
2024-06-26 21:30:00,0.09561666666666667,0.11952083333333334
2024-06-26 22:00:00,0.09528833333333335,0.11911041666666666
2024-06-26 22:30:00,0.07716666666666668,0.09645833333333333
2024-06-26 23:00:00,0.072175,0.09021875
2024-06-26 23:30:00,0.07176666666666667,0.08970833333333333
2024-06-27 00:00:00,0.05299333333333334,0.039745
2024-06-27 00:30:00,0.031385,0.02353875
2024-06-27 01:00:00,0.019190000000000002,0.0143925
2024-06-27 01:30:00,0.031355,0.023516250000000002
2024-06-27 02:00:00,0.019151666666666668,0.014363750000000002
2024-06-27 02:30:00,0.019176666666666668,0.014382500000000001
2024-06-27 03:00:00,0.019176666666666668,0.014382500000000001
2024-06-27 03:30:00,0.019163333333333334,0.014372500000000002
2024-06-27 04:00:00,0.019176666666666668,0.014382500000000001
2024-06-27 04:30:00,0.019190000000000002,0.0143925
2024-06-27 05:00:00,0.027866666666666668,0.020900000000000002
2024-06-27 05:30:00,0.02181166666666667,0.016358750000000002
2024-06-27 06:00:00,0.06099833333333333,0.04574875
2024-06-27 06:30:00,0.084555,0.06341625
2024-06-27 07:00:00,0.10079833333333332,0.07559875
2024-06-27 07:30:00,0.10570333333333333,0.0792775
2024-06-27 08:00:00,0.08867000000000001,0.0665025
2024-06-27 08:30:00,0.07360166666666668,0.05520125
2024-06-27 09:00:00,0.06888333333333334,0.0516625
2024-06-27 09:30:00,0.06281833333333334,0.04711375
2024-06-27 10:00:00,0.05514666666666668,0.04136
2024-06-27 10:30:00,0.04516333333333333,0.0338725
2024-06-27 11:00:00,0.011645,0.00873375
2024-06-27 11:30:00,-0.008358333333333334,-0.009483333333333331
2024-06-27 12:00:00,-0.004724999999999999,-0.004724999999999999
2024-06-27 12:30:00,-0.0054733333333333335,-0.0054733333333333335
2024-06-27 13:00:00,-0.020288333333333332,-0.0202775
2024-06-27 13:30:00,0.007951666666666668,0.012241249999999997
2024-06-27 14:00:00,0.011613333333333331,0.014516666666666669
2024-06-27 14:30:00,0.014480000000000002,0.0181
2024-06-27 15:00:00,0.023889999999999998,0.0298625
2024-06-27 15:30:00,0.04335166666666667,0.05418958333333334
2024-06-27 16:00:00,0.036471666666666666,0.04558958333333333
2024-06-27 16:30:00,0.09479833333333333,0.11849791666666666
2024-06-27 17:00:00,0.14428666666666667,0.18035833333333331
2024-06-27 17:30:00,0.14301,0.17876250000000002
2024-06-27 18:00:00,0.13429833333333333,0.16787291666666668
2024-06-27 18:30:00,0.12122333333333334,0.1515291666666667
2024-06-27 19:00:00,0.09843,0.12303749999999998
2024-06-27 19:30:00,0.08787333333333334,0.10984166666666667
2024-06-27 20:00:00,0.08503833333333333,0.10629791666666666
2024-06-27 20:30:00,0.07242666666666667,0.09053333333333334
2024-06-27 21:00:00,0.069095,0.08636875
2024-06-27 21:30:00,0.06829500000000001,0.08536875
2024-06-27 22:00:00,0.06522833333333335,0.08153541666666667
2024-06-27 22:30:00,0.05267666666666667,0.06584583333333334
2024-06-27 23:00:00,0.016130000000000002,0.0201625
2024-06-27 23:30:00,0.012801666666666668,0.016002083333333333
2024-06-28 00:00:00,0.00715,0.0053625
2024-06-28 00:30:00,0.00809,0.0060675
2024-06-28 01:00:00,0.006788333333333334,0.005091249999999999
2024-06-28 01:30:00,0.006988333333333333,0.00524125
2024-06-28 02:00:00,0.008263333333333333,0.006197500000000001
2024-06-28 02:30:00,0.008286666666666666,0.006215000000000001
2024-06-28 03:00:00,0.005941666666666667,0.00445625
2024-06-28 03:30:00,0.00449,0.0033675000000000003
2024-06-28 04:00:00,0.00895,0.0067125
2024-06-28 04:30:00,0.00895,0.0067125
2024-06-28 05:00:00,0.00895,0.0067125
2024-06-28 05:30:00,0.00898,0.0067350000000000005
2024-06-28 06:00:00,0.07966833333333334,0.05975125
2024-06-28 06:30:00,0.09668,0.07250999999999999
2024-06-28 07:00:00,0.09701,0.07275749999999999
2024-06-28 07:30:00,0.09715666666666667,0.07286749999999999
2024-06-28 08:00:00,0.09701,0.07275749999999999
2024-06-28 08:30:00,0.09666166666666666,0.07249625
2024-06-28 09:00:00,0.09694000000000001,0.072705
2024-06-28 09:30:00,0.08448666666666667,0.063365
2024-06-28 10:00:00,0.06386666666666667,0.0479
2024-06-28 10:30:00,0.04567333333333334,0.034255
2024-06-28 11:00:00,0.024075,0.01805625
2024-06-28 11:30:00,0.005104999999999999,0.00382875
2024-06-28 12:00:00,0.001658333333333333,0.001658333333333333
2024-06-28 12:30:00,0.00011833333333333334,0.00011833333333333334
2024-06-28 13:00:00,0.009313333333333333,0.011641666666666666
2024-06-28 13:30:00,0.010183333333333334,0.012729166666666666
2024-06-28 14:00:00,0.010055,0.012568750000000002
2024-06-28 14:30:00,0.027558333333333334,0.03444791666666667
2024-06-28 15:00:00,0.027893333333333336,0.034866666666666664
2024-06-28 15:30:00,0.07482666666666667,0.09353333333333334
2024-06-28 16:00:00,0.07627833333333334,0.09534791666666668
2024-06-28 16:30:00,0.10628833333333333,0.13286041666666668
2024-06-28 17:00:00,0.12384666666666666,0.15480833333333333
2024-06-28 17:30:00,0.15566166666666667,0.19457708333333334
2024-06-28 18:00:00,0.14201166666666667,0.17751458333333334
2024-06-28 18:30:00,0.12527333333333332,0.15659166666666666
2024-06-28 19:00:00,0.11497666666666667,0.14372083333333333
2024-06-28 19:30:00,0.10156166666666666,0.12695208333333333
2024-06-28 20:00:00,0.099505,0.12438125
2024-06-28 20:30:00,0.09562666666666668,0.11953333333333334
2024-06-28 21:00:00,0.093335,0.11666875
2024-06-28 21:30:00,0.09502166666666667,0.11877708333333332
2024-06-28 22:00:00,0.09701,0.12126250000000001
2024-06-28 22:30:00,0.09705000000000001,0.1213125
2024-06-28 23:00:00,0.09701,0.12126250000000001
2024-06-28 23:30:00,0.0963,0.12037500000000001
2024-06-29 00:00:00,0.08790166666666667,0.06592625
2024-06-29 00:30:00,0.07084166666666666,0.05313125
2024-06-29 01:00:00,0.06755666666666667,0.0506675
2024-06-29 01:30:00,0.030490000000000003,0.0228675
2024-06-29 02:00:00,0.017985,0.01348875
2024-06-29 02:30:00,0.03519833333333334,0.02639875
2024-06-29 03:00:00,0.04861833333333334,0.03646375
2024-06-29 03:30:00,0.057566666666666676,0.043175
2024-06-29 04:00:00,0.04509166666666667,0.03381875
2024-06-29 04:30:00,0.07729166666666666,0.05796874999999999
2024-06-29 05:00:00,0.09034500000000001,0.06775874999999999
2024-06-29 05:30:00,0.08497166666666667,0.06372874999999999
2024-06-29 06:00:00,0.09853,0.07389749999999999
2024-06-29 06:30:00,0.11747166666666668,0.08810375
2024-06-29 07:00:00,0.15715833333333332,0.11786875000000001
2024-06-29 07:30:00,0.16503166666666666,0.12377375
2024-06-29 08:00:00,0.175905,0.13192875
2024-06-29 08:30:00,0.13547666666666666,0.1016075
2024-06-29 09:00:00,0.09856833333333333,0.07392624999999999
2024-06-29 09:30:00,0.07228166666666667,0.054211249999999996
2024-06-29 10:00:00,0.057865,0.04339875000000001
2024-06-29 10:30:00,0.03982666666666667,0.029869999999999997
2024-06-29 11:00:00,0.035035000000000004,0.02627625
2024-06-29 11:30:00,0.05464666666666667,0.040985
2024-06-29 12:00:00,0.046913333333333335,0.046913333333333335
2024-06-29 12:30:00,0.05092,0.05092
2024-06-29 13:00:00,0.06094333333333333,0.07617916666666667
2024-06-29 13:30:00,0.04156666666666666,0.05195833333333333
2024-06-29 14:00:00,0.05280166666666667,0.06600208333333334
2024-06-29 14:30:00,0.05942,0.074275
2024-06-29 15:00:00,0.08156166666666666,0.10195208333333333
2024-06-29 15:30:00,0.10912499999999999,0.13640625
2024-06-29 16:00:00,0.11925833333333334,0.14907291666666667
2024-06-29 16:30:00,0.16299333333333335,0.20374166666666668
2024-06-29 17:00:00,0.20975500000000002,0.26219375
2024-06-29 17:30:00,0.27474166666666666,0.3434270833333333
2024-06-29 18:00:00,0.1995566666666667,0.24944583333333334
2024-06-29 18:30:00,0.146395,0.18299374999999998
2024-06-29 19:00:00,0.12420333333333333,0.15525416666666667
2024-06-29 19:30:00,0.11540833333333333,0.14426041666666667
2024-06-29 20:00:00,0.15186666666666668,0.18983333333333333
2024-06-29 20:30:00,0.14030166666666669,0.17537708333333332
2024-06-29 21:00:00,0.13403333333333334,0.16754166666666667
2024-06-29 21:30:00,0.09704833333333333,0.12131041666666668
2024-06-29 22:00:00,0.14243666666666666,0.17804583333333332
2024-06-29 22:30:00,0.12436166666666666,0.15545208333333332
2024-06-29 23:00:00,0.11998833333333332,0.14998541666666668
2024-06-29 23:30:00,0.12538,0.156725
2024-06-30 00:00:00,0.11733666666666666,0.0880025
2024-06-30 00:30:00,0.13947833333333334,0.10460874999999999
2024-06-30 01:00:00,0.11969,0.0897675
2024-06-30 01:30:00,0.11031166666666666,0.08273375000000001
2024-06-30 02:00:00,0.10369166666666667,0.07776875
2024-06-30 02:30:00,0.09701,0.07275749999999999
2024-06-30 03:00:00,0.08953666666666667,0.06715249999999999
2024-06-30 03:30:00,0.08917666666666667,0.0668825
2024-06-30 04:00:00,0.08008333333333333,0.0600625
2024-06-30 04:30:00,0.077135,0.05785125
2024-06-30 05:00:00,0.07313,0.0548475
2024-06-30 05:30:00,0.06523833333333333,0.04892875
2024-06-30 06:00:00,0.08073333333333334,0.06054999999999999
2024-06-30 06:30:00,0.09071499999999999,0.06803624999999999
2024-06-30 07:00:00,0.09679833333333333,0.07259874999999999
2024-06-30 07:30:00,0.10346,0.077595
2024-06-30 08:00:00,0.09798833333333334,0.07349125
2024-06-30 08:30:00,0.08880500000000001,0.06660375
2024-06-30 09:00:00,0.068315,0.051236250000000004
2024-06-30 09:30:00,0.027273333333333333,0.020455
2024-06-30 10:00:00,0.050475,0.03785625
2024-06-30 10:30:00,0.05234833333333333,0.03926125
2024-06-30 11:00:00,0.07066666666666667,0.053
2024-06-30 11:30:00,0.06208166666666667,0.04656125
2024-06-30 12:00:00,0.07311666666666666,0.07311666666666666
2024-06-30 12:30:00,0.05880333333333334,0.05880333333333334
2024-06-30 13:00:00,0.07811,0.0976375
2024-06-30 13:30:00,0.08661833333333334,0.10827291666666668
2024-06-30 14:00:00,0.11901,0.1487625
2024-06-30 14:30:00,0.126665,0.15833125
2024-06-30 15:00:00,0.13462833333333332,0.16828541666666666
2024-06-30 15:30:00,0.140725,0.17590625000000001
2024-06-30 16:00:00,0.17230333333333334,0.21537916666666668
2024-06-30 16:30:00,0.1934916666666667,0.24186458333333336
2024-06-30 17:00:00,0.244515,0.30564375
2024-06-30 17:30:00,0.28262166666666666,0.35327708333333335
2024-06-30 18:00:00,0.210695,0.26336875
2024-06-30 18:30:00,0.14610333333333334,0.18262916666666665
2024-06-30 19:00:00,0.13254166666666667,0.16567708333333334
2024-06-30 19:30:00,0.12444,0.15555
2024-06-30 20:00:00,0.13239833333333334,0.16549791666666666
2024-06-30 20:30:00,0.12140833333333334,0.15176041666666665
2024-06-30 21:00:00,0.10922,0.13652499999999998
2024-06-30 21:30:00,0.10131000000000001,0.12663750000000001
2024-06-30 22:00:00,0.11819333333333333,0.14774166666666666
2024-06-30 22:30:00,0.09701,0.12126250000000001
2024-06-30 23:00:00,0.09821333333333333,0.12276666666666668
2024-06-30 23:30:00,0.09626666666666667,0.12033333333333333
2024-07-01 00:00:00,0.09053499999999999,0.06790125
2024-07-01 00:30:00,0.08961166666666666,0.06720875
2024-07-01 01:00:00,0.08126666666666667,0.060950000000000004
2024-07-01 01:30:00,0.08081333333333333,0.06061
2024-07-01 02:00:00,0.07148,0.05361
2024-07-01 02:30:00,0.06981166666666666,0.05235875
2024-07-01 03:00:00,0.05688833333333334,0.042666249999999996
2024-07-01 03:30:00,0.06467666666666667,0.0485075
2024-07-01 04:00:00,0.07252833333333333,0.05439625
2024-07-01 04:30:00,0.08360666666666666,0.062705
2024-07-01 05:00:00,0.092765,0.06957374999999999
2024-07-01 05:30:00,0.09612666666666665,0.07209499999999999
2024-07-01 06:00:00,0.12762666666666667,0.09571999999999999
2024-07-01 06:30:00,0.17906333333333332,0.1342975
2024-07-01 07:00:00,0.22230333333333333,0.1667275
2024-07-01 07:30:00,0.28686,0.215145
2024-07-01 08:00:00,0.296815,0.22261125
2024-07-01 08:30:00,0.28469833333333333,0.21352375
2024-07-01 09:00:00,0.2414333333333333,0.18107499999999999
2024-07-01 09:30:00,0.22821833333333333,0.17116374999999998
2024-07-01 10:00:00,0.17602166666666666,0.13201625
2024-07-01 10:30:00,0.16250833333333334,0.12188125
2024-07-01 11:00:00,0.20663,0.15497249999999999
2024-07-01 11:30:00,0.19190833333333335,0.14393125
2024-07-01 12:00:00,0.22308166666666665,0.22308166666666665
2024-07-01 12:30:00,0.26018,0.26018
2024-07-01 13:00:00,0.23945666666666665,0.2993208333333333
2024-07-01 13:30:00,0.22504999999999997,0.2813125
2024-07-01 14:00:00,0.20967000000000002,0.2620875
2024-07-01 14:30:00,0.276435,0.34554375
2024-07-01 15:00:00,0.200885,0.25110625000000003
2024-07-01 15:30:00,0.19671333333333332,0.24589166666666665
2024-07-01 16:00:00,0.28398166666666663,0.3549770833333334
2024-07-01 16:30:00,0.29806166666666667,0.37257708333333334
2024-07-01 17:00:00,0.3355916666666667,0.41948958333333336
2024-07-01 17:30:00,0.3316483333333333,0.4145604166666667
2024-07-01 18:00:00,0.29358666666666666,0.3669833333333334
2024-07-01 18:30:00,0.24525833333333333,0.3065729166666667
2024-07-01 19:00:00,0.20875833333333335,0.26094791666666667
2024-07-01 19:30:00,0.19642833333333334,0.24553541666666667
2024-07-01 20:00:00,0.15165333333333333,0.18956666666666666
2024-07-01 20:30:00,0.14596,0.18245
2024-07-01 21:00:00,0.12808333333333333,0.16010416666666666
2024-07-01 21:30:00,0.12028166666666666,0.15035208333333336
2024-07-01 22:00:00,0.11716666666666666,0.14645833333333333
2024-07-01 22:30:00,0.13394833333333334,0.16743541666666664
2024-07-01 23:00:00,0.11869666666666667,0.14837083333333334
2024-07-01 23:30:00,0.10948666666666666,0.13685833333333333
2024-07-02 00:00:00,0.09817833333333333,0.07363375
2024-07-02 00:30:00,0.09095666666666667,0.0682175
2024-07-02 01:00:00,0.08780666666666666,0.065855
2024-07-02 01:30:00,0.08280833333333333,0.06210625
2024-07-02 02:00:00,0.07748833333333333,0.05811625
2024-07-02 02:30:00,0.075915,0.05693625
2024-07-02 03:00:00,0.08615333333333335,0.06461499999999999
2024-07-02 03:30:00,0.08527166666666668,0.06395374999999999
2024-07-02 04:00:00,0.08581833333333333,0.06436375
2024-07-02 04:30:00,0.09103166666666668,0.06827375000000001
2024-07-02 05:00:00,0.09558833333333333,0.07169125
2024-07-02 05:30:00,0.104,0.078
2024-07-02 06:00:00,0.140535,0.10540125
2024-07-02 06:30:00,0.13723833333333332,0.10292875
2024-07-02 07:00:00,0.13741166666666668,0.10305874999999999
2024-07-02 07:30:00,0.17869166666666667,0.13401875
2024-07-02 08:00:00,0.24028333333333332,0.1802125
2024-07-02 08:30:00,0.221685,0.16626375000000002
2024-07-02 09:00:00,0.17977500000000002,0.13483124999999999
2024-07-02 09:30:00,0.16249333333333335,0.12186999999999999
2024-07-02 10:00:00,0.303255,0.22744125
2024-07-02 10:30:00,0.31045500000000004,0.23284125
2024-07-02 11:00:00,0.205255,0.15394125
2024-07-02 11:30:00,0.16522333333333333,0.1239175
2024-07-02 12:00:00,0.16973000000000002,0.16973000000000002
2024-07-02 12:30:00,0.18001,0.18001
2024-07-02 13:00:00,0.16557666666666668,0.20697083333333333
2024-07-02 13:30:00,0.19249166666666664,0.24061458333333333
2024-07-02 14:00:00,0.144765,0.18095625
2024-07-02 14:30:00,0.16642833333333332,0.20803541666666667
2024-07-02 15:00:00,0.17489,0.2186125
2024-07-02 15:30:00,0.20477833333333337,0.25597291666666666
2024-07-02 16:00:00,0.2052233333333333,0.25652916666666664
2024-07-02 16:30:00,0.22683333333333333,0.28354166666666664
2024-07-02 17:00:00,0.29015166666666664,0.3626895833333333
2024-07-02 17:30:00,0.31693,0.3961625
2024-07-02 18:00:00,0.31356500000000004,0.39195625
2024-07-02 18:30:00,0.27082833333333334,0.3385354166666667
2024-07-02 19:00:00,0.16190666666666667,0.20238333333333333
2024-07-02 19:30:00,0.16063833333333333,0.2007979166666667
2024-07-02 20:00:00,0.13121666666666668,0.1640208333333333
2024-07-02 20:30:00,0.13741333333333333,0.17176666666666665
2024-07-02 21:00:00,0.11056500000000001,0.13820625
2024-07-02 21:30:00,0.09918166666666667,0.12397708333333335
2024-07-02 22:00:00,0.11523333333333334,0.14404166666666665
2024-07-02 22:30:00,0.10362,0.129525
2024-07-02 23:00:00,0.09951666666666666,0.12439583333333333
2024-07-02 23:30:00,0.09421166666666665,0.11776458333333334
2024-07-03 00:00:00,0.09585333333333333,0.07189
2024-07-03 00:30:00,0.09347,0.0701025
2024-07-03 01:00:00,0.08525,0.0639375
2024-07-03 01:30:00,0.06666833333333334,0.05000125
2024-07-03 02:00:00,0.06831166666666666,0.05123375
2024-07-03 02:30:00,0.054925,0.04119375
2024-07-03 03:00:00,0.05598,0.041984999999999995
2024-07-03 03:30:00,0.04630833333333333,0.03473125
2024-07-03 04:00:00,0.06290333333333332,0.047177500000000004
2024-07-03 04:30:00,0.06466166666666667,0.04849625
2024-07-03 05:00:00,0.06589166666666667,0.049418750000000004
2024-07-03 05:30:00,0.07028166666666667,0.05271125000000001
2024-07-03 06:00:00,0.10910166666666665,0.08182625
2024-07-03 06:30:00,0.11423666666666665,0.0856775
2024-07-03 07:00:00,0.13058333333333333,0.0979375
2024-07-03 07:30:00,0.13481833333333335,0.10111375
2024-07-03 08:00:00,0.11070666666666666,0.08302999999999999
2024-07-03 08:30:00,0.10650333333333334,0.07987749999999999
2024-07-03 09:00:00,0.07617333333333333,0.05712999999999999
2024-07-03 09:30:00,0.119975,0.08998125
2024-07-03 10:00:00,0.091455,0.06859125
2024-07-03 10:30:00,0.07399166666666666,0.05549375
2024-07-03 11:00:00,0.03307166666666667,0.02480375
2024-07-03 11:30:00,-0.004853333333333334,-0.005229166666666667
2024-07-03 12:00:00,0.0009766666666666667,0.0009766666666666667
2024-07-03 12:30:00,0.005186666666666667,0.005186666666666667
2024-07-03 13:00:00,0.016161666666666664,0.020202083333333332
2024-07-03 13:30:00,0.006298333333333333,0.007872916666666667
2024-07-03 14:00:00,0.019528333333333335,0.024410416666666667
2024-07-03 14:30:00,0.058298333333333334,0.07287291666666666
2024-07-03 15:00:00,0.058416666666666665,0.07302083333333333
2024-07-03 15:30:00,0.06568333333333333,0.08210416666666666
2024-07-03 16:00:00,0.09830666666666667,0.12288333333333333
2024-07-03 16:30:00,0.09046833333333333,0.11308541666666667
2024-07-03 17:00:00,0.13230833333333333,0.16538541666666665
2024-07-03 17:30:00,0.16360333333333335,0.20450416666666663
2024-07-03 18:00:00,0.12232833333333333,0.15291041666666666
2024-07-03 18:30:00,0.09441333333333334,0.11801666666666667
2024-07-03 19:00:00,0.06643500000000001,0.08304375
2024-07-03 19:30:00,0.0742,0.09275
2024-07-03 20:00:00,0.09432833333333333,0.11791041666666667
2024-07-03 20:30:00,0.06258166666666666,0.07822708333333334
2024-07-03 21:00:00,0.036705,0.045881250000000005
2024-07-03 21:30:00,0.007019999999999999,0.008775
2024-07-03 22:00:00,0.0007366666666666666,0.0010437499999999998
2024-07-03 22:30:00,-0.0004966666666666666,0.0008008333333333334
2024-07-03 23:00:00,0.009236666666666666,0.011545833333333333
2024-07-03 23:30:00,0.006345,0.007931249999999999
2024-07-04 00:00:00,-0.015806666666666667,-0.01580833333333333
2024-07-04 00:30:00,-0.02897,-0.02897
2024-07-04 01:00:00,-0.03837,-0.03837
2024-07-04 01:30:00,-0.03229666666666667,-0.03229666666666667
2024-07-04 02:00:00,-0.03904166666666666,-0.03904166666666666
2024-07-04 02:30:00,-0.048265,-0.048265
2024-07-04 03:00:00,-0.04871999999999999,-0.04871999999999999
2024-07-04 03:30:00,-0.047141666666666665,-0.047141666666666665
2024-07-04 04:00:00,-0.047095,-0.047095
2024-07-04 04:30:00,-0.04043,-0.04043
2024-07-04 05:00:00,-0.02913666666666667,-0.02913666666666667
2024-07-04 05:30:00,-0.010539999999999999,-0.010599999999999998
2024-07-04 06:00:00,0.00494,0.003705
2024-07-04 06:30:00,0.0066949999999999996,0.0050212500000000005
2024-07-04 07:00:00,0.03642833333333333,0.027321250000000002
2024-07-04 07:30:00,0.050355000000000004,0.03776625
2024-07-04 08:00:00,0.05412,0.04059
2024-07-04 08:30:00,0.01319,0.0098925
2024-07-04 09:00:00,0.003261666666666666,0.00244625
2024-07-04 09:30:00,-0.005075,-0.005087083333333333
2024-07-04 10:00:00,-0.0268,-0.0268
2024-07-04 10:30:00,-0.05176666666666666,-0.05176666666666666
2024-07-04 11:00:00,-0.05459,-0.05459
2024-07-04 11:30:00,-0.05674333333333333,-0.05674333333333333
2024-07-04 12:00:00,-0.05749666666666667,-0.05749666666666667
2024-07-04 12:30:00,-0.05672833333333333,-0.05672833333333333
2024-07-04 13:00:00,-0.050749999999999997,-0.050749999999999997
2024-07-04 13:30:00,-0.04146166666666667,-0.04146166666666667
2024-07-04 14:00:00,-0.005166666666666667,-0.005135833333333333
2024-07-04 14:30:00,0.022583333333333334,0.028397083333333333
2024-07-04 15:00:00,0.021605,0.02700625
2024-07-04 15:30:00,0.010480000000000001,0.0131
2024-07-04 16:00:00,0.040551666666666666,0.050689583333333336
2024-07-04 16:30:00,0.06956166666666666,0.08695208333333333
2024-07-04 17:00:00,0.09814166666666667,0.12267708333333334
2024-07-04 17:30:00,0.20728166666666667,0.25910208333333334
2024-07-04 18:00:00,0.10957833333333333,0.13697291666666667
2024-07-04 18:30:00,0.09934333333333334,0.12417916666666667
2024-07-04 19:00:00,0.09385166666666667,0.11731458333333333
2024-07-04 19:30:00,0.08051166666666666,0.10063958333333334
2024-07-04 20:00:00,0.08145333333333334,0.10181666666666667
2024-07-04 20:30:00,0.06883,0.0860375
2024-07-04 21:00:00,0.06333333333333334,0.07916666666666666
2024-07-04 21:30:00,0.040365,0.05045625
2024-07-04 22:00:00,0.019190000000000002,0.023987500000000005
2024-07-04 22:30:00,0.007725,0.00965625
2024-07-04 23:00:00,0.008958333333333334,0.011197916666666667
2024-07-04 23:30:00,0.012339999999999999,0.015425
2024-07-05 00:00:00,0.007505,0.005628750000000001
2024-07-05 00:30:00,0.007066666666666666,0.0053
2024-07-05 01:00:00,0.007513333333333333,0.005635
2024-07-05 01:30:00,0.005101666666666667,0.00382625
2024-07-05 02:00:00,-0.0008066666666666666,-0.0008516666666666667
2024-07-05 02:30:00,-0.01124,-0.011241666666666665
2024-07-05 03:00:00,-0.017971666666666667,-0.017971666666666667
2024-07-05 03:30:00,-0.0013416666666666666,-0.001635
2024-07-05 04:00:00,-0.010208333333333333,-0.010425416666666668
2024-07-05 04:30:00,-0.015833333333333335,-0.015833333333333335
2024-07-05 05:00:00,-0.013366666666666666,-0.0133675
2024-07-05 05:30:00,0.0020699999999999994,0.000805833333333333
2024-07-05 06:00:00,0.017128333333333332,0.012846250000000002
2024-07-05 06:30:00,0.04799833333333333,0.03599875
2024-07-05 07:00:00,0.06715166666666667,0.050363750000000006
2024-07-05 07:30:00,0.06501,0.0487575
2024-07-05 08:00:00,0.05765833333333333,0.04324375
2024-07-05 08:30:00,0.04267833333333334,0.032008749999999996
2024-07-05 09:00:00,0.01285,0.009623749999999999
2024-07-05 09:30:00,-0.0008650000000000002,-0.0012658333333333332
2024-07-05 10:00:00,0.004371666666666667,0.00327875
2024-07-05 10:30:00,-0.01957,-0.01957
2024-07-05 11:00:00,-0.02711,-0.027198333333333335
2024-07-05 11:30:00,-0.03856166666666667,-0.03856166666666667
2024-07-05 12:00:00,-0.040183333333333335,-0.040183333333333335
2024-07-05 12:30:00,-0.03181333333333333,-0.03181333333333333
2024-07-05 13:00:00,-0.047501666666666664,-0.047501666666666664
2024-07-05 13:30:00,-0.050465,-0.050465
2024-07-05 14:00:00,-0.04912833333333333,-0.04912833333333333
2024-07-05 14:30:00,-0.031075000000000002,-0.031075000000000002
2024-07-05 15:00:00,-0.0036333333333333326,-0.0026870833333333326
2024-07-05 15:30:00,-0.00932,-0.008947083333333333
2024-07-05 16:00:00,0.013508333333333332,0.016885416666666667
2024-07-05 16:30:00,0.025675,0.03209375
2024-07-05 17:00:00,0.025278333333333333,0.03159791666666667
2024-07-05 17:30:00,0.024186666666666665,0.030233333333333334
2024-07-05 18:00:00,0.022000000000000002,0.0275
2024-07-05 18:30:00,0.014923333333333332,0.018654166666666666
2024-07-05 19:00:00,0.007575000000000001,0.00946875
2024-07-05 19:30:00,-6.666666666666612e-06,0.00022416666666666665
2024-07-05 20:00:00,0.0026533333333333335,0.003316666666666666
2024-07-05 20:30:00,0.005533333333333334,0.006916666666666667
2024-07-05 21:00:00,0.0032916666666666667,0.004114583333333334
2024-07-05 21:30:00,0.0006966666666666666,0.0008708333333333333
2024-07-05 22:00:00,0.0031116666666666667,0.003889583333333333
2024-07-05 22:30:00,-0.007116666666666667,-0.007115
2024-07-05 23:00:00,0.0005983333333333332,0.0008216666666666666
2024-07-05 23:30:00,-0.012073333333333333,-0.012073333333333333
2024-07-06 00:00:00,-0.013566666666666666,-0.013566666666666666
2024-07-06 00:30:00,-0.012841666666666668,-0.012841666666666668
2024-07-06 01:00:00,-0.0016083333333333331,-0.0016083333333333331
2024-07-06 01:30:00,0.0019733333333333334,0.000910416666666667
2024-07-06 02:00:00,-0.009058333333333333,-0.009058333333333333
2024-07-06 02:30:00,-0.034438333333333335,-0.034438333333333335
2024-07-06 03:00:00,-0.03781333333333333,-0.03781333333333333
2024-07-06 03:30:00,-0.049944999999999996,-0.049944999999999996
2024-07-06 04:00:00,-0.051936666666666666,-0.051936666666666666
2024-07-06 04:30:00,-0.05486666666666667,-0.05486666666666667
2024-07-06 05:00:00,-0.05141833333333334,-0.05141833333333334
2024-07-06 05:30:00,-0.047303333333333336,-0.047303333333333336
2024-07-06 06:00:00,-0.024431666666666668,-0.02486416666666667
2024-07-06 06:30:00,-0.018961666666666665,-0.019038333333333334
2024-07-06 07:00:00,-0.004431666666666666,-0.004837083333333333
2024-07-06 07:30:00,-0.007528333333333334,-0.007794583333333334
2024-07-06 08:00:00,-0.00036499999999999993,-0.0006758333333333334
2024-07-06 08:30:00,-0.02434,-0.02434
2024-07-06 09:00:00,-0.032154999999999996,-0.032154999999999996
2024-07-06 09:30:00,-0.04324833333333333,-0.04324833333333333
2024-07-06 10:00:00,-0.05304,-0.05304
2024-07-06 10:30:00,-0.04682333333333333,-0.04682333333333333
2024-07-06 11:00:00,-0.051735,-0.051735
2024-07-06 11:30:00,-0.05268333333333333,-0.05268333333333333
2024-07-06 12:00:00,-0.05322166666666667,-0.05322166666666667
2024-07-06 12:30:00,-0.05533166666666667,-0.05533166666666667
2024-07-06 13:00:00,-0.06212666666666666,-0.06212666666666666
2024-07-06 13:30:00,-0.05041166666666667,-0.05041166666666667
2024-07-06 14:00:00,-0.044315,-0.044315
2024-07-06 14:30:00,-0.038838333333333336,-0.038829583333333334
2024-07-06 15:00:00,0.005165,0.007224583333333333
2024-07-06 15:30:00,0.00572,0.00715
2024-07-06 16:00:00,0.0061333333333333335,0.007666666666666666
2024-07-06 16:30:00,0.013295000000000001,0.016618749999999998
2024-07-06 17:00:00,0.01717,0.0214625
2024-07-06 17:30:00,0.009054999999999999,0.01131875
2024-07-06 18:00:00,0.014458333333333335,0.018072916666666664
2024-07-06 18:30:00,0.014601666666666666,0.018252083333333332
2024-07-06 19:00:00,0.008958333333333334,0.011197916666666667
2024-07-06 19:30:00,0.00895,0.011187499999999998
2024-07-06 20:00:00,0.006173333333333333,0.007716666666666666
2024-07-06 20:30:00,0.008095,0.010118750000000001
2024-07-06 21:00:00,0.006626666666666666,0.008283333333333332
2024-07-06 21:30:00,-0.006985000000000001,-0.006984166666666666
2024-07-06 22:00:00,-0.014281666666666666,-0.014281666666666666
2024-07-06 22:30:00,-0.020191666666666667,-0.020191666666666667
2024-07-06 23:00:00,-0.005489999999999999,-0.005489999999999999
2024-07-06 23:30:00,-0.015068333333333335,-0.015056666666666668
2024-07-07 00:00:00,-0.021808333333333332,-0.021808333333333332
2024-07-07 00:30:00,-0.02259833333333333,-0.022814583333333333
2024-07-07 01:00:00,-0.020268333333333333,-0.020269166666666668
2024-07-07 01:30:00,-0.020988333333333335,-0.020988333333333335
2024-07-07 02:00:00,-0.03125833333333333,-0.03125833333333333
2024-07-07 02:30:00,-0.03160833333333333,-0.03160833333333333
2024-07-07 03:00:00,-0.035399999999999994,-0.035399999999999994
2024-07-07 03:30:00,-0.029006666666666667,-0.029006666666666667
2024-07-07 04:00:00,-0.03135333333333333,-0.03135333333333333
2024-07-07 04:30:00,-0.03402,-0.03402
2024-07-07 05:00:00,-0.029456666666666662,-0.029456666666666662
2024-07-07 05:30:00,-0.016416666666666666,-0.016416666666666666
2024-07-07 06:00:00,-0.016516666666666666,-0.016516666666666666
2024-07-07 06:30:00,-0.010750000000000001,-0.011575416666666666
2024-07-07 07:00:00,-0.002953333333333334,-0.0029895833333333337
2024-07-07 07:30:00,0.005501666666666668,0.004126250000000001
2024-07-07 08:00:00,0.007363333333333333,0.0055225
2024-07-07 08:30:00,0.00132,0.00099
2024-07-07 09:00:00,0.004178333333333333,0.00313375
2024-07-07 09:30:00,-0.010408333333333334,-0.010420416666666666
2024-07-07 10:00:00,-0.013698333333333333,-0.013698333333333333
2024-07-07 10:30:00,-0.022236666666666665,-0.022236666666666665
2024-07-07 11:00:00,-0.025405,-0.025405
2024-07-07 11:30:00,-0.039985,-0.039985
2024-07-07 12:00:00,-0.043976666666666664,-0.043976666666666664
2024-07-07 12:30:00,-0.04143666666666667,-0.04143666666666667
2024-07-07 13:00:00,-0.04083666666666667,-0.04083666666666667
2024-07-07 13:30:00,-0.035346666666666665,-0.035346666666666665
2024-07-07 14:00:00,-0.01673,-0.01673
2024-07-07 14:30:00,-0.005318333333333334,-0.005318333333333334
2024-07-07 15:00:00,0.013165000000000001,0.01653
2024-07-07 15:30:00,0.015688333333333332,0.01961041666666667
2024-07-07 16:00:00,0.023501666666666667,0.02937708333333333
2024-07-07 16:30:00,0.03478166666666667,0.04347708333333333
2024-07-07 17:00:00,0.085125,0.10640625
2024-07-07 17:30:00,0.07773999999999999,0.097175
2024-07-07 18:00:00,0.0777,0.097125
2024-07-07 18:30:00,0.06884,0.08605
2024-07-07 19:00:00,0.06878333333333334,0.08597916666666666
2024-07-07 19:30:00,0.07181666666666667,0.08977083333333334
2024-07-07 20:00:00,0.06860166666666667,0.08575208333333333
2024-07-07 20:30:00,0.06751166666666668,0.08438958333333334
2024-07-07 21:00:00,0.06066666666666667,0.07583333333333334
2024-07-07 21:30:00,0.06092166666666666,0.07615208333333333
2024-07-07 22:00:00,0.046765,0.058456249999999994
2024-07-07 22:30:00,0.024921666666666665,0.03115208333333333
2024-07-07 23:00:00,0.026906666666666666,0.033633333333333335
2024-07-07 23:30:00,0.023526666666666668,0.02940833333333334
2024-07-08 00:00:00,0.030178333333333335,0.022633750000000005
2024-07-08 00:30:00,0.017480000000000002,0.013110000000000002
2024-07-08 01:00:00,0.015765,0.011823750000000001
2024-07-08 01:30:00,0.01806666666666667,0.01355
2024-07-08 02:00:00,0.011581666666666665,0.00868625
2024-07-08 02:30:00,0.016298333333333335,0.01222375
2024-07-08 03:00:00,0.015311666666666668,0.011483750000000001
2024-07-08 03:30:00,0.015785,0.01183875
2024-07-08 04:00:00,0.012136666666666665,0.009102500000000001
2024-07-08 04:30:00,0.014365000000000001,0.01077375
2024-07-08 05:00:00,0.02485166666666667,0.01863875
2024-07-08 05:30:00,0.038446666666666664,0.028835
2024-07-08 06:00:00,0.08270666666666666,0.06203
2024-07-08 06:30:00,0.07709666666666666,0.0578225
2024-07-08 07:00:00,0.10254333333333333,0.0769075
2024-07-08 07:30:00,0.09176000000000001,0.06882
2024-07-08 08:00:00,0.059535000000000005,0.04465125
2024-07-08 08:30:00,0.05463666666666667,0.0409775
2024-07-08 09:00:00,0.04581,0.034357500000000006
2024-07-08 09:30:00,0.01394,0.010454999999999999
2024-07-08 10:00:00,0.013968333333333333,0.01047625
2024-07-08 10:30:00,0.013610000000000002,0.0102075
2024-07-08 11:00:00,0.029003333333333336,0.021752499999999998
2024-07-08 11:30:00,0.019671666666666667,0.014753749999999998
2024-07-08 12:00:00,0.0020900000000000003,0.0020900000000000003
2024-07-08 12:30:00,-0.012699999999999998,-0.012699999999999998
2024-07-08 13:00:00,-0.005891666666666667,-0.005891666666666667
2024-07-08 13:30:00,-0.004731666666666666,-0.004731666666666666
2024-07-08 14:00:00,0.0017133333333333334,0.0023283333333333333
2024-07-08 14:30:00,0.004731666666666666,0.005914583333333333
2024-07-08 15:00:00,0.012471666666666666,0.015589583333333332
2024-07-08 15:30:00,0.011444999999999999,0.01430625
2024-07-08 16:00:00,0.010116666666666666,0.012645833333333334
2024-07-08 16:30:00,0.036475,0.045593749999999995
2024-07-08 17:00:00,0.061725,0.07715625
2024-07-08 17:30:00,0.08505,0.10631249999999999
2024-07-08 18:00:00,0.06876833333333333,0.08596041666666666
2024-07-08 18:30:00,0.05993166666666667,0.07491458333333333
2024-07-08 19:00:00,0.05591666666666667,0.06989583333333334
2024-07-08 19:30:00,0.03629333333333334,0.045366666666666666
2024-07-08 20:00:00,0.04602333333333333,0.057529166666666666
2024-07-08 20:30:00,0.03402666666666667,0.04253333333333333
2024-07-08 21:00:00,0.020110000000000003,0.025137500000000004
2024-07-08 21:30:00,0.00937,0.0117125
2024-07-08 22:00:00,0.004363333333333333,0.005657916666666666
2024-07-08 22:30:00,0.00895,0.011187499999999998
2024-07-08 23:00:00,0.004484999999999999,0.00560625
2024-07-08 23:30:00,0.0047283333333333335,0.0061
2024-07-09 00:00:00,-0.003165,-0.0032083333333333334
2024-07-09 00:30:00,-0.004651666666666667,-0.004653333333333333
2024-07-09 01:00:00,-0.00577,-0.0057708333333333335
2024-07-09 01:30:00,-0.004686666666666666,-0.0046875
2024-07-09 02:00:00,0.0014799999999999995,0.0006729166666666666
2024-07-09 02:30:00,0.007631666666666666,0.0057237500000000005
2024-07-09 03:00:00,0.00895,0.006712500000000001
2024-07-09 03:30:00,0.010835,0.00812625
2024-07-09 04:00:00,0.00895,0.006712500000000001
2024-07-09 04:30:00,0.008983333333333333,0.0067375
2024-07-09 05:00:00,0.041894999999999995,0.03142125
2024-07-09 05:30:00,0.06103666666666666,0.0457775
2024-07-09 06:00:00,0.11387833333333335,0.08540874999999999
2024-07-09 06:30:00,0.15983666666666668,0.11987750000000001
2024-07-09 07:00:00,0.14400166666666667,0.10800125
2024-07-09 07:30:00,0.11737333333333333,0.08803
2024-07-09 08:00:00,0.09030833333333334,0.06773125
2024-07-09 08:30:00,0.06566666666666666,0.049249999999999995
2024-07-09 09:00:00,0.05165666666666666,0.038742500000000006
2024-07-09 09:30:00,0.03886,0.029145
2024-07-09 10:00:00,0.027678333333333333,0.02075875
2024-07-09 10:30:00,0.020086666666666666,0.015065
2024-07-09 11:00:00,0.01986166666666667,0.01489625
2024-07-09 11:30:00,0.011988333333333332,0.008991250000000001
2024-07-09 12:00:00,0.0011716666666666666,0.0011716666666666666
2024-07-09 12:30:00,-0.015955,-0.015955
2024-07-09 13:00:00,-0.02186666666666667,-0.02186666666666667
2024-07-09 13:30:00,-0.013603333333333334,-0.013603333333333334
2024-07-09 14:00:00,0.016033333333333333,0.020041666666666666
2024-07-09 14:30:00,0.040505,0.050631249999999996
2024-07-09 15:00:00,0.046235,0.05779375
2024-07-09 15:30:00,0.050783333333333326,0.06347916666666666
2024-07-09 16:00:00,0.10565000000000001,0.1320625
2024-07-09 16:30:00,0.16137,0.2017125
2024-07-09 17:00:00,0.18745333333333333,0.23431666666666665
2024-07-09 17:30:00,0.30243333333333333,0.37804166666666666
2024-07-09 18:00:00,0.3022933333333333,0.37786666666666663
2024-07-09 18:30:00,0.26183166666666663,0.3272895833333333
2024-07-09 19:00:00,0.17742166666666667,0.22177708333333335
2024-07-09 19:30:00,0.14039333333333334,0.17549166666666668
2024-07-09 20:00:00,0.14749833333333331,0.18437291666666666
2024-07-09 20:30:00,0.158315,0.19789374999999998
2024-07-09 21:00:00,0.12461166666666668,0.15576458333333335
2024-07-09 21:30:00,0.09680833333333333,0.12101041666666668
2024-07-09 22:00:00,0.11300166666666667,0.14125208333333333
2024-07-09 22:30:00,0.08782833333333334,0.10978541666666668
2024-07-09 23:00:00,0.09159,0.1144875
2024-07-09 23:30:00,0.08682666666666666,0.10853333333333333
2024-07-10 00:00:00,0.07715833333333333,0.05786875
2024-07-10 00:30:00,0.074565,0.055923749999999994
2024-07-10 01:00:00,0.06369666666666667,0.0477725
2024-07-10 01:30:00,0.053059999999999996,0.039795000000000004
2024-07-10 02:00:00,0.04786833333333334,0.03590125
2024-07-10 02:30:00,0.04115166666666667,0.03086375
2024-07-10 03:00:00,0.028098333333333336,0.021073750000000002
2024-07-10 03:30:00,0.037895000000000005,0.02842125
2024-07-10 04:00:00,0.031685,0.02376375
2024-07-10 04:30:00,0.024496666666666667,0.0183725
2024-07-10 05:00:00,0.04837666666666667,0.0362825
2024-07-10 05:30:00,0.060458333333333336,0.045343749999999995
2024-07-10 06:00:00,0.07145666666666667,0.053592499999999994
2024-07-10 06:30:00,0.08380833333333333,0.06285625
2024-07-10 07:00:00,0.11424833333333333,0.08568625
2024-07-10 07:30:00,0.08318166666666667,0.062386250000000004
2024-07-10 08:00:00,0.06502999999999999,0.048772499999999996
2024-07-10 08:30:00,0.054351666666666666,0.04076375
2024-07-10 09:00:00,0.030148333333333333,0.02261125
2024-07-10 09:30:00,0.03340833333333333,0.025056250000000002
2024-07-10 10:00:00,0.04796166666666667,0.03597125
2024-07-10 10:30:00,0.016666666666666666,0.012499999999999999
2024-07-10 11:00:00,-0.024085,-0.024085
2024-07-10 11:30:00,-0.02063833333333333,-0.02063833333333333
2024-07-10 12:00:00,-0.008263333333333333,-0.008263333333333333
2024-07-10 12:30:00,-0.021176666666666667,-0.021176666666666667
2024-07-10 13:00:00,-0.030876666666666667,-0.030876666666666667
2024-07-10 13:30:00,-0.019745000000000002,-0.019745000000000002
2024-07-10 14:00:00,-0.015685,-0.015590000000000001
2024-07-10 14:30:00,0.010621666666666668,0.016194583333333335
2024-07-10 15:00:00,0.04356000000000001,0.05445
2024-07-10 15:30:00,0.05257333333333333,0.06571666666666666
2024-07-10 16:00:00,0.08855,0.1106875
2024-07-10 16:30:00,0.09456833333333332,0.11821041666666667
2024-07-10 17:00:00,0.14206666666666667,0.17758333333333334
2024-07-10 17:30:00,0.13586333333333334,0.16982916666666667
2024-07-10 18:00:00,0.12008666666666666,0.15010833333333332
2024-07-10 18:30:00,0.07956,0.09945
2024-07-10 19:00:00,0.07197666666666667,0.08997083333333333
2024-07-10 19:30:00,0.06716833333333333,0.08396041666666666
2024-07-10 20:00:00,0.06428333333333333,0.08035416666666667
2024-07-10 20:30:00,0.028370000000000003,0.0354625
2024-07-10 21:00:00,0.06080666666666667,0.07600833333333333
2024-07-10 21:30:00,0.040883333333333334,0.051104166666666666
2024-07-10 22:00:00,0.00949,0.0118625
2024-07-10 22:30:00,0.00895,0.011187499999999998
2024-07-10 23:00:00,0.00895,0.011187499999999998
2024-07-10 23:30:00,0.007674999999999999,0.00959375
2024-07-11 00:00:00,0.007401666666666667,0.005551250000000001
2024-07-11 00:30:00,0.007873333333333333,0.0059050000000000005
2024-07-11 01:00:00,0.0027383333333333326,0.0011929166666666668
2024-07-11 01:30:00,-0.006566666666666668,-0.006939583333333333
2024-07-11 02:00:00,-0.0011366666666666667,-0.0016162499999999998
2024-07-11 02:30:00,-0.008681666666666666,-0.008682500000000001
2024-07-11 03:00:00,-0.012505,-0.012505
2024-07-11 03:30:00,-0.03312333333333333,-0.03312333333333333
2024-07-11 04:00:00,-0.019774999999999997,-0.020039583333333333
2024-07-11 04:30:00,-0.019836666666666666,-0.019836666666666666
2024-07-11 05:00:00,-0.016056666666666667,-0.0160575
2024-07-11 05:30:00,-0.002025,-0.0023912499999999997
2024-07-11 06:00:00,0.00747,0.005602500000000001
2024-07-11 06:30:00,0.029534999999999995,0.02215125
2024-07-11 07:00:00,0.050005,0.03750375
2024-07-11 07:30:00,0.068995,0.05174625
2024-07-11 08:00:00,0.051075,0.03830625
2024-07-11 08:30:00,0.0028166666666666665,0.0021125000000000002
2024-07-11 09:00:00,-0.004758333333333334,-0.0047725
2024-07-11 09:30:00,-0.020995,-0.020995
2024-07-11 10:00:00,-0.025351666666666665,-0.025351666666666665
2024-07-11 10:30:00,-0.03797333333333333,-0.03797333333333333
2024-07-11 11:00:00,-0.03863333333333333,-0.03863333333333333
2024-07-11 11:30:00,-0.03046,-0.03046
2024-07-11 12:00:00,-0.03543166666666667,-0.03543166666666667
2024-07-11 12:30:00,-0.04765166666666667,-0.04765166666666667
2024-07-11 13:00:00,-0.052636666666666665,-0.052636666666666665
2024-07-11 13:30:00,-0.04348833333333333,-0.04348833333333333
2024-07-11 14:00:00,-0.04099333333333333,-0.04099333333333333
2024-07-11 14:30:00,-0.04062333333333334,-0.04062333333333334
2024-07-11 15:00:00,-0.004295000000000001,-0.004087083333333334
2024-07-11 15:30:00,-0.007798333333333334,-0.007796666666666667
2024-07-11 16:00:00,0.0050733333333333325,0.007550416666666666
2024-07-11 16:30:00,0.036649999999999995,0.0458125
2024-07-11 17:00:00,0.08256000000000001,0.1032
2024-07-11 17:30:00,0.08937833333333334,0.11172291666666667
2024-07-11 18:00:00,0.036955,0.04619375
2024-07-11 18:30:00,0.032260000000000004,0.040325
2024-07-11 19:00:00,0.02435,0.030437500000000003
2024-07-11 19:30:00,0.03716833333333333,0.04646041666666667
2024-07-11 20:00:00,0.03775833333333333,0.047197916666666666
2024-07-11 20:30:00,0.031591666666666664,0.039489583333333335
2024-07-11 21:00:00,-0.020795,-0.020795
2024-07-11 21:30:00,-0.02,-0.02
2024-07-11 22:00:00,-0.022441666666666665,-0.022441666666666665
2024-07-11 22:30:00,-0.019128333333333334,-0.019128333333333334
2024-07-11 23:00:00,-0.014839999999999999,-0.014839999999999999
2024-07-11 23:30:00,-0.026830000000000003,-0.026830000000000003
2024-07-12 00:00:00,-0.03376333333333333,-0.03376333333333333
2024-07-12 00:30:00,-0.04347500000000001,-0.04347500000000001
2024-07-12 01:00:00,-0.04420333333333334,-0.04420333333333334
2024-07-12 01:30:00,-0.05221166666666666,-0.05221166666666666
2024-07-12 02:00:00,-0.05320333333333333,-0.05320333333333333
2024-07-12 02:30:00,-0.05681,-0.05681
2024-07-12 03:00:00,-0.05602666666666667,-0.05602666666666667
2024-07-12 03:30:00,-0.054996666666666666,-0.054996666666666666
2024-07-12 04:00:00,-0.05359,-0.05359
2024-07-12 04:30:00,-0.05130333333333333,-0.05130333333333333
2024-07-12 05:00:00,-0.047215,-0.047215
2024-07-12 05:30:00,-0.032585,-0.032585
2024-07-12 06:00:00,-0.0006916666666666663,-0.001375416666666666
2024-07-12 06:30:00,0.004981666666666666,0.0035183333333333334
2024-07-12 07:00:00,0.02147,0.016102500000000002
2024-07-12 07:30:00,0.03244333333333333,0.024332500000000003
2024-07-12 08:00:00,0.027460000000000002,0.020595
2024-07-12 08:30:00,0.0007516666666666667,-0.00039416666666666707
2024-07-12 09:00:00,-0.00793,-0.008317083333333334
2024-07-12 09:30:00,-0.024201666666666666,-0.024201666666666666
2024-07-12 10:00:00,-0.020955,-0.020955
2024-07-12 10:30:00,-0.03220166666666666,-0.0322025
2024-07-12 11:00:00,-0.047503333333333335,-0.047503333333333335
2024-07-12 11:30:00,-0.050195,-0.050195
2024-07-12 12:00:00,-0.05232166666666666,-0.05232166666666666
2024-07-12 12:30:00,-0.05275,-0.05275
2024-07-12 13:00:00,-0.051691666666666664,-0.051691666666666664
2024-07-12 13:30:00,-0.054586666666666665,-0.054586666666666665
2024-07-12 14:00:00,-0.05257,-0.05257
2024-07-12 14:30:00,-0.04374666666666666,-0.04374666666666666
2024-07-12 15:00:00,-0.016453333333333337,-0.016452500000000002
2024-07-12 15:30:00,0.0004516666666666662,0.0027091666666666653
2024-07-12 16:00:00,0.018486666666666665,0.0237875
2024-07-12 16:30:00,0.028226666666666667,0.03528333333333333
2024-07-12 17:00:00,0.060283333333333335,0.07535416666666667
2024-07-12 17:30:00,0.06980499999999999,0.08725625
2024-07-12 18:00:00,0.06369333333333334,0.07961666666666667
2024-07-12 18:30:00,0.06276166666666667,0.07845208333333333
2024-07-12 19:00:00,0.06095166666666666,0.07618958333333332
2024-07-12 19:30:00,0.057455,0.07181875
2024-07-12 20:00:00,0.051636666666666664,0.06454583333333334
2024-07-12 20:30:00,0.028895,0.03611875
2024-07-12 21:00:00,0.02093,0.0261625
2024-07-12 21:30:00,0.014268333333333334,0.017835416666666666
2024-07-12 22:00:00,0.005166666666666667,0.0066770833333333335
2024-07-12 22:30:00,0.0003499999999999999,0.0010224999999999998
2024-07-12 23:00:00,-0.00587,-0.005869166666666666
2024-07-12 23:30:00,-0.00046000000000000007,0.00028791666666666636
2024-07-13 00:00:00,-0.001963333333333334,-0.0023370833333333334
2024-07-13 00:30:00,-0.017894999999999998,-0.017894999999999998
2024-07-13 01:00:00,-0.007755000000000001,-0.008501666666666666
2024-07-13 01:30:00,-0.002751666666666666,-0.0033004166666666668
2024-07-13 02:00:00,-0.018388333333333333,-0.018761249999999997
2024-07-13 02:30:00,-0.008964999999999999,-0.009712916666666667
2024-07-13 03:00:00,-0.027961666666666666,-0.027961666666666666
2024-07-13 03:30:00,-0.037101666666666665,-0.037101666666666665
2024-07-13 04:00:00,-0.036035000000000005,-0.036035000000000005
2024-07-13 04:30:00,-0.026381666666666668,-0.026381666666666668
2024-07-13 05:00:00,-0.01846333333333333,-0.01846333333333333
2024-07-13 05:30:00,-0.0019916666666666668,-0.002490833333333333
2024-07-13 06:00:00,0.014771666666666667,0.01107875
2024-07-13 06:30:00,0.06288,0.04716
2024-07-13 07:00:00,0.06866166666666666,0.05149625
2024-07-13 07:30:00,0.065595,0.04919625
2024-07-13 08:00:00,0.056196666666666666,0.042147500000000004
2024-07-13 08:30:00,0.030153333333333334,0.022615
2024-07-13 09:00:00,0.034973333333333335,0.02623
2024-07-13 09:30:00,0.037213333333333334,0.02791
2024-07-13 10:00:00,0.038810000000000004,0.029107499999999998
2024-07-13 10:30:00,0.04446,0.033345
2024-07-13 11:00:00,0.05117666666666667,0.03838250000000001
2024-07-13 11:30:00,0.029738333333333335,0.02230375
2024-07-13 12:00:00,0.015923333333333334,0.015923333333333334
2024-07-13 12:30:00,0.013671666666666667,0.013671666666666667
2024-07-13 13:00:00,0.0021516666666666663,0.0027154166666666663
2024-07-13 13:30:00,0.004081666666666667,0.0051020833333333335
2024-07-13 14:00:00,0.007516666666666667,0.009395833333333332
2024-07-13 14:30:00,0.022183333333333333,0.027729166666666666
2024-07-13 15:00:00,0.043144999999999996,0.05393125000000001
2024-07-13 15:30:00,0.06356333333333335,0.07945416666666667
2024-07-13 16:00:00,0.082805,0.10350625000000001
2024-07-13 16:30:00,0.11320999999999999,0.1415125
2024-07-13 17:00:00,0.11904666666666668,0.14880833333333332
2024-07-13 17:30:00,0.12455,0.1556875
2024-07-13 18:00:00,0.10614833333333333,0.13268541666666667
2024-07-13 18:30:00,0.08688833333333335,0.10861041666666667
2024-07-13 19:00:00,0.08359166666666668,0.10448958333333334
2024-07-13 19:30:00,0.08305,0.10381249999999999
2024-07-13 20:00:00,0.09214666666666667,0.11518333333333335
2024-07-13 20:30:00,0.08943000000000001,0.1117875
2024-07-13 21:00:00,0.08528999999999999,0.1066125
2024-07-13 21:30:00,0.08268166666666667,0.10335208333333333
2024-07-13 22:00:00,0.08510666666666666,0.10638333333333333
2024-07-13 22:30:00,0.08337,0.1042125
2024-07-13 23:00:00,0.08373000000000001,0.10466249999999999
2024-07-13 23:30:00,0.08582833333333334,0.10728541666666667
2024-07-14 00:00:00,0.084415,0.06331125
2024-07-14 00:30:00,0.08153666666666666,0.0611525
2024-07-14 01:00:00,0.08128500000000001,0.060963750000000004
2024-07-14 01:30:00,0.05512,0.04134
2024-07-14 02:00:00,0.01916666666666667,0.014375
2024-07-14 02:30:00,0.030520000000000002,0.022889999999999997
2024-07-14 03:00:00,0.030676666666666668,0.0230075
2024-07-14 03:30:00,0.023438333333333335,0.01757875
2024-07-14 04:00:00,0.04027166666666667,0.03020375
2024-07-14 04:30:00,0.036706666666666665,0.02753
2024-07-14 05:00:00,0.04470166666666667,0.03352625
2024-07-14 05:30:00,0.07146166666666666,0.053596250000000005
2024-07-14 06:00:00,0.06290833333333333,0.04718125
2024-07-14 06:30:00,0.08127,0.0609525
2024-07-14 07:00:00,0.076135,0.05710125
2024-07-14 07:30:00,0.06633,0.0497475
2024-07-14 08:00:00,0.04491666666666667,0.0336875
2024-07-14 08:30:00,0.023621666666666666,0.01771625
2024-07-14 09:00:00,0.0023266666666666666,0.0017229166666666667
2024-07-14 09:30:00,-0.00013166666666666665,-0.00017833333333333332
2024-07-14 10:00:00,-0.008964999999999999,-0.00897625
2024-07-14 10:30:00,-0.016521666666666667,-0.016521666666666667
2024-07-14 11:00:00,-0.025843333333333333,-0.025843333333333333
2024-07-14 11:30:00,-0.04258833333333333,-0.04258833333333333
2024-07-14 12:00:00,-0.04451333333333333,-0.04451333333333333
2024-07-14 12:30:00,-0.05157833333333333,-0.05157833333333333
2024-07-14 13:00:00,-0.053086666666666664,-0.053086666666666664
2024-07-14 13:30:00,-0.04722666666666667,-0.04722666666666667
2024-07-14 14:00:00,-0.013053333333333333,-0.013053333333333333
2024-07-14 14:30:00,-0.0005600000000000003,0.0003737499999999997
2024-07-14 15:00:00,0.0023883333333333335,0.0033850000000000004
2024-07-14 15:30:00,0.05364833333333333,0.06706041666666666
2024-07-14 16:00:00,0.08472,0.1059
2024-07-14 16:30:00,0.129,0.16125
2024-07-14 17:00:00,0.15423833333333334,0.19279791666666668
2024-07-14 17:30:00,0.21589333333333335,0.26986666666666664
2024-07-14 18:00:00,0.172005,0.21500624999999998
2024-07-14 18:30:00,0.14363499999999998,0.17954375
2024-07-14 19:00:00,0.12724166666666667,0.15905208333333334
2024-07-14 19:30:00,0.11148333333333332,0.13935416666666667
2024-07-14 20:00:00,0.106645,0.13330625
2024-07-14 20:30:00,0.11115166666666666,0.13893958333333334
2024-07-14 21:00:00,0.09899999999999999,0.12374999999999999
2024-07-14 21:30:00,0.09100166666666666,0.11375208333333332
2024-07-14 22:00:00,0.09999999999999999,0.125
2024-07-14 22:30:00,0.098205,0.12275625000000001
2024-07-14 23:00:00,0.08829500000000001,0.11036875
2024-07-14 23:30:00,0.08597166666666667,0.10746458333333335
2024-07-15 00:00:00,0.087655,0.06574125
2024-07-15 00:30:00,0.08852666666666668,0.066395
2024-07-15 01:00:00,0.08504666666666667,0.063785
2024-07-15 01:30:00,0.07634166666666665,0.05725625
2024-07-15 02:00:00,0.061871666666666665,0.04640375
2024-07-15 02:30:00,0.05952833333333333,0.04464625
2024-07-15 03:00:00,0.06296666666666667,0.047224999999999996
2024-07-15 03:30:00,0.06266500000000001,0.04699875
2024-07-15 04:00:00,0.069065,0.051798750000000005
2024-07-15 04:30:00,0.07151166666666667,0.05363375
2024-07-15 05:00:00,0.08829500000000001,0.06622125
2024-07-15 05:30:00,0.0969,0.072675
2024-07-15 06:00:00,0.10703,0.0802725
2024-07-15 06:30:00,0.129835,0.09737625
2024-07-15 07:00:00,0.18602833333333335,0.13952125
2024-07-15 07:30:00,0.19590333333333332,0.14692750000000002
2024-07-15 08:00:00,0.1062,0.07965
2024-07-15 08:30:00,0.08391833333333333,0.06293875
2024-07-15 09:00:00,0.077655,0.058241249999999994
2024-07-15 09:30:00,0.04752,0.03564
2024-07-15 10:00:00,0.04301333333333333,0.032260000000000004
2024-07-15 10:30:00,0.041231666666666666,0.03092375
2024-07-15 11:00:00,0.030405,0.02280375
2024-07-15 11:30:00,0.009903333333333333,0.0074275
2024-07-15 12:00:00,0.002178333333333333,0.002178333333333333
2024-07-15 12:30:00,0.0027816666666666667,0.0027816666666666667
2024-07-15 13:00:00,0.002206666666666667,0.0033375
2024-07-15 13:30:00,-0.008418333333333333,-0.0084175
2024-07-15 14:00:00,-0.0047,-0.003914166666666667
2024-07-15 14:30:00,0.013191666666666666,0.016489583333333332
2024-07-15 15:00:00,0.048196666666666665,0.06024583333333333
2024-07-15 15:30:00,0.05344666666666667,0.06680833333333334
2024-07-15 16:00:00,0.09714,0.121425
2024-07-15 16:30:00,0.20738333333333334,0.2592291666666667
2024-07-15 17:00:00,0.17309666666666668,0.21637083333333332
2024-07-15 17:30:00,0.29538166666666665,0.3692270833333333
2024-07-15 18:00:00,0.298805,0.37350625
2024-07-15 18:30:00,0.19807,0.2475875
2024-07-15 19:00:00,0.11985000000000001,0.1498125
2024-07-15 19:30:00,0.09939833333333332,0.12424791666666667
2024-07-15 20:00:00,0.090075,0.11259374999999999
2024-07-15 20:30:00,0.082,0.1025
2024-07-15 21:00:00,0.08454,0.105675
2024-07-15 21:30:00,0.07444833333333334,0.09306041666666666
2024-07-15 22:00:00,0.06651,0.0831375
2024-07-15 22:30:00,0.014968333333333333,0.018710416666666663
2024-07-15 23:00:00,0.018803333333333335,0.023504166666666663
2024-07-15 23:30:00,0.008501666666666666,0.010627083333333334
2024-07-16 00:00:00,0.008571666666666667,0.0064287500000000004
2024-07-16 00:30:00,0.007353333333333333,0.005515
2024-07-16 01:00:00,0.008215,0.00616125
2024-07-16 01:30:00,0.006243333333333333,0.0046825
2024-07-16 02:00:00,0.00585,0.004129166666666667
2024-07-16 02:30:00,0.008235,0.00617625
2024-07-16 03:00:00,0.0018149999999999998,0.0008541666666666667
2024-07-16 03:30:00,0.0002466666666666667,-7.45833333333334e-05
2024-07-16 04:00:00,-0.008946666666666667,-0.008946666666666667
2024-07-16 04:30:00,-0.019125,-0.019125
2024-07-16 05:00:00,-0.015873333333333333,-0.015874166666666665
2024-07-16 05:30:00,-0.011618333333333333,-0.011618333333333333
2024-07-16 06:00:00,0.00681,0.004972916666666667
2024-07-16 06:30:00,0.053559999999999997,0.040170000000000004
2024-07-16 07:00:00,0.08017,0.0601275
2024-07-16 07:30:00,0.08025666666666666,0.0601925
2024-07-16 08:00:00,0.061518333333333335,0.04613875
2024-07-16 08:30:00,0.01221,0.008985
2024-07-16 09:00:00,0.00039166666666666674,8.249999999999996e-05
2024-07-16 09:30:00,-0.005788333333333333,-0.006179583333333333
2024-07-16 10:00:00,-0.010793333333333334,-0.010793333333333334
2024-07-16 10:30:00,0.022494999999999998,0.01687125
2024-07-16 11:00:00,0.041056666666666665,0.0307925
2024-07-16 11:30:00,0.008281666666666668,0.006042916666666666
2024-07-16 12:00:00,-0.013431666666666666,-0.013431666666666666
2024-07-16 12:30:00,-0.024383333333333337,-0.024383333333333337
2024-07-16 13:00:00,-0.038156666666666665,-0.038156666666666665
2024-07-16 13:30:00,-0.035155,-0.035155
2024-07-16 14:00:00,-0.018441666666666665,-0.018441666666666665
2024-07-16 14:30:00,0.00905,0.011603333333333334
2024-07-16 15:00:00,0.01529,0.0191125
2024-07-16 15:30:00,0.010558333333333334,0.013197916666666665
2024-07-16 16:00:00,0.05557666666666667,0.06947083333333333
2024-07-16 16:30:00,0.121905,0.15238125
2024-07-16 17:00:00,0.09697333333333334,0.12121666666666668
2024-07-16 17:30:00,0.21753333333333336,0.27191666666666664
2024-07-16 18:00:00,0.18158833333333332,0.22698541666666663
2024-07-16 18:30:00,0.14874833333333334,0.18593541666666666
2024-07-16 19:00:00,0.13871833333333333,0.17339791666666668
2024-07-16 19:30:00,0.13628666666666667,0.1703583333333333
2024-07-16 20:00:00,0.126765,0.15845625
2024-07-16 20:30:00,0.12070833333333335,0.15088541666666666
2024-07-16 21:00:00,0.11560166666666667,0.14450208333333334
2024-07-16 21:30:00,0.07868333333333334,0.09835416666666667
2024-07-16 22:00:00,0.07684166666666667,0.09605208333333333
2024-07-16 22:30:00,0.08383999999999998,0.1048
2024-07-16 23:00:00,0.09641499999999999,0.12051875000000001
2024-07-16 23:30:00,0.09443166666666668,0.11803958333333332
2024-07-17 00:00:00,0.08287166666666666,0.06215375
2024-07-17 00:30:00,0.06593666666666666,0.0494525
2024-07-17 01:00:00,0.06272833333333333,0.047046250000000005
2024-07-17 01:30:00,0.062605,0.046953749999999995
2024-07-17 02:00:00,0.05566833333333334,0.04175125
2024-07-17 02:30:00,0.055645,0.04173375000000001
2024-07-17 03:00:00,0.05887833333333333,0.044158750000000004
2024-07-17 03:30:00,0.05889,0.0441675
2024-07-17 04:00:00,0.062071666666666664,0.04655375
2024-07-17 04:30:00,0.059908333333333334,0.04493125
2024-07-17 05:00:00,0.07217333333333333,0.054130000000000005
2024-07-17 05:30:00,0.075555,0.05666625
2024-07-17 06:00:00,0.10734833333333332,0.08051124999999999
2024-07-17 06:30:00,0.23646333333333333,0.1773475
2024-07-17 07:00:00,0.24960833333333332,0.18720625000000002
2024-07-17 07:30:00,0.11131333333333333,0.08348499999999999
2024-07-17 08:00:00,0.08111333333333333,0.060835
2024-07-17 08:30:00,0.06354166666666666,0.047656250000000004
2024-07-17 09:00:00,0.08378666666666668,0.06284
2024-07-17 09:30:00,0.065995,0.04949625
2024-07-17 10:00:00,0.064885,0.048663750000000006
2024-07-17 10:30:00,0.05914,0.044355
2024-07-17 11:00:00,0.04232166666666667,0.03174125
2024-07-17 11:30:00,0.018083333333333337,0.013349583333333333
2024-07-17 12:00:00,0.014626666666666668,0.014626666666666668
2024-07-17 12:30:00,0.016936666666666666,0.016936666666666666
2024-07-17 13:00:00,0.020643333333333336,0.025804166666666666
2024-07-17 13:30:00,0.021,0.02625
2024-07-17 14:00:00,0.02782,0.034775
2024-07-17 14:30:00,0.031385,0.03923125
2024-07-17 15:00:00,0.04060166666666667,0.05075208333333334
2024-07-17 15:30:00,0.07780333333333334,0.09725416666666668
2024-07-17 16:00:00,0.12702499999999997,0.15878125
2024-07-17 16:30:00,0.257805,0.32225624999999997
2024-07-17 17:00:00,0.25889999999999996,0.323625
2024-07-17 17:30:00,0.25739666666666666,0.32174583333333334
2024-07-17 18:00:00,0.13051166666666666,0.16313958333333334
2024-07-17 18:30:00,0.12773,0.1596625
2024-07-17 19:00:00,0.096755,0.12094375
2024-07-17 19:30:00,0.08806333333333334,0.11007916666666667
2024-07-17 20:00:00,0.092175,0.11521875
2024-07-17 20:30:00,0.08395833333333334,0.10494791666666665
2024-07-17 21:00:00,0.07313333333333334,0.09141666666666666
2024-07-17 21:30:00,0.03451833333333334,0.04314791666666667
2024-07-17 22:00:00,0.006046666666666666,0.007558333333333334
2024-07-17 22:30:00,-0.0009833333333333335,-0.0009550000000000001
2024-07-17 23:00:00,0.0008183333333333331,0.001901666666666666
2024-07-17 23:30:00,-0.0012233333333333334,-0.0006183333333333336
2024-07-18 00:00:00,-0.009696666666666666,-0.010021666666666667
2024-07-18 00:30:00,-0.02014,-0.02014
2024-07-18 01:00:00,-0.01238,-0.012506249999999998
2024-07-18 01:30:00,-0.009519999999999999,-0.00954625
2024-07-18 02:00:00,-0.03136,-0.03136
2024-07-18 02:30:00,-0.040885,-0.040885
2024-07-18 03:00:00,-0.04016,-0.04016
2024-07-18 03:30:00,-0.04309333333333334,-0.04309333333333334
2024-07-18 04:00:00,-0.04701166666666667,-0.04701166666666667
2024-07-18 04:30:00,-0.04931333333333334,-0.04931333333333334
2024-07-18 05:00:00,-0.025158333333333335,-0.025158333333333335
2024-07-18 05:30:00,-0.011466666666666667,-0.011827916666666667
2024-07-18 06:00:00,0.0049633333333333335,0.00352125
2024-07-18 06:30:00,-0.006811666666666666,-0.00722
2024-07-18 07:00:00,0.03773,0.027303333333333336
2024-07-18 07:30:00,0.056216666666666665,0.0421625
2024-07-18 08:00:00,0.04439166666666666,0.033293750000000004
2024-07-18 08:30:00,-0.003963333333333335,-0.006085416666666667
2024-07-18 09:00:00,0.01503333333333333,0.01031125
2024-07-18 09:30:00,-0.028323333333333336,-0.028350416666666666
2024-07-18 10:00:00,-0.018421666666666666,-0.018421666666666666
2024-07-18 10:30:00,-0.022055,-0.022055
2024-07-18 11:00:00,0.008983333333333334,0.0067375
2024-07-18 11:30:00,0.00019166666666666637,-0.00155
2024-07-18 12:00:00,-0.022224999999999998,-0.022224999999999998
2024-07-18 12:30:00,-0.006383333333333334,-0.006383333333333334
2024-07-18 13:00:00,-0.008013333333333332,-0.008013333333333332
2024-07-18 13:30:00,0.012248333333333333,0.015310416666666667
2024-07-18 14:00:00,0.034868333333333335,0.043585416666666675
2024-07-18 14:30:00,0.026883333333333332,0.03360416666666667
2024-07-18 15:00:00,0.03213,0.040162500000000004
2024-07-18 15:30:00,0.04208666666666666,0.05260833333333333
2024-07-18 16:00:00,0.05497,0.06871250000000001
2024-07-18 16:30:00,0.09528333333333333,0.11910416666666668
2024-07-18 17:00:00,0.07253666666666667,0.09067083333333333
2024-07-18 17:30:00,0.11513333333333335,0.14391666666666666
2024-07-18 18:00:00,0.17417833333333335,0.21772291666666668
2024-07-18 18:30:00,0.13811500000000002,0.17264374999999998
2024-07-18 19:00:00,0.11343833333333332,0.14179791666666666
2024-07-18 19:30:00,0.09604833333333333,0.12006041666666667
2024-07-18 20:00:00,0.09705833333333334,0.12132291666666666
2024-07-18 20:30:00,0.08985333333333334,0.11231666666666666
2024-07-18 21:00:00,0.08905833333333334,0.11132291666666666
2024-07-18 21:30:00,0.07007333333333333,0.08759166666666666
2024-07-18 22:00:00,0.076695,0.09586875
2024-07-18 22:30:00,0.068685,0.08585625000000001
2024-07-18 23:00:00,0.06040499999999999,0.07550625000000001
2024-07-18 23:30:00,0.060635,0.07579375000000001
2024-07-19 00:00:00,0.05384,0.04038
2024-07-19 00:30:00,0.06975666666666666,0.052317499999999996
2024-07-19 01:00:00,0.06600666666666667,0.049505
2024-07-19 01:30:00,0.04841666666666667,0.036312500000000004
2024-07-19 02:00:00,0.056125,0.042093750000000006
2024-07-19 02:30:00,0.052675,0.03950625
2024-07-19 03:00:00,0.047224999999999996,0.03541875
2024-07-19 03:30:00,0.03908166666666667,0.02931125
2024-07-19 04:00:00,0.06048666666666667,0.045364999999999996
2024-07-19 04:30:00,0.07347333333333333,0.05510500000000001
2024-07-19 05:00:00,0.08326333333333334,0.062447499999999996
2024-07-19 05:30:00,0.08097,0.0607275
2024-07-19 06:00:00,0.10459166666666668,0.07844374999999999
2024-07-19 06:30:00,0.12624666666666667,0.094685
2024-07-19 07:00:00,0.12462666666666666,0.09347
2024-07-19 07:30:00,0.09337833333333334,0.07003375
2024-07-19 08:00:00,0.094215,0.07066125
2024-07-19 08:30:00,0.12275166666666666,0.09206375
2024-07-19 09:00:00,0.12154833333333333,0.09116124999999999
2024-07-19 09:30:00,0.08344499999999999,0.06258375000000001
2024-07-19 10:00:00,0.07779833333333333,0.058348750000000005
2024-07-19 10:30:00,0.07113,0.0533475
2024-07-19 11:00:00,0.05671166666666666,0.04253375
2024-07-19 11:30:00,0.03201333333333333,0.02401
2024-07-19 12:00:00,0.003198333333333334,0.003198333333333334
2024-07-19 12:30:00,0.018618333333333334,0.018618333333333334
2024-07-19 13:00:00,0.02662666666666667,0.03328333333333334
2024-07-19 13:30:00,0.018183333333333333,0.022729166666666665
2024-07-19 14:00:00,0.022911666666666664,0.028639583333333333
2024-07-19 14:30:00,0.043063333333333335,0.05382916666666667
2024-07-19 15:00:00,0.05464,0.06830000000000001
2024-07-19 15:30:00,0.062305,0.07788125000000001
2024-07-19 16:00:00,0.08044666666666667,0.10055833333333335
2024-07-19 16:30:00,0.163705,0.20463125000000001
2024-07-19 17:00:00,0.24996666666666667,0.31245833333333334
2024-07-19 17:30:00,0.27108,0.33885000000000004
2024-07-19 18:00:00,0.23282166666666668,0.2910270833333333
2024-07-19 18:30:00,0.15400833333333333,0.19251041666666666
2024-07-19 19:00:00,0.14059666666666668,0.17574583333333335
2024-07-19 19:30:00,0.13803666666666667,0.17254583333333331
2024-07-19 20:00:00,0.12379833333333333,0.15474791666666665
2024-07-19 20:30:00,0.12183000000000001,0.1522875
2024-07-19 21:00:00,0.11648666666666667,0.14560833333333334
2024-07-19 21:30:00,0.09698333333333332,0.12122916666666667
2024-07-19 22:00:00,0.11662666666666666,0.14578333333333335
2024-07-19 22:30:00,0.10120166666666668,0.12650208333333332
2024-07-19 23:00:00,0.10390833333333332,0.12988541666666667
2024-07-19 23:30:00,0.09216833333333334,0.11521041666666666
2024-07-20 00:00:00,0.08441833333333333,0.06331375
2024-07-20 00:30:00,0.07424499999999999,0.055683750000000004
2024-07-20 01:00:00,0.07065833333333334,0.052993750000000006
2024-07-20 01:30:00,0.059763333333333335,0.044822499999999994
2024-07-20 02:00:00,0.05791833333333333,0.04343875
2024-07-20 02:30:00,0.05497,0.0412275
2024-07-20 03:00:00,0.05497,0.0412275
2024-07-20 03:30:00,0.053689999999999995,0.040267500000000005
2024-07-20 04:00:00,0.055925,0.04194375
2024-07-20 04:30:00,0.05193166666666666,0.03894875
2024-07-20 05:00:00,0.051796666666666664,0.0388475
2024-07-20 05:30:00,0.04723166666666667,0.03542375
2024-07-20 06:00:00,0.06964333333333333,0.052232499999999994
2024-07-20 06:30:00,0.097265,0.07294874999999999
2024-07-20 07:00:00,0.08871000000000001,0.06653250000000001
2024-07-20 07:30:00,0.06309666666666666,0.047322499999999997
2024-07-20 08:00:00,0.056578333333333335,0.04243375
2024-07-20 08:30:00,0.05497,0.0412275
2024-07-20 09:00:00,0.05497,0.0412275
2024-07-20 09:30:00,0.05549166666666666,0.04161875
2024-07-20 10:00:00,0.04129333333333333,0.030969999999999998
2024-07-20 10:30:00,0.024406666666666663,0.018305
2024-07-20 11:00:00,0.010015,0.0075112500000000006
2024-07-20 11:30:00,-0.00016833333333333284,-0.0013629166666666661
2024-07-20 12:00:00,-0.024908333333333334,-0.024908333333333334
2024-07-20 12:30:00,-0.019698333333333335,-0.019698333333333335
2024-07-20 13:00:00,0.006556666666666666,0.008266666666666667
2024-07-20 13:30:00,0.01803,0.0225375
2024-07-20 14:00:00,0.04740333333333333,0.05925416666666666
2024-07-20 14:30:00,0.04837333333333333,0.06046666666666667
2024-07-20 15:00:00,0.07216166666666667,0.09020208333333334
2024-07-20 15:30:00,0.09000333333333332,0.11250416666666667
2024-07-20 16:00:00,0.10995833333333332,0.13744791666666667
2024-07-20 16:30:00,0.10716833333333335,0.13396041666666667
2024-07-20 17:00:00,0.16285166666666667,0.20356458333333335
2024-07-20 17:30:00,0.19339499999999998,0.24174375
2024-07-20 18:00:00,0.12775666666666666,0.15969583333333334
2024-07-20 18:30:00,0.11670666666666667,0.14588333333333334
2024-07-20 19:00:00,0.10142166666666667,0.12677708333333335
2024-07-20 19:30:00,0.10010000000000001,0.12512500000000001
2024-07-20 20:00:00,0.09968166666666667,0.12460208333333334
2024-07-20 20:30:00,0.09176833333333334,0.11471041666666666
2024-07-20 21:00:00,0.08155,0.1019375
2024-07-20 21:30:00,0.06892166666666667,0.08615208333333334
2024-07-20 22:00:00,0.06604166666666667,0.08255208333333333
2024-07-20 22:30:00,0.07572166666666667,0.09465208333333335
2024-07-20 23:00:00,0.070255,0.08781875
2024-07-20 23:30:00,0.06860166666666666,0.08575208333333334
2024-07-21 00:00:00,0.07462833333333334,0.05597125
2024-07-21 00:30:00,0.06353833333333334,0.04765375
2024-07-21 01:00:00,0.06237,0.0467775
2024-07-21 01:30:00,0.05497,0.0412275
2024-07-21 02:00:00,0.05276666666666666,0.039575
2024-07-21 02:30:00,0.020573333333333336,0.01543
2024-07-21 03:00:00,0.02014166666666667,0.01510625
2024-07-21 03:30:00,0.013915000000000002,0.0101275
2024-07-21 04:00:00,0.00895,0.006712500000000001
2024-07-21 04:30:00,0.005691666666666667,0.003953333333333333
2024-07-21 05:00:00,0.008575,0.00643125
2024-07-21 05:30:00,0.00895,0.006712500000000001
2024-07-21 06:00:00,0.016130000000000002,0.012097500000000002
2024-07-21 06:30:00,0.014924999999999999,0.01119375
2024-07-21 07:00:00,0.026965,0.02022375
2024-07-21 07:30:00,0.050795,0.03809625
2024-07-21 08:00:00,0.04201166666666667,0.03150875
2024-07-21 08:30:00,0.031468333333333334,0.02360125
2024-07-21 09:00:00,0.028016666666666665,0.0210125
2024-07-21 09:30:00,0.008958333333333334,0.00671875
2024-07-21 10:00:00,0.0030266666666666667,0.0014366666666666668
2024-07-21 10:30:00,0.0003649999999999998,-0.0005595833333333335
2024-07-21 11:00:00,0.008763333333333333,0.006572500000000001
2024-07-21 11:30:00,0.0052250000000000005,0.0039187499999999995
2024-07-21 12:00:00,0.020801666666666666,0.020801666666666666
2024-07-21 12:30:00,0.027943333333333334,0.027943333333333334
2024-07-21 13:00:00,0.011328333333333334,0.015187916666666667
2024-07-21 13:30:00,0.021330000000000002,0.02675791666666667
2024-07-21 14:00:00,0.035478333333333334,0.04434791666666666
2024-07-21 14:30:00,0.03754833333333333,0.04693541666666667
2024-07-21 15:00:00,0.038195,0.04774375
2024-07-21 15:30:00,0.05607499999999999,0.07009375
2024-07-21 16:00:00,0.09857833333333332,0.12322291666666667
2024-07-21 16:30:00,0.165935,0.20741874999999999
2024-07-21 17:00:00,0.142825,0.17853125
2024-07-21 17:30:00,0.25032000000000004,0.3129
2024-07-21 18:00:00,0.26120666666666664,0.32650833333333334
2024-07-21 18:30:00,0.17316,0.21645
2024-07-21 19:00:00,0.12439833333333333,0.15549791666666665
2024-07-21 19:30:00,0.12295833333333334,0.15369791666666668
2024-07-21 20:00:00,0.11438666666666668,0.14298333333333332
2024-07-21 20:30:00,0.09760333333333333,0.12200416666666668
2024-07-21 21:00:00,0.09702166666666667,0.12127708333333333
2024-07-21 21:30:00,0.07719,0.0964875
2024-07-21 22:00:00,0.08128333333333333,0.10160416666666666
2024-07-21 22:30:00,0.07654166666666667,0.09567708333333334
2024-07-21 23:00:00,0.07218000000000001,0.090225
2024-07-21 23:30:00,0.07090833333333334,0.08863541666666667
2024-07-22 00:00:00,0.06702166666666666,0.05026624999999999
2024-07-22 00:30:00,0.07127333333333334,0.053455
2024-07-22 01:00:00,0.07526833333333334,0.05645125
2024-07-22 01:30:00,0.066205,0.049653749999999997
2024-07-22 02:00:00,0.057464999999999995,0.04309875
2024-07-22 02:30:00,0.060096666666666666,0.045072499999999995
2024-07-22 03:00:00,0.06377,0.0478275
2024-07-22 03:30:00,0.07119,0.0533925
2024-07-22 04:00:00,0.07841833333333333,0.05881375
2024-07-22 04:30:00,0.07865666666666667,0.0589925
2024-07-22 05:00:00,0.095625,0.07171875
2024-07-22 05:30:00,0.09539500000000001,0.07154624999999999
2024-07-22 06:00:00,0.11449333333333334,0.08587
2024-07-22 06:30:00,0.156095,0.11707125
2024-07-22 07:00:00,0.17649166666666669,0.13236875
2024-07-22 07:30:00,0.14211,0.10658250000000001
2024-07-22 08:00:00,0.12767666666666666,0.0957575
2024-07-22 08:30:00,0.08261833333333334,0.061963750000000005
2024-07-22 09:00:00,0.13721333333333333,0.10291
2024-07-22 09:30:00,0.08013666666666668,0.060102499999999996
2024-07-22 10:00:00,0.06846000000000001,0.051345
2024-07-22 10:30:00,0.08439833333333334,0.06329875
2024-07-22 11:00:00,0.10406833333333333,0.07805125
2024-07-22 11:30:00,0.09116166666666665,0.06837125000000001
2024-07-22 12:00:00,0.10915833333333334,0.10915833333333334
2024-07-22 12:30:00,0.12464666666666667,0.12464666666666667
2024-07-22 13:00:00,0.09920833333333334,0.12401041666666666
2024-07-22 13:30:00,0.09172333333333334,0.11465416666666667
2024-07-22 14:00:00,0.07757333333333333,0.09696666666666666
2024-07-22 14:30:00,0.06462666666666667,0.08078333333333333
2024-07-22 15:00:00,0.06120333333333333,0.07650416666666666
2024-07-22 15:30:00,0.11256666666666666,0.14070833333333332
2024-07-22 16:00:00,0.134765,0.16845625
2024-07-22 16:30:00,0.18615833333333334,0.23269791666666664
2024-07-22 17:00:00,0.28339,0.3542375
2024-07-22 17:30:00,0.29824999999999996,0.3728125
2024-07-22 18:00:00,0.291345,0.36418124999999996
2024-07-22 18:30:00,0.23682499999999998,0.29603125
2024-07-22 19:00:00,0.15409666666666666,0.19262083333333335
2024-07-22 19:30:00,0.14159666666666668,0.17699583333333332
2024-07-22 20:00:00,0.136645,0.17080625000000002
2024-07-22 20:30:00,0.12923500000000002,0.16154374999999999
2024-07-22 21:00:00,0.12136666666666666,0.15170833333333333
2024-07-22 21:30:00,0.08892499999999999,0.11115625
2024-07-22 22:00:00,0.09386166666666666,0.11732708333333335
2024-07-22 22:30:00,0.09873666666666668,0.12342083333333333
2024-07-22 23:00:00,0.08880500000000001,0.11100624999999999
2024-07-22 23:30:00,0.097435,0.12179374999999999
2024-07-23 00:00:00,0.109115,0.08183625
2024-07-23 00:30:00,0.11367166666666667,0.08525375
2024-07-23 01:00:00,0.09084666666666667,0.068135
2024-07-23 01:30:00,0.07839333333333333,0.05879500000000001
2024-07-23 02:00:00,0.07016333333333334,0.052622499999999996
2024-07-23 02:30:00,0.05717833333333333,0.04288375
2024-07-23 03:00:00,0.05978,0.04483499999999999
2024-07-23 03:30:00,0.06165999999999999,0.046245
2024-07-23 04:00:00,0.07174,0.053805
2024-07-23 04:30:00,0.07148333333333334,0.0536125
2024-07-23 05:00:00,0.075065,0.05629875
2024-07-23 05:30:00,0.09236166666666666,0.06927124999999999
2024-07-23 06:00:00,0.10078666666666668,0.07559
2024-07-23 06:30:00,0.13877166666666665,0.10407875
2024-07-23 07:00:00,0.14053333333333332,0.1054
2024-07-23 07:30:00,0.12184,0.09138
2024-07-23 08:00:00,0.11084500000000001,0.08313374999999999
2024-07-23 08:30:00,0.07156666666666667,0.053675
2024-07-23 09:00:00,0.08891833333333334,0.06668875
2024-07-23 09:30:00,0.09428166666666667,0.07071125
2024-07-23 10:00:00,0.05497,0.0412275
2024-07-23 10:30:00,0.08477333333333333,0.06358
2024-07-23 11:00:00,0.06268666666666667,0.047015
2024-07-23 11:30:00,0.04435166666666667,0.03326375
2024-07-23 12:00:00,0.03075,0.03075
2024-07-23 12:30:00,0.010351666666666667,0.010351666666666667
2024-07-23 13:00:00,0.003783333333333333,0.004729166666666666
2024-07-23 13:30:00,0.006828333333333333,0.008535416666666667
2024-07-23 14:00:00,0.029086666666666667,0.03635833333333333
2024-07-23 14:30:00,0.037498333333333335,0.046872916666666674
2024-07-23 15:00:00,0.04524333333333333,0.056554166666666676
2024-07-23 15:30:00,0.057595,0.07199375000000001
2024-07-23 16:00:00,0.08007166666666667,0.10008958333333334
2024-07-23 16:30:00,0.226355,0.28294375
2024-07-23 17:00:00,0.30003,0.37503749999999997
2024-07-23 17:30:00,0.3101466666666667,0.3876833333333333
2024-07-23 18:00:00,0.32254666666666665,0.4031833333333334
2024-07-23 18:30:00,0.3252333333333333,0.40654166666666663
2024-07-23 19:00:00,0.30574833333333334,0.38218541666666667
2024-07-23 19:30:00,0.2904333333333333,0.36304166666666665
2024-07-23 20:00:00,0.24948833333333334,0.3118604166666667
2024-07-23 20:30:00,0.18939833333333334,0.23674791666666664
2024-07-23 21:00:00,0.16382666666666665,0.20478333333333334
2024-07-23 21:30:00,0.13902666666666666,0.17378333333333332
2024-07-23 22:00:00,0.13205833333333333,0.16507291666666665
2024-07-23 22:30:00,0.13178833333333334,0.16473541666666666
2024-07-23 23:00:00,0.14500666666666667,0.18125833333333333
2024-07-23 23:30:00,0.114385,0.14298125
2024-07-24 00:00:00,0.10178,0.076335
2024-07-24 00:30:00,0.08876666666666666,0.06657500000000001
2024-07-24 01:00:00,0.08068,0.06051
2024-07-24 01:30:00,0.078355,0.05876625
2024-07-24 02:00:00,0.07643666666666667,0.0573275
2024-07-24 02:30:00,0.07671,0.05753249999999999
2024-07-24 03:00:00,0.075355,0.05651625
2024-07-24 03:30:00,0.07826,0.058695
2024-07-24 04:00:00,0.07751333333333334,0.058135
2024-07-24 04:30:00,0.08687833333333334,0.06515875
2024-07-24 05:00:00,0.07604333333333334,0.05703250000000001
2024-07-24 05:30:00,0.10236,0.07677
2024-07-24 06:00:00,0.13981,0.10485749999999999
2024-07-24 06:30:00,0.23342833333333335,0.17507125
2024-07-24 07:00:00,0.194095,0.14557125
2024-07-24 07:30:00,0.130875,0.09815625
2024-07-24 08:00:00,0.07214,0.05410499999999999
2024-07-24 08:30:00,0.05559,0.0416925
2024-07-24 09:00:00,0.054775,0.04108125
2024-07-24 09:30:00,0.03585666666666667,0.0268925
2024-07-24 10:00:00,0.04276666666666667,0.032075
2024-07-24 10:30:00,0.010565,0.00792375
2024-07-24 11:00:00,0.015106666666666666,0.01133
2024-07-24 11:30:00,0.00013833333333333314,-0.0007295833333333334
2024-07-24 12:00:00,0.011803333333333334,0.011803333333333334
2024-07-24 12:30:00,0.023000000000000003,0.023000000000000003
2024-07-24 13:00:00,0.017353333333333335,0.021691666666666668
2024-07-24 13:30:00,0.023773333333333337,0.02971666666666667
2024-07-24 14:00:00,0.021656666666666668,0.027070833333333332
2024-07-24 14:30:00,0.034895,0.043618750000000005
2024-07-24 15:00:00,0.02460166666666667,0.030752083333333333
2024-07-24 15:30:00,0.046110000000000005,0.0576375
2024-07-24 16:00:00,0.07601666666666666,0.09502083333333333
2024-07-24 16:30:00,0.16946666666666665,0.21183333333333332
2024-07-24 17:00:00,0.23436166666666666,0.29295208333333334
2024-07-24 17:30:00,0.5101399999999999,0.637675
2024-07-24 18:00:00,0.2835083333333333,0.3543854166666667
2024-07-24 18:30:00,0.20795666666666668,0.2599458333333333
2024-07-24 19:00:00,0.27512833333333336,0.34391041666666666
2024-07-24 19:30:00,0.22000666666666668,0.27500833333333335
2024-07-24 20:00:00,0.12298333333333333,0.15372916666666667
2024-07-24 20:30:00,0.10152666666666667,0.12690833333333332
2024-07-24 21:00:00,0.09207666666666665,0.11509583333333333
2024-07-24 21:30:00,0.058633333333333336,0.07329166666666667
2024-07-24 22:00:00,0.06950166666666667,0.08687708333333333
2024-07-24 22:30:00,0.05009833333333333,0.06262291666666667
2024-07-24 23:00:00,0.02707,0.0338375
2024-07-24 23:30:00,0.021018333333333333,0.026272916666666663
2024-07-25 00:00:00,0.012173333333333335,0.009130000000000001
2024-07-25 00:30:00,0.00895,0.006712500000000001
2024-07-25 01:00:00,0.008284999999999999,0.0062137500000000005
2024-07-25 01:30:00,0.008023333333333334,0.006017500000000001
2024-07-25 02:00:00,0.0076300000000000005,0.005722500000000001
2024-07-25 02:30:00,0.002725,0.00204375
2024-07-25 03:00:00,0.00426,0.00288
2024-07-25 03:30:00,0.0027466666666666664,0.00179
2024-07-25 04:00:00,-0.008983333333333333,-0.00926
2024-07-25 04:30:00,-0.0015733333333333335,-0.0021612500000000004
2024-07-25 05:00:00,-0.006263333333333335,-0.0070191666666666675
2024-07-25 05:30:00,0.00851,0.005938333333333334
2024-07-25 06:00:00,0.019678333333333332,0.014758750000000001
2024-07-25 06:30:00,0.13166999999999998,0.09875250000000001
2024-07-25 07:00:00,0.07634999999999999,0.057262499999999994
2024-07-25 07:30:00,0.08563666666666665,0.0642275
2024-07-25 08:00:00,0.053538333333333334,0.040153749999999995
2024-07-25 08:30:00,0.028183333333333335,0.0211375
2024-07-25 09:00:00,0.018083333333333337,0.0135625
2024-07-25 09:30:00,-0.008541666666666668,-0.008595416666666666
2024-07-25 10:00:00,0.012605,0.009384166666666667
2024-07-25 10:30:00,-0.009526666666666668,-0.009526666666666668
2024-07-25 11:00:00,-0.024291666666666666,-0.024291666666666666
2024-07-25 11:30:00,-0.030778333333333335,-0.030778333333333335
2024-07-25 12:00:00,-0.04669,-0.04669
2024-07-25 12:30:00,-0.047999999999999994,-0.047999999999999994
2024-07-25 13:00:00,-0.04251166666666667,-0.04251166666666667
2024-07-25 13:30:00,-0.046248333333333336,-0.046248333333333336
2024-07-25 14:00:00,-0.04095166666666667,-0.04095166666666667
2024-07-25 14:30:00,-0.002265000000000001,0.0009358333333333325
2024-07-25 15:00:00,0.010098333333333334,0.01272958333333333
2024-07-25 15:30:00,0.025901666666666667,0.032377083333333334
2024-07-25 16:00:00,0.06841666666666667,0.08552083333333334
2024-07-25 16:30:00,0.08718833333333333,0.10898541666666667
2024-07-25 17:00:00,0.11053333333333333,0.13816666666666666
2024-07-25 17:30:00,0.13519333333333333,0.16899166666666665
2024-07-25 18:00:00,0.06926166666666667,0.08657708333333335
2024-07-25 18:30:00,0.06472666666666667,0.08090833333333333
2024-07-25 19:00:00,0.04043833333333333,0.050547916666666665
2024-07-25 19:30:00,0.03422666666666666,0.04278333333333333
2024-07-25 20:00:00,0.016448333333333332,0.020560416666666668
2024-07-25 20:30:00,0.005233333333333333,0.006541666666666667
2024-07-25 21:00:00,0.014465,0.01808125
2024-07-25 21:30:00,-0.005023333333333334,-0.0047845833333333325
2024-07-25 22:00:00,-0.0025216666666666664,-3.333333333333371e-05
2024-07-25 22:30:00,-0.03850833333333333,-0.03850833333333333
2024-07-25 23:00:00,-0.020001666666666664,-0.020001666666666664
2024-07-25 23:30:00,-0.023158333333333333,-0.023158333333333333
2024-07-26 00:00:00,-0.032321666666666665,-0.032321666666666665
2024-07-26 00:30:00,-0.030208333333333334,-0.030208333333333334
2024-07-26 01:00:00,-0.009916666666666666,-0.011402083333333334
2024-07-26 01:30:00,0.012276666666666667,0.008666666666666668
2024-07-26 02:00:00,0.019726666666666667,0.014795
2024-07-26 02:30:00,0.0009666666666666666,-0.00019249999999999966
2024-07-26 03:00:00,-0.011686666666666666,-0.011686666666666666
2024-07-26 03:30:00,-0.006108333333333333,-0.006687916666666666
2024-07-26 04:00:00,0.0028766666666666667,0.0021575
2024-07-26 04:30:00,0.003786666666666666,0.00284
2024-07-26 05:00:00,0.033235,0.02492625
2024-07-26 05:30:00,0.023878333333333335,0.01790875
2024-07-26 06:00:00,0.006555000000000001,0.004909166666666667
2024-07-26 06:30:00,0.034205,0.025653750000000003
2024-07-26 07:00:00,0.07223666666666666,0.054177499999999996
2024-07-26 07:30:00,0.05948833333333333,0.04461625
2024-07-26 08:00:00,0.054356666666666664,0.040767500000000005
2024-07-26 08:30:00,0.04073333333333333,0.030550000000000004
2024-07-26 09:00:00,0.03258166666666667,0.024436250000000003
2024-07-26 09:30:00,0.006606666666666667,0.003913333333333332
2024-07-26 10:00:00,0.02378833333333334,0.01784125
2024-07-26 10:30:00,0.02179666666666667,0.016271666666666667
2024-07-26 11:00:00,0.014973333333333333,0.011154166666666666
2024-07-26 11:30:00,0.01349,0.0101175
2024-07-26 12:00:00,0.0049900000000000005,0.0049900000000000005
2024-07-26 12:30:00,-0.005931666666666666,-0.005931666666666666
2024-07-26 13:00:00,-0.022554999999999995,-0.022554999999999995
2024-07-26 13:30:00,-0.02130333333333333,-0.021133333333333334
2024-07-26 14:00:00,0.0011733333333333335,0.0022829166666666666
2024-07-26 14:30:00,0.016956666666666665,0.02119583333333333
2024-07-26 15:00:00,0.03775,0.0471875
2024-07-26 15:30:00,0.042234999999999995,0.05279375
2024-07-26 16:00:00,0.06914333333333333,0.08642916666666667
2024-07-26 16:30:00,0.153055,0.19131874999999998
2024-07-26 17:00:00,0.18198833333333334,0.22748541666666666
2024-07-26 17:30:00,0.18856166666666666,0.23570208333333334
2024-07-26 18:00:00,0.19382333333333335,0.24227916666666668
2024-07-26 18:30:00,0.14779833333333334,0.18474791666666668
2024-07-26 19:00:00,0.11658333333333333,0.14572916666666666
2024-07-26 19:30:00,0.11204333333333333,0.14005416666666667
2024-07-26 20:00:00,0.08724666666666665,0.10905833333333333
2024-07-26 20:30:00,0.061445,0.07680625
2024-07-26 21:00:00,0.08759833333333333,0.10949791666666668
2024-07-26 21:30:00,0.08029333333333333,0.10036666666666666
2024-07-26 22:00:00,0.11069166666666667,0.13836458333333332
2024-07-26 22:30:00,0.08718833333333333,0.10898541666666667
2024-07-26 23:00:00,0.08398833333333333,0.10498541666666666
2024-07-26 23:30:00,0.06636833333333333,0.08296041666666666
2024-07-27 00:00:00,0.03266666666666667,0.024499999999999997
2024-07-27 00:30:00,0.006795,0.00509625
2024-07-27 01:00:00,0.02333666666666667,0.017502499999999997
2024-07-27 01:30:00,0.010656666666666667,0.007992500000000001
2024-07-27 02:00:00,0.028198333333333336,0.021148749999999997
2024-07-27 02:30:00,0.06013833333333333,0.04510375
2024-07-27 03:00:00,0.05771833333333334,0.040922499999999994
2024-07-27 03:30:00,0.021816666666666668,0.016362500000000002
2024-07-27 04:00:00,0.011861666666666666,0.00889625
2024-07-27 04:30:00,0.008948333333333334,0.006711250000000001
2024-07-27 05:00:00,0.00895,0.006712500000000001
2024-07-27 05:30:00,0.01898,0.014235
2024-07-27 06:00:00,0.023323333333333335,0.0174925
2024-07-27 06:30:00,0.04255166666666666,0.03191375
2024-07-27 07:00:00,0.036025,0.027018749999999998
2024-07-27 07:30:00,0.036116666666666665,0.0270875
2024-07-27 08:00:00,0.01752,0.012457916666666666
2024-07-27 08:30:00,-0.01983,-0.01983
2024-07-27 09:00:00,-0.014326666666666668,-0.015787083333333334
2024-07-27 09:30:00,-0.023225,-0.023274583333333335
2024-07-27 10:00:00,-0.04012333333333334,-0.04012333333333334
2024-07-27 10:30:00,-0.049109999999999994,-0.049109999999999994
2024-07-27 11:00:00,-0.053494999999999994,-0.053494999999999994
2024-07-27 11:30:00,-0.05825,-0.05825
2024-07-27 12:00:00,-0.058686666666666665,-0.058686666666666665
2024-07-27 12:30:00,-0.05968166666666667,-0.05968166666666667
2024-07-27 13:00:00,-0.059735,-0.059735
2024-07-27 13:30:00,-0.058728333333333334,-0.058728333333333334
2024-07-27 14:00:00,-0.058379999999999994,-0.058379999999999994
2024-07-27 14:30:00,-0.05825,-0.05825
2024-07-27 15:00:00,-0.0575,-0.0575
2024-07-27 15:30:00,-0.051805,-0.051805
2024-07-27 16:00:00,-0.020356666666666665,-0.01820958333333333
2024-07-27 16:30:00,0.05412,0.06765
2024-07-27 17:00:00,0.063315,0.07914375
2024-07-27 17:30:00,0.10866166666666666,0.13582708333333335
2024-07-27 18:00:00,0.10663166666666668,0.13328958333333332
2024-07-27 18:30:00,0.081195,0.10149375000000001
2024-07-27 19:00:00,0.05549166666666666,0.06936458333333334
2024-07-27 19:30:00,0.05720166666666667,0.07150208333333334
2024-07-27 20:00:00,0.011601666666666668,0.014621666666666666
2024-07-27 20:30:00,0.007821666666666666,0.009777083333333334
2024-07-27 21:00:00,0.0046683333333333325,0.006159999999999999
2024-07-27 21:30:00,0.005075,0.0063437499999999996
2024-07-27 22:00:00,-0.009918333333333333,-0.009545416666666667
2024-07-27 22:30:00,-0.039746666666666666,-0.039746666666666666
2024-07-27 23:00:00,-0.02897,-0.02897
2024-07-27 23:30:00,-0.014666666666666668,-0.01428125
2024-07-28 00:00:00,-0.010448333333333332,-0.010492083333333332
2024-07-28 00:30:00,-0.022455,-0.022455
2024-07-28 01:00:00,-0.025053333333333334,-0.025053333333333334
2024-07-28 01:30:00,-0.03376166666666667,-0.03376166666666667
2024-07-28 02:00:00,-0.02714833333333333,-0.027277916666666666
2024-07-28 02:30:00,-0.03571666666666667,-0.03571666666666667
2024-07-28 03:00:00,-0.030028333333333334,-0.030028333333333334
2024-07-28 03:30:00,-0.04600666666666667,-0.04600666666666667
2024-07-28 04:00:00,-0.04916333333333334,-0.04916333333333334
2024-07-28 04:30:00,-0.04856666666666667,-0.04856666666666667
2024-07-28 05:00:00,-0.04880166666666667,-0.04880166666666667
2024-07-28 05:30:00,-0.051859999999999996,-0.051859999999999996
2024-07-28 06:00:00,-0.041093333333333336,-0.041093333333333336
2024-07-28 06:30:00,-0.031514999999999994,-0.031514999999999994
2024-07-28 07:00:00,-0.01661333333333333,-0.016681249999999998
2024-07-28 07:30:00,-0.015326666666666667,-0.015326666666666667
2024-07-28 08:00:00,-0.03771666666666667,-0.03771666666666667
2024-07-28 08:30:00,-0.04608166666666667,-0.04608166666666667
2024-07-28 09:00:00,-0.05733,-0.05733
2024-07-28 09:30:00,-0.058335000000000005,-0.058335000000000005
2024-07-28 10:00:00,-0.05882333333333334,-0.05882333333333334
2024-07-28 10:30:00,-0.06447499999999999,-0.06447499999999999
2024-07-28 11:00:00,-0.06022333333333333,-0.06022333333333333
2024-07-28 11:30:00,-0.06419,-0.06419
2024-07-28 12:00:00,-0.06529333333333333,-0.06529333333333333
2024-07-28 12:30:00,-0.061965,-0.061965
2024-07-28 13:00:00,-0.06475,-0.06475
2024-07-28 13:30:00,-0.05989166666666667,-0.05989166666666667
2024-07-28 14:00:00,-0.06917666666666666,-0.06917666666666666
2024-07-28 14:30:00,-0.05837666666666667,-0.05837666666666667
2024-07-28 15:00:00,-0.05513833333333334,-0.05513833333333334
2024-07-28 15:30:00,-0.05076833333333333,-0.05076833333333333
2024-07-28 16:00:00,-0.026878333333333334,-0.02565416666666667
2024-07-28 16:30:00,0.017205,0.021966250000000003
2024-07-28 17:00:00,0.01595,0.0199375
2024-07-28 17:30:00,0.07987166666666666,0.09983958333333333
2024-07-28 18:00:00,0.07873999999999999,0.098425
2024-07-28 18:30:00,0.07519166666666667,0.09398958333333333
2024-07-28 19:00:00,0.07206333333333333,0.09007916666666667
2024-07-28 19:30:00,0.077015,0.09626875
2024-07-28 20:00:00,0.06964,0.08705
2024-07-28 20:30:00,0.04449166666666667,0.055614583333333335
2024-07-28 21:00:00,0.044831666666666665,0.05603958333333334
2024-07-28 21:30:00,0.01457,0.0182125
2024-07-28 22:00:00,0.006633333333333334,0.008291666666666668
2024-07-28 22:30:00,0.0086,0.010750000000000001
2024-07-28 23:00:00,0.009853333333333334,0.012316666666666665
2024-07-28 23:30:00,0.012535,0.01579375
2024-07-29 00:00:00,0.005144999999999999,0.0038587499999999998
2024-07-29 00:30:00,0.0027416666666666666,0.0014333333333333333
2024-07-29 01:00:00,-0.0077466666666666665,-0.00801875
2024-07-29 01:30:00,-0.007529999999999999,-0.008289583333333333
2024-07-29 02:00:00,-0.014535,-0.015485833333333332
2024-07-29 02:30:00,-0.02457833333333333,-0.02457833333333333
2024-07-29 03:00:00,-0.035304999999999996,-0.035304999999999996
2024-07-29 03:30:00,-0.019366666666666667,-0.019575833333333334
2024-07-29 04:00:00,-0.016585,-0.016585
2024-07-29 04:30:00,-0.02477333333333333,-0.02509875
2024-07-29 05:00:00,8.833333333333378e-05,-0.0014033333333333322
2024-07-29 05:30:00,0.012588333333333333,0.00922625
2024-07-29 06:00:00,0.023255,0.017441250000000002
2024-07-29 06:30:00,0.05554666666666667,0.041659999999999996
2024-07-29 07:00:00,0.13878333333333334,0.1040875
2024-07-29 07:30:00,0.09418166666666666,0.07063625
2024-07-29 08:00:00,0.058603333333333334,0.0439525
2024-07-29 08:30:00,0.04659166666666666,0.03494375
2024-07-29 09:00:00,0.02402333333333333,0.0180175
2024-07-29 09:30:00,0.008346666666666667,0.006260000000000001
2024-07-29 10:00:00,0.030230000000000003,0.022672499999999998
2024-07-29 10:30:00,0.022335000000000004,0.01675125
2024-07-29 11:00:00,0.019511666666666667,0.014199999999999999
2024-07-29 11:30:00,-0.0029800000000000004,-0.0037208333333333334
2024-07-29 12:00:00,-0.011348333333333334,-0.011348333333333334
2024-07-29 12:30:00,-0.022753333333333337,-0.022753333333333337
2024-07-29 13:00:00,-0.03521666666666667,-0.03521666666666667
2024-07-29 13:30:00,-0.04423666666666667,-0.04423666666666667
2024-07-29 14:00:00,-0.005506666666666667,-0.0037954166666666657
2024-07-29 14:30:00,-0.007748333333333333,-0.006725833333333333
2024-07-29 15:00:00,0.018231666666666667,0.02402625
2024-07-29 15:30:00,0.00649,0.008348333333333333
2024-07-29 16:00:00,0.03457333333333334,0.043216666666666674
2024-07-29 16:30:00,0.06690666666666667,0.08363333333333334
2024-07-29 17:00:00,0.07674333333333333,0.09592916666666666
2024-07-29 17:30:00,0.09621166666666665,0.12026458333333334
2024-07-29 18:00:00,0.08682000000000001,0.108525
2024-07-29 18:30:00,0.08241,0.10301249999999999
2024-07-29 19:00:00,0.06167,0.07708749999999999
2024-07-29 19:30:00,0.07919666666666668,0.09899583333333334
2024-07-29 20:00:00,0.07727833333333334,0.09659791666666667
2024-07-29 20:30:00,0.07720333333333333,0.09650416666666667
2024-07-29 21:00:00,0.06695666666666666,0.08369583333333334
2024-07-29 21:30:00,0.05254,0.065675
2024-07-29 22:00:00,0.04099333333333333,0.051241666666666665
2024-07-29 22:30:00,0.012051666666666667,0.015064583333333333
2024-07-29 23:00:00,0.024746666666666667,0.030933333333333337
2024-07-29 23:30:00,0.01692,0.021150000000000002
2024-07-30 00:00:00,0.018815000000000002,0.01411125
2024-07-30 00:30:00,0.016505000000000002,0.01237875
2024-07-30 01:00:00,0.02274,0.017055
2024-07-30 01:30:00,0.022911666666666664,0.01718375
2024-07-30 02:00:00,0.016890000000000002,0.0126675
2024-07-30 02:30:00,0.023918333333333333,0.01793875
2024-07-30 03:00:00,0.019190000000000002,0.0143925
2024-07-30 03:30:00,0.012476666666666669,0.0093575
2024-07-30 04:00:00,0.022088333333333335,0.01656625
2024-07-30 04:30:00,0.017443333333333335,0.013082500000000002
2024-07-30 05:00:00,0.03634333333333333,0.0272575
2024-07-30 05:30:00,0.07146000000000001,0.053595000000000004
2024-07-30 06:00:00,0.09265,0.0694875
2024-07-30 06:30:00,0.14772166666666667,0.11079125000000001
2024-07-30 07:00:00,0.08157333333333333,0.06117999999999999
2024-07-30 07:30:00,0.11031166666666668,0.08273375
2024-07-30 08:00:00,0.09847833333333333,0.07385875
2024-07-30 08:30:00,0.065125,0.04884375
2024-07-30 09:00:00,0.06826833333333333,0.05120125
2024-07-30 09:30:00,0.062084999999999994,0.046563749999999994
2024-07-30 10:00:00,0.05720333333333333,0.0429025
2024-07-30 10:30:00,0.05497,0.0412275
2024-07-30 11:00:00,0.05035166666666666,0.03776375
2024-07-30 11:30:00,0.05943166666666666,0.04457375
2024-07-30 12:00:00,0.08810166666666668,0.08810166666666668
2024-07-30 12:30:00,0.06199333333333334,0.06199333333333334
2024-07-30 13:00:00,0.09460999999999999,0.1182625
2024-07-30 13:30:00,0.07701000000000001,0.09626250000000001
2024-07-30 14:00:00,0.07347166666666667,0.09183958333333335
2024-07-30 14:30:00,0.11641333333333333,0.14551666666666666
2024-07-30 15:00:00,0.13398000000000002,0.167475
2024-07-30 15:30:00,0.20055,0.2506875
2024-07-30 16:00:00,0.18703000000000003,0.2337875
2024-07-30 16:30:00,0.2819816666666667,0.35247708333333333
2024-07-30 17:00:00,0.29672666666666664,0.37090833333333334
2024-07-30 17:30:00,0.5993183333333333,0.7491479166666667
2024-07-30 18:00:00,4.242173333333334,5.302716666666666
2024-07-30 18:30:00,0.5127366666666667,0.6409208333333333
2024-07-30 19:00:00,0.291745,0.36468125
2024-07-30 19:30:00,0.28858333333333336,0.3607291666666667
2024-07-30 20:00:00,0.225795,0.28224374999999996
2024-07-30 20:30:00,0.21847666666666665,0.2730958333333333
2024-07-30 21:00:00,0.15393666666666667,0.19242083333333335
2024-07-30 21:30:00,0.12633,0.15791249999999998
2024-07-30 22:00:00,0.14641666666666667,0.18302083333333333
2024-07-30 22:30:00,0.13299166666666667,0.16623958333333333
2024-07-30 23:00:00,0.122415,0.15301875
2024-07-30 23:30:00,0.10810166666666667,0.13512708333333331
2024-07-31 00:00:00,0.09976999999999998,0.0748275
2024-07-31 00:30:00,0.09353833333333333,0.07015375
2024-07-31 01:00:00,0.08649333333333332,0.06487
2024-07-31 01:30:00,0.08329166666666667,0.062468749999999997
2024-07-31 02:00:00,0.07385000000000001,0.0553875
2024-07-31 02:30:00,0.07317,0.0548775
2024-07-31 03:00:00,0.07339666666666667,0.0550475
2024-07-31 03:30:00,0.07920333333333333,0.0594025
2024-07-31 04:00:00,0.07579,0.0568425
2024-07-31 04:30:00,0.07994833333333333,0.05996125
2024-07-31 05:00:00,0.08734166666666666,0.06550625
2024-07-31 05:30:00,0.10616166666666667,0.07962124999999999
2024-07-31 06:00:00,0.15579166666666666,0.11684375000000001
2024-07-31 06:30:00,0.20172,0.15129
2024-07-31 07:00:00,0.16373666666666667,0.1228025
2024-07-31 07:30:00,0.13365833333333332,0.10024375
2024-07-31 08:00:00,0.110415,0.08281125
2024-07-31 08:30:00,0.05550333333333333,0.041627500000000005
2024-07-31 09:00:00,0.06881833333333333,0.05161375000000001
2024-07-31 09:30:00,0.05497,0.0412275
2024-07-31 10:00:00,0.027185,0.02038875
2024-07-31 10:30:00,-0.00040833333333333303,-0.0010075
2024-07-31 11:00:00,-0.008276666666666667,-0.009970833333333333
2024-07-31 11:30:00,-0.026664999999999998,-0.026664999999999998
2024-07-31 12:00:00,-0.038753333333333334,-0.038753333333333334
2024-07-31 12:30:00,-0.02587,-0.02587
2024-07-31 13:00:00,-0.040001666666666665,-0.040001666666666665
2024-07-31 13:30:00,-0.035005,-0.035005
2024-07-31 14:00:00,-0.03698,-0.03698
2024-07-31 14:30:00,-0.042758333333333336,-0.042758333333333336
2024-07-31 15:00:00,-0.03789666666666667,-0.03789666666666667
2024-07-31 15:30:00,0.005473333333333333,0.00773625
2024-07-31 16:00:00,0.031580000000000004,0.039474999999999996
2024-07-31 16:30:00,0.112115,0.14014375
2024-07-31 17:00:00,0.13907333333333335,0.17384166666666667
2024-07-31 17:30:00,0.167465,0.20933125
2024-07-31 18:00:00,0.128455,0.16056875
2024-07-31 18:30:00,0.07865166666666666,0.09831458333333333
2024-07-31 19:00:00,0.07106,0.088825
2024-07-31 19:30:00,0.06601666666666667,0.08252083333333333
2024-07-31 20:00:00,0.07068666666666666,0.08835833333333333
2024-07-31 20:30:00,0.05396666666666667,0.06745833333333333
2024-07-31 21:00:00,0.027878333333333335,0.034847916666666666
2024-07-31 21:30:00,0.0016449999999999995,0.0027675000000000004
2024-07-31 22:00:00,-0.025546666666666665,-0.025247916666666665
2024-07-31 22:30:00,-0.020435,-0.020435
2024-07-31 23:00:00,-0.015136666666666666,-0.015136666666666666
2024-07-31 23:30:00,-0.016755,-0.016755
2024-08-01 00:00:00,-0.011155,-0.011155
2024-08-01 00:30:00,-0.014995000000000001,-0.015523750000000001
2024-08-01 01:00:00,0.008691666666666667,0.005979583333333333
2024-08-01 01:30:00,-0.019856666666666665,-0.020257083333333332
2024-08-01 02:00:00,-0.044281666666666664,-0.044281666666666664
2024-08-01 02:30:00,-0.05209,-0.05209
2024-08-01 03:00:00,-0.042845,-0.042845
2024-08-01 03:30:00,-0.05434666666666666,-0.05434666666666666
2024-08-01 04:00:00,-0.052864999999999995,-0.052864999999999995
2024-08-01 04:30:00,-0.045456666666666666,-0.045456666666666666
2024-08-01 05:00:00,-0.044855,-0.044855
2024-08-01 05:30:00,-0.014753333333333332,-0.015560833333333331
2024-08-01 06:00:00,-0.0017283333333333335,-0.00212875
2024-08-01 06:30:00,0.001638333333333333,0.0008054166666666665
2024-08-01 07:00:00,0.023543333333333333,0.0176575
2024-08-01 07:30:00,0.00653,0.0048975
2024-08-01 08:00:00,0.0005366666666666667,-0.00019916666666666637
2024-08-01 08:30:00,-0.017983333333333334,-0.017983333333333334
2024-08-01 09:00:00,-0.0031899999999999997,-0.004004999999999999
2024-08-01 09:30:00,-0.05492166666666667,-0.05492166666666667
2024-08-01 10:00:00,-0.05373,-0.05373
2024-08-01 10:30:00,-0.05813000000000001,-0.05813000000000001
2024-08-01 11:00:00,-0.05825333333333333,-0.05825333333333333
2024-08-01 11:30:00,-0.05845,-0.05845
2024-08-01 12:00:00,-0.05840833333333333,-0.05840833333333333
2024-08-01 12:30:00,-0.058455,-0.058455
2024-08-01 13:00:00,-0.058456666666666664,-0.058456666666666664
2024-08-01 13:30:00,-0.058255,-0.058255
2024-08-01 14:00:00,-0.05829,-0.05829
2024-08-01 14:30:00,-0.05825,-0.05825
2024-08-01 15:00:00,-0.05635166666666667,-0.05635166666666667
2024-08-01 15:30:00,-0.046830000000000004,-0.046830000000000004
2024-08-01 16:00:00,-0.011070000000000002,-0.011070000000000002
2024-08-01 16:30:00,0.009203333333333332,0.012023333333333332
2024-08-01 17:00:00,0.010753333333333332,0.01353
2024-08-01 17:30:00,0.00528,0.0068024999999999995
2024-08-01 18:00:00,0.022883333333333335,0.028604166666666667
2024-08-01 18:30:00,-0.004336666666666667,-0.004336666666666667
2024-08-01 19:00:00,0.01389,0.01769375
2024-08-01 19:30:00,-0.009866666666666666,-0.009866666666666666
2024-08-01 20:00:00,-0.009575,-0.009575
2024-08-01 20:30:00,-0.003983333333333333,-0.0037941666666666666
2024-08-01 21:00:00,-0.016038333333333335,-0.01566125
2024-08-01 21:30:00,-0.022908333333333336,-0.022908333333333336
2024-08-01 22:00:00,-0.019240000000000004,-0.01918041666666667
2024-08-01 22:30:00,-0.045455,-0.045455
2024-08-01 23:00:00,-0.024511666666666668,-0.02413875
2024-08-01 23:30:00,-0.049229999999999996,-0.049229999999999996
2024-08-02 00:00:00,-0.027838333333333336,-0.027838333333333336
2024-08-02 00:30:00,-0.038975,-0.038975
2024-08-02 01:00:00,-0.050359999999999995,-0.050359999999999995
2024-08-02 01:30:00,-0.051776666666666665,-0.051776666666666665
2024-08-02 02:00:00,-0.05242333333333333,-0.05242333333333333
2024-08-02 02:30:00,-0.053845,-0.053845
2024-08-02 03:00:00,-0.055586666666666666,-0.055586666666666666
2024-08-02 03:30:00,-0.054856666666666665,-0.054856666666666665
2024-08-02 04:00:00,-0.05682,-0.05682
2024-08-02 04:30:00,-0.056433333333333335,-0.056433333333333335
2024-08-02 05:00:00,-0.050896666666666666,-0.050896666666666666
2024-08-02 05:30:00,-0.020980000000000002,-0.021922916666666667
2024-08-02 06:00:00,0.006593333333333333,0.004817500000000001
2024-08-02 06:30:00,0.005711666666666667,0.003779166666666667
2024-08-02 07:00:00,0.002578333333333333,0.0014329166666666665
2024-08-02 07:30:00,-0.0011883333333333336,-0.0012179166666666668
2024-08-02 08:00:00,-0.01464166666666667,-0.01464166666666667
2024-08-02 08:30:00,-0.008445,-0.008842083333333334
2024-08-02 09:00:00,-0.031786666666666664,-0.031786666666666664
2024-08-02 09:30:00,-0.044483333333333326,-0.044483333333333326
2024-08-02 10:00:00,-0.02666,-0.02848458333333333
2024-08-02 10:30:00,0.0028283333333333333,0.00027541666666666627
2024-08-02 11:00:00,-0.001691666666666667,-0.0022500000000000003
2024-08-02 11:30:00,-0.024756666666666666,-0.024756666666666666
2024-08-02 12:00:00,-0.04027166666666667,-0.04027166666666667
2024-08-02 12:30:00,-0.039615000000000004,-0.039615000000000004
2024-08-02 13:00:00,-0.04164333333333334,-0.04164333333333334
2024-08-02 13:30:00,-0.038843333333333334,-0.038843333333333334
2024-08-02 14:00:00,-0.03279,-0.03279
2024-08-02 14:30:00,-0.017813333333333334,-0.017813333333333334
2024-08-02 15:00:00,0.0005933333333333332,0.0014354166666666667
2024-08-02 15:30:00,0.007968333333333332,0.010278333333333334
2024-08-02 16:00:00,0.020448333333333332,0.02634291666666667
2024-08-02 16:30:00,-0.03797,-0.03797
2024-08-02 17:00:00,0.0019583333333333328,0.004636249999999999
2024-08-02 17:30:00,0.024999999999999998,0.03125
2024-08-02 18:00:00,0.017653333333333333,0.02227541666666667
2024-08-02 18:30:00,-0.008095,-0.008095
2024-08-02 19:00:00,0.010275,0.013088333333333332
2024-08-02 19:30:00,0.06612833333333333,0.08266041666666667
2024-08-02 20:00:00,0.014841666666666668,0.018552083333333334
2024-08-02 20:30:00,0.008326666666666666,0.010408333333333334
2024-08-02 21:00:00,0.04854,0.060675
2024-08-02 21:30:00,0.010641666666666667,0.013302083333333334
2024-08-02 22:00:00,0.004568333333333333,0.005866666666666667
2024-08-02 22:30:00,-0.0037183333333333335,-0.0036920833333333332
2024-08-02 23:00:00,0.021798333333333333,0.027247916666666667
2024-08-02 23:30:00,0.010683333333333335,0.013354166666666667
2024-08-03 00:00:00,0.0015399999999999997,-5.20833333333328e-05
2024-08-03 00:30:00,0.014249999999999999,0.0106875
2024-08-03 01:00:00,0.00587,0.004109583333333334
2024-08-03 01:30:00,0.007501666666666667,0.00562625
2024-08-03 02:00:00,0.01491,0.0111825
2024-08-03 02:30:00,-0.001175,-0.0018199999999999998
2024-08-03 03:00:00,-0.00037833333333333355,-0.0011241666666666665
2024-08-03 03:30:00,-8.333333333333341e-05,-0.0010979166666666663
2024-08-03 04:00:00,0.00895,0.006712500000000001
2024-08-03 04:30:00,0.009304999999999999,0.00697875
2024-08-03 05:00:00,0.022346666666666667,0.01676
2024-08-03 05:30:00,0.025566666666666668,0.019175
2024-08-03 06:00:00,0.031053333333333336,0.02329
2024-08-03 06:30:00,0.009616666666666667,0.0072125
2024-08-03 07:00:00,0.04240666666666667,0.031805
2024-08-03 07:30:00,0.03942166666666667,0.02956625
2024-08-03 08:00:00,0.03338666666666667,0.025039999999999996
2024-08-03 08:30:00,0.037531666666666665,0.02814875
2024-08-03 09:00:00,0.022271666666666665,0.01670375
2024-08-03 09:30:00,0.01487,0.01069875
2024-08-03 10:00:00,-0.01773833333333333,-0.01775375
2024-08-03 10:30:00,-0.02970333333333333,-0.02970333333333333
2024-08-03 11:00:00,0.017421666666666665,0.013056666666666666
2024-08-03 11:30:00,0.02456,0.01842
2024-08-03 12:00:00,0.032889999999999996,0.032889999999999996
2024-08-03 12:30:00,0.030613333333333336,0.030613333333333336
2024-08-03 13:00:00,0.043545,0.05443125000000001
2024-08-03 13:30:00,0.011745,0.01468125
2024-08-03 14:00:00,0.015543333333333333,0.01965
2024-08-03 14:30:00,0.005463333333333333,0.007047916666666667
2024-08-03 15:00:00,0.02414166666666667,0.030177083333333337
2024-08-03 15:30:00,0.028068333333333334,0.03508541666666667
2024-08-03 16:00:00,0.045276666666666666,0.05659583333333334
2024-08-03 16:30:00,0.09695,0.1211875
2024-08-03 17:00:00,0.12531333333333333,0.15664166666666665
2024-08-03 17:30:00,0.12512166666666666,0.15640208333333333
2024-08-03 18:00:00,0.10740500000000001,0.13425625
2024-08-03 18:30:00,0.098485,0.12310625000000001
2024-08-03 19:00:00,0.09704333333333333,0.12130416666666666
2024-08-03 19:30:00,0.08570499999999999,0.10713125
2024-08-03 20:00:00,0.09686499999999999,0.12108124999999999
2024-08-03 20:30:00,0.10071999999999999,0.1259
2024-08-03 21:00:00,0.09150166666666666,0.11437708333333334
2024-08-03 21:30:00,0.07735166666666667,0.09668958333333333
2024-08-03 22:00:00,0.07364833333333333,0.09206041666666666
2024-08-03 22:30:00,0.06793333333333333,0.08491666666666668
2024-08-03 23:00:00,0.07620666666666666,0.09525833333333333
2024-08-03 23:30:00,0.07246666666666667,0.09058333333333334
2024-08-04 00:00:00,0.07061,0.0529575
2024-08-04 00:30:00,0.05969833333333333,0.04477375
2024-08-04 01:00:00,0.05497,0.0412275
2024-08-04 01:30:00,0.05379333333333333,0.040345
2024-08-04 02:00:00,0.035665,0.02674875
2024-08-04 02:30:00,0.03486,0.026145
2024-08-04 03:00:00,0.03453166666666667,0.025898749999999998
2024-08-04 03:30:00,0.026606666666666667,0.019955
2024-08-04 04:00:00,0.03495,0.0262125
2024-08-04 04:30:00,0.03495,0.0262125
2024-08-04 05:00:00,0.03495,0.0262125
2024-08-04 05:30:00,0.03495,0.0262125
2024-08-04 06:00:00,0.05163333333333333,0.038725
2024-08-04 06:30:00,0.06032166666666666,0.045241250000000004
2024-08-04 07:00:00,0.056155000000000004,0.04211625
2024-08-04 07:30:00,0.050905,0.038178750000000004
2024-08-04 08:00:00,0.029925000000000004,0.02244375
2024-08-04 08:30:00,0.022308333333333333,0.01673125
2024-08-04 09:00:00,0.02759333333333333,0.020695
2024-08-04 09:30:00,0.01541,0.0115575
2024-08-04 10:00:00,-0.0014100000000000004,-0.0027624999999999998
2024-08-04 10:30:00,-0.0037599999999999995,-0.004789583333333333
2024-08-04 11:00:00,0.019280000000000002,0.01446
2024-08-04 11:30:00,-0.00023333333333333366,-0.0020083333333333333
2024-08-04 12:00:00,0.011866666666666666,0.011866666666666666
2024-08-04 12:30:00,0.03166666666666667,0.03166666666666667
2024-08-04 13:00:00,0.02603833333333333,0.03254791666666667
2024-08-04 13:30:00,0.014239999999999997,0.018185000000000003
2024-08-04 14:00:00,0.0072766666666666665,0.009095833333333333
2024-08-04 14:30:00,0.04430666666666666,0.05538333333333334
2024-08-04 15:00:00,0.04541166666666666,0.05676458333333334
2024-08-04 15:30:00,0.04892166666666667,0.061152083333333336
2024-08-04 16:00:00,0.06568,0.0821
2024-08-04 16:30:00,0.150045,0.18755625
2024-08-04 17:00:00,0.1802216666666667,0.22527708333333332
2024-08-04 17:30:00,0.2554866666666667,0.31935833333333336
2024-08-04 18:00:00,0.29936666666666667,0.3742083333333333
2024-08-04 18:30:00,0.169625,0.21203125
2024-08-04 19:00:00,0.13135,0.16418750000000001
2024-08-04 19:30:00,0.09979833333333334,0.12474791666666667
2024-08-04 20:00:00,0.08869333333333333,0.11086666666666667
2024-08-04 20:30:00,0.08023999999999999,0.1003
2024-08-04 21:00:00,0.07665999999999999,0.095825
2024-08-04 21:30:00,0.07215833333333332,0.09019791666666667
2024-08-04 22:00:00,0.07190333333333333,0.08987916666666668
2024-08-04 22:30:00,0.07366333333333334,0.09207916666666667
2024-08-04 23:00:00,0.06708,0.08385
2024-08-04 23:30:00,0.06046666666666667,0.07558333333333334
2024-08-05 00:00:00,0.05673,0.042547499999999995
2024-08-05 00:30:00,0.05551166666666666,0.041633750000000004
2024-08-05 01:00:00,0.05497,0.0412275
2024-08-05 01:30:00,0.05346833333333333,0.04010125
2024-08-05 02:00:00,0.05231,0.0392325
2024-08-05 02:30:00,0.053601666666666666,0.04020125
2024-08-05 03:00:00,0.054601666666666666,0.04095125
2024-08-05 03:30:00,0.05497,0.0412275
2024-08-05 04:00:00,0.05697333333333333,0.04273
2024-08-05 04:30:00,0.06384333333333334,0.047882499999999995
2024-08-05 05:00:00,0.072,0.054
2024-08-05 05:30:00,0.08444499999999999,0.06333375000000001
2024-08-05 06:00:00,0.10796166666666666,0.08097125
2024-08-05 06:30:00,0.128775,0.09658125
2024-08-05 07:00:00,0.122305,0.09172875000000001
2024-08-05 07:30:00,0.09300666666666667,0.069755
2024-08-05 08:00:00,0.065815,0.04936125
2024-08-05 08:30:00,0.05404833333333333,0.04053625
2024-08-05 09:00:00,0.055705,0.04177875
2024-08-05 09:30:00,0.05497,0.0412275
2024-08-05 10:00:00,0.05497,0.0412275
2024-08-05 10:30:00,0.043886666666666664,0.032915
2024-08-05 11:00:00,0.040376666666666665,0.0302825
2024-08-05 11:30:00,0.047023333333333334,0.0352675
2024-08-05 12:00:00,0.05497,0.05497
2024-08-05 12:30:00,0.05413833333333334,0.05413833333333334
2024-08-05 13:00:00,0.05379833333333334,0.06724791666666667
2024-08-05 13:30:00,0.05488666666666667,0.06860833333333334
2024-08-05 14:00:00,0.05424166666666667,0.06780208333333333
2024-08-05 14:30:00,0.05292666666666667,0.06615833333333333
2024-08-05 15:00:00,0.054601666666666666,0.06825208333333334
2024-08-05 15:30:00,0.05497,0.06871250000000001
2024-08-05 16:00:00,0.086675,0.10834375
2024-08-05 16:30:00,0.18178166666666665,0.22722708333333333
2024-08-05 17:00:00,0.30017999999999995,0.375225
2024-08-05 17:30:00,0.31380500000000006,0.39225625
2024-08-05 18:00:00,0.18697833333333333,0.23372291666666667
2024-08-05 18:30:00,0.13011833333333334,0.16264791666666667
2024-08-05 19:00:00,0.1747466666666667,0.21843333333333334
2024-08-05 19:30:00,0.14556,0.18194999999999997
2024-08-05 20:00:00,0.134275,0.16784374999999999
2024-08-05 20:30:00,0.11280333333333332,0.14100416666666668
2024-08-05 21:00:00,0.11739666666666666,0.14674583333333333
2024-08-05 21:30:00,0.11812666666666667,0.14765833333333334
2024-08-05 22:00:00,0.10945500000000001,0.13681875
2024-08-05 22:30:00,0.09567833333333332,0.11959791666666665
2024-08-05 23:00:00,0.07975833333333333,0.09969791666666666
2024-08-05 23:30:00,0.076185,0.09523124999999999
2024-08-06 00:00:00,0.070445,0.052833750000000006
2024-08-06 00:30:00,0.06866166666666666,0.05149625
2024-08-06 01:00:00,0.070625,0.05296875
2024-08-06 01:30:00,0.06824666666666666,0.051185
2024-08-06 02:00:00,0.06485333333333333,0.048639999999999996
2024-08-06 02:30:00,0.06032666666666667,0.045245
2024-08-06 03:00:00,0.060675,0.04550625
2024-08-06 03:30:00,0.060568333333333335,0.04542625
2024-08-06 04:00:00,0.06442,0.048315
2024-08-06 04:30:00,0.062421666666666674,0.046816250000000004
2024-08-06 05:00:00,0.07589333333333334,0.05692
2024-08-06 05:30:00,0.09560666666666666,0.071705
2024-08-06 06:00:00,0.19205666666666668,0.1440425
2024-08-06 06:30:00,0.25658833333333336,0.19244125
2024-08-06 07:00:00,0.15756666666666666,0.11817499999999999
2024-08-06 07:30:00,0.12332,0.09249
2024-08-06 08:00:00,0.17530833333333332,0.13148125
2024-08-06 08:30:00,0.06422333333333334,0.0481675
2024-08-06 09:00:00,0.08087666666666667,0.0606575
2024-08-06 09:30:00,0.092575,0.06943125
2024-08-06 10:00:00,0.03745166666666667,0.02808875
2024-08-06 10:30:00,0.014993333333333332,0.011245
2024-08-06 11:00:00,0.006865,0.0051487500000000005
2024-08-06 11:30:00,0.005291666666666667,0.00396875
2024-08-06 12:00:00,0.0023933333333333337,0.0023933333333333337
2024-08-06 12:30:00,0.01507,0.01507
2024-08-06 13:00:00,0.023083333333333334,0.028854166666666667
2024-08-06 13:30:00,0.028370000000000003,0.0354625
2024-08-06 14:00:00,0.03172833333333333,0.03966041666666666
2024-08-06 14:30:00,0.044401666666666666,0.05550208333333334
2024-08-06 15:00:00,0.043765,0.054706250000000005
2024-08-06 15:30:00,0.05497,0.06871250000000001
2024-08-06 16:00:00,0.06950666666666666,0.08688333333333335
2024-08-06 16:30:00,0.153505,0.19188125
2024-08-06 17:00:00,0.307795,0.38474375
2024-08-06 17:30:00,0.4818733333333334,0.6023416666666667
2024-08-06 18:00:00,0.36472666666666664,0.45590833333333336
2024-08-06 18:30:00,0.26298166666666667,0.32872708333333334
2024-08-06 19:00:00,0.18787500000000001,0.23484375000000002
2024-08-06 19:30:00,0.152805,0.19100625000000002
2024-08-06 20:00:00,0.14881833333333333,0.18602291666666668
2024-08-06 20:30:00,0.13419833333333334,0.16774791666666666
2024-08-06 21:00:00,0.12974166666666667,0.16217708333333333
2024-08-06 21:30:00,0.10476833333333334,0.13096041666666666
2024-08-06 22:00:00,0.10354999999999999,0.1294375
2024-08-06 22:30:00,0.057126666666666666,0.07140833333333334
2024-08-06 23:00:00,0.05497,0.06871250000000001
2024-08-06 23:30:00,0.016361666666666667,0.020452083333333336
2024-08-07 00:00:00,0.00895,0.006712500000000001
2024-08-07 00:30:00,0.008506666666666668,0.00638
2024-08-07 01:00:00,0.00895,0.006712500000000001
2024-08-07 01:30:00,0.006886666666666666,0.005165
2024-08-07 02:00:00,0.005055,0.00379125
2024-08-07 02:30:00,-0.0048133333333333335,-0.0051891666666666674
2024-08-07 03:00:00,-0.006156666666666667,-0.006529583333333334
2024-08-07 03:30:00,-0.018318333333333336,-0.018318333333333336
2024-08-07 04:00:00,-0.018355,-0.018355
2024-08-07 04:30:00,-0.018403333333333334,-0.018403333333333334
2024-08-07 05:00:00,-0.023226666666666663,-0.023226666666666663
2024-08-07 05:30:00,-0.03487666666666667,-0.0356225
2024-08-07 06:00:00,0.014503333333333333,0.0108775
2024-08-07 06:30:00,0.06386833333333332,0.047901250000000006
2024-08-07 07:00:00,0.083035,0.06227625
2024-08-07 07:30:00,0.05849833333333334,0.043873749999999996
2024-08-07 08:00:00,0.023626666666666667,0.017688333333333334
2024-08-07 08:30:00,0.010311666666666667,0.00773375
2024-08-07 09:00:00,-0.005493333333333334,-0.005868333333333333
2024-08-07 09:30:00,-0.012130000000000002,-0.012503750000000001
2024-08-07 10:00:00,-0.03364166666666667,-0.03364166666666667
2024-08-07 10:30:00,-0.025616666666666666,-0.02689625
2024-08-07 11:00:00,-0.04285833333333333,-0.04285833333333333
2024-08-07 11:30:00,-0.04601333333333333,-0.04601333333333333
2024-08-07 12:00:00,-0.05180333333333333,-0.05180333333333333
2024-08-07 12:30:00,-0.05175833333333333,-0.05175833333333333
2024-08-07 13:00:00,-0.05181333333333334,-0.05181333333333334
2024-08-07 13:30:00,-0.05181333333333334,-0.05181333333333334
2024-08-07 14:00:00,-0.051993333333333336,-0.051993333333333336
2024-08-07 14:30:00,-0.05269166666666667,-0.05269166666666667
2024-08-07 15:00:00,-0.04459166666666667,-0.04459166666666667
2024-08-07 15:30:00,-0.009225,-0.0087775
2024-08-07 16:00:00,0.019886666666666667,0.024858333333333333
2024-08-07 16:30:00,-0.014813333333333336,-0.01353166666666667
2024-08-07 17:00:00,0.07702666666666667,0.09628333333333333
2024-08-07 17:30:00,0.049085,0.06135625
2024-08-07 18:00:00,0.09687166666666668,0.12108958333333335
2024-08-07 18:30:00,0.03235166666666667,0.040439583333333334
2024-08-07 19:00:00,0.03711166666666667,0.04638958333333334
2024-08-07 19:30:00,0.03938,0.049225
2024-08-07 20:00:00,0.039115000000000004,0.04889375000000001
2024-08-07 20:30:00,0.04145,0.051812500000000004
2024-08-07 21:00:00,0.019418333333333333,0.02427291666666667
2024-08-07 21:30:00,-0.009331666666666667,-0.009331666666666667
2024-08-07 22:00:00,-0.020306666666666664,-0.020306666666666664
2024-08-07 22:30:00,-0.007146666666666667,-0.006666666666666667
2024-08-07 23:00:00,-0.007135,-0.0071325
2024-08-07 23:30:00,-0.0016049999999999999,-0.0015275
2024-08-08 00:00:00,0.0023116666666666667,0.0011958333333333337
2024-08-08 00:30:00,0.014593333333333333,0.010944999999999998
2024-08-08 01:00:00,0.006363333333333333,0.0047725
2024-08-08 01:30:00,-0.006025,-0.006398749999999999
2024-08-08 02:00:00,-0.0037966666666666665,-0.003920416666666667
2024-08-08 02:30:00,-0.0075433333333333324,-0.007670416666666666
2024-08-08 03:00:00,-0.013258333333333336,-0.0134975
2024-08-08 03:30:00,-0.010659999999999998,-0.010661666666666667
2024-08-08 04:00:00,0.007965,0.00597375
2024-08-08 04:30:00,-0.017548333333333332,-0.017559166666666664
2024-08-08 05:00:00,-0.022798333333333334,-0.022798333333333334
2024-08-08 05:30:00,-0.0059566666666666665,-0.008405833333333333
2024-08-08 06:00:00,0.035603333333333334,0.0267025
2024-08-08 06:30:00,0.041833333333333333,0.031375
2024-08-08 07:00:00,0.06162,0.046215000000000006
2024-08-08 07:30:00,0.059186666666666665,0.044390000000000006
2024-08-08 08:00:00,0.027716666666666667,0.020787499999999997
2024-08-08 08:30:00,0.009911666666666666,0.00743375
2024-08-08 09:00:00,0.0017683333333333333,0.0013262500000000002
2024-08-08 09:30:00,0.016906666666666667,0.012680000000000002
2024-08-08 10:00:00,0.019241666666666667,0.014431250000000001
2024-08-08 10:30:00,0.014305,0.01072875
2024-08-08 11:00:00,0.0029700000000000004,0.0015187500000000004
2024-08-08 11:30:00,-0.020653333333333333,-0.020653333333333333
2024-08-08 12:00:00,0.026323333333333334,0.026323333333333334
2024-08-08 12:30:00,0.016178333333333333,0.016178333333333333
2024-08-08 13:00:00,0.007056666666666667,0.009155416666666666
2024-08-08 13:30:00,-0.003908333333333333,-0.003850416666666667
2024-08-08 14:00:00,0.020275,0.025387916666666666
2024-08-08 14:30:00,0.037996666666666665,0.04749583333333333
2024-08-08 15:00:00,0.049556666666666666,0.06194583333333333
2024-08-08 15:30:00,0.05035333333333333,0.06294166666666666
2024-08-08 16:00:00,0.073645,0.09205625
2024-08-08 16:30:00,0.12103833333333334,0.15129791666666667
2024-08-08 17:00:00,0.18262,0.228275
2024-08-08 17:30:00,0.20315666666666668,0.2539458333333333
2024-08-08 18:00:00,0.17884166666666668,0.22355208333333335
2024-08-08 18:30:00,0.13319666666666666,0.16649583333333332
2024-08-08 19:00:00,0.13561166666666666,0.16951458333333333
2024-08-08 19:30:00,0.19628,0.24534999999999998
2024-08-08 20:00:00,0.24417,0.3052125
2024-08-08 20:30:00,0.18909499999999999,0.23636875000000002
2024-08-08 21:00:00,0.168285,0.21035625
2024-08-08 21:30:00,0.10504666666666666,0.13130833333333333
2024-08-08 22:00:00,0.08852166666666667,0.11065208333333333
2024-08-08 22:30:00,0.06821,0.0852625
2024-08-08 23:00:00,0.067425,0.08428124999999999
2024-08-08 23:30:00,0.07526833333333334,0.09408541666666666
2024-08-09 00:00:00,0.073695,0.055271249999999994
2024-08-09 00:30:00,0.06327,0.0474525
2024-08-09 01:00:00,0.056875,0.04265625
2024-08-09 01:30:00,0.05497,0.0412275
2024-08-09 02:00:00,0.05497,0.0412275
2024-08-09 02:30:00,0.05497,0.0412275
2024-08-09 03:00:00,0.05465833333333333,0.04099375
2024-08-09 03:30:00,0.05497,0.0412275
2024-08-09 04:00:00,0.054601666666666666,0.04095125
2024-08-09 04:30:00,0.05845999999999999,0.043845
2024-08-09 05:00:00,0.06386666666666667,0.0479
2024-08-09 05:30:00,0.06153,0.0461475
2024-08-09 06:00:00,0.06772833333333333,0.05079625000000001
2024-08-09 06:30:00,0.11899333333333334,0.089245
2024-08-09 07:00:00,0.11676666666666667,0.087575
2024-08-09 07:30:00,0.070285,0.052713750000000004
2024-08-09 08:00:00,0.055490000000000005,0.0416175
2024-08-09 08:30:00,0.05578833333333333,0.041841249999999997
2024-08-09 09:00:00,0.04693166666666667,0.03519875
2024-08-09 09:30:00,0.021768333333333334,0.01632625
2024-08-09 10:00:00,0.010403333333333334,0.006969166666666668
2024-08-09 10:30:00,0.021138333333333332,0.01585375
2024-08-09 11:00:00,0.04287666666666667,0.0321575
2024-08-09 11:30:00,0.024296666666666664,0.0182225
2024-08-09 12:00:00,-0.0015416666666666662,-0.0015416666666666662
2024-08-09 12:30:00,0.02261,0.02261
2024-08-09 13:00:00,0.04219333333333333,0.052741666666666666
2024-08-09 13:30:00,0.03526000000000001,0.04427583333333333
2024-08-09 14:00:00,0.04064333333333333,0.05080416666666667
2024-08-09 14:30:00,0.048485,0.06060625000000001
2024-08-09 15:00:00,0.053018333333333334,0.06627291666666667
2024-08-09 15:30:00,0.05417833333333333,0.06772291666666667
2024-08-09 16:00:00,0.07083666666666667,0.08854583333333334
2024-08-09 16:30:00,0.10607333333333334,0.13259166666666666
2024-08-09 17:00:00,0.11364,0.14205
2024-08-09 17:30:00,0.11624333333333332,0.14530416666666665
2024-08-09 18:00:00,0.10959,0.1369875
2024-08-09 18:30:00,0.093015,0.11626874999999999
2024-08-09 19:00:00,0.07897666666666667,0.09872083333333333
2024-08-09 19:30:00,0.07791333333333333,0.09739166666666667
2024-08-09 20:00:00,0.07709333333333333,0.09636666666666667
2024-08-09 20:30:00,0.073365,0.09170624999999999
2024-08-09 21:00:00,0.06360833333333334,0.07951041666666667
2024-08-09 21:30:00,0.06297333333333334,0.07871666666666667
2024-08-09 22:00:00,0.06273666666666668,0.07842083333333333
2024-08-09 22:30:00,0.046948333333333335,0.058685416666666664
2024-08-09 23:00:00,0.08781,0.1097625
2024-08-09 23:30:00,0.06998333333333334,0.08747916666666666
2024-08-10 00:00:00,0.04707166666666666,0.035303749999999995
2024-08-10 00:30:00,0.029673333333333333,0.022255
2024-08-10 01:00:00,0.032488333333333334,0.024366250000000002
2024-08-10 01:30:00,0.021328333333333335,0.01599625
2024-08-10 02:00:00,0.021816666666666668,0.016362500000000002
2024-08-10 02:30:00,0.02442,0.018315
2024-08-10 03:00:00,0.019178333333333335,0.01438375
2024-08-10 03:30:00,0.012068333333333334,0.00905125
2024-08-10 04:00:00,0.017473333333333334,0.013105
2024-08-10 04:30:00,0.023633333333333336,0.017725
2024-08-10 05:00:00,0.023943333333333334,0.0179575
2024-08-10 05:30:00,0.03384666666666667,0.025385
2024-08-10 06:00:00,0.037373333333333335,0.02803
2024-08-10 06:30:00,0.057455,0.04309125
2024-08-10 07:00:00,0.05497,0.0412275
2024-08-10 07:30:00,0.04909666666666667,0.0368225
2024-08-10 08:00:00,0.03993833333333333,0.02995375
2024-08-10 08:30:00,0.04458500000000001,0.033438749999999996
2024-08-10 09:00:00,0.046415000000000005,0.03481125
2024-08-10 09:30:00,0.047479999999999994,0.03561
2024-08-10 10:00:00,0.015276666666666668,0.01144625
2024-08-10 10:30:00,0.012483333333333332,0.009362500000000001
2024-08-10 11:00:00,0.012621666666666668,0.00946625
2024-08-10 11:30:00,0.018035,0.013526249999999998
2024-08-10 12:00:00,0.030455,0.030455
2024-08-10 12:30:00,0.04347666666666666,0.04347666666666666
2024-08-10 13:00:00,0.05257833333333333,0.06572291666666667
2024-08-10 13:30:00,0.06505333333333334,0.08131666666666666
2024-08-10 14:00:00,0.06799999999999999,0.085
2024-08-10 14:30:00,0.07395666666666666,0.09244583333333334
2024-08-10 15:00:00,0.09811166666666667,0.12263958333333332
2024-08-10 15:30:00,0.09960333333333334,0.12450416666666665
2024-08-10 16:00:00,0.09301333333333334,0.11626666666666667
2024-08-10 16:30:00,0.14477333333333334,0.18096666666666664
2024-08-10 17:00:00,0.1391666666666667,0.17395833333333333
2024-08-10 17:30:00,0.16426166666666667,0.20532708333333335
2024-08-10 18:00:00,0.15812333333333334,0.1976541666666667
2024-08-10 18:30:00,0.12096,0.1512
2024-08-10 19:00:00,0.09568833333333333,0.11961041666666666
2024-08-10 19:30:00,0.10949666666666667,0.13687083333333336
2024-08-10 20:00:00,0.125055,0.15631874999999998
2024-08-10 20:30:00,0.16888,0.21109999999999998
2024-08-10 21:00:00,0.126825,0.15853124999999998
2024-08-10 21:30:00,0.09931333333333332,0.12414166666666666
2024-08-10 22:00:00,0.10057166666666667,0.12571458333333332
2024-08-10 22:30:00,0.09278666666666667,0.11598333333333333
2024-08-10 23:00:00,0.08745166666666666,0.10931458333333333
2024-08-10 23:30:00,0.08074833333333332,0.10093541666666667
2024-08-11 00:00:00,0.072195,0.05414625
2024-08-11 00:30:00,0.06809666666666667,0.0510725
2024-08-11 01:00:00,0.07247166666666667,0.05435375
2024-08-11 01:30:00,0.07007333333333333,0.052555
2024-08-11 02:00:00,0.06129833333333334,0.04597375
2024-08-11 02:30:00,0.056755,0.04256625
2024-08-11 03:00:00,0.055694999999999995,0.04177125
2024-08-11 03:30:00,0.05521,0.0414075
2024-08-11 04:00:00,0.05497,0.0412275
2024-08-11 04:30:00,0.05788666666666666,0.043415
2024-08-11 05:00:00,0.05497,0.0412275
2024-08-11 05:30:00,0.05569166666666667,0.04176875
2024-08-11 06:00:00,0.06527666666666666,0.048957499999999994
2024-08-11 06:30:00,0.06577833333333333,0.04933375
2024-08-11 07:00:00,0.055725,0.04179375
2024-08-11 07:30:00,0.06103833333333333,0.04577875
2024-08-11 08:00:00,0.06430666666666666,0.048229999999999995
2024-08-11 08:30:00,0.05796166666666667,0.043471249999999996
2024-08-11 09:00:00,0.05497,0.0412275
2024-08-11 09:30:00,0.051131666666666666,0.03834875
2024-08-11 10:00:00,0.02689166666666667,0.020168750000000003
2024-08-11 10:30:00,0.024499999999999997,0.0181825
2024-08-11 11:00:00,0.04468833333333333,0.03351625
2024-08-11 11:30:00,0.06050333333333333,0.045377499999999994
2024-08-11 12:00:00,0.054169999999999996,0.054169999999999996
2024-08-11 12:30:00,0.05348333333333333,0.05348333333333333
2024-08-11 13:00:00,0.05375333333333333,0.06719166666666666
2024-08-11 13:30:00,0.05257333333333333,0.06571666666666666
2024-08-11 14:00:00,0.05526,0.06907500000000001
2024-08-11 14:30:00,0.0577,0.07212500000000001
2024-08-11 15:00:00,0.06413333333333333,0.08016666666666666
2024-08-11 15:30:00,0.05992,0.07490000000000001
2024-08-11 16:00:00,0.09627000000000001,0.12033749999999999
2024-08-11 16:30:00,0.15601666666666666,0.19502083333333334
2024-08-11 17:00:00,0.16765833333333333,0.20957291666666666
2024-08-11 17:30:00,0.24178333333333332,0.30222916666666666
2024-08-11 18:00:00,0.25432499999999997,0.31790625
2024-08-11 18:30:00,0.17672166666666667,0.2209020833333333
2024-08-11 19:00:00,0.13730833333333334,0.17163541666666668
2024-08-11 19:30:00,0.14908166666666667,0.18635208333333333
2024-08-11 20:00:00,0.13940166666666667,0.17425208333333334
2024-08-11 20:30:00,0.13402666666666666,0.16753333333333334
2024-08-11 21:00:00,0.11447666666666667,0.14309583333333334
2024-08-11 21:30:00,0.09738166666666666,0.12172708333333333
2024-08-11 22:00:00,0.09679833333333333,0.12099791666666666
2024-08-11 22:30:00,0.11139666666666666,0.13924583333333332
2024-08-11 23:00:00,0.12699000000000002,0.1587375
2024-08-11 23:30:00,0.087875,0.10984375
2024-08-12 00:00:00,0.081055,0.06079125
2024-08-12 00:30:00,0.08301166666666666,0.06225875
2024-08-12 01:00:00,0.07373166666666667,0.05529875
2024-08-12 01:30:00,0.07002333333333334,0.052517499999999995
2024-08-12 02:00:00,0.061945,0.04645875
2024-08-12 02:30:00,0.061044999999999995,0.045783750000000005
2024-08-12 03:00:00,0.063695,0.047771249999999994
2024-08-12 03:30:00,0.06366833333333333,0.04775125
2024-08-12 04:00:00,0.059359999999999996,0.044520000000000004
2024-08-12 04:30:00,0.06353333333333333,0.04765
2024-08-12 05:00:00,0.088245,0.06618375
2024-08-12 05:30:00,0.102845,0.07713375
2024-08-12 06:00:00,0.21377833333333332,0.16033375
2024-08-12 06:30:00,0.2817,0.211275
2024-08-12 07:00:00,0.24101166666666665,0.18075875
2024-08-12 07:30:00,0.16052666666666668,0.12039499999999999
2024-08-12 08:00:00,0.21271500000000002,0.15953625000000002
2024-08-12 08:30:00,0.155685,0.11676375
2024-08-12 09:00:00,0.11904666666666668,0.089285
2024-08-12 09:30:00,0.10278166666666666,0.07708625000000001
2024-08-12 10:00:00,0.07799833333333334,0.058498749999999995
2024-08-12 10:30:00,0.057383333333333335,0.0430375
2024-08-12 11:00:00,0.07964500000000001,0.05973375
2024-08-12 11:30:00,0.09792166666666667,0.07344125
2024-08-12 12:00:00,0.09515333333333333,0.09515333333333333
2024-08-12 12:30:00,0.10580833333333334,0.10580833333333334
2024-08-12 13:00:00,0.10518833333333333,0.13148541666666666
2024-08-12 13:30:00,0.11365333333333333,0.14206666666666667
2024-08-12 14:00:00,0.09458666666666667,0.11823333333333332
2024-08-12 14:30:00,0.08035333333333333,0.10044166666666667
2024-08-12 15:00:00,0.09086,0.113575
2024-08-12 15:30:00,0.09645166666666666,0.12056458333333332
2024-08-12 16:00:00,0.11431666666666666,0.14289583333333333
2024-08-12 16:30:00,0.25497,0.3187125
2024-08-12 17:00:00,0.28735499999999997,0.35919375
2024-08-12 17:30:00,0.365105,0.45638125
2024-08-12 18:00:00,0.3502416666666666,0.43780208333333337
2024-08-12 18:30:00,0.3237733333333333,0.40471666666666667
2024-08-12 19:00:00,0.29653999999999997,0.37067500000000003
2024-08-12 19:30:00,0.2938633333333333,0.36732916666666665
2024-08-12 20:00:00,0.22738833333333333,0.2842354166666667
2024-08-12 20:30:00,0.17613333333333334,0.22016666666666665
2024-08-12 21:00:00,0.15893000000000002,0.1986625
2024-08-12 21:30:00,0.14753666666666668,0.18442083333333334
2024-08-12 22:00:00,0.14438333333333334,0.18047916666666666
2024-08-12 22:30:00,0.15644833333333333,0.19556041666666668
2024-08-12 23:00:00,0.2211483333333333,0.27643541666666666
2024-08-12 23:30:00,0.19269333333333336,0.24086666666666667
2024-08-13 00:00:00,0.18814833333333333,0.14111125
2024-08-13 00:30:00,0.17481666666666665,0.1311125
2024-08-13 01:00:00,0.14797333333333332,0.11098000000000001
2024-08-13 01:30:00,0.10013499999999999,0.07510125
2024-08-13 02:00:00,0.09293166666666668,0.06969875
2024-08-13 02:30:00,0.07374666666666667,0.05531
2024-08-13 03:00:00,0.07656500000000001,0.057423749999999996
2024-08-13 03:30:00,0.07947333333333333,0.059605
2024-08-13 04:00:00,0.0798,0.059849999999999993
2024-08-13 04:30:00,0.098095,0.07357124999999999
2024-08-13 05:00:00,0.08020833333333333,0.06015625
2024-08-13 05:30:00,0.10448666666666666,0.078365
2024-08-13 06:00:00,0.1685116666666667,0.12638375
2024-08-13 06:30:00,0.2620483333333333,0.19653625
2024-08-13 07:00:00,0.247215,0.18541125
2024-08-13 07:30:00,0.15961666666666666,0.1197125
2024-08-13 08:00:00,0.07797333333333333,0.058480000000000004
2024-08-13 08:30:00,0.06300499999999999,0.047253750000000004
2024-08-13 09:00:00,0.060969999999999996,0.045727500000000004
2024-08-13 09:30:00,0.03940333333333334,0.0295525
2024-08-13 10:00:00,0.028231666666666665,0.02117375
2024-08-13 10:30:00,0.016543333333333334,0.0124075
2024-08-13 11:00:00,-0.0019349999999999992,-0.0036374999999999997
2024-08-13 11:30:00,-0.0002933333333333333,-0.0003316666666666667
2024-08-13 12:00:00,0.003056666666666667,0.003056666666666667
2024-08-13 12:30:00,-0.031599999999999996,-0.031599999999999996
2024-08-13 13:00:00,-0.0501,-0.0501
2024-08-13 13:30:00,-0.053085,-0.053085
2024-08-13 14:00:00,-0.012033333333333333,-0.012008333333333334
2024-08-13 14:30:00,0.009846666666666667,0.012308333333333333
2024-08-13 15:00:00,0.012848333333333335,0.016060416666666664
2024-08-13 15:30:00,0.0456,0.056999999999999995
2024-08-13 16:00:00,0.08309666666666667,0.10387083333333334
2024-08-13 16:30:00,0.180925,0.22615624999999998
2024-08-13 17:00:00,0.13185833333333333,0.16482291666666668
2024-08-13 17:30:00,3.0592400000000004,3.8240499999999997
2024-08-13 18:00:00,3.159755,3.94969375
2024-08-13 18:30:00,0.5593899999999999,0.6992375000000001
2024-08-13 19:00:00,0.21407666666666667,0.2675958333333333
2024-08-13 19:30:00,0.23671166666666665,0.2958895833333333
2024-08-13 20:00:00,0.289035,0.36129374999999997
2024-08-13 20:30:00,0.2538266666666667,0.31728333333333336
2024-08-13 21:00:00,0.18035,0.22543749999999999
2024-08-13 21:30:00,0.17025500000000002,0.21281874999999997
2024-08-13 22:00:00,0.1645866666666667,0.20573333333333332
2024-08-13 22:30:00,0.130575,0.16321875
2024-08-13 23:00:00,0.14213,0.17766249999999997
2024-08-13 23:30:00,0.11931333333333333,0.14914166666666667
2024-08-14 00:00:00,0.11414999999999999,0.0856125
2024-08-14 00:30:00,0.09982666666666666,0.07487
2024-08-14 01:00:00,0.10098499999999999,0.07573875000000001
2024-08-14 01:30:00,0.093065,0.06979875
2024-08-14 02:00:00,0.08627333333333333,0.064705
2024-08-14 02:30:00,0.09311166666666666,0.06983375
2024-08-14 03:00:00,0.10038833333333334,0.07529124999999999
2024-08-14 03:30:00,0.09765166666666668,0.07323875
2024-08-14 04:00:00,0.10223166666666667,0.07667375
2024-08-14 04:30:00,0.11535666666666666,0.08651750000000001
2024-08-14 05:00:00,0.15205166666666667,0.11403875000000001
2024-08-14 05:30:00,0.22560000000000002,0.1692
2024-08-14 06:00:00,0.24406833333333333,0.18305125
2024-08-14 06:30:00,0.26773833333333336,0.20080374999999998
2024-08-14 07:00:00,0.15845833333333334,0.11884375000000001
2024-08-14 07:30:00,0.08505,0.0637875
2024-08-14 08:00:00,0.062055,0.04654125
2024-08-14 08:30:00,0.06156999999999999,0.0461775
2024-08-14 09:00:00,0.04674166666666666,0.035056250000000004
2024-08-14 09:30:00,0.023196666666666668,0.0173975
2024-08-14 10:00:00,0.0067866666666666665,0.004128333333333334
2024-08-14 10:30:00,-0.029918333333333335,-0.030725000000000002
2024-08-14 11:00:00,-0.041001666666666665,-0.041001666666666665
2024-08-14 11:30:00,-0.051505,-0.051505
2024-08-14 12:00:00,-0.053675,-0.053675
2024-08-14 12:30:00,-0.05690166666666666,-0.05690166666666666
2024-08-14 13:00:00,-0.05802833333333333,-0.05802833333333333
2024-08-14 13:30:00,-0.05754,-0.05754
2024-08-14 14:00:00,-0.05834,-0.05834
2024-08-14 14:30:00,-0.055885,-0.055885
2024-08-14 15:00:00,0.002628333333333333,0.00679875
2024-08-14 15:30:00,0.02947666666666667,0.036845833333333335
2024-08-14 16:00:00,0.059085,0.07385625
2024-08-14 16:30:00,0.17943833333333334,0.22429791666666665
2024-08-14 17:00:00,0.2555433333333333,0.31942916666666665
2024-08-14 17:30:00,0.281565,0.35195625
2024-08-14 18:00:00,0.2995,0.37437499999999996
2024-08-14 18:30:00,0.28628666666666663,0.35785833333333333
2024-08-14 19:00:00,0.1734716666666667,0.21683958333333334
2024-08-14 19:30:00,0.15260666666666667,0.19075833333333334
2024-08-14 20:00:00,0.11262,0.140775
2024-08-14 20:30:00,0.11895,0.1486875
2024-08-14 21:00:00,0.110935,0.13866874999999998
2024-08-14 21:30:00,0.08858333333333333,0.11072916666666666
2024-08-14 22:00:00,0.07766666666666666,0.09708333333333334
2024-08-14 22:30:00,0.05356166666666667,0.06695208333333334
2024-08-14 23:00:00,0.07647666666666667,0.09559583333333334
2024-08-14 23:30:00,0.05776333333333333,0.07220416666666667
2024-08-15 00:00:00,0.023078333333333336,0.01730875
2024-08-15 00:30:00,0.03099,0.0232425
2024-08-15 01:00:00,0.01748166666666667,0.01311125
2024-08-15 01:30:00,0.008531666666666667,0.006398750000000001
2024-08-15 02:00:00,0.006194999999999999,0.00464625
2024-08-15 02:30:00,0.005973333333333333,0.0044800000000000005
2024-08-15 03:00:00,0.008966666666666666,0.006725000000000001
2024-08-15 03:30:00,0.007971666666666667,0.0059787500000000006
2024-08-15 04:00:00,0.009598333333333334,0.007006250000000001
2024-08-15 04:30:00,0.017445000000000002,0.01308375
2024-08-15 05:00:00,0.020428333333333337,0.01532125
2024-08-15 05:30:00,0.011735,0.00880125
2024-08-15 06:00:00,0.008195,0.00614625
2024-08-15 06:30:00,0.036840000000000005,0.02763
2024-08-15 07:00:00,0.030888333333333334,0.02316625
2024-08-15 07:30:00,0.027396666666666666,0.0205475
2024-08-15 08:00:00,0.07096333333333334,0.0532225
2024-08-15 08:30:00,0.06568,0.049260000000000005
2024-08-15 09:00:00,0.052364999999999995,0.03927375
2024-08-15 09:30:00,0.043405,0.03255375
2024-08-15 10:00:00,0.05844,0.04383
2024-08-15 10:30:00,0.035978333333333334,0.02698375
2024-08-15 11:00:00,0.015446666666666666,0.011585
2024-08-15 11:30:00,0.001398333333333333,0.0006016666666666667
2024-08-15 12:00:00,-0.014344999999999998,-0.014344999999999998
2024-08-15 12:30:00,0.012276666666666667,0.012276666666666667
2024-08-15 13:00:00,0.019178333333333335,0.023972916666666667
2024-08-15 13:30:00,0.039305,0.04913125000000001
2024-08-15 14:00:00,0.040530000000000004,0.0506625
2024-08-15 14:30:00,0.06777,0.08471250000000001
2024-08-15 15:00:00,0.08035166666666667,0.10043958333333335
2024-08-15 15:30:00,0.07560666666666667,0.09450833333333335
2024-08-15 16:00:00,0.11689666666666666,0.14612083333333334
2024-08-15 16:30:00,0.04493166666666667,0.05616458333333333
2024-08-15 17:00:00,0.10895499999999998,0.13619375
2024-08-15 17:30:00,0.13476166666666667,0.1684520833333333
2024-08-15 18:00:00,0.111815,0.13976875
2024-08-15 18:30:00,0.08825499999999999,0.11031875000000001
2024-08-15 19:00:00,0.058589999999999996,0.0732375
2024-08-15 19:30:00,0.06113833333333333,0.07642291666666666
2024-08-15 20:00:00,0.027090000000000003,0.0338625
2024-08-15 20:30:00,0.06670166666666666,0.08337708333333334
2024-08-15 21:00:00,0.05551999999999999,0.0694
2024-08-15 21:30:00,0.029725,0.037156249999999995
2024-08-15 22:00:00,0.00718,0.008974999999999999
2024-08-15 22:30:00,0.005193333333333334,0.006491666666666666
2024-08-15 23:00:00,0.007475,0.00934375
2024-08-15 23:30:00,0.015528333333333333,0.019410416666666666
2024-08-16 00:00:00,0.009666666666666665,0.0072499999999999995
2024-08-16 00:30:00,0.0034366666666666664,0.0025625
2024-08-16 01:00:00,0.0071066666666666665,0.0051487500000000005
2024-08-16 01:30:00,0.0032416666666666666,0.0024312500000000003
2024-08-16 02:00:00,-0.0004033333333333333,-0.00044416666666666666
2024-08-16 02:30:00,-0.0004116666666666667,-0.0004516666666666667
2024-08-16 03:00:00,0.0017066666666666669,0.0012799999999999999
2024-08-16 03:30:00,6e-05,4.499999999999999e-05
2024-08-16 04:00:00,0.0005883333333333333,0.00042375000000000003
2024-08-16 04:30:00,0.00012,9e-05
2024-08-16 05:00:00,0.00013000000000000002,9.75e-05
2024-08-16 05:30:00,0.011913333333333333,0.008935
2024-08-16 06:00:00,0.015420000000000001,0.011565
2024-08-16 06:30:00,-0.002943333333333334,-0.003790833333333333
2024-08-16 07:00:00,-0.03128333333333334,-0.03128333333333334
2024-08-16 07:30:00,0.032705000000000005,0.024528750000000002
2024-08-16 08:00:00,-0.007118333333333333,-0.007126666666666667
2024-08-16 08:30:00,-0.0024233333333333333,-0.0032429166666666665
2024-08-16 09:00:00,-0.019148333333333333,-0.019148333333333333
2024-08-16 09:30:00,-0.031209999999999998,-0.031209999999999998
2024-08-16 10:00:00,-0.021223333333333334,-0.021223333333333334
2024-08-16 10:30:00,-0.024175000000000002,-0.024182083333333337
2024-08-16 11:00:00,-0.030338333333333332,-0.030338333333333332
2024-08-16 11:30:00,-0.03306333333333333,-0.03306333333333333
2024-08-16 12:00:00,-0.03346166666666667,-0.03346166666666667
2024-08-16 12:30:00,-0.04749333333333333,-0.04749333333333333
2024-08-16 13:00:00,-0.05825,-0.05825
2024-08-16 13:30:00,-0.054825000000000006,-0.054825000000000006
2024-08-16 14:00:00,-0.055240000000000004,-0.055240000000000004
2024-08-16 14:30:00,-0.05895,-0.05895
2024-08-16 15:00:00,-0.060201666666666674,-0.060201666666666674
2024-08-16 15:30:00,-0.05769666666666667,-0.05769666666666667
2024-08-16 16:00:00,-0.008968333333333333,-0.00800375
2024-08-16 16:30:00,0.057574999999999994,0.07196875000000001
2024-08-16 17:00:00,0.08275,0.1034375
2024-08-16 17:30:00,0.13458833333333334,0.16823541666666667
2024-08-16 18:00:00,0.13214166666666669,0.16517708333333334
2024-08-16 18:30:00,0.10653166666666665,0.13316458333333334
2024-08-16 19:00:00,0.07544166666666667,0.09430208333333334
2024-08-16 19:30:00,0.06413166666666667,0.08016458333333333
2024-08-16 20:00:00,0.06394833333333333,0.07993541666666666
2024-08-16 20:30:00,0.05903666666666666,0.07379583333333334
2024-08-16 21:00:00,0.06028,0.07535
2024-08-16 21:30:00,0.0589,0.073625
2024-08-16 22:00:00,0.025048333333333336,0.03131041666666667
2024-08-16 22:30:00,0.008733333333333334,0.010916666666666667
2024-08-16 23:00:00,0.022713333333333335,0.028391666666666666
2024-08-16 23:30:00,0.004185,0.00523125
2024-08-17 00:00:00,0.007606666666666667,0.005705000000000001
2024-08-17 00:30:00,0.007508333333333333,0.005631250000000001
2024-08-17 01:00:00,0.0017366666666666665,0.0013025
2024-08-17 01:30:00,0.0014383333333333333,0.00107875
2024-08-17 02:00:00,-0.00033500000000000007,-0.0003716666666666667
2024-08-17 02:30:00,-0.003913333333333334,-0.004085416666666667
2024-08-17 03:00:00,-0.005626666666666666,-0.006000416666666667
2024-08-17 03:30:00,-0.0028816666666666665,-0.003330416666666667
2024-08-17 04:00:00,-0.014218333333333333,-0.014218333333333333
2024-08-17 04:30:00,-0.01583,-0.015830833333333332
2024-08-17 05:00:00,-0.0028366666666666666,-0.0032020833333333333
2024-08-17 05:30:00,-0.01583,-0.015830833333333332
2024-08-17 06:00:00,-0.0008333333333333332,-0.0009516666666666666
2024-08-17 06:30:00,0.0034633333333333335,0.00242375
2024-08-17 07:00:00,0.010114999999999999,0.00758625
2024-08-17 07:30:00,0.016256666666666666,0.0121925
2024-08-17 08:00:00,0.014856666666666666,0.0111425
2024-08-17 08:30:00,0.0022366666666666668,0.001515
2024-08-17 09:00:00,-0.00013333333333333326,-0.0005087499999999998
2024-08-17 09:30:00,0.004738333333333333,0.002524583333333333
2024-08-17 10:00:00,-0.0010616666666666667,-0.00202125
2024-08-17 10:30:00,-0.015475000000000001,-0.015475000000000001
2024-08-17 11:00:00,-0.03396,-0.03396
2024-08-17 11:30:00,-0.05197333333333334,-0.05197333333333334
2024-08-17 12:00:00,-0.051615,-0.051615
2024-08-17 12:30:00,-0.048003333333333335,-0.048003333333333335
2024-08-17 13:00:00,-0.04466666666666667,-0.04466666666666667
2024-08-17 13:30:00,-0.02594166666666667,-0.02594166666666667
2024-08-17 14:00:00,-0.005043333333333334,-0.004389166666666666
2024-08-17 14:30:00,-0.024103333333333334,-0.024103333333333334
2024-08-17 15:00:00,0.0062116666666666666,0.00915875
2024-08-17 15:30:00,0.0050816666666666675,0.006352083333333334
2024-08-17 16:00:00,0.025925000000000004,0.03240625
2024-08-17 16:30:00,0.045456666666666666,0.05682083333333334
2024-08-17 17:00:00,0.07348,0.09185
2024-08-17 17:30:00,0.07128833333333333,0.08911041666666668
2024-08-17 18:00:00,0.07630833333333333,0.09538541666666667
2024-08-17 18:30:00,0.06559333333333334,0.08199166666666667
2024-08-17 19:00:00,0.06410500000000001,0.08013125
2024-08-17 19:30:00,0.04740666666666667,0.05925833333333333
2024-08-17 20:00:00,0.0315,0.039375
2024-08-17 20:30:00,0.03141833333333333,0.039272916666666664
2024-08-17 21:00:00,0.02371833333333333,0.029647916666666663
2024-08-17 21:30:00,0.036046666666666664,0.04505833333333333
2024-08-17 22:00:00,0.017833333333333333,0.022291666666666664
2024-08-17 22:30:00,0.006325000000000001,0.009785833333333334
2024-08-17 23:00:00,0.044215000000000004,0.05526875
2024-08-17 23:30:00,0.024978333333333335,0.031222916666666666
2024-08-18 00:00:00,0.010218333333333334,0.00766375
2024-08-18 00:30:00,0.00895,0.006712500000000001
2024-08-18 01:00:00,0.008948333333333334,0.006711250000000001
2024-08-18 01:30:00,0.00891,0.006682500000000001
2024-08-18 02:00:00,0.00895,0.006712500000000001
2024-08-18 02:30:00,0.00895,0.006712500000000001
2024-08-18 03:00:00,0.008523333333333332,0.0063925
2024-08-18 03:30:00,0.00895,0.006712500000000001
2024-08-18 04:00:00,0.008523333333333332,0.0063925
2024-08-18 04:30:00,0.00895,0.006712500000000001
2024-08-18 05:00:00,0.00895,0.006712500000000001
2024-08-18 05:30:00,0.008958333333333334,0.00671875
2024-08-18 06:00:00,0.011501666666666665,0.00862625
2024-08-18 06:30:00,0.046944999999999994,0.03520875
2024-08-18 07:00:00,0.051383333333333336,0.0385375
2024-08-18 07:30:00,0.040003333333333335,0.0300025
2024-08-18 08:00:00,0.0306,0.022949999999999998
2024-08-18 08:30:00,0.03651833333333333,0.02738875
2024-08-18 09:00:00,0.013626666666666667,0.01022
2024-08-18 09:30:00,-0.009305,-0.01006
2024-08-18 10:00:00,0.01394,0.009927083333333333
2024-08-18 10:30:00,-0.02821833333333333,-0.02821833333333333
2024-08-18 11:00:00,-0.02574333333333333,-0.02574333333333333
2024-08-18 11:30:00,-0.004118333333333333,-0.004170833333333333
2024-08-18 12:00:00,-0.04209333333333334,-0.04209333333333334
2024-08-18 12:30:00,-0.050440000000000006,-0.050440000000000006
2024-08-18 13:00:00,-0.05110166666666666,-0.05110166666666666
2024-08-18 13:30:00,-0.04324166666666667,-0.04324166666666667
2024-08-18 14:00:00,-0.04284333333333334,-0.04284333333333334
2024-08-18 14:30:00,-0.03882,-0.03882
2024-08-18 15:00:00,-0.031218333333333334,-0.031218333333333334
2024-08-18 15:30:00,0.011928333333333332,0.015305
2024-08-18 16:00:00,0.03864833333333333,0.04831041666666667
2024-08-18 16:30:00,0.09164166666666666,0.11455208333333333
2024-08-18 17:00:00,0.11793,0.1474125
2024-08-18 17:30:00,0.22914833333333331,0.28643541666666666
2024-08-18 18:00:00,0.23484666666666665,0.2935583333333333
2024-08-18 18:30:00,0.17393833333333333,0.2174229166666667
2024-08-18 19:00:00,0.10490500000000001,0.13113125
2024-08-18 19:30:00,0.12361666666666667,0.15452083333333333
2024-08-18 20:00:00,0.13730499999999998,0.17163125
2024-08-18 20:30:00,0.11857833333333334,0.14822291666666668
2024-08-18 21:00:00,0.11036333333333333,0.13795416666666668
2024-08-18 21:30:00,0.08569833333333333,0.10712291666666666
2024-08-18 22:00:00,0.10087833333333333,0.12609791666666667
2024-08-18 22:30:00,0.10405666666666667,0.13007083333333333
2024-08-18 23:00:00,0.10812999999999999,0.1351625
2024-08-18 23:30:00,0.08770333333333334,0.10962916666666667
2024-08-19 00:00:00,0.055865,0.041898750000000005
2024-08-19 00:30:00,0.029448333333333337,0.02208625
2024-08-19 01:00:00,0.017425,0.013068749999999999
2024-08-19 01:30:00,0.018548333333333333,0.01391125
2024-08-19 02:00:00,0.011216666666666666,0.008412500000000002
2024-08-19 02:30:00,0.010001666666666667,0.007501250000000001
2024-08-19 03:00:00,0.012326666666666666,0.009245
2024-08-19 03:30:00,0.008966666666666666,0.006725000000000001
2024-08-19 04:00:00,-0.0003383333333333337,-0.0019204166666666664
2024-08-19 04:30:00,0.008964999999999999,0.0067237500000000006
2024-08-19 05:00:00,0.008953333333333332,0.006715
2024-08-19 05:30:00,0.00895,0.006712500000000001
2024-08-19 06:00:00,0.022271666666666665,0.01670375
2024-08-19 06:30:00,0.08778833333333334,0.06584125
2024-08-19 07:00:00,0.06286333333333334,0.0471475
2024-08-19 07:30:00,0.04092166666666667,0.03069125
2024-08-19 08:00:00,0.02985666666666667,0.0223925
2024-08-19 08:30:00,-0.014381666666666668,-0.014919166666666666
2024-08-19 09:00:00,0.0015466666666666667,0.0008570833333333335
2024-08-19 09:30:00,-0.010816666666666667,-0.011322916666666667
2024-08-19 10:00:00,-0.013783333333333333,-0.013790416666666666
2024-08-19 10:30:00,-0.039301666666666665,-0.039301666666666665
2024-08-19 11:00:00,-0.03981166666666667,-0.03981166666666667
2024-08-19 11:30:00,-0.05295666666666667,-0.05295666666666667
2024-08-19 12:00:00,-0.05552000000000001,-0.05552000000000001
2024-08-19 12:30:00,-0.05397333333333334,-0.05397333333333334
2024-08-19 13:00:00,-0.05670833333333334,-0.05670833333333334
2024-08-19 13:30:00,-0.05026,-0.05026
2024-08-19 14:00:00,0.016418333333333333,0.0207325
2024-08-19 14:30:00,0.015433333333333332,0.019291666666666665
2024-08-19 15:00:00,0.035421666666666664,0.044277083333333335
2024-08-19 15:30:00,0.04814499999999999,0.06018125
2024-08-19 16:00:00,0.07659333333333333,0.09574166666666667
2024-08-19 16:30:00,0.07421,0.09276250000000001
2024-08-19 17:00:00,0.12307333333333333,0.15384166666666668
2024-08-19 17:30:00,0.138055,0.17256875000000002
2024-08-19 18:00:00,0.16325,0.2040625
2024-08-19 18:30:00,0.16601166666666667,0.2075145833333333
2024-08-19 19:00:00,0.099175,0.12396875
2024-08-19 19:30:00,0.09443166666666668,0.11803958333333335
2024-08-19 20:00:00,0.08213333333333334,0.10266666666666667
2024-08-19 20:30:00,0.09529833333333333,0.11912291666666668
2024-08-19 21:00:00,0.064415,0.08051875
2024-08-19 21:30:00,0.03615,0.0451875
2024-08-19 22:00:00,0.05300166666666667,0.06625208333333334
2024-08-19 22:30:00,0.010661666666666667,0.013327083333333331
2024-08-19 23:00:00,0.01473,0.0184125
2024-08-19 23:30:00,0.019808333333333334,0.02476041666666667
2024-08-20 00:00:00,0.009411666666666667,0.00705875
2024-08-20 00:30:00,0.012353333333333332,0.009265
2024-08-20 01:00:00,0.010209999999999999,0.0076575
2024-08-20 01:30:00,0.008966666666666666,0.006725000000000001
2024-08-20 02:00:00,0.0012500000000000002,7.750000000000016e-05
2024-08-20 02:30:00,0.0008683333333333335,0.0002662499999999999
2024-08-20 03:00:00,0.001005,0.0007537500000000001
2024-08-20 03:30:00,0.0016283333333333334,0.0012212500000000001
2024-08-20 04:00:00,0.011381666666666667,0.00853625
2024-08-20 04:30:00,0.011086666666666667,0.008315000000000001
2024-08-20 05:00:00,0.034275,0.02570625
2024-08-20 05:30:00,0.06511833333333333,0.04883874999999999
2024-08-20 06:00:00,0.08131666666666666,0.0609875
2024-08-20 06:30:00,0.09139166666666666,0.06854375
2024-08-20 07:00:00,0.08049166666666667,0.06036875
2024-08-20 07:30:00,0.10293333333333334,0.0772
2024-08-20 08:00:00,0.08699833333333333,0.06524875000000001
2024-08-20 08:30:00,0.11551499999999999,0.08663625000000001
2024-08-20 09:00:00,0.07969,0.0597675
2024-08-20 09:30:00,0.06621333333333333,0.04966
2024-08-20 10:00:00,0.06315833333333333,0.047368749999999994
2024-08-20 10:30:00,0.067425,0.050568749999999996
2024-08-20 11:00:00,0.054661666666666664,0.04099625
2024-08-20 11:30:00,0.055711666666666666,0.04178375
2024-08-20 12:00:00,0.07954,0.07954
2024-08-20 12:30:00,0.06631,0.06631
2024-08-20 13:00:00,0.084005,0.10500625000000001
2024-08-20 13:30:00,0.05363500000000001,0.06704375
2024-08-20 14:00:00,0.039461666666666666,0.049327083333333334
2024-08-20 14:30:00,0.05629833333333333,0.07037291666666666
2024-08-20 15:00:00,0.05601833333333334,0.07002291666666667
2024-08-20 15:30:00,0.05228333333333333,0.06535416666666667
2024-08-20 16:00:00,0.08623333333333333,0.10779166666666666
2024-08-20 16:30:00,0.13432666666666668,0.16790833333333333
2024-08-20 17:00:00,0.18472166666666667,0.23090208333333337
2024-08-20 17:30:00,0.26338333333333336,0.3292291666666667
2024-08-20 18:00:00,0.244995,0.30624375
2024-08-20 18:30:00,0.19612333333333334,0.24515416666666667
2024-08-20 19:00:00,0.13162,0.164525
2024-08-20 19:30:00,0.12093999999999999,0.151175
2024-08-20 20:00:00,0.10041166666666668,0.12551458333333335
2024-08-20 20:30:00,0.11076000000000001,0.13845
2024-08-20 21:00:00,0.10863166666666667,0.13578958333333332
2024-08-20 21:30:00,0.10442333333333333,0.13052916666666667
2024-08-20 22:00:00,0.13294833333333334,0.16618541666666667
2024-08-20 22:30:00,0.10441333333333332,0.13051666666666667
2024-08-20 23:00:00,0.09857166666666667,0.12321458333333334
2024-08-20 23:30:00,0.08290333333333333,0.10362916666666666
2024-08-21 00:00:00,0.08876666666666666,0.066575
2024-08-21 00:30:00,0.06674666666666666,0.05006
2024-08-21 01:00:00,0.06085666666666666,0.0456425
2024-08-21 01:30:00,0.05646333333333334,0.0423475
2024-08-21 02:00:00,0.054038333333333334,0.040528749999999995
2024-08-21 02:30:00,0.043855000000000005,0.03289125
2024-08-21 03:00:00,0.03942166666666667,0.029566250000000002
2024-08-21 03:30:00,0.04362666666666667,0.03272
2024-08-21 04:00:00,0.054310000000000004,0.0407325
2024-08-21 04:30:00,0.054406666666666666,0.040805
2024-08-21 05:00:00,0.06832833333333334,0.05124625
2024-08-21 05:30:00,0.08056833333333334,0.06042625000000001
2024-08-21 06:00:00,0.11489166666666667,0.08616875
2024-08-21 06:30:00,0.14988500000000002,0.11241374999999999
2024-08-21 07:00:00,0.12212166666666667,0.09159125
2024-08-21 07:30:00,0.086735,0.06505125
2024-08-21 08:00:00,0.06392666666666667,0.047944999999999995
2024-08-21 08:30:00,0.05399166666666667,0.04049375
2024-08-21 09:00:00,0.02929,0.021775
2024-08-21 09:30:00,0.00427,0.0030670833333333336
2024-08-21 10:00:00,-0.003885,-0.004019583333333333
2024-08-21 10:30:00,-0.030486666666666665,-0.030486666666666665
2024-08-21 11:00:00,-0.029705,-0.029705
2024-08-21 11:30:00,0.019555,0.01447125
2024-08-21 12:00:00,0.038884999999999996,0.038884999999999996
2024-08-21 12:30:00,0.05348666666666666,0.05348666666666666
2024-08-21 13:00:00,0.02046,0.025959999999999997
2024-08-21 13:30:00,0.03374166666666667,0.042276666666666664
2024-08-21 14:00:00,0.053178333333333334,0.06647291666666667
2024-08-21 14:30:00,0.05323,0.0665375
2024-08-21 15:00:00,0.051065000000000006,0.06383124999999999
2024-08-21 15:30:00,0.08149166666666667,0.10186458333333333
2024-08-21 16:00:00,0.094665,0.11833125
2024-08-21 16:30:00,0.17146333333333333,0.21432916666666668
2024-08-21 17:00:00,0.19880833333333334,0.24851041666666665
2024-08-21 17:30:00,0.24169333333333332,0.30211666666666664
2024-08-21 18:00:00,0.27058,0.338225
2024-08-21 18:30:00,0.19989833333333332,0.24987291666666667
2024-08-21 19:00:00,0.15500166666666668,0.19375208333333335
2024-08-21 19:30:00,0.12798166666666666,0.15997708333333333
2024-08-21 20:00:00,0.12139833333333333,0.15174791666666668
2024-08-21 20:30:00,0.11289666666666666,0.14112083333333333
2024-08-21 21:00:00,0.11702499999999999,0.14628125
2024-08-21 21:30:00,0.11591833333333335,0.14489791666666665
2024-08-21 22:00:00,0.10958333333333332,0.13697916666666668
2024-08-21 22:30:00,0.09134666666666667,0.11418333333333335
2024-08-21 23:00:00,0.09187333333333332,0.11484166666666668
2024-08-21 23:30:00,0.09313666666666666,0.11642083333333335
2024-08-22 00:00:00,0.09816333333333334,0.07362250000000001
2024-08-22 00:30:00,0.09590833333333333,0.07193125
2024-08-22 01:00:00,0.11279499999999999,0.08459625
2024-08-22 01:30:00,0.08558500000000001,0.06418875
2024-08-22 02:00:00,0.062383333333333325,0.0467875
2024-08-22 02:30:00,0.05663666666666667,0.0424775
2024-08-22 03:00:00,0.055323333333333335,0.0414925
2024-08-22 03:30:00,0.05524833333333334,0.04143625
2024-08-22 04:00:00,0.06072666666666667,0.045545
2024-08-22 04:30:00,0.06764333333333333,0.05073250000000001
2024-08-22 05:00:00,0.09097833333333333,0.06823375
2024-08-22 05:30:00,0.08148666666666667,0.061114999999999996
2024-08-22 06:00:00,0.1287,0.09652500000000001
2024-08-22 06:30:00,0.13657666666666665,0.1024325
2024-08-22 07:00:00,0.121045,0.09078375
2024-08-22 07:30:00,0.08752,0.06564
2024-08-22 08:00:00,0.05650833333333333,0.04238125
2024-08-22 08:30:00,0.056515,0.04238624999999999
2024-08-22 09:00:00,0.05123166666666667,0.03842375
2024-08-22 09:30:00,0.014918333333333332,0.0088225
2024-08-22 10:00:00,-0.021701666666666664,-0.022071666666666667
2024-08-22 10:30:00,-0.019799999999999998,-0.020937916666666667
2024-08-22 11:00:00,-0.03880166666666667,-0.03880166666666667
2024-08-22 11:30:00,-0.035451666666666666,-0.035451666666666666
2024-08-22 12:00:00,-0.035695,-0.035695
2024-08-22 12:30:00,-0.04746999999999999,-0.04746999999999999
2024-08-22 13:00:00,-0.05295666666666667,-0.05295666666666667
2024-08-22 13:30:00,-0.05372333333333334,-0.05372333333333334
2024-08-22 14:00:00,-0.052195,-0.052195
2024-08-22 14:30:00,-0.04290666666666667,-0.04290666666666667
2024-08-22 15:00:00,-0.029536666666666666,-0.029536666666666666
2024-08-22 15:30:00,-0.017556666666666665,-0.016815416666666666
2024-08-22 16:00:00,0.028223333333333333,0.03527916666666667
2024-08-22 16:30:00,0.0494,0.06175
2024-08-22 17:00:00,0.09205166666666666,0.11506458333333332
2024-08-22 17:30:00,0.14726666666666668,0.18408333333333335
2024-08-22 18:00:00,0.22457666666666665,0.28072083333333336
2024-08-22 18:30:00,0.16541833333333333,0.20677291666666667
2024-08-22 19:00:00,0.11504833333333335,0.14381041666666666
2024-08-22 19:30:00,0.08888,0.11109999999999999
2024-08-22 20:00:00,0.09953666666666666,0.12442083333333333
2024-08-22 20:30:00,0.08937666666666666,0.11172083333333334
2024-08-22 21:00:00,0.079885,0.09985625
2024-08-22 21:30:00,0.06604,0.08255
2024-08-22 22:00:00,0.031683333333333334,0.03960416666666667
2024-08-22 22:30:00,0.014583333333333332,0.01843125
2024-08-22 23:00:00,0.06011833333333333,0.07514791666666666
2024-08-22 23:30:00,0.05184666666666666,0.06480833333333333
2024-08-23 00:00:00,0.02006,0.015045000000000001
2024-08-23 00:30:00,0.02070666666666667,0.01553
2024-08-23 01:00:00,0.011321666666666666,0.00849125
2024-08-23 01:30:00,0.007913333333333333,0.005935
2024-08-23 02:00:00,0.008948333333333334,0.006711250000000001
2024-08-23 02:30:00,0.008063333333333334,0.006047500000000001
2024-08-23 03:00:00,0.00891,0.006682500000000001
2024-08-23 03:30:00,0.007089999999999999,0.0053175
2024-08-23 04:00:00,0.00895,0.006712500000000001
2024-08-23 04:30:00,0.008531666666666667,0.006398750000000001
2024-08-23 05:00:00,0.022394999999999998,0.01679625
2024-08-23 05:30:00,0.06748166666666666,0.050611249999999997
2024-08-23 06:00:00,0.103305,0.07747875
2024-08-23 06:30:00,0.14050166666666666,0.10537624999999999
2024-08-23 07:00:00,0.10779666666666667,0.0808475
2024-08-23 07:30:00,0.07396666666666667,0.055475
2024-08-23 08:00:00,0.05864833333333333,0.04398625
2024-08-23 08:30:00,0.04398166666666667,0.03298625
2024-08-23 09:00:00,0.02266,0.016995
2024-08-23 09:30:00,0.020033333333333334,0.015025000000000002
2024-08-23 10:00:00,0.024755,0.018566250000000003
2024-08-23 10:30:00,0.010885,0.0073304166666666665
2024-08-23 11:00:00,0.008395,0.005462916666666667
2024-08-23 11:30:00,-0.014201666666666668,-0.014293750000000001
2024-08-23 12:00:00,-0.013725000000000001,-0.013725000000000001
2024-08-23 12:30:00,-0.031496666666666666,-0.031496666666666666
2024-08-23 13:00:00,-0.025031666666666664,-0.025031666666666664
2024-08-23 13:30:00,0.006765,0.00855875
2024-08-23 14:00:00,0.009921666666666667,0.012402083333333333
2024-08-23 14:30:00,0.029865000000000003,0.03733125
2024-08-23 15:00:00,0.03439833333333333,0.04299791666666666
2024-08-23 15:30:00,0.04942666666666667,0.061783333333333336
2024-08-23 16:00:00,0.05726666666666667,0.07158333333333333
2024-08-23 16:30:00,0.08666833333333333,0.10833541666666667
2024-08-23 17:00:00,0.12247166666666666,0.15308958333333333
2024-08-23 17:30:00,0.17920333333333335,0.22400416666666664
2024-08-23 18:00:00,0.18789999999999998,0.23487500000000003
2024-08-23 18:30:00,0.154,0.1925
2024-08-23 19:00:00,0.12007666666666666,0.15009583333333334
2024-08-23 19:30:00,0.10572333333333334,0.13215416666666666
2024-08-23 20:00:00,0.10067,0.12583750000000002
2024-08-23 20:30:00,0.09359333333333332,0.11699166666666667
2024-08-23 21:00:00,0.0946,0.11825000000000001
2024-08-23 21:30:00,0.07164166666666667,0.08955208333333332
2024-08-23 22:00:00,0.07781666666666666,0.09727083333333335
2024-08-23 22:30:00,0.11375,0.1421875
2024-08-23 23:00:00,0.10787666666666666,0.13484583333333333
2024-08-23 23:30:00,0.10012,0.12515
2024-08-24 00:00:00,0.09174500000000001,0.06880874999999999
2024-08-24 00:30:00,0.09192833333333333,0.06894625
2024-08-24 01:00:00,0.08585333333333334,0.06439
2024-08-24 01:30:00,0.07075,0.053062500000000005
2024-08-24 02:00:00,0.06270833333333332,0.047031250000000004
2024-08-24 02:30:00,0.06041,0.0453075
2024-08-24 03:00:00,0.05969166666666667,0.04476875
2024-08-24 03:30:00,0.05311166666666667,0.03983375
2024-08-24 04:00:00,0.05272833333333333,0.039546250000000005
2024-08-24 04:30:00,0.053421666666666666,0.040066250000000005
2024-08-24 05:00:00,0.08154833333333333,0.06116125
2024-08-24 05:30:00,0.08568833333333332,0.06426625000000001
2024-08-24 06:00:00,0.10954166666666666,0.08215625
2024-08-24 06:30:00,0.102055,0.07654124999999999
2024-08-24 07:00:00,0.08373666666666667,0.0628025
2024-08-24 07:30:00,0.06010833333333334,0.045081249999999996
2024-08-24 08:00:00,0.040328333333333334,0.03024625
2024-08-24 08:30:00,0.010505,0.0076862499999999995
2024-08-24 09:00:00,0.002625,0.0018745833333333334
2024-08-24 09:30:00,-0.0001249999999999998,-0.0007166666666666663
2024-08-24 10:00:00,-0.00893,-0.009572916666666667
2024-08-24 10:30:00,-0.011411666666666667,-0.011743333333333333
2024-08-24 11:00:00,-0.016816666666666667,-0.017075
2024-08-24 11:30:00,-0.017315,-0.017450416666666666
2024-08-24 12:00:00,-0.005919999999999999,-0.005919999999999999
2024-08-24 12:30:00,0.001161666666666666,0.001161666666666666
2024-08-24 13:00:00,-0.005091666666666667,-0.0050875
2024-08-24 13:30:00,0.006398333333333333,0.007997916666666667
2024-08-24 14:00:00,0.009508333333333332,0.011885416666666667
2024-08-24 14:30:00,0.015741666666666668,0.019677083333333335
2024-08-24 15:00:00,0.006274999999999999,0.00908625
2024-08-24 15:30:00,0.02619166666666667,0.03273958333333333
2024-08-24 16:00:00,0.041438333333333334,0.051797916666666666
2024-08-24 16:30:00,0.09832333333333333,0.12290416666666666
2024-08-24 17:00:00,0.09187166666666667,0.11483958333333333
2024-08-24 17:30:00,0.13220833333333334,0.16526041666666666
2024-08-24 18:00:00,0.128085,0.16010625
2024-08-24 18:30:00,0.10354333333333333,0.12942916666666668
2024-08-24 19:00:00,0.0817,0.10212500000000001
2024-08-24 19:30:00,0.07607333333333334,0.09509166666666667
2024-08-24 20:00:00,0.07742333333333333,0.09677916666666665
2024-08-24 20:30:00,0.07846333333333333,0.09807916666666666
2024-08-24 21:00:00,0.08180666666666667,0.10225833333333334
2024-08-24 21:30:00,0.07771499999999999,0.09714375000000001
2024-08-24 22:00:00,0.08164833333333334,0.10206041666666667
2024-08-24 22:30:00,0.08258666666666666,0.10323333333333333
2024-08-24 23:00:00,0.08327166666666667,0.10408958333333333
2024-08-24 23:30:00,0.08242666666666666,0.10303333333333335
2024-08-25 00:00:00,0.07856333333333333,0.058922499999999996
2024-08-25 00:30:00,0.06952666666666667,0.052145
2024-08-25 01:00:00,0.06357833333333333,0.04768375
2024-08-25 01:30:00,0.062441666666666666,0.04683125
2024-08-25 02:00:00,0.06281833333333332,0.04711375
2024-08-25 02:30:00,0.07172166666666667,0.053791250000000006
2024-08-25 03:00:00,0.062093333333333334,0.04657
2024-08-25 03:30:00,0.06139,0.04604250000000001
2024-08-25 04:00:00,0.069005,0.051753749999999994
2024-08-25 04:30:00,0.07581,0.0568575
2024-08-25 05:00:00,0.07606166666666665,0.05704625
2024-08-25 05:30:00,0.080805,0.060603750000000005
2024-08-25 06:00:00,0.09386833333333333,0.07040125
2024-08-25 06:30:00,0.09038833333333333,0.06779125
2024-08-25 07:00:00,0.07512166666666666,0.05634125
2024-08-25 07:30:00,0.04570333333333334,0.0342775
2024-08-25 08:00:00,0.03791,0.0284325
2024-08-25 08:30:00,0.031266666666666665,0.02345
2024-08-25 09:00:00,0.022915,0.01718625
2024-08-25 09:30:00,-0.0006850000000000002,-0.0017258333333333333
2024-08-25 10:00:00,-0.004325,-0.005372499999999999
2024-08-25 10:30:00,-0.012008333333333334,-0.012214583333333334
2024-08-25 11:00:00,-0.013255000000000001,-0.013261666666666666
2024-08-25 11:30:00,-0.03228,-0.03228
2024-08-25 12:00:00,-0.05040166666666667,-0.05040166666666667
2024-08-25 12:30:00,-0.047488333333333334,-0.047488333333333334
2024-08-25 13:00:00,-0.042173333333333334,-0.042173333333333334
2024-08-25 13:30:00,-0.050554999999999996,-0.050554999999999996
2024-08-25 14:00:00,-0.03437333333333333,-0.03437333333333333
2024-08-25 14:30:00,-0.031428333333333336,-0.031428333333333336
2024-08-25 15:00:00,-0.014068333333333334,-0.012826666666666667
2024-08-25 15:30:00,0.03242833333333334,0.04136875
2024-08-25 16:00:00,0.052983333333333334,0.06622916666666666
2024-08-25 16:30:00,0.05686666666666667,0.0719025
2024-08-25 17:00:00,0.09401333333333332,0.11751666666666667
2024-08-25 17:30:00,0.1415,0.176875
2024-08-25 18:00:00,0.17259833333333333,0.21574791666666668
2024-08-25 18:30:00,0.147755,0.18469375
2024-08-25 19:00:00,0.11456166666666667,0.1432020833333333
2024-08-25 19:30:00,0.09897666666666667,0.12372083333333334
2024-08-25 20:00:00,0.10200166666666666,0.12750208333333335
2024-08-25 20:30:00,0.09137,0.11421250000000001
2024-08-25 21:00:00,0.09289333333333333,0.11611666666666666
2024-08-25 21:30:00,0.08277666666666667,0.10347083333333333
2024-08-25 22:00:00,0.08376,0.1047
2024-08-25 22:30:00,0.08379666666666667,0.10474583333333333
2024-08-25 23:00:00,0.098475,0.12309375
2024-08-25 23:30:00,0.09841166666666666,0.12301458333333333
2024-08-26 00:00:00,0.10110333333333332,0.0758275
2024-08-26 00:30:00,0.09857333333333333,0.07393
2024-08-26 01:00:00,0.09681000000000001,0.0726075
2024-08-26 01:30:00,0.07969833333333333,0.059773749999999994
2024-08-26 02:00:00,0.080675,0.060506250000000004
2024-08-26 02:30:00,0.09208833333333333,0.06906625
2024-08-26 03:00:00,0.091985,0.06898875
2024-08-26 03:30:00,0.09980166666666668,0.07485125
2024-08-26 04:00:00,0.10670833333333334,0.08003125
2024-08-26 04:30:00,0.105195,0.07889625
2024-08-26 05:00:00,0.12400499999999999,0.09300375
2024-08-26 05:30:00,0.13918166666666668,0.10438625
2024-08-26 06:00:00,0.20103666666666667,0.1507775
2024-08-26 06:30:00,0.23096499999999998,0.17322375
2024-08-26 07:00:00,0.15517666666666666,0.1163825
2024-08-26 07:30:00,0.12179333333333335,0.09134500000000001
2024-08-26 08:00:00,0.08411166666666665,0.06308375
2024-08-26 08:30:00,0.08436500000000001,0.06327375
2024-08-26 09:00:00,0.09013333333333334,0.06760000000000001
2024-08-26 09:30:00,0.06208666666666667,0.046565
2024-08-26 10:00:00,0.05969333333333334,0.044770000000000004
2024-08-26 10:30:00,0.05177166666666667,0.03882875
2024-08-26 11:00:00,0.009078333333333334,0.00680875
2024-08-26 11:30:00,0.004294999999999999,0.0031645833333333335
2024-08-26 12:00:00,-0.005738333333333334,-0.005738333333333334
2024-08-26 12:30:00,0.008965,0.008965
2024-08-26 13:00:00,0.007798333333333333,0.009846666666666667
2024-08-26 13:30:00,0.007843333333333334,0.009835416666666666
2024-08-26 14:00:00,0.0091,0.011375000000000001
2024-08-26 14:30:00,0.01599666666666667,0.019995833333333334
2024-08-26 15:00:00,0.025361666666666668,0.03170208333333333
2024-08-26 15:30:00,0.038395,0.04799375
2024-08-26 16:00:00,0.07950166666666666,0.09937708333333334
2024-08-26 16:30:00,0.14747000000000002,0.18433750000000002
2024-08-26 17:00:00,0.18006833333333336,0.22508541666666668
2024-08-26 17:30:00,0.2576333333333333,0.3220416666666666
2024-08-26 18:00:00,0.29073166666666667,0.3634145833333333
2024-08-26 18:30:00,0.24165166666666668,0.3020645833333333
2024-08-26 19:00:00,0.14015999999999998,0.1752
2024-08-26 19:30:00,0.12855666666666668,0.16069583333333334
2024-08-26 20:00:00,0.14548,0.18184999999999998
2024-08-26 20:30:00,0.15095,0.1886875
2024-08-26 21:00:00,0.14316333333333334,0.17895416666666666
2024-08-26 21:30:00,0.12728833333333334,0.15911041666666667
2024-08-26 22:00:00,0.09889666666666667,0.12362083333333335
2024-08-26 22:30:00,0.084135,0.10516874999999999
2024-08-26 23:00:00,0.07486833333333333,0.09358541666666666
2024-08-26 23:30:00,0.0752,0.09399999999999999
2024-08-27 00:00:00,0.07075166666666667,0.05306375
2024-08-27 00:30:00,0.06110000000000001,0.045825000000000005
2024-08-27 01:00:00,0.059735,0.04480125000000001
2024-08-27 01:30:00,0.054415,0.04081125
2024-08-27 02:00:00,0.054625,0.04096875
2024-08-27 02:30:00,0.05386166666666667,0.04039625
2024-08-27 03:00:00,0.05251666666666666,0.0393875
2024-08-27 03:30:00,0.05137333333333333,0.03853
2024-08-27 04:00:00,0.04751,0.035632500000000004
2024-08-27 04:30:00,0.04706166666666667,0.03529625
2024-08-27 05:00:00,0.032045,0.024033750000000003
2024-08-27 05:30:00,0.05950666666666667,0.04463
2024-08-27 06:00:00,0.08172166666666666,0.06129125
2024-08-27 06:30:00,0.10355833333333335,0.07766875
2024-08-27 07:00:00,0.061796666666666666,0.04634750000000001
2024-08-27 07:30:00,0.028743333333333333,0.021557500000000004
2024-08-27 08:00:00,0.01888,0.01416
2024-08-27 08:30:00,0.0023366666666666666,0.0017525
2024-08-27 09:00:00,0.005855,0.00439125
2024-08-27 09:30:00,-0.007004999999999998,-0.008565416666666666
2024-08-27 10:00:00,-0.031008333333333332,-0.031008333333333332
2024-08-27 10:30:00,-0.00211,-0.0034791666666666664
2024-08-27 11:00:00,0.011000000000000001,0.0080625
2024-08-27 11:30:00,-0.009136666666666666,-0.009582499999999999
2024-08-27 12:00:00,-0.023458333333333335,-0.023458333333333335
2024-08-27 12:30:00,-0.02410166666666667,-0.02410166666666667
2024-08-27 13:00:00,-0.011705,-0.011705
2024-08-27 13:30:00,-0.04101166666666667,-0.04101166666666667
2024-08-27 14:00:00,-0.014738333333333332,-0.013282083333333333
2024-08-27 14:30:00,0.00010333333333333346,0.002322083333333333
2024-08-27 15:00:00,0.015046666666666667,0.018808333333333333
2024-08-27 15:30:00,0.02200166666666667,0.027502083333333333
2024-08-27 16:00:00,0.029251666666666665,0.03656458333333333
2024-08-27 16:30:00,0.07215333333333333,0.09019166666666667
2024-08-27 17:00:00,0.06901833333333333,0.08627291666666666
2024-08-27 17:30:00,0.03301166666666667,0.041264583333333334
2024-08-27 18:00:00,0.07780666666666668,0.09725833333333334
2024-08-27 18:30:00,0.09062833333333332,0.11328541666666668
2024-08-27 19:00:00,0.05534833333333333,0.06918541666666667
2024-08-27 19:30:00,0.07931,0.0991375
2024-08-27 20:00:00,0.025385,0.031731249999999996
2024-08-27 20:30:00,0.018301666666666667,0.02287708333333333
2024-08-27 21:00:00,0.008974999999999999,0.01121875
2024-08-27 21:30:00,0.008438333333333332,0.010547916666666666
2024-08-27 22:00:00,0.008958333333333334,0.011197916666666667
2024-08-27 22:30:00,0.00891,0.0111375
2024-08-27 23:00:00,0.00895,0.011187499999999998
2024-08-27 23:30:00,0.004484999999999999,0.00560625
2024-08-28 00:00:00,0.00895,0.006712500000000001
2024-08-28 00:30:00,0.009128333333333334,0.006846250000000001
2024-08-28 01:00:00,0.007636666666666667,0.005727500000000001
2024-08-28 01:30:00,0.007461666666666666,0.0055962500000000005
2024-08-28 02:00:00,0.008958333333333334,0.00671875
2024-08-28 02:30:00,0.010036666666666668,0.0075275
2024-08-28 03:00:00,0.019178333333333335,0.01438375
2024-08-28 03:30:00,0.024408333333333337,0.01830625
2024-08-28 04:00:00,0.02702666666666667,0.02027
2024-08-28 04:30:00,0.036635,0.027476249999999997
2024-08-28 05:00:00,0.056181666666666664,0.04213624999999999
2024-08-28 05:30:00,0.050969999999999994,0.0382275
2024-08-28 06:00:00,0.02280333333333333,0.017102500000000003
2024-08-28 06:30:00,0.07456,0.05592
2024-08-28 07:00:00,0.05177166666666666,0.03882875
2024-08-28 07:30:00,0.05051166666666667,0.03788375
2024-08-28 08:00:00,0.035541666666666666,0.026656250000000003
2024-08-28 08:30:00,0.12376666666666668,0.092825
2024-08-28 09:00:00,0.14651166666666668,0.10988375
2024-08-28 09:30:00,0.04901166666666667,0.03675875
2024-08-28 10:00:00,0.03565,0.026737499999999997
2024-08-28 10:30:00,0.025984999999999998,0.01948875
2024-08-28 11:00:00,-0.004216666666666666,-0.006270833333333333
2024-08-28 11:30:00,0.004331666666666667,0.0024475000000000005
2024-08-28 12:00:00,0.005703333333333334,0.005703333333333334
2024-08-28 12:30:00,0.027825000000000003,0.027825000000000003
2024-08-28 13:00:00,0.019225000000000003,0.02403125
2024-08-28 13:30:00,0.018573333333333334,0.023216666666666667
2024-08-28 14:00:00,-0.006901666666666666,-0.005172916666666666
2024-08-28 14:30:00,-0.0011599999999999994,-8.70833333333334e-05
2024-08-28 15:00:00,-0.008888333333333333,-0.00825875
2024-08-28 15:30:00,0.03225833333333333,0.04032291666666667
2024-08-28 16:00:00,0.030598333333333335,0.038247916666666666
2024-08-28 16:30:00,0.09265,0.1158125
2024-08-28 17:00:00,0.16160166666666667,0.20200208333333333
2024-08-28 17:30:00,0.21375166666666667,0.2671895833333333
2024-08-28 18:00:00,0.15350333333333332,0.19187916666666668
2024-08-28 18:30:00,0.151075,0.18884375
2024-08-28 19:00:00,0.14016333333333333,0.17520416666666663
2024-08-28 19:30:00,0.13069499999999998,0.16336874999999998
2024-08-28 20:00:00,0.11567500000000001,0.14459375
2024-08-28 20:30:00,0.10655166666666667,0.13318958333333333
2024-08-28 21:00:00,0.10033666666666667,0.12542083333333334
2024-08-28 21:30:00,0.06510333333333333,0.08137916666666667
2024-08-28 22:00:00,0.06938333333333334,0.08672916666666668
2024-08-28 22:30:00,0.06598666666666667,0.08248333333333334
2024-08-28 23:00:00,0.06307,0.0788375
2024-08-28 23:30:00,0.06110000000000001,0.076375
2024-08-29 00:00:00,0.06110000000000001,0.045825000000000005
2024-08-29 00:30:00,0.04842333333333334,0.036317499999999996
2024-08-29 01:00:00,0.024510000000000004,0.0183825
2024-08-29 01:30:00,0.014368333333333335,0.010776250000000001
2024-08-29 02:00:00,0.01578166666666667,0.01183625
2024-08-29 02:30:00,0.012638333333333335,0.009478750000000001
2024-08-29 03:00:00,0.012621666666666668,0.00946625
2024-08-29 03:30:00,0.015845,0.01188375
2024-08-29 04:00:00,0.019143333333333335,0.0143575
2024-08-29 04:30:00,0.014058333333333334,0.01054375
2024-08-29 05:00:00,0.026005,0.01950375
2024-08-29 05:30:00,0.048363333333333335,0.036272500000000006
2024-08-29 06:00:00,0.09586,0.071895
2024-08-29 06:30:00,0.14510666666666666,0.10883
2024-08-29 07:00:00,0.07325333333333334,0.054939999999999996
2024-08-29 07:30:00,0.05749833333333334,0.04312375000000001
2024-08-29 08:00:00,0.026441666666666665,0.019831249999999998
2024-08-29 08:30:00,0.02119,0.0158925
2024-08-29 09:00:00,0.02996666666666667,0.022475
2024-08-29 09:30:00,0.028384999999999997,0.02128875
2024-08-29 10:00:00,0.018615,0.01396125
2024-08-29 10:30:00,0.009746666666666667,0.0072945833333333335
2024-08-29 11:00:00,0.003523333333333333,0.00258375
2024-08-29 11:30:00,0.005985,0.0044887500000000006
2024-08-29 12:00:00,0.0002583333333333335,0.0002583333333333335
2024-08-29 12:30:00,-0.011516666666666666,-0.011516666666666666
2024-08-29 13:00:00,-0.012284999999999999,-0.011734166666666665
2024-08-29 13:30:00,0.0020366666666666662,0.002635
2024-08-29 14:00:00,0.00938,0.011725
2024-08-29 14:30:00,0.010851666666666667,0.013564583333333333
2024-08-29 15:00:00,-9.999999999999999e-06,2.91666666666667e-06
2024-08-29 15:30:00,0.008815,0.01101875
2024-08-29 16:00:00,0.021801666666666667,0.027252083333333333
2024-08-29 16:30:00,0.04933333333333333,0.06166666666666667
2024-08-29 17:00:00,0.07170333333333333,0.08962916666666666
2024-08-29 17:30:00,0.12014333333333332,0.15017916666666667
2024-08-29 18:00:00,0.10891833333333334,0.13614791666666667
2024-08-29 18:30:00,0.09450833333333335,0.11813541666666666
2024-08-29 19:00:00,0.08091333333333334,0.10114166666666667
2024-08-29 19:30:00,0.09627666666666666,0.12034583333333333
2024-08-29 20:00:00,0.09825833333333334,0.12282291666666667
2024-08-29 20:30:00,0.08760666666666667,0.10950833333333333
2024-08-29 21:00:00,0.08422333333333333,0.10527916666666666
2024-08-29 21:30:00,0.07886,0.09857500000000001
2024-08-29 22:00:00,0.09404833333333333,0.11756041666666667
2024-08-29 22:30:00,0.08676333333333335,0.10845416666666667
2024-08-29 23:00:00,0.08518333333333333,0.10647916666666667
2024-08-29 23:30:00,0.07553666666666667,0.09442083333333333
2024-08-30 00:00:00,0.07373833333333334,0.055303750000000006
2024-08-30 00:30:00,0.069595,0.05219625
2024-08-30 01:00:00,0.06722166666666667,0.050416249999999996
2024-08-30 01:30:00,0.06299166666666667,0.04724375
2024-08-30 02:00:00,0.07543666666666667,0.0565775
2024-08-30 02:30:00,0.06709166666666667,0.05031875
2024-08-30 03:00:00,0.061448333333333334,0.04608625
2024-08-30 03:30:00,0.061585,0.04618875
2024-08-30 04:00:00,0.06203500000000001,0.04652625
2024-08-30 04:30:00,0.06928833333333333,0.05196625
2024-08-30 05:00:00,0.07454000000000001,0.055905
2024-08-30 05:30:00,0.08878000000000001,0.066585
2024-08-30 06:00:00,0.1306,0.09795
2024-08-30 06:30:00,0.15304166666666666,0.11478125
2024-08-30 07:00:00,0.16447333333333333,0.123355
2024-08-30 07:30:00,0.0827,0.062025000000000004
2024-08-30 08:00:00,0.06998333333333333,0.0524875
2024-08-30 08:30:00,0.07007333333333333,0.052555
2024-08-30 09:00:00,0.04653833333333333,0.034903750000000004
2024-08-30 09:30:00,0.022166666666666668,0.016625
2024-08-30 10:00:00,0.05919333333333334,0.044395
2024-08-30 10:30:00,0.04834666666666667,0.03626000000000001
2024-08-30 11:00:00,0.056038333333333336,0.042028750000000004
2024-08-30 11:30:00,0.051916666666666667,0.03893750000000001
2024-08-30 12:00:00,0.049271666666666665,0.049271666666666665
2024-08-30 12:30:00,0.004468333333333334,0.004468333333333334
2024-08-30 13:00:00,0.02533166666666667,0.031664583333333336
2024-08-30 13:30:00,0.021503333333333333,0.026879166666666666
2024-08-30 14:00:00,0.015595,0.01949375
2024-08-30 14:30:00,0.015118333333333333,0.018897916666666667
2024-08-30 15:00:00,0.01522,0.019025
2024-08-30 15:30:00,0.013636666666666667,0.017045833333333333
2024-08-30 16:00:00,0.045875,0.05734375
2024-08-30 16:30:00,0.10783,0.13478749999999998
2024-08-30 17:00:00,0.18418666666666664,0.23023333333333332
2024-08-30 17:30:00,0.22428166666666663,0.28035208333333334
2024-08-30 18:00:00,0.273395,0.34174375
2024-08-30 18:30:00,0.28417,0.3552125
2024-08-30 19:00:00,0.2059633333333333,0.2574541666666667
2024-08-30 19:30:00,0.18504500000000002,0.23130624999999996
2024-08-30 20:00:00,0.19479166666666667,0.24348958333333334
2024-08-30 20:30:00,0.15643833333333332,0.19554791666666668
2024-08-30 21:00:00,0.15110833333333332,0.18888541666666667
2024-08-30 21:30:00,0.12632666666666667,0.15790833333333334
2024-08-30 22:00:00,0.10832833333333332,0.13541041666666667
2024-08-30 22:30:00,0.13007166666666667,0.16258958333333332
2024-08-30 23:00:00,0.13954,0.17442499999999997
2024-08-30 23:30:00,0.14763666666666667,0.18454583333333333
2024-08-31 00:00:00,0.10046666666666666,0.07535
2024-08-31 00:30:00,0.078575,0.05893125
2024-08-31 01:00:00,0.07987,0.0599025
2024-08-31 01:30:00,0.075085,0.056313749999999996
2024-08-31 02:00:00,0.070535,0.052901250000000004
2024-08-31 02:30:00,0.07277499999999999,0.05458125
2024-08-31 03:00:00,0.06678833333333334,0.050091250000000004
2024-08-31 03:30:00,0.06883,0.051622499999999995
2024-08-31 04:00:00,0.07343833333333333,0.05507875
2024-08-31 04:30:00,0.08224666666666668,0.061685
2024-08-31 05:00:00,0.09005,0.0675375
2024-08-31 05:30:00,0.10365166666666666,0.07773875
2024-08-31 06:00:00,0.196655,0.14749125
2024-08-31 06:30:00,0.2562316666666667,0.19217375
2024-08-31 07:00:00,0.12345,0.0925875
2024-08-31 07:30:00,0.05628666666666667,0.042215
2024-08-31 08:00:00,0.047196666666666665,0.0353975
2024-08-31 08:30:00,0.031061666666666668,0.02329625
2024-08-31 09:00:00,0.01383,0.0103725
2024-08-31 09:30:00,-0.00137,-0.00142125
2024-08-31 10:00:00,0.000625,-0.0005470833333333329
2024-08-31 10:30:00,-0.018715,-0.018715
2024-08-31 11:00:00,-0.04541666666666667,-0.04541666666666667
2024-08-31 11:30:00,-0.05076,-0.05076
2024-08-31 12:00:00,-0.07809166666666666,-0.07809166666666666
2024-08-31 12:30:00,-0.057565,-0.057565
2024-08-31 13:00:00,-0.05505833333333334,-0.05505833333333334
2024-08-31 13:30:00,-0.046375,-0.046375
2024-08-31 14:00:00,-0.05225333333333334,-0.05225333333333334
2024-08-31 14:30:00,-0.02641,-0.026404583333333332
2024-08-31 15:00:00,-0.0011283333333333332,-0.0011125
2024-08-31 15:30:00,0.004156666666666666,0.0051958333333333336
2024-08-31 16:00:00,0.04305833333333334,0.053822916666666665
2024-08-31 16:30:00,0.10494333333333333,0.13117916666666665
2024-08-31 17:00:00,0.15267333333333333,0.19084166666666666
2024-08-31 17:30:00,0.18270333333333333,0.22837916666666666
2024-08-31 18:00:00,0.2186866666666667,0.2733583333333333
2024-08-31 18:30:00,0.207145,0.25893125
2024-08-31 19:00:00,0.16933333333333334,0.21166666666666667
2024-08-31 19:30:00,0.165675,0.20709375
2024-08-31 20:00:00,0.158205,0.19775625
2024-08-31 20:30:00,0.15234666666666666,0.19043333333333334
2024-08-31 21:00:00,0.110225,0.13778125
2024-08-31 21:30:00,0.09561833333333332,0.11952291666666666
2024-08-31 22:00:00,0.10589666666666668,0.13237083333333333
2024-08-31 22:30:00,0.10421666666666667,0.13027083333333334
2024-08-31 23:00:00,0.09049333333333333,0.11311666666666666
2024-08-31 23:30:00,0.06245166666666666,0.07806458333333334
2024-09-01 00:00:00,0.061143333333333334,0.0458575
2024-09-01 00:30:00,0.06110000000000001,0.045825000000000005
2024-09-01 01:00:00,0.059353333333333334,0.044515
2024-09-01 01:30:00,0.03385,0.025387499999999997
2024-09-01 02:00:00,0.0349,0.026175
2024-09-01 02:30:00,0.0349,0.026175
2024-09-01 03:00:00,0.031893333333333336,0.02392
2024-09-01 03:30:00,0.021793333333333335,0.016345000000000002
2024-09-01 04:00:00,0.013505000000000001,0.01012875
2024-09-01 04:30:00,0.0089,0.006675
2024-09-01 05:00:00,0.008568333333333332,0.0064262500000000005
2024-09-01 05:30:00,0.008681666666666666,0.0065112500000000005
2024-09-01 06:00:00,0.020525,0.01539375
2024-09-01 06:30:00,0.02639,0.0197925
2024-09-01 07:00:00,0.014065000000000001,0.01054875
2024-09-01 07:30:00,-0.016825,-0.017214583333333335
2024-09-01 08:00:00,-0.055555,-0.055555
2024-09-01 08:30:00,-0.057826666666666665,-0.057826666666666665
2024-09-01 09:00:00,-0.06583499999999999,-0.06583499999999999
2024-09-01 09:30:00,-0.07128,-0.07128
2024-09-01 10:00:00,-0.08972166666666666,-0.08972166666666666
2024-09-01 10:30:00,-0.13678666666666667,-0.13678666666666667
2024-09-01 11:00:00,-0.15274166666666666,-0.15274166666666666
2024-09-01 11:30:00,-0.2648433333333333,-0.2648433333333333
2024-09-01 12:00:00,-0.2311116666666667,-0.2311116666666667
2024-09-01 12:30:00,-0.3532,-0.3532
2024-09-01 13:00:00,-0.35269833333333334,-0.35269833333333334
2024-09-01 13:30:00,-0.3834883333333334,-0.3834883333333334
2024-09-01 14:00:00,-0.38733666666666666,-0.38733666666666666
2024-09-01 14:30:00,-0.35362333333333335,-0.35362333333333335
2024-09-01 15:00:00,-0.14577333333333334,-0.14577333333333334
2024-09-01 15:30:00,-0.11470666666666667,-0.11470666666666667
2024-09-01 16:00:00,-0.06947333333333333,-0.06947333333333333
2024-09-01 16:30:00,-0.00587,-0.00437625
2024-09-01 17:00:00,0.04817,0.0602125
2024-09-01 17:30:00,0.08673166666666667,0.10841458333333333
2024-09-01 18:00:00,0.07549166666666667,0.09436458333333335
2024-09-01 18:30:00,0.04507333333333333,0.05634166666666667
2024-09-01 19:00:00,0.008983333333333333,0.011229166666666665
2024-09-01 19:30:00,0.00895,0.011187499999999998
2024-09-01 20:00:00,0.00573,0.0071625
2024-09-01 20:30:00,0.007848333333333334,0.009810416666666667
2024-09-01 21:00:00,0.00484,0.00605
2024-09-01 21:30:00,0.0005949999999999999,0.00074375
2024-09-01 22:00:00,-0.00018,-0.00015083333333333333
2024-09-01 22:30:00,4.8333333333333334e-05,6.0416666666666674e-05
2024-09-01 23:00:00,0.0012266666666666665,0.0015333333333333334
2024-09-01 23:30:00,-0.0007283333333333333,-0.00061
2024-09-02 00:00:00,-0.013446666666666668,-0.013648333333333332
2024-09-02 00:30:00,-0.028645,-0.028645
2024-09-02 01:00:00,-0.03431,-0.03431
2024-09-02 01:30:00,-0.03175833333333333,-0.03175833333333333
2024-09-02 02:00:00,-0.044195000000000005,-0.044195000000000005
2024-09-02 02:30:00,-0.043061666666666665,-0.043061666666666665
2024-09-02 03:00:00,-0.043928333333333326,-0.043928333333333326
2024-09-02 03:30:00,-0.04032666666666667,-0.04032666666666667
2024-09-02 04:00:00,-0.033863333333333336,-0.033863333333333336
2024-09-02 04:30:00,-0.006461666666666667,-0.006691249999999999
2024-09-02 05:00:00,0.005361666666666667,0.0039454166666666665
2024-09-02 05:30:00,0.008016666666666667,0.0060125000000000005
2024-09-02 06:00:00,0.018201666666666668,0.013651249999999998
2024-09-02 06:30:00,0.018648333333333333,0.01398625
2024-09-02 07:00:00,0.015473333333333334,0.011604999999999999
2024-09-02 07:30:00,-0.0015916666666666668,-0.0019725000000000003
2024-09-02 08:00:00,-0.0227,-0.02270791666666667
2024-09-02 08:30:00,-0.056301666666666667,-0.056301666666666667
2024-09-02 09:00:00,-0.057696666666666674,-0.057696666666666674
2024-09-02 09:30:00,-0.05918500000000001,-0.05918500000000001
2024-09-02 10:00:00,-0.06054333333333334,-0.06054333333333334
2024-09-02 10:30:00,-0.05921666666666667,-0.05921666666666667
2024-09-02 11:00:00,-0.058438333333333335,-0.058438333333333335
2024-09-02 11:30:00,-0.05825,-0.05825
2024-09-02 12:00:00,-0.05825,-0.05825
2024-09-02 12:30:00,-0.05669166666666667,-0.05669166666666667
2024-09-02 13:00:00,-0.05234666666666666,-0.05234666666666666
2024-09-02 13:30:00,0.005621666666666668,0.007832916666666667
2024-09-02 14:00:00,0.009576666666666667,0.011970833333333333
2024-09-02 14:30:00,0.018618333333333334,0.023272916666666667
2024-09-02 15:00:00,0.028888333333333335,0.03611916666666667
2024-09-02 15:30:00,0.009609999999999999,0.012407916666666664
2024-09-02 16:00:00,0.02131833333333333,0.027439583333333337
2024-09-02 16:30:00,0.10865666666666667,0.13582083333333334
2024-09-02 17:00:00,0.11920333333333333,0.1490041666666667
2024-09-02 17:30:00,0.045151666666666666,0.05643958333333333
2024-09-02 18:00:00,0.23963166666666666,0.29953958333333336
2024-09-02 18:30:00,0.2137416666666667,0.26717708333333334
2024-09-02 19:00:00,0.12246,0.153075
2024-09-02 19:30:00,0.11166333333333334,0.13957916666666667
2024-09-02 20:00:00,0.10958166666666667,0.13697708333333333
2024-09-02 20:30:00,0.11039833333333333,0.13799791666666666
2024-09-02 21:00:00,0.10527833333333332,0.13159791666666668
2024-09-02 21:30:00,0.08862166666666667,0.11077708333333332
2024-09-02 22:00:00,0.10056166666666666,0.12570208333333333
2024-09-02 22:30:00,0.08666666666666667,0.10833333333333332
2024-09-02 23:00:00,0.07681500000000001,0.09601875
2024-09-02 23:30:00,0.06127333333333334,0.07659166666666667
2024-09-03 00:00:00,0.06897666666666667,0.051732499999999994
2024-09-03 00:30:00,0.06433833333333333,0.048253750000000005
2024-09-03 01:00:00,0.059318333333333334,0.04448875
2024-09-03 01:30:00,0.04717333333333334,0.03538
2024-09-03 02:00:00,0.029575,0.02218125
2024-09-03 02:30:00,0.013441666666666666,0.01008125
2024-09-03 03:00:00,-0.007945,-0.00831875
2024-09-03 03:30:00,-0.002025,-0.002025
2024-09-03 04:00:00,-0.004236666666666667,-0.004236666666666667
2024-09-03 04:30:00,-0.009358333333333333,-0.009358333333333333
2024-09-03 05:00:00,-0.006131666666666666,-0.006131666666666666
2024-09-03 05:30:00,-0.0019183333333333333,-0.0019199999999999998
2024-09-03 06:00:00,0.030413333333333334,0.02281
2024-09-03 06:30:00,0.038130000000000004,0.028597499999999998
2024-09-03 07:00:00,0.02845666666666667,0.0213425
2024-09-03 07:30:00,0.006951666666666666,0.00521375
2024-09-03 08:00:00,-0.0009833333333333332,-0.0009933333333333333
2024-09-03 08:30:00,0.0016233333333333334,0.0012175
2024-09-03 09:00:00,-0.0054533333333333335,-0.006650833333333332
2024-09-03 09:30:00,-0.044478333333333335,-0.044478333333333335
2024-09-03 10:00:00,-0.05399333333333334,-0.05399333333333334
2024-09-03 10:30:00,-0.05433333333333334,-0.05433333333333334
2024-09-03 11:00:00,-0.05598166666666667,-0.05598166666666667
2024-09-03 11:30:00,-0.053165,-0.053165
2024-09-03 12:00:00,-0.05056666666666667,-0.05056666666666667
2024-09-03 12:30:00,-0.052015,-0.052015
2024-09-03 13:00:00,-0.051188333333333336,-0.051188333333333336
2024-09-03 13:30:00,-0.06231833333333333,-0.06231833333333333
2024-09-03 14:00:00,-0.054425,-0.054425
2024-09-03 14:30:00,-0.05730333333333334,-0.05730333333333334
2024-09-03 15:00:00,-0.05707333333333334,-0.05707333333333334
2024-09-03 15:30:00,-0.0365,-0.0365
2024-09-03 16:00:00,0.0061583333333333325,0.00830125
2024-09-03 16:30:00,0.039501666666666664,0.04937708333333333
2024-09-03 17:00:00,0.098015,0.12251875000000001
2024-09-03 17:30:00,0.17822166666666664,0.22277708333333335
2024-09-03 18:00:00,0.2200683333333333,0.2750854166666667
2024-09-03 18:30:00,0.257175,0.32146874999999997
2024-09-03 19:00:00,0.20131333333333334,0.25164166666666665
2024-09-03 19:30:00,0.15611666666666665,0.19514583333333335
2024-09-03 20:00:00,0.12915333333333331,0.16144166666666668
2024-09-03 20:30:00,0.115995,0.14499375
2024-09-03 21:00:00,0.11594833333333333,0.14493541666666668
2024-09-03 21:30:00,0.09978,0.12472500000000002
2024-09-03 22:00:00,0.12396666666666667,0.15495833333333334
2024-09-03 22:30:00,0.10254166666666666,0.12817708333333333
2024-09-03 23:00:00,0.09713666666666666,0.12142083333333333
2024-09-03 23:30:00,0.085765,0.10720625
2024-09-04 00:00:00,0.079915,0.059936249999999996
2024-09-04 00:30:00,0.061351666666666665,0.04601375
2024-09-04 01:00:00,0.064265,0.048198750000000005
2024-09-04 01:30:00,0.04961833333333334,0.037213750000000004
2024-09-04 02:00:00,0.025088333333333334,0.01881625
2024-09-04 02:30:00,0.017735,0.01330125
2024-09-04 03:00:00,0.017448333333333333,0.01308625
2024-09-04 03:30:00,0.01878,0.014085
2024-09-04 04:00:00,0.012313333333333334,0.009235
2024-09-04 04:30:00,0.0058850000000000005,0.00441375
2024-09-04 05:00:00,0.00823,0.006172500000000001
2024-09-04 05:30:00,0.008958333333333334,0.00671875
2024-09-04 06:00:00,0.025086666666666663,0.018815000000000002
2024-09-04 06:30:00,0.030298333333333333,0.02272375
2024-09-04 07:00:00,0.026838333333333336,0.02012875
2024-09-04 07:30:00,-0.014463333333333333,-0.014957499999999999
2024-09-04 08:00:00,-0.008818333333333333,-0.008818333333333333
2024-09-04 08:30:00,-0.05163499999999999,-0.05163499999999999
2024-09-04 09:00:00,-0.05250666666666667,-0.05250666666666667
2024-09-04 09:30:00,-0.05761333333333334,-0.05761333333333334
2024-09-04 10:00:00,-0.05938333333333334,-0.05938333333333334
2024-09-04 10:30:00,-0.07280333333333333,-0.07280333333333333
2024-09-04 11:00:00,-0.08833999999999999,-0.08833999999999999
2024-09-04 11:30:00,-0.1173,-0.1173
2024-09-04 12:00:00,-0.10318333333333334,-0.10318333333333334
2024-09-04 12:30:00,-0.15251833333333334,-0.15251833333333334
2024-09-04 13:00:00,-0.16390166666666667,-0.16390166666666667
2024-09-04 13:30:00,-0.11251833333333333,-0.11251833333333333
2024-09-04 14:00:00,-0.06936666666666667,-0.06936666666666667
2024-09-04 14:30:00,-0.05855833333333333,-0.05855833333333333
2024-09-04 15:00:00,-0.05831833333333333,-0.05831833333333333
2024-09-04 15:30:00,-0.05825333333333333,-0.05825333333333333
2024-09-04 16:00:00,-0.054065,-0.054065
2024-09-04 16:30:00,-0.006326666666666665,-0.004245
2024-09-04 17:00:00,0.03349333333333333,0.04186666666666666
2024-09-04 17:30:00,0.06733666666666666,0.08417083333333335
2024-09-04 18:00:00,0.10702833333333334,0.13378541666666668
2024-09-04 18:30:00,0.08875166666666667,0.11093958333333333
2024-09-04 19:00:00,0.04426,0.05532499999999999
2024-09-04 19:30:00,0.011839999999999998,0.014799999999999999
2024-09-04 20:00:00,0.01069,0.0133625
2024-09-04 20:30:00,0.006528333333333333,0.008160416666666667
2024-09-04 21:00:00,0.005685,0.007106249999999999
2024-09-04 21:30:00,0.0036999999999999997,0.004625
2024-09-04 22:00:00,-0.0019883333333333333,-0.0015583333333333332
2024-09-04 22:30:00,-0.031371666666666666,-0.031370833333333334
2024-09-04 23:00:00,0.004941666666666666,0.0062141666666666664
2024-09-04 23:30:00,0.0032633333333333334,0.004152916666666667
2024-09-05 00:00:00,-0.0010299999999999999,-0.0010308333333333335
2024-09-05 00:30:00,-0.0008533333333333334,-0.00090375
2024-09-05 01:00:00,-0.009481666666666666,-0.009485
2024-09-05 01:30:00,-0.023485000000000002,-0.023485833333333334
2024-09-05 02:00:00,-0.026654999999999998,-0.026654999999999998
2024-09-05 02:30:00,-0.03083,-0.03083
2024-09-05 03:00:00,-0.017750000000000002,-0.018183333333333333
2024-09-05 03:30:00,-0.014653333333333332,-0.015222916666666668
2024-09-05 04:00:00,-0.033760000000000005,-0.03376083333333333
2024-09-05 04:30:00,-0.037671666666666666,-0.037672500000000005
2024-09-05 05:00:00,0.007978333333333332,0.00598375
2024-09-05 05:30:00,0.0032166666666666663,0.002375
2024-09-05 06:00:00,0.017753333333333333,0.013315
2024-09-05 06:30:00,0.017968333333333336,0.01347625
2024-09-05 07:00:00,0.011925,0.00894375
2024-09-05 07:30:00,-0.0003816666666666667,-0.00126625
2024-09-05 08:00:00,-0.029226666666666665,-0.030023333333333332
2024-09-05 08:30:00,-0.05328833333333333,-0.05328833333333333
2024-09-05 09:00:00,-0.05572666666666667,-0.05572666666666667
2024-09-05 09:30:00,-0.057165,-0.057165
2024-09-05 10:00:00,-0.058019999999999995,-0.058019999999999995
2024-09-05 10:30:00,-0.05801666666666667,-0.05801666666666667
2024-09-05 11:00:00,-0.05828833333333333,-0.05828833333333333
2024-09-05 11:30:00,-0.05825333333333333,-0.05825333333333333
2024-09-05 12:00:00,-0.05825,-0.05825
2024-09-05 12:30:00,-0.057165,-0.057165
2024-09-05 13:00:00,-0.04523833333333333,-0.04523833333333333
2024-09-05 13:30:00,-0.04752,-0.04752
2024-09-05 14:00:00,-0.05107,-0.05107
2024-09-05 14:30:00,-0.04192833333333334,-0.04192833333333334
2024-09-05 15:00:00,0.009753333333333334,0.015442916666666666
2024-09-05 15:30:00,0.019356666666666668,0.024253333333333335
2024-09-05 16:00:00,0.0016700000000000013,0.004447916666666668
2024-09-05 16:30:00,0.009188333333333333,0.011485416666666666
2024-09-05 17:00:00,0.03646333333333333,0.04557916666666667
2024-09-05 17:30:00,0.06580833333333333,0.08226041666666667
2024-09-05 18:00:00,0.014004999999999998,0.01750625
2024-09-05 18:30:00,0.01762,0.022025
2024-09-05 19:00:00,0.013838333333333333,0.017297916666666666
2024-09-05 19:30:00,0.007113333333333333,0.008891666666666666
2024-09-05 20:00:00,0.011996666666666668,0.014995833333333333
2024-09-05 20:30:00,0.008501666666666666,0.010627083333333334
2024-09-05 21:00:00,0.006566666666666666,0.008208333333333333
2024-09-05 21:30:00,0.002673333333333333,0.0033849999999999996
2024-09-05 22:00:00,0.005566666666666667,0.0069858333333333335
2024-09-05 22:30:00,0.010558333333333331,0.013197916666666665
2024-09-05 23:00:00,0.018031666666666668,0.022539583333333335
2024-09-05 23:30:00,0.01013,0.0126625
2024-09-06 00:00:00,0.006775,0.00508125
2024-09-06 00:30:00,0.007233333333333332,0.005425
2024-09-06 01:00:00,0.012095000000000002,0.00907125
2024-09-06 01:30:00,0.0015716666666666667,0.0011208333333333335
2024-09-06 02:00:00,-0.011229999999999999,-0.011229999999999999
2024-09-06 02:30:00,-0.015286666666666665,-0.015659583333333334
2024-09-06 03:00:00,-0.009378333333333332,-0.010222499999999999
2024-09-06 03:30:00,0.0028683333333333334,0.0020516666666666665
2024-09-06 04:00:00,0.004535,0.0026095833333333335
2024-09-06 04:30:00,0.004603333333333333,0.0034525000000000003
2024-09-06 05:00:00,0.008076666666666668,0.0060575
2024-09-06 05:30:00,0.011733333333333332,0.0088
2024-09-06 06:00:00,0.011279999999999998,0.00846
2024-09-06 06:30:00,0.055516666666666666,0.0416375
2024-09-06 07:00:00,0.03392,0.02544
2024-09-06 07:30:00,0.048095,0.03607125
2024-09-06 08:00:00,0.05101666666666666,0.0382625
2024-09-06 08:30:00,0.057894999999999995,0.04342125
2024-09-06 09:00:00,0.07746666666666667,0.058100000000000006
2024-09-06 09:30:00,0.03160166666666667,0.023701249999999997
2024-09-06 10:00:00,0.029891666666666667,0.02241875
2024-09-06 10:30:00,0.012321666666666667,0.009210833333333333
2024-09-06 11:00:00,0.025429999999999998,0.0190725
2024-09-06 11:30:00,0.014216666666666667,0.009584166666666666
2024-09-06 12:00:00,0.028024999999999998,0.028024999999999998
2024-09-06 12:30:00,0.029483333333333334,0.029483333333333334
2024-09-06 13:00:00,0.13253833333333334,0.16567291666666667
2024-09-06 13:30:00,0.26552000000000003,0.3319
2024-09-06 14:00:00,-0.10551666666666666,-0.10551666666666666
2024-09-06 14:30:00,-0.057155000000000004,-0.057155000000000004
2024-09-06 15:00:00,-0.05052333333333334,-0.05052333333333334
2024-09-06 15:30:00,-0.025568333333333332,-0.025568333333333332
2024-09-06 16:00:00,0.0008116666666666659,0.002256249999999999
2024-09-06 16:30:00,0.018711666666666665,0.023389583333333335
2024-09-06 17:00:00,0.04385666666666666,0.05482083333333334
2024-09-06 17:30:00,0.08366,0.10457500000000002
2024-09-06 18:00:00,0.08407333333333333,0.10509166666666665
2024-09-06 18:30:00,0.08645666666666667,0.10807083333333334
2024-09-06 19:00:00,0.08900999999999999,0.1112625
2024-09-06 19:30:00,0.07972666666666667,0.09965833333333333
2024-09-06 20:00:00,0.05724166666666666,0.07155208333333334
2024-09-06 20:30:00,0.05409166666666667,0.06761458333333333
2024-09-06 21:00:00,0.05451999999999999,0.06815
2024-09-06 21:30:00,0.04287333333333334,0.05359166666666667
2024-09-06 22:00:00,0.03636,0.04545
2024-09-06 22:30:00,0.028968333333333332,0.03621041666666667
2024-09-06 23:00:00,0.054825000000000006,0.06853125
2024-09-06 23:30:00,0.05309166666666667,0.06636458333333334
2024-09-07 00:00:00,0.033416666666666664,0.0250625
2024-09-07 00:30:00,0.00895,0.006712500000000001
2024-09-07 01:00:00,0.008323333333333334,0.006242500000000001
2024-09-07 01:30:00,0.017173333333333332,0.011684583333333333
2024-09-07 02:00:00,0.0045583333333333335,0.0026841666666666667
2024-09-07 02:30:00,0.0017933333333333328,0.0002820833333333334
2024-09-07 03:00:00,0.015028333333333333,0.011271250000000002
2024-09-07 03:30:00,0.014898333333333333,0.01005125
2024-09-07 04:00:00,0.008531666666666667,0.006398750000000001
2024-09-07 04:30:00,0.014955000000000001,0.011216249999999999
2024-09-07 05:00:00,0.02266666666666667,0.016999999999999998
2024-09-07 05:30:00,0.029338333333333338,0.022003750000000002
2024-09-07 06:00:00,0.05520333333333333,0.0414025
2024-09-07 06:30:00,0.04627166666666666,0.03470375
2024-09-07 07:00:00,0.007256666666666667,0.0054425
2024-09-07 07:30:00,0.0027133333333333332,0.002035
2024-09-07 08:00:00,0.006911666666666667,0.00518375
2024-09-07 08:30:00,0.023005,0.01725375
2024-09-07 09:00:00,0.0011200000000000001,0.0008399999999999999
2024-09-07 09:30:00,-0.03754,-0.03754
2024-09-07 10:00:00,-0.056761666666666676,-0.056761666666666676
2024-09-07 10:30:00,-0.058460000000000005,-0.058460000000000005
2024-09-07 11:00:00,-0.059684999999999995,-0.059684999999999995
2024-09-07 11:30:00,-0.06031333333333333,-0.06031333333333333
2024-09-07 12:00:00,-0.060763333333333336,-0.060763333333333336
2024-09-07 12:30:00,-0.06032833333333334,-0.06032833333333334
2024-09-07 13:00:00,-0.05841666666666667,-0.05841666666666667
2024-09-07 13:30:00,-0.057183333333333336,-0.057183333333333336
2024-09-07 14:00:00,-0.052485000000000004,-0.052485000000000004
2024-09-07 14:30:00,-0.049499999999999995,-0.049499999999999995
2024-09-07 15:00:00,-0.047064999999999996,-0.047064999999999996
2024-09-07 15:30:00,-0.02255,-0.022177083333333333
2024-09-07 16:00:00,0.018504999999999997,0.023131250000000003
2024-09-07 16:30:00,0.031158333333333333,0.038947916666666665
2024-09-07 17:00:00,0.08381500000000001,0.10476875000000001
2024-09-07 17:30:00,0.14397666666666667,0.17997083333333333
2024-09-07 18:00:00,0.203735,0.25466875
2024-09-07 18:30:00,0.15367666666666666,0.19209583333333333
2024-09-07 19:00:00,0.12437,0.15546249999999998
2024-09-07 19:30:00,0.09492,0.11864999999999999
2024-09-07 20:00:00,0.09013833333333333,0.11267291666666666
2024-09-07 20:30:00,0.08900999999999999,0.1112625
2024-09-07 21:00:00,0.08900999999999999,0.1112625
2024-09-07 21:30:00,0.08900999999999999,0.1112625
2024-09-07 22:00:00,0.093005,0.11625625
2024-09-07 22:30:00,0.09228166666666666,0.11535208333333334
2024-09-07 23:00:00,0.08900999999999999,0.1112625
2024-09-07 23:30:00,0.08789999999999999,0.109875
2024-09-08 00:00:00,0.08559333333333334,0.064195
2024-09-08 00:30:00,0.07954833333333335,0.05966125
2024-09-08 01:00:00,0.07238499999999999,0.05428875
2024-09-08 01:30:00,0.047119999999999995,0.03534
2024-09-08 02:00:00,0.02283,0.017122500000000002
2024-09-08 02:30:00,0.03013333333333333,0.0226
2024-09-08 03:00:00,0.022411666666666667,0.01680875
2024-09-08 03:30:00,0.023011666666666666,0.01725875
2024-09-08 04:00:00,0.0076616666666666665,0.0057462500000000005
2024-09-08 04:30:00,0.00895,0.006712500000000001
2024-09-08 05:00:00,0.03495,0.0262125
2024-09-08 05:30:00,0.035,0.02625
2024-09-08 06:00:00,0.052186666666666666,0.03914
2024-09-08 06:30:00,0.04747166666666666,0.035603749999999997
2024-09-08 07:00:00,0.041589999999999995,0.0311925
2024-09-08 07:30:00,0.014358333333333334,0.01076875
2024-09-08 08:00:00,0.01164,0.00873
2024-09-08 08:30:00,0.015510000000000001,0.011632499999999999
2024-09-08 09:00:00,-0.0036783333333333325,-0.004972083333333333
2024-09-08 09:30:00,-0.027183333333333334,-0.02719416666666667
2024-09-08 10:00:00,0.005736666666666667,0.003922083333333333
2024-09-08 10:30:00,0.0009216666666666667,0.00069125
2024-09-08 11:00:00,0.0012133333333333334,-0.0003391666666666666
2024-09-08 11:30:00,-0.010561666666666665,-0.010561666666666665
2024-09-08 12:00:00,-0.0042316666666666666,-0.0042316666666666666
2024-09-08 12:30:00,-0.005025,-0.005025
2024-09-08 13:00:00,-0.001805,-0.0008891666666666666
2024-09-08 13:30:00,0.012295,0.01536875
2024-09-08 14:00:00,0.021903333333333334,0.027379166666666666
2024-09-08 14:30:00,0.01043,0.0130375
2024-09-08 15:00:00,0.024128333333333335,0.030160416666666672
2024-09-08 15:30:00,0.027026666666666668,0.03378333333333333
2024-09-08 16:00:00,0.021065,0.02633125
2024-09-08 16:30:00,0.049785,0.062231249999999995
2024-09-08 17:00:00,0.09755166666666666,0.12193958333333334
2024-09-08 17:30:00,0.126275,0.15784375
2024-09-08 18:00:00,0.19488000000000003,0.2436
2024-09-08 18:30:00,0.18553666666666668,0.23192083333333333
2024-09-08 19:00:00,0.14274666666666666,0.17843333333333333
2024-09-08 19:30:00,0.08889666666666667,0.11112083333333334
2024-09-08 20:00:00,0.08615833333333334,0.10769791666666667
2024-09-08 20:30:00,0.090655,0.11331875000000001
2024-09-08 21:00:00,0.092765,0.11595625
2024-09-08 21:30:00,0.07900333333333333,0.09875416666666666
2024-09-08 22:00:00,0.07928,0.09910000000000001
2024-09-08 22:30:00,0.06538000000000001,0.081725
2024-09-08 23:00:00,0.07384833333333334,0.09231041666666667
2024-09-08 23:30:00,0.08054166666666666,0.10067708333333332
2024-09-09 00:00:00,0.07731,0.0579825
2024-09-09 00:30:00,0.070425,0.052818750000000005
2024-09-09 01:00:00,0.0705,0.052875000000000005
2024-09-09 01:30:00,0.06623,0.0496725
2024-09-09 02:00:00,0.06150833333333333,0.046131250000000006
2024-09-09 02:30:00,0.06110000000000001,0.045825000000000005
2024-09-09 03:00:00,0.06082166666666666,0.045616250000000004
2024-09-09 03:30:00,0.06110000000000001,0.045825000000000005
2024-09-09 04:00:00,0.08129666666666667,0.060972500000000006
2024-09-09 04:30:00,0.08639166666666669,0.06479375
2024-09-09 05:00:00,0.09392333333333334,0.0704425
2024-09-09 05:30:00,0.095165,0.07137375
2024-09-09 06:00:00,0.12533,0.0939975
2024-09-09 06:30:00,0.14041666666666666,0.10531249999999999
2024-09-09 07:00:00,0.06207666666666667,0.0465575
2024-09-09 07:30:00,0.05944666666666667,0.04458500000000001
2024-09-09 08:00:00,0.051331666666666664,0.03832208333333333
2024-09-09 08:30:00,0.04258833333333333,0.03194125
2024-09-09 09:00:00,0.03085,0.023137499999999995
2024-09-09 09:30:00,0.0004499999999999996,-0.0005008333333333333
2024-09-09 10:00:00,-0.01004,-0.011138749999999998
2024-09-09 10:30:00,0.03453166666666667,0.025898749999999998
2024-09-09 11:00:00,0.028098333333333333,0.021073750000000002
2024-09-09 11:30:00,0.03763333333333333,0.028225
2024-09-09 12:00:00,0.030821666666666667,0.030821666666666667
2024-09-09 12:30:00,0.030923333333333334,0.030923333333333334
2024-09-09 13:00:00,0.03528333333333333,0.044104166666666667
2024-09-09 13:30:00,0.035115,0.04389375
2024-09-09 14:00:00,0.034605,0.043256249999999996
2024-09-09 14:30:00,0.014726666666666666,0.018408333333333332
2024-09-09 15:00:00,0.023988333333333334,0.029985416666666667
2024-09-09 15:30:00,0.019106666666666664,0.02388333333333333
2024-09-09 16:00:00,0.03858166666666667,0.04822708333333334
2024-09-09 16:30:00,0.11957333333333332,0.14946666666666666
2024-09-09 17:00:00,0.1963083333333333,0.2453854166666667
2024-09-09 17:30:00,0.26104,0.3263
2024-09-09 18:00:00,0.26530499999999996,0.33163125
2024-09-09 18:30:00,0.268125,0.33515625
2024-09-09 19:00:00,0.19255166666666668,0.24068958333333335
2024-09-09 19:30:00,0.15322499999999997,0.19153125000000001
2024-09-09 20:00:00,0.14737,0.1842125
2024-09-09 20:30:00,0.117605,0.14700625
2024-09-09 21:00:00,0.11104666666666667,0.13880833333333334
2024-09-09 21:30:00,0.106605,0.13325625
2024-09-09 22:00:00,0.10332333333333334,0.12915416666666665
2024-09-09 22:30:00,0.10605166666666667,0.13256458333333335
2024-09-09 23:00:00,0.10628833333333333,0.13286041666666668
2024-09-09 23:30:00,0.10595333333333333,0.13244166666666665
2024-09-10 00:00:00,0.09673666666666668,0.0725525
2024-09-10 00:30:00,0.08900999999999999,0.0667575
2024-09-10 01:00:00,0.08900999999999999,0.0667575
2024-09-10 01:30:00,0.083495,0.06262125
2024-09-10 02:00:00,0.08907166666666667,0.06680375
2024-09-10 02:30:00,0.08676166666666667,0.06507125
2024-09-10 03:00:00,0.08900999999999999,0.0667575
2024-09-10 03:30:00,0.07258333333333333,0.0544375
2024-09-10 04:00:00,0.08337333333333334,0.06252999999999999
2024-09-10 04:30:00,0.084725,0.06354375
2024-09-10 05:00:00,0.092225,0.06916875
2024-09-10 05:30:00,0.08081500000000001,0.06061125
2024-09-10 06:00:00,0.14098833333333333,0.10574125000000001
2024-09-10 06:30:00,0.11497833333333334,0.08623375
2024-09-10 07:00:00,0.038015,0.02851125
2024-09-10 07:30:00,0.005173333333333334,0.0038799999999999998
2024-09-10 08:00:00,0.00014833333333333335,0.00011125000000000001
2024-09-10 08:30:00,-0.0021416666666666667,-0.0025279166666666666
2024-09-10 09:00:00,-0.01099,-0.011623333333333333
2024-09-10 09:30:00,-0.039148333333333334,-0.039148333333333334
2024-09-10 10:00:00,-0.05384833333333333,-0.05384833333333333
2024-09-10 10:30:00,-0.05695,-0.05695
2024-09-10 11:00:00,-0.058915,-0.058915
2024-09-10 11:30:00,-0.06073833333333334,-0.06073833333333334
2024-09-10 12:00:00,-0.06609666666666666,-0.06609666666666666
2024-09-10 12:30:00,-0.085845,-0.085845
2024-09-10 13:00:00,-0.07354333333333334,-0.07354333333333334
2024-09-10 13:30:00,-0.05856166666666667,-0.05856166666666667
2024-09-10 14:00:00,-0.05674333333333333,-0.05674333333333333
2024-09-10 14:30:00,-0.05624333333333333,-0.05624333333333333
2024-09-10 15:00:00,-0.05769833333333333,-0.05769833333333333
2024-09-10 15:30:00,-0.048545000000000005,-0.048545000000000005
2024-09-10 16:00:00,0.008368333333333332,0.011806249999999999
2024-09-10 16:30:00,0.06701833333333333,0.08377291666666668
2024-09-10 17:00:00,0.11418333333333335,0.14272916666666666
2024-09-10 17:30:00,0.14339333333333334,0.17924166666666666
2024-09-10 18:00:00,0.15246166666666666,0.19057708333333334
2024-09-10 18:30:00,0.14294166666666666,0.17867708333333332
2024-09-10 19:00:00,0.09575499999999999,0.11969375
2024-09-10 19:30:00,0.08471666666666666,0.10589583333333334
2024-09-10 20:00:00,0.11590833333333334,0.14488541666666668
2024-09-10 20:30:00,0.11418333333333335,0.14272916666666666
2024-09-10 21:00:00,0.09831333333333332,0.12289166666666666
2024-09-10 21:30:00,0.09077833333333334,0.11347291666666666
2024-09-10 22:00:00,0.08900999999999999,0.1112625
2024-09-10 22:30:00,0.08479166666666667,0.10598958333333335
2024-09-10 23:00:00,0.09383666666666667,0.11729583333333334
2024-09-10 23:30:00,0.08941,0.1117625
2024-09-11 00:00:00,0.08900999999999999,0.0667575
2024-09-11 00:30:00,0.06817166666666667,0.05112875
2024-09-11 01:00:00,0.07571166666666666,0.05678375
2024-09-11 01:30:00,0.06736,0.05052
2024-09-11 02:00:00,0.07295666666666667,0.0547175
2024-09-11 02:30:00,0.07551833333333334,0.056638749999999995
2024-09-11 03:00:00,0.07285333333333334,0.05464
2024-09-11 03:30:00,0.07335166666666666,0.05501375
2024-09-11 04:00:00,0.078195,0.058646250000000004
2024-09-11 04:30:00,0.079445,0.05958375
2024-09-11 05:00:00,0.09292,0.06968999999999999
2024-09-11 05:30:00,0.12618333333333334,0.0946375
2024-09-11 06:00:00,0.23357499999999998,0.17518124999999998
2024-09-11 06:30:00,0.14959666666666668,0.1121975
2024-09-11 07:00:00,0.05993166666666667,0.04494875
2024-09-11 07:30:00,0.016068333333333334,0.01205125
2024-09-11 08:00:00,0.008201666666666668,0.0061512500000000005
2024-09-11 08:30:00,0.010278333333333334,0.00770875
2024-09-11 09:00:00,0.02385,0.0178875
2024-09-11 09:30:00,0.007566666666666667,0.0048825
2024-09-11 10:00:00,-0.04416833333333333,-0.04416833333333333
2024-09-11 10:30:00,-0.020256666666666666,-0.020256666666666666
2024-09-11 11:00:00,-0.022676666666666668,-0.022759583333333333
2024-09-11 11:30:00,-0.038735,-0.038735
2024-09-11 12:00:00,-0.05237666666666666,-0.05237666666666666
2024-09-11 12:30:00,-0.05566833333333334,-0.05566833333333334
2024-09-11 13:00:00,-0.055865,-0.055865
2024-09-11 13:30:00,-0.04834666666666667,-0.04834666666666667
2024-09-11 14:00:00,0.0020966666666666655,0.00782625
2024-09-11 14:30:00,0.012633333333333331,0.0173
2024-09-11 15:00:00,0.016941666666666667,0.021177083333333332
2024-09-11 15:30:00,0.04291166666666666,0.05363958333333333
2024-09-11 16:00:00,0.04512166666666667,0.05640208333333333
2024-09-11 16:30:00,0.14359,0.17948750000000002
2024-09-11 17:00:00,0.170605,0.21325625
2024-09-11 17:30:00,0.15209166666666665,0.1901145833333333
2024-09-11 18:00:00,0.16382166666666667,0.20477708333333333
2024-09-11 18:30:00,0.135645,0.16955625
2024-09-11 19:00:00,0.10248833333333333,0.12811041666666667
2024-09-11 19:30:00,0.08945166666666667,0.11181458333333333
2024-09-11 20:00:00,0.08900999999999999,0.1112625
2024-09-11 20:30:00,0.08896833333333333,0.11121041666666666
2024-09-11 21:00:00,0.08850166666666666,0.11062708333333333
2024-09-11 21:30:00,0.08900999999999999,0.1112625
2024-09-11 22:00:00,0.08591,0.10738750000000001
2024-09-11 22:30:00,0.08103833333333334,0.10129791666666667
2024-09-11 23:00:00,0.060268333333333333,0.07533541666666667
2024-09-11 23:30:00,0.05959333333333333,0.07449166666666666
2024-09-12 00:00:00,0.04523833333333333,0.03392875
2024-09-12 00:30:00,0.03448666666666667,0.025865
2024-09-12 01:00:00,0.03190333333333333,0.0239275
2024-09-12 01:30:00,0.013215,0.00991125
2024-09-12 02:00:00,0.01421166666666667,0.010658750000000002
2024-09-12 02:30:00,0.011523333333333335,0.008642500000000001
2024-09-12 03:00:00,0.0051133333333333334,0.0037870833333333333
2024-09-12 03:30:00,-0.0013216666666666665,-0.0013216666666666665
2024-09-12 04:00:00,-0.00011166666666666667,-0.00012916666666666667
2024-09-12 04:30:00,-0.0070016666666666665,-0.007012916666666666
2024-09-12 05:00:00,0.00012833333333333335,9.625e-05
2024-09-12 05:30:00,0.008756666666666666,0.0065675
2024-09-12 06:00:00,0.02174,0.016305
2024-09-12 06:30:00,0.01254,0.009405
2024-09-12 07:00:00,-0.0026899999999999997,-0.003973333333333332
2024-09-12 07:30:00,-0.04731,-0.04731
2024-09-12 08:00:00,-0.055661666666666665,-0.055661666666666665
2024-09-12 08:30:00,-0.057785,-0.057785
2024-09-12 09:00:00,-0.05864666666666667,-0.05864666666666667
2024-09-12 09:30:00,-0.05802666666666667,-0.05802666666666667
2024-09-12 10:00:00,-0.05825,-0.05825
2024-09-12 10:30:00,-0.06684666666666667,-0.06684666666666667
2024-09-12 11:00:00,-0.05956500000000001,-0.05956500000000001
2024-09-12 11:30:00,-0.05860333333333334,-0.05860333333333334
2024-09-12 12:00:00,-0.06882666666666666,-0.06882666666666666
2024-09-12 12:30:00,-0.058355,-0.058355
2024-09-12 13:00:00,-0.05833333333333334,-0.05833333333333334
2024-09-12 13:30:00,-0.05825,-0.05825
2024-09-12 14:00:00,-0.056306666666666665,-0.056306666666666665
2024-09-12 14:30:00,-0.049705,-0.049705
2024-09-12 15:00:00,-0.023751666666666667,-0.02296875
2024-09-12 15:30:00,0.000525,0.0013279166666666658
2024-09-12 16:00:00,0.031466666666666664,0.03933333333333333
2024-09-12 16:30:00,0.048174999999999996,0.060218749999999995
2024-09-12 17:00:00,0.051664999999999996,0.06458124999999999
2024-09-12 17:30:00,0.06558333333333334,0.08197916666666667
2024-09-12 18:00:00,0.03263833333333333,0.04079791666666666
2024-09-12 18:30:00,0.032580000000000005,0.040725
2024-09-12 19:00:00,0.014254999999999999,0.017818749999999998
2024-09-12 19:30:00,0.0055316666666666665,0.006914583333333334
2024-09-12 20:00:00,0.002323333333333333,0.0029041666666666664
2024-09-12 20:30:00,0.015203333333333334,0.019004166666666666
2024-09-12 21:00:00,0.006275,0.00787375
2024-09-12 21:30:00,0.012258333333333335,0.01532291666666667
2024-09-12 22:00:00,0.006526666666666667,0.008158333333333333
2024-09-12 22:30:00,0.008485,0.01060625
2024-09-12 23:00:00,0.014070000000000001,0.017587500000000002
2024-09-12 23:30:00,0.009213333333333334,0.011736249999999998
2024-09-13 00:00:00,0.00553,0.0041475
2024-09-13 00:30:00,0.004988333333333333,0.0037412500000000002
2024-09-13 01:00:00,-0.0015949999999999998,-0.0024695833333333336
2024-09-13 01:30:00,0.003415,0.00256125
2024-09-13 02:00:00,0.00013000000000000018,-0.0006941666666666664
2024-09-13 02:30:00,0.027010000000000003,0.0202575
2024-09-13 03:00:00,0.038415,0.02881125
2024-09-13 03:30:00,0.04329166666666667,0.03246875
2024-09-13 04:00:00,0.046411666666666664,0.03480875
2024-09-13 04:30:00,0.04627333333333333,0.034705
2024-09-13 05:00:00,0.051493333333333335,0.03862
2024-09-13 05:30:00,0.06202166666666667,0.04651625
2024-09-13 06:00:00,0.06499833333333334,0.04874875
2024-09-13 06:30:00,0.045698333333333334,0.03427375
2024-09-13 07:00:00,0.032965,0.02472375
2024-09-13 07:30:00,0.020693333333333334,0.01552
2024-09-13 08:00:00,0.04331666666666667,0.032487499999999996
2024-09-13 08:30:00,0.001881666666666667,-0.00039916666666666686
2024-09-13 09:00:00,-0.03635,-0.03635
2024-09-13 09:30:00,-0.022051666666666667,-0.02242166666666667
2024-09-13 10:00:00,-0.012068333333333334,-0.013304166666666666
2024-09-13 10:30:00,-0.042894999999999996,-0.042894999999999996
2024-09-13 11:00:00,-0.052045,-0.052045
2024-09-13 11:30:00,-0.053366666666666666,-0.053366666666666666
2024-09-13 12:00:00,-0.05476333333333333,-0.05476333333333333
2024-09-13 12:30:00,-0.05986166666666667,-0.05986166666666667
2024-09-13 13:00:00,-0.05917833333333333,-0.05917833333333333
2024-09-13 13:30:00,-0.058255,-0.058255
2024-09-13 14:00:00,-0.06296666666666667,-0.06296666666666667
2024-09-13 14:30:00,-0.09594166666666666,-0.09594166666666666
2024-09-13 15:00:00,-0.05834,-0.05834
2024-09-13 15:30:00,-0.05625166666666667,-0.05625166666666667
2024-09-13 16:00:00,-0.050949999999999995,-0.050949999999999995
2024-09-13 16:30:00,0.016765,0.02095625
2024-09-13 17:00:00,0.07129666666666667,0.08912083333333332
2024-09-13 17:30:00,0.15698333333333334,0.19622916666666668
2024-09-13 18:00:00,0.11615833333333332,0.14519791666666668
2024-09-13 18:30:00,0.08162,0.10202499999999999
2024-09-13 19:00:00,0.06611166666666667,0.08263958333333334
2024-09-13 19:30:00,0.05371666666666666,0.06714583333333334
2024-09-13 20:00:00,0.05289666666666667,0.06612083333333334
2024-09-13 20:30:00,0.054244999999999995,0.06780625
2024-09-13 21:00:00,0.06644166666666666,0.08305208333333333
2024-09-13 21:30:00,0.06858333333333334,0.08572916666666668
2024-09-13 22:00:00,0.06989833333333334,0.08737291666666665
2024-09-13 22:30:00,0.05643666666666667,0.07054583333333332
2024-09-13 23:00:00,0.06660500000000001,0.08325624999999999
2024-09-13 23:30:00,0.06371500000000001,0.07964375
2024-09-14 00:00:00,0.051365,0.03852375
2024-09-14 00:30:00,0.04743666666666666,0.0355775
2024-09-14 01:00:00,0.03292166666666667,0.024691249999999998
2024-09-14 01:30:00,0.01627,0.0122025
2024-09-14 02:00:00,0.021845000000000003,0.01638375
2024-09-14 02:30:00,0.030405,0.022803749999999998
2024-09-14 03:00:00,0.012565,0.00942375
2024-09-14 03:30:00,0.00756,0.0056700000000000006
2024-09-14 04:00:00,0.004356666666666667,0.0032675
2024-09-14 04:30:00,0.0022883333333333336,0.00171625
2024-09-14 05:00:00,0.014748333333333336,0.01106125
2024-09-14 05:30:00,0.013706666666666667,0.010280000000000001
2024-09-14 06:00:00,0.012105,0.009078750000000002
2024-09-14 06:30:00,-0.01054,-0.010559166666666666
2024-09-14 07:00:00,-0.037575,-0.037575
2024-09-14 07:30:00,-0.04807666666666666,-0.04807666666666666
2024-09-14 08:00:00,-0.05277333333333333,-0.05277333333333333
2024-09-14 08:30:00,-0.057786666666666674,-0.057786666666666674
2024-09-14 09:00:00,-0.05742333333333333,-0.05742333333333333
2024-09-14 09:30:00,-0.06434333333333334,-0.06434333333333334
2024-09-14 10:00:00,-0.0599,-0.0599
2024-09-14 10:30:00,-0.059794999999999994,-0.059794999999999994
2024-09-14 11:00:00,-0.058978333333333334,-0.058978333333333334
2024-09-14 11:30:00,-0.060535,-0.060535
2024-09-14 12:00:00,-0.08174666666666666,-0.08174666666666666
2024-09-14 12:30:00,-0.06122666666666667,-0.06122666666666667
2024-09-14 13:00:00,-0.07276333333333333,-0.07276333333333333
2024-09-14 13:30:00,-0.061430000000000005,-0.061430000000000005
2024-09-14 14:00:00,-0.06044333333333333,-0.06044333333333333
2024-09-14 14:30:00,-0.08204166666666667,-0.08204166666666667
2024-09-14 15:00:00,-0.058956666666666664,-0.058956666666666664
2024-09-14 15:30:00,-0.059206666666666664,-0.059206666666666664
2024-09-14 16:00:00,-0.05910166666666666,-0.05910166666666666
2024-09-14 16:30:00,-0.021503333333333333,-0.021009166666666666
2024-09-14 17:00:00,0.011803333333333332,0.014754166666666665
2024-09-14 17:30:00,0.02192,0.027399999999999997
2024-09-14 18:00:00,0.00265,0.0038954166666666664
2024-09-14 18:30:00,0.007966666666666665,0.009958333333333333
2024-09-14 19:00:00,0.004118333333333334,0.005147916666666666
2024-09-14 19:30:00,-0.006091666666666666,-0.006031249999999999
2024-09-14 20:00:00,-0.011201666666666665,-0.011177916666666668
2024-09-14 20:30:00,-0.010665,-0.010665
2024-09-14 21:00:00,-0.024098333333333333,-0.024098333333333333
2024-09-14 21:30:00,0.006398333333333333,0.007997916666666667
2024-09-14 22:00:00,0.003675,0.005385416666666666
2024-09-14 22:30:00,0.007554999999999999,0.009443749999999999
2024-09-14 23:00:00,0.00895,0.011187499999999998
2024-09-14 23:30:00,0.008458333333333333,0.010572916666666666
2024-09-15 00:00:00,0.00895,0.006712500000000001
2024-09-15 00:30:00,0.016041666666666666,0.01203125
2024-09-15 01:00:00,0.008284999999999999,0.0062137500000000005
2024-09-15 01:30:00,0.006183333333333333,0.0046375
2024-09-15 02:00:00,0.00895,0.006712500000000001
2024-09-15 02:30:00,0.010791666666666666,0.00809375
2024-09-15 03:00:00,0.00895,0.006712500000000001
2024-09-15 03:30:00,0.008533333333333332,0.0064
2024-09-15 04:00:00,0.010163333333333333,0.007622500000000001
2024-09-15 04:30:00,0.019288333333333334,0.01446625
2024-09-15 05:00:00,0.03698166666666667,0.02773625
2024-09-15 05:30:00,0.03979333333333333,0.029845
2024-09-15 06:00:00,0.04083666666666667,0.030627500000000002
2024-09-15 06:30:00,0.00843,0.004475
2024-09-15 07:00:00,-0.0415,-0.0415
2024-09-15 07:30:00,-0.04831833333333333,-0.04831833333333333
2024-09-15 08:00:00,-0.05164666666666667,-0.05164666666666667
2024-09-15 08:30:00,-0.048478333333333325,-0.048478333333333325
2024-09-15 09:00:00,-0.04919166666666667,-0.04919166666666667
2024-09-15 09:30:00,-0.05262166666666667,-0.05262166666666667
2024-09-15 10:00:00,-0.05289333333333333,-0.05289333333333333
2024-09-15 10:30:00,-0.055345,-0.055345
2024-09-15 11:00:00,-0.0573,-0.0573
2024-09-15 11:30:00,-0.05989,-0.05989
2024-09-15 12:00:00,-0.06713666666666666,-0.06713666666666666
2024-09-15 12:30:00,-0.07760333333333334,-0.07760333333333334
2024-09-15 13:00:00,-0.06331666666666667,-0.06331666666666667
2024-09-15 13:30:00,-0.05874833333333334,-0.05874833333333334
2024-09-15 14:00:00,-0.058565000000000006,-0.058565000000000006
2024-09-15 14:30:00,-0.05963833333333333,-0.05963833333333333
2024-09-15 15:00:00,-0.06008166666666667,-0.06008166666666667
2024-09-15 15:30:00,-0.05791833333333333,-0.05791833333333333
2024-09-15 16:00:00,-0.032448333333333336,-0.03199333333333333
2024-09-15 16:30:00,0.039655,0.049568749999999995
2024-09-15 17:00:00,0.09357166666666666,0.11696458333333333
2024-09-15 17:30:00,0.122955,0.15369375
2024-09-15 18:00:00,0.15559333333333333,0.19449166666666665
2024-09-15 18:30:00,0.11943,0.1492875
2024-09-15 19:00:00,0.07022666666666667,0.08778333333333332
2024-09-15 19:30:00,0.07127833333333335,0.08909791666666667
2024-09-15 20:00:00,0.07,0.08749999999999998
2024-09-15 20:30:00,0.06549333333333333,0.08186666666666666
2024-09-15 21:00:00,0.06124333333333334,0.07655416666666666
2024-09-15 21:30:00,0.06025,0.0753125
2024-09-15 22:00:00,0.05762333333333333,0.07202916666666667
2024-09-15 22:30:00,0.046051666666666664,0.05756458333333333
2024-09-15 23:00:00,0.03495,0.0436875
2024-09-15 23:30:00,0.030365000000000003,0.03795625
2024-09-16 00:00:00,0.030981666666666668,0.02323625
2024-09-16 00:30:00,0.030293333333333335,0.02272
2024-09-16 01:00:00,0.010601666666666667,0.00795125
2024-09-16 01:30:00,0.008468333333333333,0.00635125
2024-09-16 02:00:00,0.005856666666666666,0.0043925
2024-09-16 02:30:00,0.008753333333333333,0.0065650000000000005
2024-09-16 03:00:00,0.003486666666666667,0.0026149999999999997
2024-09-16 03:30:00,0.004765,0.00357375
2024-09-16 04:00:00,0.0066749999999999995,0.00500625
2024-09-16 04:30:00,-0.014083333333333331,-0.014463333333333333
2024-09-16 05:00:00,0.0037149999999999996,0.002537916666666667
2024-09-16 05:30:00,0.011264999999999999,0.00844875
2024-09-16 06:00:00,0.04078333333333333,0.0305875
2024-09-16 06:30:00,0.02919833333333333,0.021898749999999998
2024-09-16 07:00:00,0.021968333333333336,0.01647625
2024-09-16 07:30:00,0.021355,0.01601625
2024-09-16 08:00:00,0.021281666666666667,0.01596125
2024-09-16 08:30:00,0.0393,0.029475
2024-09-16 09:00:00,0.03998,0.029984999999999998
2024-09-16 09:30:00,0.03913666666666667,0.029352500000000004
2024-09-16 10:00:00,0.015120000000000001,0.011340000000000001
2024-09-16 10:30:00,0.004693333333333333,0.0032916666666666667
2024-09-16 11:00:00,-0.006906666666666668,-0.0073675
2024-09-16 11:30:00,-0.01748,-0.01748
2024-09-16 12:00:00,0.01186,0.01186
2024-09-16 12:30:00,0.016710000000000003,0.016710000000000003
2024-09-16 13:00:00,0.021890000000000003,0.0273625
2024-09-16 13:30:00,0.025169999999999998,0.0314625
2024-09-16 14:00:00,0.039323333333333335,0.049154166666666665
2024-09-16 14:30:00,0.05416000000000001,0.0677
2024-09-16 15:00:00,0.06717333333333333,0.08396666666666668
2024-09-16 15:30:00,0.07398833333333334,0.09248541666666665
2024-09-16 16:00:00,0.08441333333333334,0.10551666666666666
2024-09-16 16:30:00,0.19914666666666667,0.2489333333333333
2024-09-16 17:00:00,0.21826166666666666,0.27282708333333333
2024-09-16 17:30:00,0.2583583333333333,0.32294791666666667
2024-09-16 18:00:00,0.26467,0.3308375
2024-09-16 18:30:00,0.22880666666666669,0.28600833333333336
2024-09-16 19:00:00,0.12991,0.1623875
2024-09-16 19:30:00,0.08904833333333334,0.11131041666666668
2024-09-16 20:00:00,0.078775,0.09846875
2024-09-16 20:30:00,0.07562833333333334,0.09453541666666666
2024-09-16 21:00:00,0.07938166666666667,0.09922708333333334
2024-09-16 21:30:00,0.09235666666666666,0.11544583333333334
2024-09-16 22:00:00,0.10237666666666667,0.12797083333333334
2024-09-16 22:30:00,0.09000333333333334,0.11250416666666667
2024-09-16 23:00:00,0.09570833333333334,0.11963541666666666
2024-09-16 23:30:00,0.09982333333333333,0.12477916666666668
2024-09-17 00:00:00,0.08124666666666668,0.060934999999999996
2024-09-17 00:30:00,0.07,0.0525
2024-09-17 01:00:00,0.027826666666666666,0.02087
2024-09-17 01:30:00,0.008278333333333334,0.00620875
2024-09-17 02:00:00,0.006083333333333333,0.004562500000000001
2024-09-17 02:30:00,0.0005949999999999999,0.00018250000000000007
2024-09-17 03:00:00,-0.0018583333333333331,-0.00188625
2024-09-17 03:30:00,-0.004665,-0.0047
2024-09-17 04:00:00,-0.00967,-0.009689166666666667
2024-09-17 04:30:00,0.00011166666666666667,6.583333333333333e-05
2024-09-17 05:00:00,0.0037616666666666666,0.0028212500000000004
2024-09-17 05:30:00,0.008453333333333334,0.006339999999999999
2024-09-17 06:00:00,0.01031,0.0077325
2024-09-17 06:30:00,0.029215,0.021911249999999997
2024-09-17 07:00:00,-0.0008316666666666663,-0.0024724999999999994
2024-09-17 07:30:00,-0.00878,-0.00916125
2024-09-17 08:00:00,0.016396666666666667,0.012297500000000001
2024-09-17 08:30:00,-0.003365,-0.003790416666666667
2024-09-17 09:00:00,-0.042964999999999996,-0.042964999999999996
2024-09-17 09:30:00,-0.055433333333333334,-0.055433333333333334
2024-09-17 10:00:00,-0.052836666666666664,-0.052836666666666664
2024-09-17 10:30:00,-0.05669666666666667,-0.05669666666666667
2024-09-17 11:00:00,-0.05805333333333334,-0.05805333333333334
2024-09-17 11:30:00,-0.05830833333333333,-0.05830833333333333
2024-09-17 12:00:00,-0.058313333333333335,-0.058313333333333335
2024-09-17 12:30:00,-0.05825,-0.05825
2024-09-17 13:00:00,-0.05801666666666667,-0.05801666666666667
2024-09-17 13:30:00,-0.05730666666666667,-0.05730666666666667
2024-09-17 14:00:00,-0.05358833333333333,-0.05358833333333333
2024-09-17 14:30:00,-0.05029666666666666,-0.05029666666666666
2024-09-17 15:00:00,-0.055553333333333337,-0.055553333333333337
2024-09-17 15:30:00,-0.057846666666666664,-0.057846666666666664
2024-09-17 16:00:00,-0.03911666666666667,-0.03911666666666667
2024-09-17 16:30:00,0.004883333333333333,0.0076875
2024-09-17 17:00:00,0.061178333333333335,0.07647291666666667
2024-09-17 17:30:00,0.04939833333333333,0.06253958333333333
2024-09-17 18:00:00,0.02088833333333333,0.029446250000000004
2024-09-17 18:30:00,0.05917,0.0739625
2024-09-17 19:00:00,0.0037416666666666674,0.004677083333333334
2024-09-17 19:30:00,0.00895,0.011187499999999998
2024-09-17 20:00:00,0.010724999999999998,0.01340625
2024-09-17 20:30:00,0.00211,0.0026374999999999997
2024-09-17 21:00:00,-0.004518333333333333,-0.00449
2024-09-17 21:30:00,-0.017555,-0.016706250000000002
2024-09-17 22:00:00,-0.011413333333333333,-0.01137
2024-09-17 22:30:00,0.00989,0.0123625
2024-09-17 23:00:00,-0.014403333333333332,-0.013640833333333333
2024-09-17 23:30:00,-0.02997,-0.029966666666666666
2024-09-18 00:00:00,-0.04913666666666666,-0.04913666666666666
2024-09-18 00:30:00,-0.046635,-0.046635
2024-09-18 01:00:00,-0.048578333333333334,-0.048578333333333334
2024-09-18 01:30:00,-0.052825000000000004,-0.052825000000000004
2024-09-18 02:00:00,-0.055566666666666674,-0.055566666666666674
2024-09-18 02:30:00,-0.05556333333333333,-0.05556333333333333
2024-09-18 03:00:00,-0.054878333333333335,-0.054878333333333335
2024-09-18 03:30:00,-0.05318166666666666,-0.05318166666666666
2024-09-18 04:00:00,-0.05369666666666667,-0.05369666666666667
2024-09-18 04:30:00,-0.05598166666666667,-0.05598166666666667
2024-09-18 05:00:00,-0.05495666666666666,-0.05495666666666666
2024-09-18 05:30:00,-0.051581666666666665,-0.051581666666666665
2024-09-18 06:00:00,-0.009741666666666668,-0.009741666666666668
2024-09-18 06:30:00,2.5e-05,1.4999999999999999e-05
2024-09-18 07:00:00,-0.018665,-0.018669166666666667
2024-09-18 07:30:00,-0.05068166666666666,-0.05068166666666666
2024-09-18 08:00:00,-0.05018999999999999,-0.05018999999999999
2024-09-18 08:30:00,-0.05194833333333334,-0.05194833333333334
2024-09-18 09:00:00,-0.05731833333333334,-0.05731833333333334
2024-09-18 09:30:00,-0.05730666666666667,-0.05730666666666667
2024-09-18 10:00:00,-0.05801833333333334,-0.05801833333333334
2024-09-18 10:30:00,-0.059653333333333336,-0.059653333333333336
2024-09-18 11:00:00,-0.092725,-0.092725
2024-09-18 11:30:00,-0.07702833333333334,-0.07702833333333334
2024-09-18 12:00:00,-0.09532,-0.09532
2024-09-18 12:30:00,-0.06120833333333334,-0.06120833333333334
2024-09-18 13:00:00,-0.05634,-0.05634
2024-09-18 13:30:00,-0.051815,-0.051815
2024-09-18 14:00:00,-0.026405,-0.026234999999999998
2024-09-18 14:30:00,-0.04815333333333333,-0.04815333333333333
2024-09-18 15:00:00,-0.028499999999999998,-0.028499999999999998
2024-09-18 15:30:00,0.01897,0.023795833333333332
2024-09-18 16:00:00,0.01888,0.0236
2024-09-18 16:30:00,0.06084,0.07656625
2024-09-18 17:00:00,0.10269833333333334,0.12837291666666667
2024-09-18 17:30:00,0.10986666666666667,0.13733333333333334
2024-09-18 18:00:00,0.077385,0.09673125
2024-09-18 18:30:00,0.075,0.09375
2024-09-18 19:00:00,0.069115,0.08639374999999999
2024-09-18 19:30:00,0.063,0.07875
2024-09-18 20:00:00,0.054604999999999994,0.06825625
2024-09-18 20:30:00,0.05585333333333333,0.06981666666666667
2024-09-18 21:00:00,0.056185000000000006,0.07023125000000001
2024-09-18 21:30:00,0.05934999999999999,0.0741875
2024-09-18 22:00:00,0.040808333333333335,0.05101041666666667
2024-09-18 22:30:00,0.007376666666666667,0.009220833333333333
2024-09-18 23:00:00,0.022113333333333332,0.027641666666666665
2024-09-18 23:30:00,0.005066666666666666,0.006333333333333333
2024-09-19 00:00:00,0.007525,0.00564375
2024-09-19 00:30:00,0.010835,0.00812625
2024-09-19 01:00:00,0.007321666666666666,0.0054912500000000005
2024-09-19 01:30:00,0.00887,0.0066524999999999996
2024-09-19 02:00:00,0.00895,0.006712500000000001
2024-09-19 02:30:00,0.008626666666666666,0.00647
2024-09-19 03:00:00,0.010784999999999998,0.00808875
2024-09-19 03:30:00,0.030078333333333335,0.02255875
2024-09-19 04:00:00,0.037948333333333334,0.028461250000000004
2024-09-19 04:30:00,0.019378333333333334,0.01453375
2024-09-19 05:00:00,0.034166666666666665,0.025625
2024-09-19 05:30:00,0.059015000000000005,0.044261249999999995
2024-09-19 06:00:00,0.06252833333333334,0.04689625
2024-09-19 06:30:00,0.05585166666666667,0.04188875
2024-09-19 07:00:00,0.012625000000000003,0.009369583333333334
2024-09-19 07:30:00,0.005563333333333333,0.0041725
2024-09-19 08:00:00,0.02123,0.015922500000000003
2024-09-19 08:30:00,0.02605666666666667,0.0195425
2024-09-19 09:00:00,0.009866666666666666,0.0074
2024-09-19 09:30:00,0.005598333333333334,0.00419875
2024-09-19 10:00:00,0.030585,0.022938749999999997
2024-09-19 10:30:00,0.03177666666666667,0.023816249999999997
2024-09-19 11:00:00,0.013118333333333334,0.00983875
2024-09-19 11:30:00,0.0035150000000000003,0.0026362499999999997
2024-09-19 12:00:00,0.01019,0.01019
2024-09-19 12:30:00,0.013768333333333334,0.013768333333333334
2024-09-19 13:00:00,0.00412,0.005200833333333333
2024-09-19 13:30:00,0.003973333333333333,0.005553333333333334
2024-09-19 14:00:00,0.017638333333333336,0.022047916666666667
2024-09-19 14:30:00,0.0028599999999999997,0.0036087499999999995
2024-09-19 15:00:00,0.0054083333333333344,0.006787500000000001
2024-09-19 15:30:00,0.014346666666666667,0.017933333333333332
2024-09-19 16:00:00,0.04458666666666666,0.055733333333333336
2024-09-19 16:30:00,0.04752833333333334,0.05941041666666667
2024-09-19 17:00:00,0.12335499999999999,0.15419375
2024-09-19 17:30:00,0.25432666666666665,0.3179083333333333
2024-09-19 18:00:00,0.24611000000000002,0.3076375
2024-09-19 18:30:00,0.2596733333333333,0.32459166666666667
2024-09-19 19:00:00,0.16092166666666666,0.20115208333333334
2024-09-19 19:30:00,0.28568333333333334,0.3571041666666666
2024-09-19 20:00:00,0.32139833333333334,0.40174791666666665
2024-09-19 20:30:00,0.181045,0.22630624999999996
2024-09-19 21:00:00,0.12576,0.15719999999999998
2024-09-19 21:30:00,0.07216,0.0902
2024-09-19 22:00:00,0.07218500000000001,0.09023125
2024-09-19 22:30:00,0.0658,0.08225
2024-09-19 23:00:00,0.06967833333333333,0.08709791666666666
2024-09-19 23:30:00,0.07117166666666667,0.08896458333333333
2024-09-20 00:00:00,0.06970166666666668,0.052276249999999996
2024-09-20 00:30:00,0.07090833333333334,0.05318124999999999
2024-09-20 01:00:00,0.06780166666666666,0.050851249999999994
2024-09-20 01:30:00,0.058985,0.04423875
2024-09-20 02:00:00,0.049205,0.036903750000000006
2024-09-20 02:30:00,0.057493333333333334,0.04312
2024-09-20 03:00:00,0.051325,0.03849375
2024-09-20 03:30:00,0.054613333333333326,0.04096
2024-09-20 04:00:00,0.059275,0.04445625
2024-09-20 04:30:00,0.062145,0.04660875
2024-09-20 05:00:00,0.07018500000000001,0.052638750000000005
2024-09-20 05:30:00,0.07417,0.055627499999999996
2024-09-20 06:00:00,0.07850166666666666,0.05887625
2024-09-20 06:30:00,0.08002333333333334,0.0600175
2024-09-20 07:00:00,0.06650666666666667,0.04988
2024-09-20 07:30:00,0.018763333333333333,0.0140725
2024-09-20 08:00:00,0.026271666666666665,0.019703750000000003
2024-09-20 08:30:00,0.04383499999999999,0.03287625
2024-09-20 09:00:00,0.049098333333333334,0.036823749999999995
2024-09-20 09:30:00,0.027283333333333337,0.020462499999999998
2024-09-20 10:00:00,0.03166833333333333,0.02375125
2024-09-20 10:30:00,0.014379999999999999,0.010785000000000001
2024-09-20 11:00:00,0.018081666666666666,0.013561250000000002
2024-09-20 11:30:00,0.016518333333333333,0.012388749999999999
2024-09-20 12:00:00,0.005526666666666667,0.005526666666666667
2024-09-20 12:30:00,0.0024700000000000004,0.0024700000000000004
2024-09-20 13:00:00,-0.00294,-0.00294
2024-09-20 13:30:00,-0.01791833333333333,-0.01791833333333333
2024-09-20 14:00:00,-0.03080833333333333,-0.03080833333333333
2024-09-20 14:30:00,-0.02305,-0.022572083333333336
2024-09-20 15:00:00,0.010528333333333334,0.015238333333333335
2024-09-20 15:30:00,0.019788333333333335,0.024735416666666666
2024-09-20 16:00:00,0.034703333333333336,0.04337916666666666
2024-09-20 16:30:00,0.07264,0.09079999999999999
2024-09-20 17:00:00,0.13258166666666668,0.16572708333333333
2024-09-20 17:30:00,0.16605833333333334,0.20757291666666666
2024-09-20 18:00:00,0.12537833333333334,0.15672291666666668
2024-09-20 18:30:00,0.09862,0.12327500000000001
2024-09-20 19:00:00,0.072175,0.09021875
2024-09-20 19:30:00,0.073795,0.09224375
2024-09-20 20:00:00,0.07396333333333334,0.09245416666666667
2024-09-20 20:30:00,0.07,0.08749999999999998
2024-09-20 21:00:00,0.07,0.08749999999999998
2024-09-20 21:30:00,0.07,0.08749999999999998
2024-09-20 22:00:00,0.06984,0.08729999999999999
2024-09-20 22:30:00,0.07103,0.0887875
2024-09-20 23:00:00,0.07362,0.09202499999999998
2024-09-20 23:30:00,0.07252,0.09065
2024-09-21 00:00:00,0.06822,0.051164999999999995
2024-09-21 00:30:00,0.061173333333333337,0.045880000000000004
2024-09-21 01:00:00,0.06005166666666667,0.045038749999999995
2024-09-21 01:30:00,0.05484833333333333,0.041136250000000006
2024-09-21 02:00:00,0.05241666666666667,0.0393125
2024-09-21 02:30:00,0.051875,0.03890625
2024-09-21 03:00:00,0.052906666666666664,0.03968
2024-09-21 03:30:00,0.05332666666666667,0.039995
2024-09-21 04:00:00,0.052636666666666665,0.0394775
2024-09-21 04:30:00,0.052656666666666664,0.0394925
2024-09-21 05:00:00,0.05690166666666666,0.04267625
2024-09-21 05:30:00,0.057751666666666666,0.043313750000000005
2024-09-21 06:00:00,0.048960000000000004,0.03672
2024-09-21 06:30:00,0.031843333333333335,0.0238825
2024-09-21 07:00:00,0.013359999999999999,0.010020000000000001
2024-09-21 07:30:00,0.019081666666666667,0.01431125
2024-09-21 08:00:00,-0.00017499999999999994,-0.00021833333333333332
2024-09-21 08:30:00,-0.022463333333333335,-0.022507083333333334
2024-09-21 09:00:00,-0.028496666666666667,-0.028939583333333335
2024-09-21 09:30:00,-0.04449,-0.04449
2024-09-21 10:00:00,-0.008676666666666668,-0.009520833333333334
2024-09-21 10:30:00,-0.03585666666666667,-0.03587958333333333
2024-09-21 11:00:00,-0.10440666666666669,-0.10440666666666669
2024-09-21 11:30:00,-0.15400166666666668,-0.15400166666666668
2024-09-21 12:00:00,-0.09493166666666665,-0.09493166666666665
2024-09-21 12:30:00,-0.15678333333333336,-0.15678333333333336
2024-09-21 13:00:00,-0.12244,-0.12244
2024-09-21 13:30:00,-0.15022833333333332,-0.15022833333333332
2024-09-21 14:00:00,-0.074265,-0.07289291666666667
2024-09-21 14:30:00,-0.08193166666666667,-0.08131458333333333
2024-09-21 15:00:00,-0.008158333333333333,-0.007810833333333334
2024-09-21 15:30:00,-0.009076666666666665,-0.009076666666666665
2024-09-21 16:00:00,0.02122,0.026525000000000003
2024-09-21 16:30:00,0.054711666666666665,0.06838958333333334
2024-09-21 17:00:00,0.09485833333333334,0.11857291666666665
2024-09-21 17:30:00,0.13380666666666666,0.16725833333333331
2024-09-21 18:00:00,0.130985,0.16373125
2024-09-21 18:30:00,0.09919833333333333,0.12399791666666667
2024-09-21 19:00:00,0.06929333333333333,0.08661666666666666
2024-09-21 19:30:00,0.06732666666666667,0.08415833333333333
2024-09-21 20:00:00,0.06222166666666667,0.07777708333333333
2024-09-21 20:30:00,0.06041666666666667,0.07552083333333333
2024-09-21 21:00:00,0.06260333333333333,0.07825416666666667
2024-09-21 21:30:00,0.059595,0.07449375000000001
2024-09-21 22:00:00,0.06282333333333333,0.07852916666666666
2024-09-21 22:30:00,0.06222333333333333,0.07777916666666666
2024-09-21 23:00:00,0.05778166666666667,0.07222708333333333
2024-09-21 23:30:00,0.060151666666666666,0.07518958333333334
2024-09-22 00:00:00,0.057255,0.04294124999999999
2024-09-22 00:30:00,0.05438166666666666,0.04078625
2024-09-22 01:00:00,0.05282,0.039615000000000004
2024-09-22 01:30:00,0.04950333333333334,0.0371275
2024-09-22 02:00:00,0.05026833333333333,0.03770125
2024-09-22 02:30:00,0.052115,0.039086249999999996
2024-09-22 03:00:00,0.050383333333333336,0.0377875
2024-09-22 03:30:00,0.04917666666666667,0.036882500000000006
2024-09-22 04:00:00,0.047365,0.03552375
2024-09-22 04:30:00,0.03848166666666667,0.02886125
2024-09-22 05:00:00,0.036344999999999995,0.027258749999999998
2024-09-22 05:30:00,0.034865,0.02614875
2024-09-22 06:00:00,0.02228833333333333,0.01671625
2024-09-22 06:30:00,-0.0031433333333333335,-0.005302500000000001
2024-09-22 07:00:00,-0.036846666666666666,-0.036846666666666666
2024-09-22 07:30:00,-0.05577000000000001,-0.05577000000000001
2024-09-22 08:00:00,-0.05787666666666667,-0.05787666666666667
2024-09-22 08:30:00,-0.12481166666666667,-0.12481166666666667
2024-09-22 09:00:00,-0.07160333333333334,-0.07160333333333334
2024-09-22 09:30:00,-0.12830333333333335,-0.12830333333333335
2024-09-22 10:00:00,-0.063185,-0.063185
2024-09-22 10:30:00,-0.12163,-0.12163
2024-09-22 11:00:00,-0.09805000000000001,-0.09805000000000001
2024-09-22 11:30:00,-0.09273166666666666,-0.09273166666666666
2024-09-22 12:00:00,-0.05879,-0.05879
2024-09-22 12:30:00,-0.064915,-0.064915
2024-09-22 13:00:00,-0.08152999999999999,-0.08152999999999999
2024-09-22 13:30:00,-0.06462166666666667,-0.06462166666666667
2024-09-22 14:00:00,-0.08540833333333335,-0.08540833333333335
2024-09-22 14:30:00,-0.124065,-0.124065
2024-09-22 15:00:00,-0.064145,-0.064145
2024-09-22 15:30:00,-0.05442,-0.05442
2024-09-22 16:00:00,-0.007921666666666667,-0.0036729166666666668
2024-09-22 16:30:00,0.05289,0.0661125
2024-09-22 17:00:00,0.10344833333333332,0.12931041666666665
2024-09-22 17:30:00,0.2156733333333333,0.2695916666666667
2024-09-22 18:00:00,0.143395,0.17924375
2024-09-22 18:30:00,0.10291,0.1286375
2024-09-22 19:00:00,0.08261,0.1032625
2024-09-22 19:30:00,0.06910166666666667,0.08637708333333333
2024-09-22 20:00:00,0.060651666666666666,0.07581458333333334
2024-09-22 20:30:00,0.05203833333333333,0.06504791666666666
2024-09-22 21:00:00,0.050326666666666665,0.06290833333333333
2024-09-22 21:30:00,0.03934666666666666,0.04918333333333333
2024-09-22 22:00:00,0.03216666666666667,0.04020833333333333
2024-09-22 22:30:00,0.007418333333333333,0.009272916666666667
2024-09-22 23:00:00,0.028306666666666664,0.03538333333333333
2024-09-22 23:30:00,0.01642666666666667,0.022899583333333338
2024-09-23 00:00:00,0.01346,0.009842916666666666
2024-09-23 00:30:00,0.005583333333333333,0.0037187500000000003
2024-09-23 01:00:00,0.010193333333333334,0.007645
2024-09-23 01:30:00,0.014266666666666665,0.010700000000000001
2024-09-23 02:00:00,0.00895,0.006712500000000001
2024-09-23 02:30:00,0.015021666666666668,0.01126625
2024-09-23 03:00:00,0.018045000000000002,0.013533750000000002
2024-09-23 03:30:00,0.043050000000000005,0.0322875
2024-09-23 04:00:00,0.03494833333333334,0.026211250000000002
2024-09-23 04:30:00,0.03717,0.0278775
2024-09-23 05:00:00,0.057598333333333335,0.04319875
2024-09-23 05:30:00,0.06072333333333333,0.04554250000000001
2024-09-23 06:00:00,0.06330000000000001,0.047474999999999996
2024-09-23 06:30:00,0.0584,0.0438
2024-09-23 07:00:00,0.030751666666666667,0.023063749999999997
2024-09-23 07:30:00,0.024085,0.01806375
2024-09-23 08:00:00,0.031985,0.02398875
2024-09-23 08:30:00,0.009261666666666666,0.005099166666666668
2024-09-23 09:00:00,-0.000338333333333334,-0.0018462500000000007
2024-09-23 09:30:00,-0.0005616666666666664,-0.0019320833333333332
2024-09-23 10:00:00,-0.007085000000000001,-0.007931666666666667
2024-09-23 10:30:00,-0.038503333333333334,-0.038503333333333334
2024-09-23 11:00:00,-0.04874,-0.04874
2024-09-23 11:30:00,-0.050085,-0.050085
2024-09-23 12:00:00,-0.048115,-0.048115
2024-09-23 12:30:00,-0.049216666666666666,-0.049216666666666666
2024-09-23 13:00:00,-0.051005,-0.051005
2024-09-23 13:30:00,-0.009861666666666666,-0.00812375
2024-09-23 14:00:00,0.0002583333333333335,0.0015220833333333338
2024-09-23 14:30:00,0.014373333333333335,0.018195
2024-09-23 15:00:00,0.011049999999999999,0.01411875
2024-09-23 15:30:00,0.015738333333333333,0.01967291666666667
2024-09-23 16:00:00,0.031015,0.03876875
2024-09-23 16:30:00,0.037796666666666666,0.04724583333333333
2024-09-23 17:00:00,0.10546,0.131825
2024-09-23 17:30:00,0.17946833333333334,0.22433541666666668
2024-09-23 18:00:00,0.17587666666666668,0.21984583333333332
2024-09-23 18:30:00,0.103225,0.12903125000000001
2024-09-23 19:00:00,0.077275,0.09659374999999999
2024-09-23 19:30:00,0.0689,0.08612500000000001
2024-09-23 20:00:00,0.06987666666666666,0.08734583333333334
2024-09-23 20:30:00,0.066555,0.08319375
2024-09-23 21:00:00,0.06766833333333334,0.08458541666666668
2024-09-23 21:30:00,0.06850333333333333,0.08562916666666666
2024-09-23 22:00:00,0.08746166666666666,0.10932708333333334
2024-09-23 22:30:00,0.08693166666666667,0.10866458333333333
2024-09-23 23:00:00,0.08602333333333334,0.10752916666666668
2024-09-23 23:30:00,0.07889333333333333,0.09861666666666667
2024-09-24 00:00:00,0.07358666666666668,0.055189999999999996
2024-09-24 00:30:00,0.06776,0.05082
2024-09-24 01:00:00,0.06581666666666668,0.049362500000000004
2024-09-24 01:30:00,0.06482333333333333,0.0486175
2024-09-24 02:00:00,0.06349500000000001,0.047621250000000004
2024-09-24 02:30:00,0.059445,0.044583750000000005
2024-09-24 03:00:00,0.061808333333333326,0.046356249999999995
2024-09-24 03:30:00,0.06040333333333334,0.0453025
2024-09-24 04:00:00,0.062191666666666666,0.046643750000000005
2024-09-24 04:30:00,0.06413166666666666,0.04809875
2024-09-24 05:00:00,0.06960166666666667,0.05220125
2024-09-24 05:30:00,0.07,0.0525
2024-09-24 06:00:00,0.07010666666666666,0.052579999999999995
2024-09-24 06:30:00,0.06839166666666667,0.05129375
2024-09-24 07:00:00,0.057365,0.04302375
2024-09-24 07:30:00,0.05651833333333334,0.042388749999999996
2024-09-24 08:00:00,0.05219833333333334,0.03914875
2024-09-24 08:30:00,0.033125,0.024843749999999998
2024-09-24 09:00:00,0.024603333333333335,0.0184525
2024-09-24 09:30:00,0.01991,0.014932500000000001
2024-09-24 10:00:00,0.004706666666666667,0.0015937500000000003
2024-09-24 10:30:00,-0.009099999999999999,-0.011318333333333333
2024-09-24 11:00:00,0.004308333333333334,0.0018245833333333343
2024-09-24 11:30:00,0.002496666666666666,0.00089625
2024-09-24 12:00:00,-0.03383666666666667,-0.03383666666666667
2024-09-24 12:30:00,-0.053380000000000004,-0.053380000000000004
2024-09-24 13:00:00,-0.018128333333333333,-0.017707083333333335
2024-09-24 13:30:00,-0.03354666666666667,-0.033460833333333335
2024-09-24 14:00:00,-0.0078000000000000005,-0.006437500000000001
2024-09-24 14:30:00,0.019454999999999997,0.02431875
2024-09-24 15:00:00,0.0255,0.031875
2024-09-24 15:30:00,0.04853333333333334,0.06066666666666667
2024-09-24 16:00:00,0.086445,0.10805625
2024-09-24 16:30:00,0.13632333333333332,0.17040416666666666
2024-09-24 17:00:00,0.16545833333333335,0.20682291666666666
2024-09-24 17:30:00,0.2885083333333333,0.3606354166666667
2024-09-24 18:00:00,0.21658833333333335,0.2707354166666667
2024-09-24 18:30:00,0.16929833333333333,0.21162291666666666
2024-09-24 19:00:00,0.12104999999999999,0.1513125
2024-09-24 19:30:00,0.10872666666666665,0.13590833333333333
2024-09-24 20:00:00,0.09695333333333334,0.12119166666666666
2024-09-24 20:30:00,0.09047833333333333,0.11309791666666667
2024-09-24 21:00:00,0.09129999999999999,0.11412499999999999
2024-09-24 21:30:00,0.077525,0.09690624999999999
2024-09-24 22:00:00,0.07533833333333333,0.09417291666666666
2024-09-24 22:30:00,0.07227166666666666,0.09033958333333332
2024-09-24 23:00:00,0.07994833333333333,0.09993541666666667
2024-09-24 23:30:00,0.08014500000000001,0.10018125
2024-09-25 00:00:00,0.07,0.0525
2024-09-25 00:30:00,0.07,0.0525
2024-09-25 01:00:00,0.07499833333333333,0.05624874999999999
2024-09-25 01:30:00,0.07279000000000001,0.054592499999999995
2024-09-25 02:00:00,0.07,0.0525
2024-09-25 02:30:00,0.06415333333333333,0.048115
2024-09-25 03:00:00,0.05631333333333333,0.042235
2024-09-25 03:30:00,0.049465,0.03709875
2024-09-25 04:00:00,0.050144999999999995,0.03760875
2024-09-25 04:30:00,0.05583166666666667,0.041873749999999994
2024-09-25 05:00:00,0.05921333333333333,0.044410000000000005
2024-09-25 05:30:00,0.06074833333333333,0.04556125
2024-09-25 06:00:00,0.05880666666666667,0.044105
2024-09-25 06:30:00,0.04990833333333333,0.03743125
2024-09-25 07:00:00,0.060458333333333336,0.045343749999999995
2024-09-25 07:30:00,0.059903333333333336,0.0449275
2024-09-25 08:00:00,0.05521,0.0414075
2024-09-25 08:30:00,0.03118,0.023385
2024-09-25 09:00:00,0.033238333333333335,0.02492875
2024-09-25 09:30:00,0.011936666666666665,0.0089525
2024-09-25 10:00:00,0.017348333333333334,0.01301125
2024-09-25 10:30:00,-0.0071200000000000005,-0.0075541666666666665
2024-09-25 11:00:00,-0.030549999999999997,-0.03139416666666667
2024-09-25 11:30:00,-0.04966333333333334,-0.04966333333333334
2024-09-25 12:00:00,-0.056258333333333334,-0.056258333333333334
2024-09-25 12:30:00,-0.057361666666666665,-0.057361666666666665
2024-09-25 13:00:00,-0.05752666666666667,-0.05752666666666667
2024-09-25 13:30:00,-0.05764166666666667,-0.05764166666666667
2024-09-25 14:00:00,-0.057620000000000005,-0.057620000000000005
2024-09-25 14:30:00,-0.05764166666666667,-0.05764166666666667
2024-09-25 15:00:00,-0.024763333333333335,-0.024763333333333335
2024-09-25 15:30:00,-0.03348,-0.03348
2024-09-25 16:00:00,0.0032833333333333343,0.006979583333333333
2024-09-25 16:30:00,0.016708333333333335,0.020885416666666667
2024-09-25 17:00:00,0.057023333333333336,0.07127916666666667
2024-09-25 17:30:00,0.10644500000000001,0.13305625
2024-09-25 18:00:00,0.12415333333333334,0.15519166666666667
2024-09-25 18:30:00,0.11937833333333332,0.14922291666666668
2024-09-25 19:00:00,0.09601166666666666,0.12001458333333333
2024-09-25 19:30:00,0.07745166666666667,0.09681458333333333
2024-09-25 20:00:00,0.07494333333333333,0.09367916666666666
2024-09-25 20:30:00,0.07,0.08749999999999998
2024-09-25 21:00:00,0.067965,0.08495625
2024-09-25 21:30:00,0.06657,0.0832125
2024-09-25 22:00:00,0.069125,0.08640625
2024-09-25 22:30:00,0.06857500000000001,0.08571875
2024-09-25 23:00:00,0.06960000000000001,0.08700000000000001
2024-09-25 23:30:00,0.07057166666666667,0.08821458333333333
2024-09-26 00:00:00,0.06723833333333333,0.05042875
2024-09-26 00:30:00,0.06402166666666667,0.04801625
2024-09-26 01:00:00,0.059838333333333334,0.04487875
2024-09-26 01:30:00,0.050575,0.03793125
2024-09-26 02:00:00,0.048960000000000004,0.03672
2024-09-26 02:30:00,0.048358333333333337,0.03626875
2024-09-26 03:00:00,0.051471666666666666,0.03860375
2024-09-26 03:30:00,0.05065833333333333,0.03799375
2024-09-26 04:00:00,0.06117166666666667,0.04587875
2024-09-26 04:30:00,0.06589166666666667,0.049418750000000004
2024-09-26 05:00:00,0.06237,0.0467775
2024-09-26 05:30:00,0.064525,0.048393750000000006
2024-09-26 06:00:00,0.06942833333333333,0.05207124999999999
2024-09-26 06:30:00,0.04745666666666667,0.0355925
2024-09-26 07:00:00,0.034385,0.02578875
2024-09-26 07:30:00,0.047314999999999996,0.035486250000000004
2024-09-26 08:00:00,0.013206666666666667,0.007129583333333332
2024-09-26 08:30:00,0.020393333333333333,0.015294999999999998
2024-09-26 09:00:00,-5.833333333333334e-05,-7.750000000000003e-05
2024-09-26 09:30:00,-0.009235,-0.01039625
2024-09-26 10:00:00,-0.003445,-0.00437375
2024-09-26 10:30:00,-0.04106166666666667,-0.04175625
2024-09-26 11:00:00,-0.05500166666666667,-0.05500166666666667
2024-09-26 11:30:00,-0.07540999999999999,-0.07540999999999999
2024-09-26 12:00:00,-0.077,-0.077
2024-09-26 12:30:00,-0.05902333333333334,-0.05902333333333334
2024-09-26 13:00:00,-0.05464666666666667,-0.05464666666666667
2024-09-26 13:30:00,-0.053406666666666665,-0.053406666666666665
2024-09-26 14:00:00,-0.053513333333333336,-0.053513333333333336
2024-09-26 14:30:00,-0.05212,-0.05212
2024-09-26 15:00:00,-0.020175,-0.019629999999999998
2024-09-26 15:30:00,0.014561666666666667,0.018202083333333334
2024-09-26 16:00:00,0.03358666666666667,0.04198333333333334
2024-09-26 16:30:00,0.03766,0.047075
2024-09-26 17:00:00,0.07890666666666667,0.09863333333333334
2024-09-26 17:30:00,0.1413633333333333,0.17670416666666666
2024-09-26 18:00:00,0.11911666666666666,0.14889583333333334
2024-09-26 18:30:00,0.13139666666666666,0.16424583333333334
2024-09-26 19:00:00,0.10759833333333334,0.13449791666666666
2024-09-26 19:30:00,0.09662666666666668,0.12078333333333334
2024-09-26 20:00:00,0.10778833333333333,0.13473541666666666
2024-09-26 20:30:00,0.11774666666666667,0.14718333333333333
2024-09-26 21:00:00,0.08888,0.11109999999999999
2024-09-26 21:30:00,0.1408866666666667,0.17610833333333334
2024-09-26 22:00:00,0.094375,0.11796875
2024-09-26 22:30:00,0.08301333333333334,0.10376666666666667
2024-09-26 23:00:00,0.07,0.08749999999999998
2024-09-26 23:30:00,0.07,0.08749999999999998
2024-09-27 00:00:00,0.07,0.0525
2024-09-27 00:30:00,0.07305,0.054787499999999996
2024-09-27 01:00:00,0.08229666666666667,0.061722500000000007
2024-09-27 01:30:00,0.06997500000000001,0.05248125
2024-09-27 02:00:00,0.07,0.0525
2024-09-27 02:30:00,0.06085000000000001,0.0456375
2024-09-27 03:00:00,0.058320000000000004,0.04374
2024-09-27 03:30:00,0.05565,0.041737500000000004
2024-09-27 04:00:00,0.05742,0.043065
2024-09-27 04:30:00,0.05799666666666667,0.043497499999999995
2024-09-27 05:00:00,0.05268333333333333,0.0395125
2024-09-27 05:30:00,0.0525,0.039375
2024-09-27 06:00:00,0.04231000000000001,0.031732500000000004
2024-09-27 06:30:00,-0.011566666666666668,-0.012491666666666667
2024-09-27 07:00:00,-0.03798833333333333,-0.03798833333333333
2024-09-27 07:30:00,-0.049690000000000005,-0.049690000000000005
2024-09-27 08:00:00,-0.043785,-0.043785
2024-09-27 08:30:00,-0.048859999999999994,-0.048859999999999994
2024-09-27 09:00:00,-0.05156333333333333,-0.05156333333333333
2024-09-27 09:30:00,-0.05631333333333333,-0.05631333333333333
2024-09-27 10:00:00,-0.06226333333333334,-0.06226333333333334
2024-09-27 10:30:00,-0.059455,-0.059455
2024-09-27 11:00:00,-0.06988166666666666,-0.06988166666666666
2024-09-27 11:30:00,-0.06416166666666666,-0.06416166666666666
2024-09-27 12:00:00,-0.06082833333333334,-0.06082833333333334
2024-09-27 12:30:00,-0.057625,-0.057625
2024-09-27 13:00:00,-0.06561166666666667,-0.06561166666666667
2024-09-27 13:30:00,-0.07250333333333332,-0.07250333333333332
2024-09-27 14:00:00,-0.073745,-0.073745
2024-09-27 14:30:00,-0.05569166666666667,-0.05569166666666667
2024-09-27 15:00:00,-0.059215,-0.059215
2024-09-27 15:30:00,-0.052408333333333335,-0.052408333333333335
2024-09-27 16:00:00,0.030381666666666668,0.039830000000000004
2024-09-27 16:30:00,0.08691666666666666,0.10864583333333333
2024-09-27 17:00:00,0.09734833333333333,0.12168541666666666
2024-09-27 17:30:00,0.15162,0.18952500000000003
2024-09-27 18:00:00,0.10865833333333334,0.13582291666666665
2024-09-27 18:30:00,0.09816333333333332,0.12270416666666667
2024-09-27 19:00:00,0.07053,0.08816249999999999
2024-09-27 19:30:00,0.064785,0.08098125
2024-09-27 20:00:00,0.06214833333333333,0.07768541666666666
2024-09-27 20:30:00,0.0634,0.07925
2024-09-27 21:00:00,0.06519666666666667,0.08149583333333334
2024-09-27 21:30:00,0.06748833333333333,0.08436041666666666
2024-09-27 22:00:00,0.070115,0.08764375
2024-09-27 22:30:00,0.07418833333333334,0.09273541666666667
2024-09-27 23:00:00,0.08009833333333334,0.10012291666666667
2024-09-27 23:30:00,0.07016666666666667,0.08770833333333333
2024-09-28 00:00:00,0.06635833333333334,0.04976875
2024-09-28 00:30:00,0.05694833333333333,0.04271125
2024-09-28 01:00:00,0.04519,0.0338925
2024-09-28 01:30:00,0.03843,0.0288225
2024-09-28 02:00:00,0.03469666666666667,0.0260225
2024-09-28 02:30:00,0.03495,0.0262125
2024-09-28 03:00:00,0.033870000000000004,0.025402499999999998
2024-09-28 03:30:00,0.03305,0.0247875
2024-09-28 04:00:00,0.018141666666666667,0.01360625
2024-09-28 04:30:00,0.007753333333333333,0.005815000000000001
2024-09-28 05:00:00,0.009443333333333333,0.007082500000000001
2024-09-28 05:30:00,0.00756,0.0056700000000000006
2024-09-28 06:00:00,0.009105,0.006828750000000001
2024-09-28 06:30:00,-0.032645,-0.032780416666666666
2024-09-28 07:00:00,-0.05615333333333333,-0.05615333333333333
2024-09-28 07:30:00,-0.057898333333333336,-0.057898333333333336
2024-09-28 08:00:00,-0.059590000000000004,-0.059590000000000004
2024-09-28 08:30:00,-0.061288333333333334,-0.061288333333333334
2024-09-28 09:00:00,-0.06981666666666667,-0.06981666666666667
2024-09-28 09:30:00,-0.11108166666666668,-0.11108166666666668
2024-09-28 10:00:00,-0.08094166666666666,-0.08094166666666666
2024-09-28 10:30:00,-0.09909166666666665,-0.09909166666666665
2024-09-28 11:00:00,-0.06437333333333334,-0.06437333333333334
2024-09-28 11:30:00,-0.06048333333333333,-0.06048333333333333
2024-09-28 12:00:00,-0.05987,-0.05987
2024-09-28 12:30:00,-0.06706333333333334,-0.06706333333333334
2024-09-28 13:00:00,-0.07876333333333334,-0.07876333333333334
2024-09-28 13:30:00,-0.08554333333333335,-0.08554333333333335
2024-09-28 14:00:00,-0.14664000000000002,-0.14664000000000002
2024-09-28 14:30:00,-0.09105666666666666,-0.09105666666666666
2024-09-28 15:00:00,-0.07234833333333333,-0.07234833333333333
2024-09-28 15:30:00,-0.06072666666666667,-0.06072666666666667
2024-09-28 16:00:00,-0.05880666666666667,-0.05880666666666667
2024-09-28 16:30:00,-0.029215,-0.027100833333333334
2024-09-28 17:00:00,0.09290166666666666,0.11643708333333332
2024-09-28 17:30:00,0.16579833333333335,0.20724791666666667
2024-09-28 18:00:00,0.10032166666666668,0.12540208333333333
2024-09-28 18:30:00,0.07393666666666666,0.09242083333333334
2024-09-28 19:00:00,0.04960666666666667,0.06200833333333333
2024-09-28 19:30:00,0.04508,0.056350000000000004
2024-09-28 20:00:00,0.015693333333333333,0.020408333333333334
2024-09-28 20:30:00,-0.009046666666666666,-0.008854166666666666
2024-09-28 21:00:00,-0.0213,-0.021295833333333333
2024-09-28 21:30:00,-0.024621666666666667,-0.024621666666666667
2024-09-28 22:00:00,-0.04821,-0.04821
2024-09-28 22:30:00,-0.05310666666666667,-0.05310666666666667
2024-09-28 23:00:00,-0.04988,-0.04988
2024-09-28 23:30:00,-0.014446666666666668,-0.014446666666666668
2024-09-29 00:00:00,-0.021465,-0.021465
2024-09-29 00:30:00,-0.0040233333333333345,-0.0040233333333333345
2024-09-29 01:00:00,-0.02698333333333333,-0.02698333333333333
2024-09-29 01:30:00,-0.024575,-0.024575
2024-09-29 02:00:00,-0.044745,-0.044745
2024-09-29 02:30:00,-0.04699166666666666,-0.04699166666666666
2024-09-29 03:00:00,-0.04376,-0.04376
2024-09-29 03:30:00,-0.049091666666666665,-0.049091666666666665
2024-09-29 04:00:00,-0.046364999999999996,-0.046364999999999996
2024-09-29 04:30:00,-0.042146666666666666,-0.042146666666666666
2024-09-29 05:00:00,-0.04016666666666666,-0.04016666666666666
2024-09-29 05:30:00,-0.037586666666666664,-0.037586666666666664
2024-09-29 06:00:00,-0.03623166666666667,-0.03623166666666667
2024-09-29 06:30:00,-0.04305166666666666,-0.04305166666666666
2024-09-29 07:00:00,-0.05131,-0.05131
2024-09-29 07:30:00,-0.05717833333333333,-0.05717833333333333
2024-09-29 08:00:00,-0.05778333333333333,-0.05778333333333333
2024-09-29 08:30:00,-0.06502666666666666,-0.06502666666666666
2024-09-29 09:00:00,-0.05738666666666667,-0.05738666666666667
2024-09-29 09:30:00,-0.05823333333333334,-0.05823333333333334
2024-09-29 10:00:00,-0.05825,-0.05825
2024-09-29 10:30:00,-0.05825,-0.05825
2024-09-29 11:00:00,-0.05908166666666667,-0.05908166666666667
2024-09-29 11:30:00,-0.060761666666666665,-0.060761666666666665
2024-09-29 12:00:00,-0.060320000000000006,-0.060320000000000006
2024-09-29 12:30:00,-0.06236666666666666,-0.06236666666666666
2024-09-29 13:00:00,-0.063015,-0.063015
2024-09-29 13:30:00,-0.05937166666666666,-0.05937166666666666
2024-09-29 14:00:00,-0.09180666666666666,-0.09180666666666666
2024-09-29 14:30:00,-0.123215,-0.123215
2024-09-29 15:00:00,-0.10525333333333335,-0.10525333333333335
2024-09-29 15:30:00,-0.070685,-0.070685
2024-09-29 16:00:00,-0.04397500000000001,-0.04397500000000001
2024-09-29 16:30:00,0.014598333333333333,0.0194175
2024-09-29 17:00:00,0.050578333333333336,0.06322291666666667
2024-09-29 17:30:00,0.04892833333333333,0.06116041666666666
2024-09-29 18:00:00,0.051085,0.06385625
2024-09-29 18:30:00,0.053606666666666664,0.06700833333333334
2024-09-29 19:00:00,0.05404333333333333,0.06755416666666667
2024-09-29 19:30:00,0.05274,0.065925
2024-09-29 20:00:00,0.045925,0.05740625
2024-09-29 20:30:00,0.04204333333333334,0.05255416666666667
2024-09-29 21:00:00,0.047641666666666665,0.05955208333333334
2024-09-29 21:30:00,0.04671,0.0583875
2024-09-29 22:00:00,0.04657833333333333,0.05822291666666666
2024-09-29 22:30:00,0.04752666666666666,0.05940833333333334
2024-09-29 23:00:00,0.04952666666666666,0.061908333333333336
2024-09-29 23:30:00,0.051201666666666666,0.06400208333333333
2024-09-30 00:00:00,0.04842166666666667,0.03631625
2024-09-30 00:30:00,0.040275,0.03020625
2024-09-30 01:00:00,0.037314999999999994,0.02798625
2024-09-30 01:30:00,0.03695166666666667,0.02771375
2024-09-30 02:00:00,0.035115,0.026336250000000002
2024-09-30 02:30:00,0.03495,0.0262125
2024-09-30 03:00:00,0.03501833333333334,0.02626375
2024-09-30 03:30:00,0.035013333333333334,0.026260000000000002
2024-09-30 04:00:00,0.041415,0.03106125
2024-09-30 04:30:00,0.04765666666666666,0.0357425
2024-09-30 05:00:00,0.052265,0.03919875
2024-09-30 05:30:00,0.05386166666666666,0.04039625
2024-09-30 06:00:00,0.05535333333333333,0.041515
2024-09-30 06:30:00,0.036950000000000004,0.0277125
2024-09-30 07:00:00,0.025110000000000004,0.0188325
2024-09-30 07:30:00,0.01796,0.013470000000000001
2024-09-30 08:00:00,0.011246666666666667,0.008435
2024-09-30 08:30:00,-0.006918333333333333,-0.0075474999999999995
2024-09-30 09:00:00,-0.04332166666666667,-0.04332166666666667
2024-09-30 09:30:00,-0.05188,-0.05188
2024-09-30 10:00:00,-0.048023333333333335,-0.048023333333333335
2024-09-30 10:30:00,-0.04844999999999999,-0.04844999999999999
2024-09-30 11:00:00,-0.04752,-0.04752
2024-09-30 11:30:00,-0.05049,-0.05049
2024-09-30 12:00:00,-0.05436666666666667,-0.05436666666666667
2024-09-30 12:30:00,-0.05457833333333334,-0.05457833333333334
2024-09-30 13:00:00,-0.06846000000000001,-0.06846000000000001
2024-09-30 13:30:00,-0.05859333333333333,-0.05859333333333333
2024-09-30 14:00:00,-0.05825,-0.05825
2024-09-30 14:30:00,-0.047858333333333336,-0.047858333333333336
2024-09-30 15:00:00,-0.03859666666666667,-0.03859666666666667
2024-09-30 15:30:00,-0.017475,-0.017041249999999997
2024-09-30 16:00:00,-0.018258333333333335,-0.017823333333333333
2024-09-30 16:30:00,-0.03097,-0.03097
2024-09-30 17:00:00,-0.0022900000000000004,-0.0005725000000000013
2024-09-30 17:30:00,0.04231666666666667,0.052895833333333336
2024-09-30 18:00:00,0.05547,0.0693375
2024-09-30 18:30:00,0.053053333333333334,0.06631666666666668
2024-09-30 19:00:00,0.038829999999999996,0.048537500000000004
2024-09-30 19:30:00,0.032440000000000004,0.040549999999999996
2024-09-30 20:00:00,0.031265,0.039081250000000005
2024-09-30 20:30:00,0.03495,0.0436875
2024-09-30 21:00:00,0.04321166666666667,0.05401458333333333
2024-09-30 21:30:00,0.04781,0.059762499999999996
2024-09-30 22:00:00,0.04636333333333333,0.05795416666666667
2024-09-30 22:30:00,0.030681666666666666,0.038352083333333335
2024-09-30 23:00:00,0.03454666666666667,0.04318333333333333
2024-09-30 23:30:00,0.0006900000000000008,0.002392500000000001
2024-10-01 00:00:00,-0.007851666666666668,-0.009491250000000001
2024-10-01 00:30:00,0.0019266666666666668,-0.0003162499999999994
2024-10-01 01:00:00,0.010518333333333333,0.00788875
2024-10-01 01:30:00,0.00433,0.0017545833333333335
2024-10-01 02:00:00,0.021026666666666666,0.015770000000000003
2024-10-01 02:30:00,0.029693333333333335,0.022269999999999998
2024-10-01 03:00:00,0.018368333333333334,0.013776249999999999
2024-10-01 03:30:00,0.0428,0.0321
2024-10-01 04:00:00,0.03749666666666667,0.028122499999999998
2024-10-01 04:30:00,0.032431666666666664,0.02432375
2024-10-01 05:00:00,0.03663666666666667,0.0274775
2024-10-01 05:30:00,0.03756166666666667,0.02817125
2024-10-01 06:00:00,0.050333333333333334,0.03775
2024-10-01 06:30:00,0.040703333333333334,0.0305275
2024-10-01 07:00:00,0.030524999999999997,0.022701250000000003
2024-10-01 07:30:00,0.027606666666666668,0.02026208333333333
2024-10-01 08:00:00,0.040163333333333336,0.0301225
2024-10-01 08:30:00,0.037585,0.02799625
2024-10-01 09:00:00,0.051881666666666666,0.03891125
2024-10-01 09:30:00,0.06601833333333333,0.04951375
2024-10-01 10:00:00,0.056466666666666665,0.04235
2024-10-01 10:30:00,0.04680666666666666,0.035105
2024-10-01 11:00:00,0.070255,0.05269125
2024-10-01 11:30:00,0.0667,0.05002499999999999
2024-10-01 12:00:00,0.04641000000000001,0.04641000000000001
2024-10-01 12:30:00,0.10006833333333333,0.10006833333333333
2024-10-01 13:00:00,0.07757666666666667,0.09697083333333334
2024-10-01 13:30:00,0.07265333333333333,0.09081666666666666
2024-10-01 14:00:00,0.09876666666666667,0.12345833333333334
2024-10-01 14:30:00,0.08922833333333334,0.11153541666666666
2024-10-01 15:00:00,0.16896,0.21119999999999997
2024-10-01 15:30:00,0.12666666666666668,0.15833333333333333
2024-10-01 16:00:00,0.10067,0.12583750000000002
2024-10-01 16:30:00,0.10180166666666668,0.12725208333333335
2024-10-01 17:00:00,0.153975,0.19246875
2024-10-01 17:30:00,0.22149833333333335,0.27687291666666664
2024-10-01 18:00:00,0.2164533333333333,0.2705666666666667
2024-10-01 18:30:00,0.14629,0.1828625
2024-10-01 19:00:00,0.10723500000000001,0.13404375
2024-10-01 19:30:00,0.069765,0.08720625
2024-10-01 20:00:00,0.058395,0.07299375000000001
2024-10-01 20:30:00,0.056990000000000006,0.0712375
2024-10-01 21:00:00,0.056990000000000006,0.0712375
2024-10-01 21:30:00,0.05624166666666666,0.07030208333333333
2024-10-01 22:00:00,0.056990000000000006,0.0712375
2024-10-01 22:30:00,0.06078,0.075975
2024-10-01 23:00:00,0.057131666666666664,0.07141458333333332
2024-10-01 23:30:00,0.06087833333333333,0.07609791666666667
2024-10-02 00:00:00,0.056990000000000006,0.042742499999999996
2024-10-02 00:30:00,0.056990000000000006,0.042742499999999996
2024-10-02 01:00:00,0.056990000000000006,0.042742499999999996
2024-10-02 01:30:00,0.056990000000000006,0.042742499999999996
2024-10-02 02:00:00,0.052395,0.03929625
2024-10-02 02:30:00,0.053691666666666665,0.04026875
2024-10-02 03:00:00,0.055515,0.04163625
2024-10-02 03:30:00,0.054244999999999995,0.04068375
2024-10-02 04:00:00,0.05644333333333334,0.0423325
2024-10-02 04:30:00,0.05708666666666667,0.042815
2024-10-02 05:00:00,0.09427666666666668,0.07070749999999999
2024-10-02 05:30:00,0.13349,0.10011749999999998
2024-10-02 06:00:00,0.07542666666666668,0.05657
2024-10-02 06:30:00,0.06088,0.04566
2024-10-02 07:00:00,0.13101166666666667,0.09825874999999999
2024-10-02 07:30:00,0.08930500000000001,0.06697875
2024-10-02 08:00:00,0.08269833333333333,0.062023749999999996
2024-10-02 08:30:00,0.08030333333333334,0.060227499999999996
2024-10-02 09:00:00,0.058485,0.04386375
2024-10-02 09:30:00,0.039968333333333335,0.02997625
2024-10-02 10:00:00,0.06129333333333334,0.045970000000000004
2024-10-02 10:30:00,0.028156666666666667,0.0211175
2024-10-02 11:00:00,0.0050216666666666665,0.0032237499999999996
2024-10-02 11:30:00,-0.00864,-0.009285
2024-10-02 12:00:00,0.021576666666666664,0.021576666666666664
2024-10-02 12:30:00,0.00216,0.00216
2024-10-02 13:00:00,0.007763333333333333,0.00985125
2024-10-02 13:30:00,0.0010333333333333334,0.0023633333333333336
2024-10-02 14:00:00,-0.009566666666666666,-0.009258333333333334
2024-10-02 14:30:00,-0.012860000000000002,-0.012860000000000002
2024-10-02 15:00:00,0.0019116666666666665,0.003905
2024-10-02 15:30:00,-0.006655,-0.006567916666666666
2024-10-02 16:00:00,-0.004039999999999999,-0.003294166666666666
2024-10-02 16:30:00,0.029541666666666664,0.03724125
2024-10-02 17:00:00,0.059451666666666673,0.07431458333333334
2024-10-02 17:30:00,0.08259333333333334,0.10324166666666668
2024-10-02 18:00:00,0.087905,0.10988125
2024-10-02 18:30:00,0.10437333333333333,0.13046666666666668
2024-10-02 19:00:00,0.10026499999999999,0.12533125
2024-10-02 19:30:00,0.09292,0.11614999999999999
2024-10-02 20:00:00,0.07030333333333333,0.08787916666666666
2024-10-02 20:30:00,0.05793333333333334,0.07241666666666667
2024-10-02 21:00:00,0.056990000000000006,0.0712375
2024-10-02 21:30:00,0.05699166666666666,0.07123958333333333
2024-10-02 22:00:00,0.05639666666666667,0.07049583333333333
2024-10-02 22:30:00,0.05619333333333334,0.07024166666666666
2024-10-02 23:00:00,0.05672333333333334,0.07090416666666667
2024-10-02 23:30:00,0.05631833333333333,0.07039791666666666
2024-10-03 00:00:00,0.056278333333333326,0.042208749999999996
2024-10-03 00:30:00,0.05427666666666667,0.0407075
2024-10-03 01:00:00,0.044026666666666665,0.03302
2024-10-03 01:30:00,0.025976666666666665,0.0194825
2024-10-03 02:00:00,0.03132666666666667,0.023495
2024-10-03 02:30:00,0.027686666666666665,0.020765000000000002
2024-10-03 03:00:00,0.030525,0.02289375
2024-10-03 03:30:00,0.024388333333333335,0.01829125
2024-10-03 04:00:00,0.04350999999999999,0.0326325
2024-10-03 04:30:00,0.051853333333333335,0.03889
2024-10-03 05:00:00,0.057350000000000005,0.0430125
2024-10-03 05:30:00,0.058019999999999995,0.043515
2024-10-03 06:00:00,0.06280666666666666,0.047105
2024-10-03 06:30:00,0.0572,0.0429
2024-10-03 07:00:00,0.03621833333333333,0.02716375
2024-10-03 07:30:00,0.00707,0.004982916666666668
2024-10-03 08:00:00,0.0007299999999999997,-0.0019525
2024-10-03 08:30:00,-0.03834333333333333,-0.03834333333333333
2024-10-03 09:00:00,-0.041695,-0.041695
2024-10-03 09:30:00,-0.052221666666666666,-0.052221666666666666
2024-10-03 10:00:00,-0.051125000000000004,-0.051125000000000004
2024-10-03 10:30:00,-0.0489,-0.0489
2024-10-03 11:00:00,-0.05383666666666667,-0.05383666666666667
2024-10-03 11:30:00,-0.05176,-0.05176
2024-10-03 12:00:00,-0.04498166666666666,-0.04498166666666666
2024-10-03 12:30:00,-0.013638333333333334,-0.013638333333333334
2024-10-03 13:00:00,-0.04060166666666667,-0.04060166666666667
2024-10-03 13:30:00,-0.014503333333333333,-0.014459583333333333
2024-10-03 14:00:00,-0.015016666666666666,-0.015016666666666666
2024-10-03 14:30:00,0.01427833333333333,0.01986875
2024-10-03 15:00:00,0.011631666666666667,0.014750833333333333
2024-10-03 15:30:00,0.002173333333333334,0.004710833333333333
2024-10-03 16:00:00,0.015801666666666665,0.019752083333333333
2024-10-03 16:30:00,0.053055,0.06631875
2024-10-03 17:00:00,0.056990000000000006,0.0712375
2024-10-03 17:30:00,0.06222833333333333,0.07778541666666666
2024-10-03 18:00:00,0.07965666666666667,0.09957083333333333
2024-10-03 18:30:00,0.08120333333333334,0.10150416666666667
2024-10-03 19:00:00,0.056990000000000006,0.0712375
2024-10-03 19:30:00,0.056990000000000006,0.0712375
2024-10-03 20:00:00,0.056990000000000006,0.0712375
2024-10-03 20:30:00,0.05147666666666667,0.06434583333333332
2024-10-03 21:00:00,0.04577833333333333,0.05722291666666667
2024-10-03 21:30:00,0.04994166666666667,0.062427083333333334
2024-10-03 22:00:00,0.05015833333333333,0.06269791666666667
2024-10-03 22:30:00,0.05099666666666667,0.06374583333333333
2024-10-03 23:00:00,0.05123833333333333,0.06404791666666666
2024-10-03 23:30:00,0.053658333333333336,0.06707291666666666
2024-10-04 00:00:00,0.055723333333333326,0.0417925
2024-10-04 00:30:00,0.05418333333333333,0.0406375
2024-10-04 01:00:00,0.04520166666666667,0.03390125
2024-10-04 01:30:00,0.046386666666666666,0.034789999999999995
2024-10-04 02:00:00,0.048911666666666666,0.036683749999999994
2024-10-04 02:30:00,0.04815333333333333,0.036115
2024-10-04 03:00:00,0.05040166666666667,0.03780125
2024-10-04 03:30:00,0.05151833333333333,0.03863875
2024-10-04 04:00:00,0.05425166666666666,0.04068875
2024-10-04 04:30:00,0.056485,0.042363750000000006
2024-10-04 05:00:00,0.055975,0.041981250000000005
2024-10-04 05:30:00,0.057629999999999994,0.0432225
2024-10-04 06:00:00,0.058868333333333335,0.04415125
2024-10-04 06:30:00,0.056990000000000006,0.042742499999999996
2024-10-04 07:00:00,0.04321833333333333,0.03241375
2024-10-04 07:30:00,0.05083833333333334,0.038128749999999996
2024-10-04 08:00:00,0.03553,0.0266475
2024-10-04 08:30:00,0.00709,0.0053175
2024-10-04 09:00:00,0.014513333333333331,0.010885
2024-10-04 09:30:00,0.001559999999999999,-0.0007933333333333334
2024-10-04 10:00:00,0.019855,0.014891250000000002
2024-10-04 10:30:00,0.01852166666666667,0.01389125
2024-10-04 11:00:00,7.833333333333332e-05,-0.0016079166666666666
2024-10-04 11:30:00,0.0012833333333333327,0.00012916666666666662
2024-10-04 12:00:00,-0.01772333333333333,-0.01772333333333333
2024-10-04 12:30:00,-0.022750000000000003,-0.022750000000000003
2024-10-04 13:00:00,-0.011213333333333334,-0.01076875
2024-10-04 13:30:00,-0.020871666666666667,-0.020449166666666668
2024-10-04 14:00:00,-0.034686666666666664,-0.034686666666666664
2024-10-04 14:30:00,-0.039953333333333334,-0.039953333333333334
2024-10-04 15:00:00,-0.016666666666666666,-0.016666666666666666
2024-10-04 15:30:00,-0.029494999999999997,-0.029494999999999997
2024-10-04 16:00:00,0.009823333333333333,0.012279166666666667
2024-10-04 16:30:00,0.024444999999999998,0.030556249999999997
2024-10-04 17:00:00,0.03718333333333333,0.04647916666666666
2024-10-04 17:30:00,0.08180833333333333,0.10226041666666667
2024-10-04 18:00:00,0.07223166666666667,0.09028958333333333
2024-10-04 18:30:00,0.08169166666666666,0.10211458333333334
2024-10-04 19:00:00,0.06064166666666667,0.07580208333333334
2024-10-04 19:30:00,0.05721333333333333,0.07151666666666666
2024-10-04 20:00:00,0.055301666666666666,0.06912708333333333
2024-10-04 20:30:00,0.05166833333333334,0.06458541666666666
2024-10-04 21:00:00,0.05034166666666667,0.06292708333333334
2024-10-04 21:30:00,0.043886666666666664,0.054858333333333335
2024-10-04 22:00:00,0.04970333333333334,0.06212916666666667
2024-10-04 22:30:00,0.049578333333333335,0.061972916666666676
2024-10-04 23:00:00,0.050855000000000004,0.06356875000000001
2024-10-04 23:30:00,0.05144000000000001,0.06430000000000001
2024-10-05 00:00:00,0.05040666666666666,0.037805
2024-10-05 00:30:00,0.05019166666666666,0.03764375
2024-10-05 01:00:00,0.04753833333333333,0.035653750000000005
2024-10-05 01:30:00,0.03697,0.027727500000000002
2024-10-05 02:00:00,0.02149,0.016117500000000003
2024-10-05 02:30:00,0.031078333333333333,0.02330875
2024-10-05 03:00:00,0.039341666666666664,0.02950625
2024-10-05 03:30:00,0.037086666666666664,0.027815000000000003
2024-10-05 04:00:00,0.03491666666666667,0.0261875
2024-10-05 04:30:00,0.04581166666666667,0.03435875
2024-10-05 05:00:00,0.05135666666666667,0.0385175
2024-10-05 05:30:00,0.04745166666666667,0.03558875
2024-10-05 06:00:00,0.04741833333333333,0.03556375
2024-10-05 06:30:00,0.020525,0.01539375
2024-10-05 07:00:00,0.014043333333333333,0.0105325
2024-10-05 07:30:00,0.009691666666666666,0.00726875
2024-10-05 08:00:00,0.015763333333333334,0.0118225
2024-10-05 08:30:00,-0.02011,-0.02011
2024-10-05 09:00:00,-0.019206666666666667,-0.019206666666666667
2024-10-05 09:30:00,-0.016005000000000002,-0.016005000000000002
2024-10-05 10:00:00,-0.009591666666666667,-0.009591666666666667
2024-10-05 10:30:00,0.006241666666666666,0.00468125
2024-10-05 11:00:00,0.014688333333333333,0.01101625
2024-10-05 11:30:00,0.0035083333333333334,0.0022479166666666667
2024-10-05 12:00:00,-0.00015666666666666666,-0.00015666666666666666
2024-10-05 12:30:00,-0.006520000000000001,-0.006520000000000001
2024-10-05 13:00:00,0.004809999999999999,0.0060125
2024-10-05 13:30:00,-0.006443333333333333,-0.0061645833333333335
2024-10-05 14:00:00,0.004926666666666667,0.0061583333333333325
2024-10-05 14:30:00,0.017785000000000002,0.022231249999999998
2024-10-05 15:00:00,0.019235,0.024043750000000003
2024-10-05 15:30:00,0.021006666666666663,0.02625833333333333
2024-10-05 16:00:00,0.02773,0.0346625
2024-10-05 16:30:00,0.03719166666666667,0.046489583333333334
2024-10-05 17:00:00,0.06031,0.0753875
2024-10-05 17:30:00,0.07348166666666667,0.09185208333333333
2024-10-05 18:00:00,0.07965166666666668,0.09956458333333333
2024-10-05 18:30:00,0.06979666666666666,0.08724583333333334
2024-10-05 19:00:00,0.06322333333333334,0.07902916666666666
2024-10-05 19:30:00,0.05574333333333333,0.06967916666666667
2024-10-05 20:00:00,0.05343166666666666,0.06678958333333333
2024-10-05 20:30:00,0.054573333333333335,0.06821666666666666
2024-10-05 21:00:00,0.05572,0.06965
2024-10-05 21:30:00,0.05373666666666666,0.06717083333333333
2024-10-05 22:00:00,0.054321666666666664,0.06790208333333334
2024-10-05 22:30:00,0.052961666666666664,0.06620208333333333
2024-10-05 23:00:00,0.05404,0.06755
2024-10-05 23:30:00,0.052405,0.06550625
2024-10-06 00:00:00,0.05147833333333333,0.038608750000000004
2024-10-06 00:30:00,0.050326666666666665,0.037744999999999994
2024-10-06 01:00:00,0.042065,0.03154875
2024-10-06 01:30:00,0.033508333333333334,0.025131249999999997
2024-10-06 02:00:00,0.039558333333333334,0.029668749999999997
2024-10-06 02:30:00,0.04488,0.03366
2024-10-06 03:00:00,0.04333666666666666,0.032502500000000004
2024-10-06 03:30:00,0.039841666666666664,0.029881249999999998
2024-10-06 04:00:00,0.045825000000000005,0.034368749999999997
2024-10-06 04:30:00,0.045855,0.03439125
2024-10-06 05:00:00,0.05254333333333333,0.039407500000000005
2024-10-06 05:30:00,0.053799999999999994,0.04035
2024-10-06 06:00:00,0.04351666666666667,0.0326375
2024-10-06 06:30:00,0.034758333333333336,0.02606875
2024-10-06 07:00:00,0.0276,0.0207
2024-10-06 07:30:00,0.013348333333333335,0.010011250000000001
2024-10-06 08:00:00,0.004711666666666667,0.002700416666666667
2024-10-06 08:30:00,-0.005615000000000002,-0.006731666666666668
2024-10-06 09:00:00,0.0037216666666666665,0.00279125
2024-10-06 09:30:00,0.0028049999999999998,0.00210375
2024-10-06 10:00:00,-0.002041666666666667,-0.002486666666666667
2024-10-06 10:30:00,-0.00010333333333333332,-0.00013833333333333333
2024-10-06 11:00:00,-0.0013949999999999998,-0.001519583333333333
2024-10-06 11:30:00,-0.006876666666666667,-0.006876666666666667
2024-10-06 12:00:00,-0.019446666666666668,-0.019446666666666668
2024-10-06 12:30:00,-0.025734999999999997,-0.025734999999999997
2024-10-06 13:00:00,-0.032301666666666666,-0.032301666666666666
2024-10-06 13:30:00,-0.03188333333333333,-0.03188333333333333
2024-10-06 14:00:00,-0.024628333333333335,-0.024628333333333335
2024-10-06 14:30:00,-0.0022183333333333334,-0.00183875
2024-10-06 15:00:00,0.013051666666666668,0.016314583333333334
2024-10-06 15:30:00,0.008666666666666668,0.011747083333333333
2024-10-06 16:00:00,0.02575833333333333,0.032197916666666666
2024-10-06 16:30:00,0.04344666666666667,0.054308333333333327
2024-10-06 17:00:00,0.07105,0.0888125
2024-10-06 17:30:00,0.09766666666666667,0.12208333333333332
2024-10-06 18:00:00,0.11456,0.14320000000000002
2024-10-06 18:30:00,0.10213833333333333,0.12767291666666666
2024-10-06 19:00:00,0.07681,0.0960125
2024-10-06 19:30:00,0.06162666666666667,0.07703333333333333
2024-10-06 20:00:00,0.06266166666666667,0.07832708333333334
2024-10-06 20:30:00,0.056240000000000005,0.0703
2024-10-06 21:00:00,0.05368666666666667,0.06710833333333334
2024-10-06 21:30:00,0.05067333333333333,0.06334166666666667
2024-10-06 22:00:00,0.056165,0.07020625
2024-10-06 22:30:00,0.054193333333333336,0.06774166666666666
2024-10-06 23:00:00,0.05521666666666667,0.06902083333333332
2024-10-06 23:30:00,0.05573166666666666,0.06966458333333332
2024-10-07 00:00:00,0.05550666666666667,0.04163
2024-10-07 00:30:00,0.053443333333333336,0.0400825
2024-10-07 01:00:00,0.05174666666666666,0.03881
2024-10-07 01:30:00,0.04877833333333333,0.03658375
2024-10-07 02:00:00,0.03538,0.026535
2024-10-07 02:30:00,0.024428333333333333,0.01832125
2024-10-07 03:00:00,0.03229,0.0242175
2024-10-07 03:30:00,0.045658333333333335,0.034243749999999996
2024-10-07 04:00:00,0.055771666666666664,0.04182875
2024-10-07 04:30:00,0.056990000000000006,0.042742499999999996
2024-10-07 05:00:00,0.059215,0.044411250000000006
2024-10-07 05:30:00,0.06488666666666666,0.04866500000000001
2024-10-07 06:00:00,0.07899833333333334,0.059248749999999996
2024-10-07 06:30:00,0.12461833333333333,0.09346375
2024-10-07 07:00:00,0.07545666666666667,0.0565925
2024-10-07 07:30:00,0.035103333333333334,0.0263275
2024-10-07 08:00:00,0.05298833333333333,0.03974125
2024-10-07 08:30:00,0.063505,0.04762875
2024-10-07 09:00:00,0.034480000000000004,0.025859999999999998
2024-10-07 09:30:00,0.02093333333333333,0.015700000000000002
2024-10-07 10:00:00,0.01115,0.0083625
2024-10-07 10:30:00,0.01303,0.0097725
2024-10-07 11:00:00,-0.004178333333333333,-0.005208333333333333
2024-10-07 11:30:00,-0.025868333333333337,-0.025868333333333337
2024-10-07 12:00:00,-0.029901666666666663,-0.029901666666666663
2024-10-07 12:30:00,-0.044539999999999996,-0.044539999999999996
2024-10-07 13:00:00,-0.020518333333333333,-0.020518333333333333
2024-10-07 13:30:00,-0.009801666666666665,-0.0098
2024-10-07 14:00:00,0.002676666666666666,0.00354375
2024-10-07 14:30:00,0.0017999999999999997,0.0024716666666666667
2024-10-07 15:00:00,0.009841666666666665,0.012302083333333333
2024-10-07 15:30:00,0.011689999999999999,0.0146125
2024-10-07 16:00:00,0.018993333333333334,0.023741666666666664
2024-10-07 16:30:00,0.04376833333333333,0.05471041666666666
2024-10-07 17:00:00,0.07991333333333334,0.09989166666666667
2024-10-07 17:30:00,0.11122,0.13902499999999998
2024-10-07 18:00:00,0.11484833333333333,0.14356041666666666
2024-10-07 18:30:00,0.11539500000000001,0.14424375
2024-10-07 19:00:00,0.078025,0.09753125
2024-10-07 19:30:00,0.067425,0.08428124999999999
2024-10-07 20:00:00,0.064435,0.08054375
2024-10-07 20:30:00,0.05306666666666667,0.06633333333333334
2024-10-07 21:00:00,0.05245,0.0655625
2024-10-07 21:30:00,0.049395,0.06174375000000001
2024-10-07 22:00:00,0.036445,0.04555625
2024-10-07 22:30:00,0.04163666666666667,0.052045833333333326
2024-10-07 23:00:00,0.04611166666666667,0.057639583333333334
2024-10-07 23:30:00,0.05140666666666666,0.06425833333333333
2024-10-08 00:00:00,0.05804666666666666,0.043535
2024-10-08 00:30:00,0.055766666666666666,0.041825
2024-10-08 01:00:00,0.05477666666666667,0.0410825
2024-10-08 01:30:00,0.05102,0.038265
2024-10-08 02:00:00,0.05023166666666667,0.03767375
2024-10-08 02:30:00,0.03189666666666666,0.0239225
2024-10-08 03:00:00,0.032536666666666665,0.024402499999999997
2024-10-08 03:30:00,0.053491666666666667,0.04011875
2024-10-08 04:00:00,0.056990000000000006,0.042742499999999996
2024-10-08 04:30:00,0.054895,0.04117125
2024-10-08 05:00:00,0.06626166666666666,0.04969625
2024-10-08 05:30:00,0.07268000000000001,0.05451
2024-10-08 06:00:00,0.07222,0.054165
2024-10-08 06:30:00,0.07095166666666666,0.053213750000000004
2024-10-08 07:00:00,0.070585,0.05293875
2024-10-08 07:30:00,0.056703333333333335,0.042527499999999996
2024-10-08 08:00:00,0.049006666666666664,0.036755
2024-10-08 08:30:00,0.043886666666666664,0.032915
2024-10-08 09:00:00,0.038068333333333336,0.02855125
2024-10-08 09:30:00,0.03140166666666667,0.02355125
2024-10-08 10:00:00,0.03045666666666667,0.0228425
2024-10-08 10:30:00,0.022271666666666665,0.01670375
2024-10-08 11:00:00,0.029458333333333336,0.02209375
2024-10-08 11:30:00,0.028021666666666667,0.02101625
2024-10-08 12:00:00,0.022285,0.022285
2024-10-08 12:30:00,0.022266666666666667,0.022266666666666667
2024-10-08 13:00:00,0.017523333333333332,0.02190416666666667
2024-10-08 13:30:00,0.02194166666666667,0.027427083333333335
2024-10-08 14:00:00,0.020445,0.02555625
2024-10-08 14:30:00,0.026594999999999997,0.033243749999999996
2024-10-08 15:00:00,0.035258333333333336,0.04407291666666666
2024-10-08 15:30:00,0.04476333333333333,0.055954166666666666
2024-10-08 16:00:00,0.046051666666666664,0.05756458333333333
2024-10-08 16:30:00,0.056821666666666666,0.07102708333333334
2024-10-08 17:00:00,0.10791166666666667,0.13488958333333334
2024-10-08 17:30:00,0.13849,0.1731125
2024-10-08 18:00:00,0.13987000000000002,0.17483749999999998
2024-10-08 18:30:00,0.12711,0.1588875
2024-10-08 19:00:00,0.10689666666666665,0.13362083333333333
2024-10-08 19:30:00,0.09105,0.1138125
2024-10-08 20:00:00,0.08275,0.1034375
2024-10-08 20:30:00,0.06883,0.08603749999999999
2024-10-08 21:00:00,0.063155,0.07894375
2024-10-08 21:30:00,0.06088333333333334,0.07610416666666667
2024-10-08 22:00:00,0.06284166666666667,0.07855208333333334
2024-10-08 22:30:00,0.05764166666666667,0.07205208333333334
2024-10-08 23:00:00,0.057775,0.07221875
2024-10-08 23:30:00,0.05708833333333333,0.07136041666666666
2024-10-09 00:00:00,0.05709,0.0428175
2024-10-09 00:30:00,0.047935,0.035951250000000004
2024-10-09 01:00:00,0.04411166666666667,0.03308375
2024-10-09 01:30:00,0.04571166666666667,0.03428375
2024-10-09 02:00:00,0.054593333333333334,0.040945
2024-10-09 02:30:00,0.04987,0.0374025
2024-10-09 03:00:00,0.047073333333333335,0.035305
2024-10-09 03:30:00,0.032051666666666666,0.024038749999999998
2024-10-09 04:00:00,0.050478333333333326,0.03785875
2024-10-09 04:30:00,0.05289333333333333,0.039670000000000004
2024-10-09 05:00:00,0.057738333333333336,0.04330375
2024-10-09 05:30:00,0.068835,0.051626250000000005
2024-10-09 06:00:00,0.05475333333333333,0.041065
2024-10-09 06:30:00,0.039765,0.02982375
2024-10-09 07:00:00,0.009408333333333333,0.00705625
2024-10-09 07:30:00,0.01147,0.0086025
2024-10-09 08:00:00,-0.0033883333333333335,-0.0033916666666666665
2024-10-09 08:30:00,-0.03467,-0.03481958333333333
2024-10-09 09:00:00,-0.054685000000000004,-0.054685000000000004
2024-10-09 09:30:00,-0.05516000000000001,-0.05516000000000001
2024-10-09 10:00:00,-0.05589333333333333,-0.05589333333333333
2024-10-09 10:30:00,-0.05705,-0.05705
2024-10-09 11:00:00,-0.05825,-0.05825
2024-10-09 11:30:00,-0.05825,-0.05825
2024-10-09 12:00:00,-0.058519999999999996,-0.058519999999999996
2024-10-09 12:30:00,-0.05825,-0.05825
2024-10-09 13:00:00,-0.05801333333333333,-0.05801333333333333
2024-10-09 13:30:00,-0.057431666666666666,-0.057431666666666666
2024-10-09 14:00:00,-0.056566666666666675,-0.056566666666666675
2024-10-09 14:30:00,-0.055815000000000003,-0.055815000000000003
2024-10-09 15:00:00,-0.05554333333333333,-0.05554333333333333
2024-10-09 15:30:00,-0.03828666666666667,-0.03828666666666667
2024-10-09 16:00:00,-0.03497666666666666,-0.03497666666666666
2024-10-09 16:30:00,-0.012491666666666667,-0.0116025
2024-10-09 17:00:00,0.048525000000000006,0.06065625
2024-10-09 17:30:00,0.021993333333333333,0.027491666666666664
2024-10-09 18:00:00,0.02138666666666667,0.026733333333333335
2024-10-09 18:30:00,0.019190000000000002,0.023987500000000005
2024-10-09 19:00:00,0.01916666666666667,0.02395833333333333
2024-10-09 19:30:00,0.014071666666666668,0.017589583333333332
2024-10-09 20:00:00,0.0037333333333333333,0.004666666666666666
2024-10-09 20:30:00,0.010979999999999998,0.013725000000000001
2024-10-09 21:00:00,0.011915,0.014893749999999999
2024-10-09 21:30:00,0.0063283333333333325,0.007910416666666666
2024-10-09 22:00:00,0.00627,0.007837499999999999
2024-10-09 22:30:00,0.008348333333333333,0.010435416666666667
2024-10-09 23:00:00,0.00764,0.00955
2024-10-09 23:30:00,0.007461666666666666,0.009327083333333333
2024-10-10 00:00:00,0.007636666666666667,0.0057275
2024-10-10 00:30:00,0.008948333333333334,0.006711250000000001
2024-10-10 01:00:00,0.0035883333333333336,0.0026912500000000005
2024-10-10 01:30:00,-0.002211666666666667,-0.0024712500000000004
2024-10-10 02:00:00,0.0015116666666666666,0.00113375
2024-10-10 02:30:00,0.009516666666666666,0.007137500000000001
2024-10-10 03:00:00,0.011018333333333333,0.00826375
2024-10-10 03:30:00,0.0117,0.008775
2024-10-10 04:00:00,0.014233333333333334,0.010674999999999999
2024-10-10 04:30:00,0.03651,0.0273825
2024-10-10 05:00:00,0.021793333333333335,0.016345000000000002
2024-10-10 05:30:00,0.032475,0.02435625
2024-10-10 06:00:00,0.02576,0.01932
2024-10-10 06:30:00,0.004611666666666667,0.0034587500000000005
2024-10-10 07:00:00,0.015191666666666668,0.01139375
2024-10-10 07:30:00,0.024198333333333336,0.01814875
2024-10-10 08:00:00,0.03140166666666667,0.02355125
2024-10-10 08:30:00,0.028136666666666667,0.0211025
2024-10-10 09:00:00,0.016283333333333334,0.012212500000000001
2024-10-10 09:30:00,0.012206666666666666,0.009155
2024-10-10 10:00:00,0.010906666666666667,0.00818
2024-10-10 10:30:00,0.014850000000000002,0.0111375
2024-10-10 11:00:00,0.008983333333333333,0.0067375
2024-10-10 11:30:00,-0.0068383333333333325,-0.0072125
2024-10-10 12:00:00,-0.010278333333333334,-0.010278333333333334
2024-10-10 12:30:00,-0.006153333333333334,-0.006153333333333334
2024-10-10 13:00:00,-0.04135,-0.04135
2024-10-10 13:30:00,-0.020421666666666668,-0.020421666666666668
2024-10-10 14:00:00,0.007526666666666667,0.010797916666666666
2024-10-10 14:30:00,0.006315,0.009322083333333333
2024-10-10 15:00:00,-0.009651666666666666,-0.00890375
2024-10-10 15:30:00,-0.034165,-0.034165
2024-10-10 16:00:00,-0.031865,-0.031865
2024-10-10 16:30:00,-0.022853333333333333,-0.022053749999999997
2024-10-10 17:00:00,-0.020613333333333334,-0.020613333333333334
2024-10-10 17:30:00,0.00857,0.0107125
2024-10-10 18:00:00,0.025463333333333334,0.031829166666666665
2024-10-10 18:30:00,0.041486666666666665,0.05185833333333333
2024-10-10 19:00:00,0.04231833333333334,0.05289791666666666
2024-10-10 19:30:00,0.04398,0.054975
2024-10-10 20:00:00,0.04043833333333333,0.050547916666666665
2024-10-10 20:30:00,0.032035,0.040043749999999996
2024-10-10 21:00:00,0.038215,0.04776875
2024-10-10 21:30:00,0.03344333333333333,0.04180416666666666
2024-10-10 22:00:00,0.023265000000000004,0.029081250000000003
2024-10-10 22:30:00,0.019178333333333335,0.023972916666666667
2024-10-10 23:00:00,0.01916666666666667,0.02395833333333333
2024-10-10 23:30:00,0.022166666666666668,0.027708333333333335
2024-10-11 00:00:00,0.014676666666666666,0.011007499999999998
2024-10-11 00:30:00,0.009081666666666667,0.0068112500000000005
2024-10-11 01:00:00,0.008971666666666666,0.0067287499999999995
2024-10-11 01:30:00,0.007626666666666666,0.00572
2024-10-11 02:00:00,0.008315,0.00623625
2024-10-11 02:30:00,0.00895,0.006712500000000001
2024-10-11 03:00:00,0.008958333333333334,0.00671875
2024-10-11 03:30:00,0.008958333333333334,0.00671875
2024-10-11 04:00:00,0.00897,0.0067275
2024-10-11 04:30:00,0.015521666666666668,0.011641249999999999
2024-10-11 05:00:00,0.019141666666666668,0.014356250000000001
2024-10-11 05:30:00,0.016470000000000002,0.0123525
2024-10-11 06:00:00,0.025903333333333334,0.0194275
2024-10-11 06:30:00,0.0019133333333333335,0.00134
2024-10-11 07:00:00,0.0044983333333333325,0.0033737500000000004
2024-10-11 07:30:00,0.008671666666666666,0.00650375
2024-10-11 08:00:00,0.0053300000000000005,0.0039975
2024-10-11 08:30:00,-1.166666666666677e-05,-0.00042833333333333335
2024-10-11 09:00:00,-0.007436666666666667,-0.0074375
2024-10-11 09:30:00,-0.018351666666666665,-0.018351666666666665
2024-10-11 10:00:00,-0.022528333333333334,-0.022528333333333334
2024-10-11 10:30:00,-0.010848333333333333,-0.01096875
2024-10-11 11:00:00,-0.04621166666666667,-0.04621166666666667
2024-10-11 11:30:00,-0.04846166666666666,-0.04846166666666666
2024-10-11 12:00:00,-0.04865166666666667,-0.04865166666666667
2024-10-11 12:30:00,-0.04732333333333333,-0.04732333333333333
2024-10-11 13:00:00,-0.04600833333333334,-0.04600833333333334
2024-10-11 13:30:00,-0.04667833333333333,-0.04667833333333333
2024-10-11 14:00:00,-0.04223166666666667,-0.04223166666666667
2024-10-11 14:30:00,-0.021890000000000003,-0.021890000000000003
2024-10-11 15:00:00,0.0022933333333333334,0.0037404166666666666
2024-10-11 15:30:00,0.004203333333333333,0.005638333333333335
2024-10-11 16:00:00,0.0028316666666666677,0.00494625
2024-10-11 16:30:00,0.027633333333333333,0.034541666666666665
2024-10-11 17:00:00,0.042493333333333334,0.053116666666666666
2024-10-11 17:30:00,0.045511666666666666,0.056889583333333334
2024-10-11 18:00:00,0.059901666666666666,0.07487708333333333
2024-10-11 18:30:00,0.05209,0.0651125
2024-10-11 19:00:00,0.04042833333333334,0.050535416666666666
2024-10-11 19:30:00,0.038296666666666666,0.047870833333333335
2024-10-11 20:00:00,0.03376166666666667,0.042202083333333335
2024-10-11 20:30:00,0.04259833333333333,0.053247916666666666
2024-10-11 21:00:00,0.01617666666666667,0.020220833333333334
2024-10-11 21:30:00,0.00895,0.011187500000000001
2024-10-11 22:00:00,0.005556666666666667,0.0069458333333333325
2024-10-11 22:30:00,5.333333333333334e-05,6.666666666666667e-05
2024-10-11 23:00:00,0.007461666666666666,0.009327083333333333
2024-10-11 23:30:00,0.008791666666666666,0.010989583333333332
2024-10-12 00:00:00,0.007958333333333333,0.005968750000000001
2024-10-12 00:30:00,0.00332,0.0024900000000000005
2024-10-12 01:00:00,-0.0031683333333333333,-0.0031924999999999996
2024-10-12 01:30:00,0.0027833333333333334,0.0020875
2024-10-12 02:00:00,0.0051916666666666665,0.00389375
2024-10-12 02:30:00,0.004405,0.003285
2024-10-12 03:00:00,0.005273333333333334,0.003955
2024-10-12 03:30:00,0.003446666666666667,0.002585
2024-10-12 04:00:00,0.00633,0.004747500000000001
2024-10-12 04:30:00,0.00895,0.006712500000000001
2024-10-12 05:00:00,0.008974999999999999,0.00673125
2024-10-12 05:30:00,0.008958333333333334,0.00671875
2024-10-12 06:00:00,0.0036916666666666664,0.0025666666666666667
2024-10-12 06:30:00,-0.01891666666666667,-0.01891666666666667
2024-10-12 07:00:00,-0.036096666666666666,-0.036096666666666666
2024-10-12 07:30:00,-0.037945,-0.037945
2024-10-12 08:00:00,-0.041898333333333336,-0.041898333333333336
2024-10-12 08:30:00,-0.04351166666666667,-0.04351166666666667
2024-10-12 09:00:00,-0.04555499999999999,-0.04555499999999999
2024-10-12 09:30:00,-0.046639999999999994,-0.046639999999999994
2024-10-12 10:00:00,-0.050905,-0.050905
2024-10-12 10:30:00,-0.05235666666666666,-0.05235666666666666
2024-10-12 11:00:00,-0.05616000000000001,-0.05616000000000001
2024-10-12 11:30:00,-0.05801666666666667,-0.05801666666666667
2024-10-12 12:00:00,-0.058981666666666675,-0.058981666666666675
2024-10-12 12:30:00,-0.06631833333333333,-0.06631833333333333
2024-10-12 13:00:00,-0.06278166666666667,-0.06278166666666667
2024-10-12 13:30:00,-0.078,-0.078
2024-10-12 14:00:00,-0.07958166666666666,-0.07958166666666666
2024-10-12 14:30:00,-0.10359666666666667,-0.10359666666666667
2024-10-12 15:00:00,-0.07371666666666667,-0.07371666666666667
2024-10-12 15:30:00,-0.060365,-0.060365
2024-10-12 16:00:00,-0.06426166666666666,-0.06426166666666666
2024-10-12 16:30:00,-0.04304666666666667,-0.04304666666666667
2024-10-12 17:00:00,-0.012355,-0.009260833333333334
2024-10-12 17:30:00,0.026789999999999998,0.033487499999999996
2024-10-12 18:00:00,0.029861666666666665,0.03732708333333334
2024-10-12 18:30:00,0.040633333333333334,0.05079166666666667
2024-10-12 19:00:00,0.04213,0.0526625
2024-10-12 19:30:00,0.040038333333333335,0.05004791666666667
2024-10-12 20:00:00,0.040391666666666666,0.05048958333333334
2024-10-12 20:30:00,0.039475,0.04934375
2024-10-12 21:00:00,0.03888,0.048600000000000004
2024-10-12 21:30:00,0.028501666666666665,0.03562708333333334
2024-10-12 22:00:00,0.04866,0.060825
2024-10-12 22:30:00,0.05067833333333333,0.06334791666666667
2024-10-12 23:00:00,0.05065166666666667,0.06331458333333333
2024-10-12 23:30:00,0.052625,0.06578125
2024-10-13 00:00:00,0.051326666666666666,0.038494999999999994
2024-10-13 00:30:00,0.049194999999999996,0.03689625
2024-10-13 01:00:00,0.04999166666666666,0.03749375
2024-10-13 01:30:00,0.04838666666666667,0.036289999999999996
2024-10-13 02:00:00,0.046345,0.03475875
2024-10-13 02:30:00,0.04135833333333333,0.031018749999999998
2024-10-13 03:00:00,0.044415,0.03331125
2024-10-13 03:30:00,0.03611,0.0270825
2024-10-13 04:00:00,0.043526666666666665,0.032645
2024-10-13 04:30:00,0.04021333333333333,0.030160000000000003
2024-10-13 05:00:00,0.05018999999999999,0.0376425
2024-10-13 05:30:00,0.04462833333333333,0.03347125
2024-10-13 06:00:00,0.010948333333333332,0.00821125
2024-10-13 06:30:00,1.3333333333333335e-05,9.999999999999999e-06
2024-10-13 07:00:00,0.011838333333333333,0.00887875
2024-10-13 07:30:00,0.007651666666666667,0.00573875
2024-10-13 08:00:00,0.013003333333333332,0.009750416666666666
2024-10-13 08:30:00,0.0012916666666666669,0.0001720833333333338
2024-10-13 09:00:00,-0.008018333333333334,-0.008061666666666667
2024-10-13 09:30:00,-0.03426666666666667,-0.03426666666666667
2024-10-13 10:00:00,-0.034183333333333336,-0.034183333333333336
2024-10-13 10:30:00,-0.04673833333333333,-0.04673833333333333
2024-10-13 11:00:00,-0.04912333333333333,-0.04912333333333333
2024-10-13 11:30:00,-0.04883833333333334,-0.04883833333333334
2024-10-13 12:00:00,-0.047455,-0.047455
2024-10-13 12:30:00,-0.047191666666666666,-0.047191666666666666
2024-10-13 13:00:00,-0.046020000000000005,-0.046020000000000005
2024-10-13 13:30:00,-0.042673333333333334,-0.042673333333333334
2024-10-13 14:00:00,-0.03296166666666667,-0.03296166666666667
2024-10-13 14:30:00,-0.01825,-0.01825
2024-10-13 15:00:00,0.001915,0.0032154166666666668
2024-10-13 15:30:00,0.01221,0.0152625
2024-10-13 16:00:00,0.02188,0.02735
2024-10-13 16:30:00,0.033661666666666666,0.04207708333333333
2024-10-13 17:00:00,0.06293666666666667,0.07867083333333334
2024-10-13 17:30:00,0.146035,0.18254375
2024-10-13 18:00:00,0.144,0.18000000000000002
2024-10-13 18:30:00,0.10971500000000001,0.13714375
2024-10-13 19:00:00,0.09076000000000001,0.11345
2024-10-13 19:30:00,0.059353333333333334,0.07419166666666667
2024-10-13 20:00:00,0.05034666666666667,0.06293333333333333
2024-10-13 20:30:00,0.04670166666666667,0.05837708333333333
2024-10-13 21:00:00,0.032255,0.04031875
2024-10-13 21:30:00,0.012365000000000001,0.01545625
2024-10-13 22:00:00,0.008946666666666667,0.011183333333333332
2024-10-13 22:30:00,0.013435,0.01679375
2024-10-13 23:00:00,0.014043333333333333,0.017554166666666666
2024-10-13 23:30:00,0.007875,0.00984375
2024-10-14 00:00:00,3e-05,2.2499999999999995e-05
2024-10-14 00:30:00,-0.00014500000000000003,-0.00016375000000000002
2024-10-14 01:00:00,0.0022516666666666666,0.0016229166666666666
2024-10-14 01:30:00,-0.002935,-0.00358875
2024-10-14 02:00:00,-0.023853333333333334,-0.023853333333333334
2024-10-14 02:30:00,-0.039231666666666665,-0.039231666666666665
2024-10-14 03:00:00,-0.046509999999999996,-0.046509999999999996
2024-10-14 03:30:00,-0.04045666666666667,-0.04045666666666667
2024-10-14 04:00:00,-0.027561666666666665,-0.027561666666666665
2024-10-14 04:30:00,-0.00316,-0.003183333333333333
2024-10-14 05:00:00,0.02058,0.015434999999999999
2024-10-14 05:30:00,0.02515666666666667,0.0188675
2024-10-14 06:00:00,0.021278333333333333,0.01595875
2024-10-14 06:30:00,0.01998166666666667,0.01498625
2024-10-14 07:00:00,0.018093333333333333,0.013569999999999999
2024-10-14 07:30:00,0.009293333333333334,0.00695125
2024-10-14 08:00:00,0.0025366666666666667,0.0017054166666666667
2024-10-14 08:30:00,-0.023051666666666665,-0.023051666666666665
2024-10-14 09:00:00,-0.035145,-0.035145
2024-10-14 09:30:00,-0.04033,-0.04033
2024-10-14 10:00:00,-0.042089999999999995,-0.042089999999999995
2024-10-14 10:30:00,-0.04153333333333333,-0.04153333333333333
2024-10-14 11:00:00,-0.049185,-0.049185
2024-10-14 11:30:00,-0.055545000000000004,-0.055545000000000004
2024-10-14 12:00:00,-0.05437666666666666,-0.05437666666666666
2024-10-14 12:30:00,-0.056785,-0.056785
2024-10-14 13:00:00,-0.05697833333333333,-0.05697833333333333
2024-10-14 13:30:00,-0.061965,-0.061965
2024-10-14 14:00:00,-0.056751666666666666,-0.056751666666666666
2024-10-14 14:30:00,-0.059341666666666675,-0.059341666666666675
2024-10-14 15:00:00,-0.06317666666666667,-0.06317666666666667
2024-10-14 15:30:00,-0.058423333333333334,-0.058423333333333334
2024-10-14 16:00:00,-0.05709,-0.05709
2024-10-14 16:30:00,-0.04466333333333333,-0.04466333333333333
2024-10-14 17:00:00,-0.015283333333333335,-0.013310416666666665
2024-10-14 17:30:00,0.07639833333333333,0.09549791666666667
2024-10-14 18:00:00,0.09195000000000002,0.11493749999999998
2024-10-14 18:30:00,0.057071666666666666,0.07133958333333333
2024-10-14 19:00:00,0.07233833333333332,0.09042291666666667
2024-10-14 19:30:00,0.0546,0.06824999999999999
2024-10-14 20:00:00,0.046139999999999994,0.057675000000000004
2024-10-14 20:30:00,0.05018333333333334,0.06272916666666667
2024-10-14 21:00:00,0.0476,0.0595
2024-10-14 21:30:00,0.04613333333333333,0.057666666666666665
2024-10-14 22:00:00,0.029788333333333333,0.03723541666666667
2024-10-14 22:30:00,0.02330666666666667,0.029133333333333334
2024-10-14 23:00:00,0.041174999999999996,0.05146875
2024-10-14 23:30:00,0.022496666666666665,0.02812083333333333
2024-10-15 00:00:00,0.04631666666666667,0.034737500000000004
2024-10-15 00:30:00,0.046125,0.03459375
2024-10-15 01:00:00,0.025055000000000004,0.01879125
2024-10-15 01:30:00,0.019953333333333333,0.014965000000000001
2024-10-15 02:00:00,0.01728666666666667,0.012964999999999999
2024-10-15 02:30:00,0.021419999999999998,0.016065
2024-10-15 03:00:00,0.04085833333333333,0.03064375
2024-10-15 03:30:00,0.04776333333333333,0.0358225
2024-10-15 04:00:00,0.04984333333333333,0.0373825
2024-10-15 04:30:00,0.05305666666666667,0.0397925
2024-10-15 05:00:00,0.07337166666666667,0.055028749999999994
2024-10-15 05:30:00,0.08832666666666666,0.066245
2024-10-15 06:00:00,0.05229333333333334,0.03922
2024-10-15 06:30:00,0.03857,0.0289275
2024-10-15 07:00:00,0.048043333333333334,0.0360325
2024-10-15 07:30:00,0.028156666666666667,0.021117499999999997
2024-10-15 08:00:00,0.013786666666666668,0.01034
2024-10-15 08:30:00,0.007366666666666667,0.00546625
2024-10-15 09:00:00,0.009268333333333333,0.00695125
2024-10-15 09:30:00,0.010905,0.00817875
2024-10-15 10:00:00,0.013296666666666667,0.0099725
2024-10-15 10:30:00,0.014863333333333334,0.0111475
2024-10-15 11:00:00,0.009181666666666666,0.00688625
2024-10-15 11:30:00,0.003948333333333332,0.0026145833333333333
2024-10-15 12:00:00,0.004413333333333333,0.004413333333333333
2024-10-15 12:30:00,-0.008878333333333334,-0.008878333333333334
2024-10-15 13:00:00,-0.0008316666666666666,-0.0005254166666666667
2024-10-15 13:30:00,-0.012228333333333334,-0.01221375
2024-10-15 14:00:00,-0.020551666666666666,-0.020551666666666666
2024-10-15 14:30:00,0.0049366666666666665,0.00702375
2024-10-15 15:00:00,0.016953333333333334,0.021191666666666668
2024-10-15 15:30:00,0.019923333333333335,0.024904166666666668
2024-10-15 16:00:00,0.03946666666666667,0.04933333333333333
2024-10-15 16:30:00,0.048841666666666665,0.06105208333333333
2024-10-15 17:00:00,0.08431333333333334,0.10539166666666666
2024-10-15 17:30:00,0.11445500000000002,0.14306875
2024-10-15 18:00:00,0.11328500000000001,0.14160625000000002
2024-10-15 18:30:00,0.09534166666666666,0.11917708333333334
2024-10-15 19:00:00,0.07629666666666667,0.09537083333333334
2024-10-15 19:30:00,0.06715333333333333,0.08394166666666665
2024-10-15 20:00:00,0.05460333333333334,0.06825416666666666
2024-10-15 20:30:00,0.051185,0.06398125
2024-10-15 21:00:00,0.05071666666666667,0.06339583333333333
2024-10-15 21:30:00,0.04917,0.0614625
2024-10-15 22:00:00,0.04951333333333333,0.06189166666666667
2024-10-15 22:30:00,0.047275000000000005,0.05909375
2024-10-15 23:00:00,0.048100000000000004,0.060125000000000005
2024-10-15 23:30:00,0.04911666666666667,0.06139583333333334
2024-10-16 00:00:00,0.049580000000000006,0.037185
2024-10-16 00:30:00,0.05000000000000001,0.0375
2024-10-16 01:00:00,0.05000000000000001,0.0375
2024-10-16 01:30:00,0.048673333333333325,0.036505
2024-10-16 02:00:00,0.04945833333333333,0.03709375
2024-10-16 02:30:00,0.048661666666666666,0.03649625
2024-10-16 03:00:00,0.048740000000000006,0.036555
2024-10-16 03:30:00,0.049835,0.03737625
2024-10-16 04:00:00,0.052103333333333335,0.0390775
2024-10-16 04:30:00,0.058074999999999995,0.04355625
2024-10-16 05:00:00,0.07233666666666667,0.0542525
2024-10-16 05:30:00,0.08777333333333333,0.06583
2024-10-16 06:00:00,0.06675833333333334,0.050068749999999995
2024-10-16 06:30:00,0.05066333333333334,0.0379975
2024-10-16 07:00:00,0.02557,0.0191775
2024-10-16 07:30:00,0.018938333333333335,0.01420375
2024-10-16 08:00:00,0.016988333333333334,0.01274125
2024-10-16 08:30:00,0.014705000000000001,0.011028749999999999
2024-10-16 09:00:00,0.010209999999999999,0.0076575
2024-10-16 09:30:00,0.0035599999999999994,0.0018962499999999997
2024-10-16 10:00:00,0.0022199999999999998,0.00158625
2024-10-16 10:30:00,0.012686666666666667,0.009515000000000001
2024-10-16 11:00:00,0.00363,0.0027224999999999997
2024-10-16 11:30:00,0.00022999999999999993,-0.0002479166666666667
2024-10-16 12:00:00,0.007459999999999999,0.007459999999999999
2024-10-16 12:30:00,0.012136666666666669,0.012136666666666669
2024-10-16 13:00:00,0.00505,0.0063124999999999995
2024-10-16 13:30:00,0.009933333333333334,0.012416666666666666
2024-10-16 14:00:00,0.018736666666666665,0.023420833333333335
2024-10-16 14:30:00,0.018881666666666668,0.023602083333333333
2024-10-16 15:00:00,0.025150000000000002,0.0314375
2024-10-16 15:30:00,0.032121666666666666,0.04015208333333333
2024-10-16 16:00:00,0.053455,0.06681875
2024-10-16 16:30:00,0.10778666666666666,0.13473333333333334
2024-10-16 17:00:00,0.18464,0.2308
2024-10-16 17:30:00,0.20855333333333334,0.26069166666666665
2024-10-16 18:00:00,0.24972833333333333,0.31216041666666666
2024-10-16 18:30:00,0.23335333333333333,0.2916916666666667
2024-10-16 19:00:00,0.1800466666666667,0.22505833333333333
2024-10-16 19:30:00,0.12675833333333333,0.15844791666666666
2024-10-16 20:00:00,0.09136666666666667,0.11420833333333331
2024-10-16 20:30:00,0.07948333333333334,0.09935416666666667
2024-10-16 21:00:00,0.076975,0.09621875
2024-10-16 21:30:00,0.07447166666666667,0.09308958333333334
2024-10-16 22:00:00,0.071225,0.08903125
2024-10-16 22:30:00,0.06436,0.08045000000000001
2024-10-16 23:00:00,0.06267,0.0783375
2024-10-16 23:30:00,0.05325666666666667,0.06657083333333333
2024-10-17 00:00:00,0.05047833333333334,0.03785875
2024-10-17 00:30:00,0.05024833333333333,0.03768625
2024-10-17 01:00:00,0.04957,0.037177499999999995
2024-10-17 01:30:00,0.048501666666666665,0.03637625
2024-10-17 02:00:00,0.04642166666666667,0.03481625
2024-10-17 02:30:00,0.042828333333333336,0.032121250000000004
2024-10-17 03:00:00,0.04143666666666667,0.031077499999999997
2024-10-17 03:30:00,0.04673166666666667,0.03504875
2024-10-17 04:00:00,0.04990166666666667,0.03742625
2024-10-17 04:30:00,0.06237500000000001,0.046781249999999996
2024-10-17 05:00:00,0.06005,0.0450375
2024-10-17 05:30:00,0.07686333333333334,0.0576475
2024-10-17 06:00:00,0.05000000000000001,0.0375
2024-10-17 06:30:00,0.03591833333333334,0.026938749999999997
2024-10-17 07:00:00,0.012993333333333334,0.009745
2024-10-17 07:30:00,0.016403333333333336,0.012302500000000001
2024-10-17 08:00:00,0.028065000000000003,0.02104875
2024-10-17 08:30:00,0.01757,0.0131775
2024-10-17 09:00:00,0.018831666666666667,0.01412375
2024-10-17 09:30:00,0.00978,0.007335
2024-10-17 10:00:00,0.014595000000000002,0.01094625
2024-10-17 10:30:00,0.020059999999999998,0.015045000000000001
2024-10-17 11:00:00,0.023501666666666667,0.01762625
2024-10-17 11:30:00,0.019251666666666667,0.01443875
2024-10-17 12:00:00,0.01721,0.01721
2024-10-17 12:30:00,0.014136666666666667,0.014136666666666667
2024-10-17 13:00:00,0.010351666666666667,0.012939583333333332
2024-10-17 13:30:00,0.0022766666666666664,0.0028458333333333335
2024-10-17 14:00:00,0.008831666666666666,0.011039583333333332
2024-10-17 14:30:00,0.010443333333333332,0.013054166666666667
2024-10-17 15:00:00,0.00861,0.0107625
2024-10-17 15:30:00,0.03096833333333333,0.03871041666666667
2024-10-17 16:00:00,0.06265833333333333,0.07832291666666666
2024-10-17 16:30:00,0.06474,0.080925
2024-10-17 17:00:00,0.14485499999999998,0.18106875
2024-10-17 17:30:00,0.22410333333333332,0.2801291666666667
2024-10-17 18:00:00,0.28308333333333335,0.35385416666666664
2024-10-17 18:30:00,0.2188266666666667,0.27353333333333335
2024-10-17 19:00:00,0.12928333333333333,0.16160416666666666
2024-10-17 19:30:00,0.11964333333333332,0.14955416666666665
2024-10-17 20:00:00,0.098825,0.12353125
2024-10-17 20:30:00,0.08806333333333333,0.11007916666666667
2024-10-17 21:00:00,0.06502666666666666,0.08128333333333333
2024-10-17 21:30:00,0.05882333333333333,0.07352916666666666
2024-10-17 22:00:00,0.07925833333333333,0.09907291666666668
2024-10-17 22:30:00,0.07179,0.08973750000000001
2024-10-17 23:00:00,0.07032833333333334,0.08791041666666666
2024-10-17 23:30:00,0.06765,0.0845625
2024-10-18 00:00:00,0.05664333333333333,0.0424825
2024-10-18 00:30:00,0.05816333333333334,0.0436225
2024-10-18 01:00:00,0.05419833333333333,0.040648750000000004
2024-10-18 01:30:00,0.04996333333333333,0.0374725
2024-10-18 02:00:00,0.04962833333333334,0.03722125
2024-10-18 02:30:00,0.049961666666666675,0.03747125
2024-10-18 03:00:00,0.04928,0.03696
2024-10-18 03:30:00,0.04928333333333334,0.0369625
2024-10-18 04:00:00,0.05000000000000001,0.0375
2024-10-18 04:30:00,0.05000000000000001,0.0375
2024-10-18 05:00:00,0.05004666666666666,0.037535
2024-10-18 05:30:00,0.05361166666666667,0.04020875
2024-10-18 06:00:00,0.04725000000000001,0.035437500000000004
2024-10-18 06:30:00,0.019698333333333335,0.01477375
2024-10-18 07:00:00,0.012775,0.00958125
2024-10-18 07:30:00,0.004575,0.003384583333333333
2024-10-18 08:00:00,0.0063950000000000005,0.00479625
2024-10-18 08:30:00,-0.0015116666666666666,-0.0015120833333333332
2024-10-18 09:00:00,-0.004561666666666666,-0.004562083333333334
2024-10-18 09:30:00,-0.004716666666666667,-0.004757083333333333
2024-10-18 10:00:00,-0.017871666666666664,-0.017871666666666664
2024-10-18 10:30:00,-0.015408333333333335,-0.015408333333333335
2024-10-18 11:00:00,-0.019866666666666668,-0.019866666666666668
2024-10-18 11:30:00,-0.02589,-0.02589
2024-10-18 12:00:00,-0.030583333333333337,-0.030583333333333337
2024-10-18 12:30:00,-0.009425,-0.009425
2024-10-18 13:00:00,-0.019356666666666664,-0.019356666666666664
2024-10-18 13:30:00,-0.020846666666666666,-0.020846666666666666
2024-10-18 14:00:00,0.010081666666666668,0.012763749999999999
2024-10-18 14:30:00,0.025648333333333332,0.03206041666666667
2024-10-18 15:00:00,0.034015,0.04251875
2024-10-18 15:30:00,0.04434333333333334,0.05542916666666667
2024-10-18 16:00:00,0.053303333333333335,0.06662916666666667
2024-10-18 16:30:00,0.05749333333333334,0.07186666666666668
2024-10-18 17:00:00,0.09468,0.11835
2024-10-18 17:30:00,0.08762833333333332,0.10953541666666666
2024-10-18 18:00:00,0.06853333333333333,0.08566666666666667
2024-10-18 18:30:00,0.051081666666666664,0.06385208333333334
2024-10-18 19:00:00,0.04118333333333333,0.051479166666666666
2024-10-18 19:30:00,0.03838833333333333,0.04798541666666667
2024-10-18 20:00:00,0.023463333333333336,0.029329166666666667
2024-10-18 20:30:00,0.03907666666666667,0.04884583333333333
2024-10-18 21:00:00,0.05152333333333334,0.06440416666666667
2024-10-18 21:30:00,0.054665,0.06833125
2024-10-18 22:00:00,0.04892666666666667,0.061158333333333335
2024-10-18 22:30:00,0.05247666666666667,0.06559583333333334
2024-10-18 23:00:00,0.036285000000000005,0.045356249999999994
2024-10-18 23:30:00,0.013063333333333335,0.016329166666666665
2024-10-19 00:00:00,0.04566166666666666,0.03424625
2024-10-19 00:30:00,0.017105,0.012828750000000002
2024-10-19 01:00:00,0.00895,0.006712500000000001
2024-10-19 01:30:00,0.0053816666666666665,0.004036250000000001
2024-10-19 02:00:00,0.004491666666666666,0.00336875
2024-10-19 02:30:00,0.0012433333333333335,0.0009325000000000001
2024-10-19 03:00:00,0.006186666666666667,0.00384875
2024-10-19 03:30:00,0.007886666666666667,0.005915
2024-10-19 04:00:00,0.008995,0.00674625
2024-10-19 04:30:00,0.01575,0.011812499999999998
2024-10-19 05:00:00,0.019613333333333333,0.01471
2024-10-19 05:30:00,0.03901333333333334,0.029259999999999998
2024-10-19 06:00:00,0.034675,0.026006249999999998
2024-10-19 06:30:00,0.021166666666666667,0.015875
2024-10-19 07:00:00,0.017248333333333334,0.012936250000000002
2024-10-19 07:30:00,0.018663333333333334,0.013610833333333334
2024-10-19 08:00:00,-0.0009233333333333333,-0.0011275
2024-10-19 08:30:00,0.003315,0.00248625
2024-10-19 09:00:00,-0.028626666666666665,-0.028626666666666665
2024-10-19 09:30:00,-0.045608333333333334,-0.045608333333333334
2024-10-19 10:00:00,-0.044995,-0.044995
2024-10-19 10:30:00,-0.0482,-0.0482
2024-10-19 11:00:00,-0.04521833333333333,-0.04521833333333333
2024-10-19 11:30:00,-0.045331666666666666,-0.045331666666666666
2024-10-19 12:00:00,-0.047245,-0.047245
2024-10-19 12:30:00,-0.05177166666666667,-0.05177166666666667
2024-10-19 13:00:00,-0.05808,-0.05808
2024-10-19 13:30:00,-0.052805,-0.052805
2024-10-19 14:00:00,-0.046564999999999995,-0.046564999999999995
2024-10-19 14:30:00,-0.028384999999999997,-0.028384999999999997
2024-10-19 15:00:00,-0.00496,-0.004512499999999999
2024-10-19 15:30:00,-0.0036583333333333333,-0.0027991666666666664
2024-10-19 16:00:00,0.00447,0.0063345833333333336
2024-10-19 16:30:00,0.007598333333333333,0.009497916666666667
2024-10-19 17:00:00,-0.010578333333333334,-0.009573333333333331
2024-10-19 17:30:00,0.015383333333333332,0.019229166666666665
2024-10-19 18:00:00,0.020078333333333333,0.025097916666666668
2024-10-19 18:30:00,0.00923,0.0115375
2024-10-19 19:00:00,0.01069,0.0133625
2024-10-19 19:30:00,0.00865,0.010812500000000001
2024-10-19 20:00:00,0.007371666666666666,0.009214583333333333
2024-10-19 20:30:00,0.00662,0.008275
2024-10-19 21:00:00,0.00701,0.0087625
2024-10-19 21:30:00,0.007461666666666666,0.009327083333333333
2024-10-19 22:00:00,-0.0016600000000000002,-0.00128375
2024-10-19 22:30:00,-0.007463333333333333,-0.0069545833333333335
2024-10-19 23:00:00,0.004804999999999999,0.0065475
2024-10-19 23:30:00,0.005368333333333333,0.006710416666666667
2024-10-20 00:00:00,2e-05,1.4999999999999999e-05
2024-10-20 00:30:00,-0.00191,-0.0019129166666666667
2024-10-20 01:00:00,-0.0040550000000000004,-0.004058333333333333
2024-10-20 01:30:00,-0.011245,-0.011245
2024-10-20 02:00:00,-0.01957666666666667,-0.01957666666666667
2024-10-20 02:30:00,-0.010435,-0.010435
2024-10-20 03:00:00,-0.026863333333333333,-0.026863333333333333
2024-10-20 03:30:00,-0.023756666666666666,-0.023756666666666666
2024-10-20 04:00:00,-0.019286666666666667,-0.019286666666666667
2024-10-20 04:30:00,-0.01839666666666667,-0.01839666666666667
2024-10-20 05:00:00,-0.01655833333333333,-0.01655833333333333
2024-10-20 05:30:00,0.0030633333333333333,0.0022975
2024-10-20 06:00:00,-0.016408333333333334,-0.016409166666666666
2024-10-20 06:30:00,-0.024178333333333333,-0.024178333333333333
2024-10-20 07:00:00,-0.033945,-0.033945
2024-10-20 07:30:00,-0.043258333333333336,-0.043258333333333336
2024-10-20 08:00:00,-0.04593666666666666,-0.04593666666666666
2024-10-20 08:30:00,-0.048793333333333334,-0.048793333333333334
2024-10-20 09:00:00,-0.04918,-0.04918
2024-10-20 09:30:00,-0.04978333333333334,-0.04978333333333334
2024-10-20 10:00:00,-0.05282,-0.05282
2024-10-20 10:30:00,-0.05405666666666667,-0.05405666666666667
2024-10-20 11:00:00,-0.054038333333333334,-0.054038333333333334
2024-10-20 11:30:00,-0.054425,-0.054425
2024-10-20 12:00:00,-0.051126666666666674,-0.051126666666666674
2024-10-20 12:30:00,-0.04788166666666666,-0.04788166666666666
2024-10-20 13:00:00,-0.045110000000000004,-0.045110000000000004
2024-10-20 13:30:00,-0.041595,-0.041595
2024-10-20 14:00:00,-0.029965000000000002,-0.029965000000000002
2024-10-20 14:30:00,-0.016458333333333335,-0.016458333333333335
2024-10-20 15:00:00,0.0006433333333333335,0.0011595833333333334
2024-10-20 15:30:00,0.003271666666666666,0.00416375
2024-10-20 16:00:00,0.006185,0.007864583333333333
2024-10-20 16:30:00,-0.020805,-0.019765833333333333
2024-10-20 17:00:00,-0.01634,-0.016339166666666665
2024-10-20 17:30:00,0.025110000000000004,0.03242625
2024-10-20 18:00:00,0.04666,0.058324999999999995
2024-10-20 18:30:00,0.050616666666666664,0.06327083333333333
2024-10-20 19:00:00,0.05463166666666667,0.06828958333333333
2024-10-20 19:30:00,0.04592333333333334,0.057404166666666666
2024-10-20 20:00:00,0.03782833333333333,0.04728541666666666
2024-10-20 20:30:00,0.04134833333333333,0.05168541666666667
2024-10-20 21:00:00,0.04015166666666666,0.050189583333333336
2024-10-20 21:30:00,0.043133333333333336,0.05391666666666667
2024-10-20 22:00:00,0.04771333333333333,0.05964166666666667
2024-10-20 22:30:00,0.047413333333333335,0.05926666666666666
2024-10-20 23:00:00,0.04816,0.060200000000000004
2024-10-20 23:30:00,0.049605,0.062006250000000006
2024-10-21 00:00:00,0.05049666666666667,0.0378725
2024-10-21 00:30:00,0.049585,0.03718875
2024-10-21 01:00:00,0.04341333333333333,0.03256
2024-10-21 01:30:00,0.04243666666666667,0.0318275
2024-10-21 02:00:00,0.03641333333333333,0.02731
2024-10-21 02:30:00,0.04262666666666667,0.03197
2024-10-21 03:00:00,0.04237333333333334,0.031779999999999996
2024-10-21 03:30:00,0.047355,0.03551625
2024-10-21 04:00:00,0.05437500000000001,0.04078125
2024-10-21 04:30:00,0.05432666666666667,0.040744999999999996
2024-10-21 05:00:00,0.06886166666666667,0.051646250000000005
2024-10-21 05:30:00,0.042075,0.03155625
2024-10-21 06:00:00,0.06582333333333333,0.0493675
2024-10-21 06:30:00,0.07760833333333333,0.058206249999999994
2024-10-21 07:00:00,0.04131,0.0309825
2024-10-21 07:30:00,0.019504999999999998,0.014628750000000001
2024-10-21 08:00:00,0.04346833333333333,0.03260125
2024-10-21 08:30:00,0.034665,0.02599875
2024-10-21 09:00:00,0.041839999999999995,0.03138
2024-10-21 09:30:00,0.02192833333333333,0.01644625
2024-10-21 10:00:00,0.010071666666666666,0.007553750000000001
2024-10-21 10:30:00,1.000000000000017e-05,-0.0012766666666666666
2024-10-21 11:00:00,0.01036,0.00777
2024-10-21 11:30:00,0.008445,0.00633375
2024-10-21 12:00:00,0.008896666666666666,0.008896666666666666
2024-10-21 12:30:00,0.007856666666666666,0.007856666666666666
2024-10-21 13:00:00,0.00291,0.00383
2024-10-21 13:30:00,-0.010983333333333333,-0.010609583333333334
2024-10-21 14:00:00,-0.045195000000000006,-0.045195000000000006
2024-10-21 14:30:00,-0.021441666666666664,-0.02106791666666667
2024-10-21 15:00:00,0.015463333333333334,0.019329166666666668
2024-10-21 15:30:00,-0.009831666666666667,-0.008440833333333333
2024-10-21 16:00:00,0.009396666666666666,0.011745833333333332
2024-10-21 16:30:00,0.0019116666666666663,0.0035324999999999996
2024-10-21 17:00:00,0.05130833333333334,0.06413541666666667
2024-10-21 17:30:00,0.13359333333333334,0.16699166666666665
2024-10-21 18:00:00,0.11020833333333334,0.13776041666666666
2024-10-21 18:30:00,0.10079833333333332,0.12599791666666668
2024-10-21 19:00:00,0.083845,0.10480625
2024-10-21 19:30:00,0.05945333333333333,0.07431666666666666
2024-10-21 20:00:00,0.049225,0.06153125
2024-10-21 20:30:00,0.048111666666666664,0.06013958333333333
2024-10-21 21:00:00,0.04647333333333334,0.05809166666666667
2024-10-21 21:30:00,0.037185,0.04648125
2024-10-21 22:00:00,0.022821666666666667,0.02852708333333333
2024-10-21 22:30:00,0.008508333333333333,0.010635416666666666
2024-10-21 23:00:00,0.006804999999999999,0.00850625
2024-10-21 23:30:00,0.005498333333333333,0.006872916666666666
2024-10-22 00:00:00,0.003485,0.00261375
2024-10-22 00:30:00,-0.00166,-0.00203625
2024-10-22 01:00:00,-0.0031483333333333333,-0.0031525000000000004
2024-10-22 01:30:00,-0.006316666666666666,-0.00632
2024-10-22 02:00:00,-0.00624,-0.006244166666666666
2024-10-22 02:30:00,-0.006946666666666667,-0.006949166666666667
2024-10-22 03:00:00,-0.00932,-0.009323333333333335
2024-10-22 03:30:00,-0.00061,-0.0006141666666666666
2024-10-22 04:00:00,0.0065899999999999995,0.0049425
2024-10-22 04:30:00,0.008966666666666666,0.006725000000000001
2024-10-22 05:00:00,0.014554999999999998,0.01091625
2024-10-22 05:30:00,0.019955,0.01496625
2024-10-22 06:00:00,0.018571666666666667,0.013928750000000002
2024-10-22 06:30:00,-0.029775,-0.030657916666666663
2024-10-22 07:00:00,-0.012618333333333334,-0.012991250000000001
2024-10-22 07:30:00,-0.055630000000000006,-0.055630000000000006
2024-10-22 08:00:00,-0.055761666666666675,-0.055761666666666675
2024-10-22 08:30:00,-0.05801666666666667,-0.05801666666666667
2024-10-22 09:00:00,-0.05710833333333334,-0.05710833333333334
2024-10-22 09:30:00,-0.058519999999999996,-0.058519999999999996
2024-10-22 10:00:00,-0.07428833333333333,-0.07428833333333333
2024-10-22 10:30:00,-0.06363166666666667,-0.06363166666666667
2024-10-22 11:00:00,-0.05801666666666667,-0.05801666666666667
2024-10-22 11:30:00,-0.05960000000000001,-0.05960000000000001
2024-10-22 12:00:00,-0.058826666666666666,-0.058826666666666666
2024-10-22 12:30:00,-0.05825,-0.05825
2024-10-22 13:00:00,-0.05801666666666667,-0.05801666666666667
2024-10-22 13:30:00,-0.05613166666666667,-0.05613166666666667
2024-10-22 14:00:00,-0.056565000000000004,-0.056565000000000004
2024-10-22 14:30:00,-0.05681,-0.05681
2024-10-22 15:00:00,-0.05800666666666667,-0.05800666666666667
2024-10-22 15:30:00,-0.05782,-0.05782
2024-10-22 16:00:00,-0.05628333333333333,-0.05628333333333333
2024-10-22 16:30:00,-0.03349333333333333,-0.033120416666666666
2024-10-22 17:00:00,-0.007,-0.006998333333333333
2024-10-22 17:30:00,-0.041703333333333335,-0.041703333333333335
2024-10-22 18:00:00,-0.05260666666666667,-0.05260666666666667
2024-10-22 18:30:00,-0.039525,-0.039525
2024-10-22 19:00:00,-0.0038883333333333335,-0.0032774999999999996
2024-10-22 19:30:00,0.0188,0.02429125
2024-10-22 20:00:00,0.04279,0.05348749999999999
2024-10-22 20:30:00,0.036936666666666666,0.046170833333333335
2024-10-22 21:00:00,0.014369999999999999,0.0179625
2024-10-22 21:30:00,0.017813333333333334,0.022313333333333334
2024-10-22 22:00:00,0.005978333333333333,0.007472916666666667
2024-10-22 22:30:00,0.0048516666666666665,0.006064583333333334
2024-10-22 23:00:00,0.008995,0.011243749999999999
2024-10-22 23:30:00,0.04761333333333334,0.05951666666666666
2024-10-23 00:00:00,0.03664166666666666,0.02748125
2024-10-23 00:30:00,0.041896666666666665,0.0314225
2024-10-23 01:00:00,0.041668333333333335,0.03125125
2024-10-23 01:30:00,0.021871666666666668,0.016403749999999998
2024-10-23 02:00:00,0.01746,0.013095
2024-10-23 02:30:00,0.015373333333333334,0.011529999999999999
2024-10-23 03:00:00,0.026286666666666667,0.019715
2024-10-23 03:30:00,0.03556333333333333,0.0266725
2024-10-23 04:00:00,0.03711333333333333,0.027835
2024-10-23 04:30:00,0.03452,0.02589
2024-10-23 05:00:00,0.04881166666666667,0.03660875
2024-10-23 05:30:00,0.050345,0.03775875
2024-10-23 06:00:00,0.045910000000000006,0.0344325
2024-10-23 06:30:00,0.006963333333333333,0.004430833333333334
2024-10-23 07:00:00,-0.01672,-0.017185833333333334
2024-10-23 07:30:00,-0.04313666666666666,-0.04313666666666666
2024-10-23 08:00:00,-0.05098833333333333,-0.05098833333333333
2024-10-23 08:30:00,-0.05542,-0.05542
2024-10-23 09:00:00,-0.05438333333333334,-0.05438333333333334
2024-10-23 09:30:00,-0.05546,-0.05546
2024-10-23 10:00:00,-0.054920000000000004,-0.054920000000000004
2024-10-23 10:30:00,-0.049830000000000006,-0.049830000000000006
2024-10-23 11:00:00,-0.034681666666666666,-0.034681666666666666
2024-10-23 11:30:00,-0.05482833333333333,-0.05482833333333333
2024-10-23 12:00:00,-0.08025833333333333,-0.08025833333333333
2024-10-23 12:30:00,-0.05755000000000001,-0.05755000000000001
2024-10-23 13:00:00,-0.065035,-0.065035
2024-10-23 13:30:00,-0.050943333333333334,-0.04992916666666666
2024-10-23 14:00:00,-0.014556666666666667,-0.014386666666666666
2024-10-23 14:30:00,-0.0032033333333333336,-0.00231875
2024-10-23 15:00:00,-0.06939000000000001,-0.06939000000000001
2024-10-23 15:30:00,-0.05669166666666667,-0.05669166666666667
2024-10-23 16:00:00,-0.03398166666666667,-0.033811666666666663
2024-10-23 16:30:00,0.009726666666666666,0.012158333333333333
2024-10-23 17:00:00,0.0405,0.050625
2024-10-23 17:30:00,-0.008653333333333334,-0.0051708333333333354
2024-10-23 18:00:00,0.006784999999999999,0.008481250000000001
2024-10-23 18:30:00,0.04485,0.056062499999999994
2024-10-23 19:00:00,0.069205,0.08650625
2024-10-23 19:30:00,0.08677333333333333,0.10846666666666667
2024-10-23 20:00:00,0.06616833333333333,0.08271041666666666
2024-10-23 20:30:00,0.05314833333333333,0.06643541666666666
2024-10-23 21:00:00,0.052386666666666665,0.06548333333333334
2024-10-23 21:30:00,0.05000000000000001,0.0625
2024-10-23 22:00:00,0.04618333333333333,0.057729166666666665
2024-10-23 22:30:00,0.040988333333333335,0.051235416666666665
2024-10-23 23:00:00,0.050245000000000005,0.06280625
2024-10-23 23:30:00,0.05148166666666667,0.06435208333333332
2024-10-24 00:00:00,0.05000000000000001,0.0375
2024-10-24 00:30:00,0.04949666666666667,0.037122499999999996
2024-10-24 01:00:00,0.04829,0.0362175
2024-10-24 01:30:00,0.048325,0.03624375
2024-10-24 02:00:00,0.03560833333333333,0.026706249999999997
2024-10-24 02:30:00,0.04016,0.030120000000000004
2024-10-24 03:00:00,0.045695000000000006,0.034271249999999996
2024-10-24 03:30:00,0.04380333333333333,0.0328525
2024-10-24 04:00:00,0.04976833333333334,0.03732625
2024-10-24 04:30:00,0.051359999999999996,0.03852
2024-10-24 05:00:00,0.07204166666666666,0.05403125
2024-10-24 05:30:00,0.05568,0.04176
2024-10-24 06:00:00,0.050660000000000004,0.037994999999999994
2024-10-24 06:30:00,0.03506833333333333,0.026301249999999998
2024-10-24 07:00:00,0.03771666666666667,0.028287500000000004
2024-10-24 07:30:00,0.010901666666666665,0.008176250000000001
2024-10-24 08:00:00,-0.025501666666666662,-0.026061249999999998
2024-10-24 08:30:00,-0.04738666666666667,-0.04738666666666667
2024-10-24 09:00:00,-0.0172,-0.018360833333333333
2024-10-24 09:30:00,-0.009146666666666666,-0.009318333333333333
2024-10-24 10:00:00,-0.05374333333333334,-0.05374333333333334
2024-10-24 10:30:00,-0.045498333333333335,-0.045498333333333335
2024-10-24 11:00:00,-0.04124666666666666,-0.04124666666666666
2024-10-24 11:30:00,-0.05330833333333334,-0.05330833333333334
2024-10-24 12:00:00,-0.057066666666666675,-0.057066666666666675
2024-10-24 12:30:00,-0.058845,-0.058845
2024-10-24 13:00:00,-0.058405000000000006,-0.058405000000000006
2024-10-24 13:30:00,-0.056931666666666665,-0.056931666666666665
2024-10-24 14:00:00,-0.06611333333333333,-0.06611333333333333
2024-10-24 14:30:00,-0.059351666666666664,-0.059351666666666664
2024-10-24 15:00:00,-0.06002333333333334,-0.06002333333333334
2024-10-24 15:30:00,-0.05100833333333333,-0.05100833333333333
2024-10-24 16:00:00,-0.05762333333333334,-0.05762333333333334
2024-10-24 16:30:00,-0.03502,-0.03502
2024-10-24 17:00:00,-0.016986666666666667,-0.016986666666666667
2024-10-24 17:30:00,0.05890833333333334,0.07363541666666666
2024-10-24 18:00:00,0.05318666666666667,0.06648333333333334
2024-10-24 18:30:00,0.07329000000000001,0.0916125
2024-10-24 19:00:00,0.06209,0.0776125
2024-10-24 19:30:00,0.076265,0.09533124999999999
2024-10-24 20:00:00,0.04923666666666667,0.06154583333333333
2024-10-24 20:30:00,0.05496333333333333,0.06870416666666666
2024-10-24 21:00:00,0.06174333333333334,0.07717916666666667
2024-10-24 21:30:00,0.027771666666666667,0.03471458333333333
2024-10-24 22:00:00,0.013546666666666665,0.01693333333333333
2024-10-24 22:30:00,0.02317,0.028962500000000002
2024-10-24 23:00:00,0.061665,0.07708125
2024-10-24 23:30:00,0.05587166666666666,0.06983958333333333
2024-10-25 00:00:00,0.05555833333333333,0.04166875
2024-10-25 00:30:00,0.053961666666666665,0.04047125
2024-10-25 01:00:00,0.043000000000000003,0.03225
2024-10-25 01:30:00,0.033973333333333335,0.02548
2024-10-25 02:00:00,0.052550000000000006,0.039412499999999996
2024-10-25 02:30:00,0.05355000000000001,0.0401625
2024-10-25 03:00:00,0.05531,0.0414825
2024-10-25 03:30:00,0.051995000000000006,0.03899625
2024-10-25 04:00:00,0.049335,0.03700125
2024-10-25 04:30:00,0.061755000000000004,0.04631625
2024-10-25 05:00:00,0.0838,0.06285
2024-10-25 05:30:00,0.08251166666666666,0.06188375000000001
2024-10-25 06:00:00,0.04671166666666667,0.035033749999999995
2024-10-25 06:30:00,0.0010333333333333334,0.000775
2024-10-25 07:00:00,-0.000575,-0.0009516666666666666
2024-10-25 07:30:00,-0.036325,-0.036325
2024-10-25 08:00:00,-0.019848333333333332,-0.021315833333333336
2024-10-25 08:30:00,-0.001405,-0.0026145833333333333
2024-10-25 09:00:00,-0.016951666666666667,-0.016951666666666667
2024-10-25 09:30:00,-0.027031666666666666,-0.027031666666666666
2024-10-25 10:00:00,-0.10588166666666667,-0.10588166666666667
2024-10-25 10:30:00,-0.05393,-0.05393
2024-10-25 11:00:00,-0.048973333333333334,-0.048973333333333334
2024-10-25 11:30:00,-0.05365,-0.05365
2024-10-25 12:00:00,-0.05396,-0.05396
2024-10-25 12:30:00,-0.052735,-0.052735
2024-10-25 13:00:00,-0.05143166666666666,-0.05143166666666666
2024-10-25 13:30:00,-0.04908833333333334,-0.04908833333333334
2024-10-25 14:00:00,-0.10006666666666668,-0.10006666666666668
2024-10-25 14:30:00,-0.08226333333333334,-0.08226333333333334
2024-10-25 15:00:00,-0.02416666666666667,-0.02416666666666667
2024-10-25 15:30:00,0.016923333333333332,0.023237916666666664
2024-10-25 16:00:00,0.040915,0.051143749999999995
2024-10-25 16:30:00,0.02244666666666667,0.028058333333333334
2024-10-25 17:00:00,0.059989999999999995,0.0749875
2024-10-25 17:30:00,0.110055,0.13756875
2024-10-25 18:00:00,0.119265,0.14908125
2024-10-25 18:30:00,0.11081999999999999,0.138525
2024-10-25 19:00:00,0.09147166666666667,0.11433958333333333
2024-10-25 19:30:00,0.06787333333333333,0.08484166666666666
2024-10-25 20:00:00,0.061731666666666664,0.07716458333333333
2024-10-25 20:30:00,0.05978833333333333,0.07473541666666667
2024-10-25 21:00:00,0.05719166666666667,0.07148958333333333
2024-10-25 21:30:00,0.052695,0.06586875
2024-10-25 22:00:00,0.051193333333333334,0.06399166666666667
2024-10-25 22:30:00,0.04746,0.059324999999999996
2024-10-25 23:00:00,0.06993666666666666,0.08742083333333334
2024-10-25 23:30:00,0.060048333333333336,0.07506041666666667
2024-10-26 00:00:00,0.05242333333333333,0.0393175
2024-10-26 00:30:00,0.04981833333333333,0.03736375
2024-10-26 01:00:00,0.04874833333333333,0.036561249999999997
2024-10-26 01:30:00,0.016731666666666666,0.01254875
2024-10-26 02:00:00,0.005846666666666667,0.004385000000000001
2024-10-26 02:30:00,0.00229,0.0017175
2024-10-26 03:00:00,0.007371666666666666,0.00552875
2024-10-26 03:30:00,-0.00248,-0.002484166666666667
2024-10-26 04:00:00,-0.006798333333333333,-0.006798333333333333
2024-10-26 04:30:00,-0.004448333333333333,-0.0044525
2024-10-26 05:00:00,-0.020526666666666665,-0.020526666666666665
2024-10-26 05:30:00,-0.02061666666666667,-0.02061666666666667
2024-10-26 06:00:00,-0.02321166666666667,-0.02321166666666667
2024-10-26 06:30:00,-0.04684666666666667,-0.04684666666666667
2024-10-26 07:00:00,-0.055038333333333335,-0.055038333333333335
2024-10-26 07:30:00,-0.06521333333333333,-0.06521333333333333
2024-10-26 08:00:00,-0.07059,-0.07059
2024-10-26 08:30:00,-0.071855,-0.071855
2024-10-26 09:00:00,-0.08146833333333332,-0.08146833333333332
2024-10-26 09:30:00,-0.11798666666666667,-0.11798666666666667
2024-10-26 10:00:00,-0.09275333333333334,-0.09275333333333334
2024-10-26 10:30:00,-0.10205666666666667,-0.10205666666666667
2024-10-26 11:00:00,-0.088435,-0.088435
2024-10-26 11:30:00,-0.08605999999999998,-0.08605999999999998
2024-10-26 12:00:00,-0.06517666666666667,-0.06517666666666667
2024-10-26 12:30:00,-0.08135333333333333,-0.08135333333333333
2024-10-26 13:00:00,-0.08095000000000001,-0.08095000000000001
2024-10-26 13:30:00,-0.08434333333333333,-0.08434333333333333
2024-10-26 14:00:00,-0.07094833333333334,-0.07094833333333334
2024-10-26 14:30:00,-0.07380666666666667,-0.07380666666666667
2024-10-26 15:00:00,-0.08063,-0.08063
2024-10-26 15:30:00,-0.06913833333333333,-0.06913833333333333
2024-10-26 16:00:00,-0.065375,-0.065375
2024-10-26 16:30:00,-0.05771333333333334,-0.05771333333333334
2024-10-26 17:00:00,-0.05219833333333334,-0.05219833333333334
2024-10-26 17:30:00,0.006501666666666667,0.010639583333333334
2024-10-26 18:00:00,0.061616666666666674,0.07702083333333333
2024-10-26 18:30:00,0.04501333333333333,0.056266666666666666
2024-10-26 19:00:00,0.049223333333333334,0.06152916666666667
2024-10-26 19:30:00,0.04991166666666667,0.06238958333333333
2024-10-26 20:00:00,0.05229,0.0653625
2024-10-26 20:30:00,0.04887333333333333,0.06109166666666666
2024-10-26 21:00:00,0.061753333333333334,0.07719166666666667
2024-10-26 21:30:00,0.055496666666666666,0.06937083333333334
2024-10-26 22:00:00,0.06890166666666667,0.08612708333333334
2024-10-26 22:30:00,0.07851666666666667,0.09814583333333333
2024-10-26 23:00:00,0.12652166666666667,0.15815208333333333
2024-10-26 23:30:00,0.13318833333333333,0.16648541666666666
2024-10-27 00:00:00,0.12642333333333333,0.0948175
2024-10-27 00:30:00,0.15492166666666665,0.11619125000000001
2024-10-27 01:00:00,0.11391666666666667,0.0854375
2024-10-27 01:30:00,0.1269233333333333,0.0951925
2024-10-27 02:00:00,0.11580666666666667,0.086855
2024-10-27 02:30:00,0.06908666666666667,0.051815
2024-10-27 03:00:00,0.061691666666666665,0.04626875
2024-10-27 03:30:00,0.05870166666666667,0.044026249999999996
2024-10-27 04:00:00,0.05219666666666667,0.0391475
2024-10-27 04:30:00,0.055104999999999994,0.041328750000000004
2024-10-27 05:00:00,0.05976499999999999,0.044823749999999996
2024-10-27 05:30:00,0.045059999999999996,0.033795
2024-10-27 06:00:00,-0.007941666666666666,-0.0094525
2024-10-27 06:30:00,-0.026539999999999998,-0.026539999999999998
2024-10-27 07:00:00,-0.010528333333333334,-0.010902083333333333
2024-10-27 07:30:00,-0.029986666666666672,-0.029986666666666672
2024-10-27 08:00:00,-0.04625166666666666,-0.04625166666666666
2024-10-27 08:30:00,-0.053445,-0.053445
2024-10-27 09:00:00,-0.09463499999999998,-0.09463499999999998
2024-10-27 09:30:00,-0.11394833333333333,-0.11394833333333333
2024-10-27 10:00:00,-0.14514666666666667,-0.14514666666666667
2024-10-27 10:30:00,-0.10183666666666667,-0.10183666666666667
2024-10-27 11:00:00,-0.11562666666666667,-0.11562666666666667
2024-10-27 11:30:00,-0.11600166666666667,-0.11600166666666667
2024-10-27 12:00:00,-0.29267,-0.29267
2024-10-27 12:30:00,-0.42369666666666667,-0.42369666666666667
2024-10-27 13:00:00,-0.41452333333333335,-0.41452333333333335
2024-10-27 13:30:00,-0.3155033333333333,-0.3155033333333333
2024-10-27 14:00:00,-0.30978833333333333,-0.30978833333333333
2024-10-27 14:30:00,-0.4014466666666667,-0.4014466666666667
2024-10-27 15:00:00,-0.17089500000000002,-0.17089500000000002
2024-10-27 15:30:00,-0.05825,-0.05825
2024-10-27 16:00:00,-0.057773333333333336,-0.057773333333333336
2024-10-27 16:30:00,-0.023326666666666666,-0.022167499999999996
2024-10-27 17:00:00,0.03335833333333333,0.04328083333333333
2024-10-27 17:30:00,0.16784333333333334,0.20980416666666665
2024-10-27 18:00:00,0.18044333333333332,0.22555416666666664
2024-10-27 18:30:00,0.188885,0.23610625
2024-10-27 19:00:00,0.09880666666666667,0.12350833333333333
2024-10-27 19:30:00,0.05805166666666667,0.07256458333333334
2024-10-27 20:00:00,0.058730000000000004,0.07341249999999999
2024-10-27 20:30:00,0.05462333333333333,0.06827916666666667
2024-10-27 21:00:00,0.06776833333333333,0.08471041666666668
2024-10-27 21:30:00,0.05378666666666667,0.06723333333333333
2024-10-27 22:00:00,0.05321833333333333,0.06652291666666667
2024-10-27 22:30:00,0.05010833333333333,0.06263541666666667
2024-10-27 23:00:00,0.05626833333333334,0.07033541666666666
2024-10-27 23:30:00,0.059818333333333334,0.07477291666666668
2024-10-28 00:00:00,0.059458333333333335,0.044593749999999995
2024-10-28 00:30:00,0.05717833333333333,0.04288375
2024-10-28 01:00:00,0.06093666666666667,0.0457025
2024-10-28 01:30:00,0.05966,0.044745
2024-10-28 02:00:00,0.05785166666666666,0.04338875
2024-10-28 02:30:00,0.056626666666666665,0.04247
2024-10-28 03:00:00,0.05410499999999999,0.040578750000000004
2024-10-28 03:30:00,0.050826666666666666,0.03812
2024-10-28 04:00:00,0.04962166666666667,0.03721625
2024-10-28 04:30:00,0.05523166666666667,0.04142375
2024-10-28 05:00:00,0.055889999999999995,0.041917499999999996
2024-10-28 05:30:00,0.046748333333333336,0.035061249999999995
2024-10-28 06:00:00,0.03805,0.028537500000000004
2024-10-28 06:30:00,0.03119833333333333,0.02339875
2024-10-28 07:00:00,0.006065000000000001,0.0035700000000000007
2024-10-28 07:30:00,-0.032591666666666665,-0.032591666666666665
2024-10-28 08:00:00,-0.03202666666666667,-0.03202666666666667
2024-10-28 08:30:00,-0.053065,-0.053065
2024-10-28 09:00:00,-0.056725000000000005,-0.056725000000000005
2024-10-28 09:30:00,-0.05844,-0.05844
2024-10-28 10:00:00,-0.05906,-0.05906
2024-10-28 10:30:00,-0.05753333333333333,-0.05753333333333333
2024-10-28 11:00:00,-0.05776666666666667,-0.05776666666666667
2024-10-28 11:30:00,-0.058,-0.058
2024-10-28 12:00:00,-0.05825,-0.05825
2024-10-28 12:30:00,-0.05879,-0.05879
2024-10-28 13:00:00,-0.06420333333333333,-0.06420333333333333
2024-10-28 13:30:00,-0.07684833333333334,-0.07684833333333334
2024-10-28 14:00:00,-0.07709833333333334,-0.07709833333333334
2024-10-28 14:30:00,-0.052515,-0.052515
2024-10-28 15:00:00,-0.05954333333333333,-0.05954333333333333
2024-10-28 15:30:00,-0.05752666666666667,-0.05752666666666667
2024-10-28 16:00:00,-0.04096166666666667,-0.04096166666666667
2024-10-28 16:30:00,-0.043575,-0.043575
2024-10-28 17:00:00,-0.050339999999999996,-0.050339999999999996
2024-10-28 17:30:00,-0.002311666666666666,-0.0009454166666666657
2024-10-28 18:00:00,0.018081666666666666,0.02260208333333333
2024-10-28 18:30:00,0.010301666666666666,0.012877083333333332
2024-10-28 19:00:00,0.01778,0.022224999999999998
2024-10-28 19:30:00,0.0029966666666666666,0.0037458333333333332
2024-10-28 20:00:00,-0.009153333333333333,-0.009066666666666666
2024-10-28 20:30:00,-0.01582333333333333,-0.0158225
2024-10-28 21:00:00,-0.01882666666666667,-0.01882666666666667
2024-10-28 21:30:00,-0.017451666666666667,-0.017451666666666667
2024-10-28 22:00:00,-0.031871666666666666,-0.031871666666666666
2024-10-28 22:30:00,-0.022236666666666665,-0.022236666666666665
2024-10-28 23:00:00,-0.008328333333333333,-0.00787
2024-10-28 23:30:00,0.006758333333333332,0.008447916666666666
2024-10-29 00:00:00,-0.01787,-0.01787
2024-10-29 00:30:00,-0.015363333333333333,-0.015390000000000001
2024-10-29 01:00:00,-0.019933333333333334,-0.019933333333333334
2024-10-29 01:30:00,-0.022026666666666667,-0.022026666666666667
2024-10-29 02:00:00,-0.027391666666666665,-0.027391666666666665
2024-10-29 02:30:00,-0.02180333333333333,-0.02180333333333333
2024-10-29 03:00:00,-0.012583333333333334,-0.01295625
2024-10-29 03:30:00,0.006010000000000001,0.003911666666666667
2024-10-29 04:00:00,0.008958333333333334,0.00671875
2024-10-29 04:30:00,0.033639999999999996,0.02523
2024-10-29 05:00:00,0.06927333333333334,0.051955
2024-10-29 05:30:00,0.05429166666666666,0.04071875
2024-10-29 06:00:00,0.048125,0.03609375
2024-10-29 06:30:00,0.00926,0.006945
2024-10-29 07:00:00,-0.014526666666666667,-0.014899583333333332
2024-10-29 07:30:00,-0.02161,-0.021982916666666668
2024-10-29 08:00:00,-0.05102166666666667,-0.05102166666666667
2024-10-29 08:30:00,-0.057343333333333336,-0.057343333333333336
2024-10-29 09:00:00,-0.05443833333333333,-0.05443833333333333
2024-10-29 09:30:00,-0.05436666666666667,-0.05436666666666667
2024-10-29 10:00:00,-0.058298333333333334,-0.058298333333333334
2024-10-29 10:30:00,-0.05807333333333334,-0.05807333333333334
2024-10-29 11:00:00,-0.050135000000000006,-0.050135000000000006
2024-10-29 11:30:00,-0.048478333333333325,-0.048478333333333325
2024-10-29 12:00:00,-0.05520833333333334,-0.05520833333333334
2024-10-29 12:30:00,-0.054961666666666666,-0.054961666666666666
2024-10-29 13:00:00,-0.062310000000000004,-0.062310000000000004
2024-10-29 13:30:00,-0.10784499999999998,-0.10784499999999998
2024-10-29 14:00:00,-0.11231999999999999,-0.11231999999999999
2024-10-29 14:30:00,-0.070525,-0.070525
2024-10-29 15:00:00,-0.05403666666666667,-0.05403666666666667
2024-10-29 15:30:00,-0.08395000000000001,-0.08395000000000001
2024-10-29 16:00:00,-0.049283333333333325,-0.049283333333333325
2024-10-29 16:30:00,-0.024035,-0.023662083333333334
2024-10-29 17:00:00,0.018795,0.024285
2024-10-29 17:30:00,0.09711666666666667,0.12139583333333333
2024-10-29 18:00:00,0.14038166666666665,0.17547708333333334
2024-10-29 18:30:00,0.13476666666666667,0.16845833333333335
2024-10-29 19:00:00,0.13994166666666666,0.17492708333333332
2024-10-29 19:30:00,0.10742999999999998,0.1342875
2024-10-29 20:00:00,0.12868833333333332,0.16086041666666664
2024-10-29 20:30:00,0.10519833333333334,0.13149791666666666
2024-10-29 21:00:00,0.13503333333333334,0.16879166666666667
2024-10-29 21:30:00,0.06738166666666666,0.08422708333333334
2024-10-29 22:00:00,0.076405,0.09550625
2024-10-29 22:30:00,0.08935166666666666,0.11168958333333334
2024-10-29 23:00:00,0.10174833333333333,0.1271854166666667
2024-10-29 23:30:00,0.09052166666666667,0.11315208333333333
2024-10-30 00:00:00,0.060070000000000005,0.044805416666666674
2024-10-30 00:30:00,-0.004823333333333333,-0.004823333333333333
2024-10-30 01:00:00,-0.00417,-0.00417
2024-10-30 01:30:00,-0.008601666666666667,-0.008601666666666667
2024-10-30 02:00:00,-0.016156666666666666,-0.016156666666666666
2024-10-30 02:30:00,-0.008375,-0.008375
2024-10-30 03:00:00,-0.008966666666666666,-0.008966666666666666
2024-10-30 03:30:00,-0.011428333333333332,-0.011428333333333332
2024-10-30 04:00:00,0.005756666666666667,0.0043175
2024-10-30 04:30:00,0.00891,0.0066825
2024-10-30 05:00:00,0.017734999999999997,0.01330125
2024-10-30 05:30:00,0.06521,0.0489075
2024-10-30 06:00:00,0.06066166666666667,0.045496249999999995
2024-10-30 06:30:00,0.05381333333333333,0.04036
2024-10-30 07:00:00,0.010616666666666665,0.007962499999999999
2024-10-30 07:30:00,0.004998333333333333,0.0031420833333333335
2024-10-30 08:00:00,-0.027813333333333332,-0.028310416666666668
2024-10-30 08:30:00,-0.058361666666666666,-0.058361666666666666
2024-10-30 09:00:00,-0.05696999999999999,-0.05696999999999999
2024-10-30 09:30:00,-0.05968166666666666,-0.05968166666666666
2024-10-30 10:00:00,-0.06382666666666667,-0.06382666666666667
2024-10-30 10:30:00,-0.062745,-0.062745
2024-10-30 11:00:00,-0.06622333333333334,-0.06622333333333334
2024-10-30 11:30:00,-0.06913833333333334,-0.06913833333333334
2024-10-30 12:00:00,-0.07070333333333333,-0.07070333333333333
2024-10-30 12:30:00,-0.06610666666666666,-0.06610666666666666
2024-10-30 13:00:00,-0.061275,-0.061275
2024-10-30 13:30:00,-0.05663166666666667,-0.05663166666666667
2024-10-30 14:00:00,-0.055535,-0.055535
2024-10-30 14:30:00,-0.04265833333333333,-0.04265833333333333
2024-10-30 15:00:00,0.008683333333333333,0.013518750000000003
2024-10-30 15:30:00,0.024078333333333337,0.031252916666666665
2024-10-30 16:00:00,0.05507666666666666,0.06884583333333334
2024-10-30 16:30:00,0.087215,0.10901875000000001
2024-10-30 17:00:00,0.03827333333333333,0.047841666666666664
2024-10-30 17:30:00,-0.02216333333333333,-0.0207875
2024-10-30 18:00:00,0.04076333333333334,0.05095416666666667
2024-10-30 18:30:00,0.06273333333333334,0.07841666666666668
2024-10-30 19:00:00,0.04866499999999999,0.06083125
2024-10-30 19:30:00,0.010688333333333333,0.013360416666666666
2024-10-30 20:00:00,0.05999000000000001,0.0749875
2024-10-30 20:30:00,0.04662333333333333,0.05827916666666666
2024-10-30 21:00:00,0.05384833333333333,0.06731041666666666
2024-10-30 21:30:00,0.02016,0.0252
2024-10-30 22:00:00,0.010168333333333333,0.012710416666666667
2024-10-30 22:30:00,0.007276666666666667,0.009095833333333334
2024-10-30 23:00:00,0.008986666666666665,0.011233333333333333
2024-10-30 23:30:00,0.050914999999999995,0.06364375
2024-10-31 00:00:00,0.05754666666666667,0.043160000000000004
2024-10-31 00:30:00,0.05822833333333333,0.043671249999999995
2024-10-31 01:00:00,0.05988333333333334,0.0449125
2024-10-31 01:30:00,0.059985000000000004,0.044988749999999994
2024-10-31 02:00:00,0.05989,0.0449175
2024-10-31 02:30:00,0.040828333333333335,0.03062125
2024-10-31 03:00:00,0.04406000000000001,0.033045
2024-10-31 03:30:00,0.060158333333333334,0.04511874999999999
2024-10-31 04:00:00,0.06149000000000001,0.0461175
2024-10-31 04:30:00,0.06332666666666667,0.047495
2024-10-31 05:00:00,0.09883666666666667,0.0741275
2024-10-31 05:30:00,0.09082000000000001,0.068115
2024-10-31 06:00:00,0.08558500000000001,0.06418875
2024-10-31 06:30:00,0.08488333333333335,0.0636625
2024-10-31 07:00:00,0.08124833333333334,0.06093625
2024-10-31 07:30:00,0.04523333333333334,0.03310125
2024-10-31 08:00:00,0.0226,0.015135833333333333
2024-10-31 08:30:00,0.008158333333333332,0.004507083333333334
2024-10-31 09:00:00,-0.016466666666666668,-0.0165775
2024-10-31 09:30:00,0.016498333333333334,0.012304166666666666
2024-10-31 10:00:00,-0.019096666666666665,-0.0195925
2024-10-31 10:30:00,-0.027403333333333335,-0.027403333333333335
2024-10-31 11:00:00,-0.012446666666666667,-0.012900416666666666
2024-10-31 11:30:00,-0.021286666666666666,-0.021392083333333336
2024-10-31 12:00:00,-0.017609999999999997,-0.017609999999999997
2024-10-31 12:30:00,-0.018423333333333333,-0.018423333333333333
2024-10-31 13:00:00,-0.04112833333333333,-0.04112833333333333
2024-10-31 13:30:00,-0.041935,-0.041935
2024-10-31 14:00:00,-0.04495833333333333,-0.04495833333333333
2024-10-31 14:30:00,-0.01964,-0.019634166666666664
2024-10-31 15:00:00,0.0179,0.022375000000000003
2024-10-31 15:30:00,0.025693333333333332,0.03211666666666667
2024-10-31 16:00:00,0.04869333333333334,0.06086666666666666
2024-10-31 16:30:00,0.05999000000000001,0.0749875
2024-10-31 17:00:00,0.06593333333333333,0.08241666666666667
2024-10-31 17:30:00,0.12391833333333334,0.15489791666666666
2024-10-31 18:00:00,0.25712,0.32139999999999996
2024-10-31 18:30:00,0.29961333333333334,0.37451666666666666
2024-10-31 19:00:00,0.28934333333333334,0.3616791666666667
2024-10-31 19:30:00,0.23947666666666667,0.2993458333333333
2024-10-31 20:00:00,0.15718833333333335,0.19648541666666666
2024-10-31 20:30:00,0.13482666666666665,0.16853333333333334
2024-10-31 21:00:00,0.12758,0.159475
2024-10-31 21:30:00,0.09620833333333334,0.12026041666666666
2024-10-31 22:00:00,0.06586666666666667,0.08233333333333333
2024-10-31 22:30:00,0.05999000000000001,0.0749875
2024-10-31 23:00:00,0.11721166666666666,0.14651458333333334
2024-10-31 23:30:00,0.13961833333333332,0.17452291666666667
2024-11-01 00:00:00,0.14876666666666666,0.111575
2024-11-01 00:30:00,0.15804333333333334,0.1185325
2024-11-01 01:00:00,0.1495,0.11212499999999999
2024-11-01 01:30:00,0.137185,0.10288875000000001
2024-11-01 02:00:00,0.11970666666666667,0.08978000000000001
2024-11-01 02:30:00,0.12816833333333333,0.09612625000000001
2024-11-01 03:00:00,0.12498166666666667,0.09373625000000001
2024-11-01 03:30:00,0.1435833333333333,0.1076875
2024-11-01 04:00:00,0.20305499999999999,0.15229125000000002
2024-11-01 04:30:00,0.16259166666666666,0.12194375
2024-11-01 05:00:00,0.23407166666666668,0.17555374999999998
2024-11-01 05:30:00,0.16579999999999998,0.12435
2024-11-01 06:00:00,0.11061333333333334,0.08295999999999999
2024-11-01 06:30:00,0.07229333333333333,0.05422
2024-11-01 07:00:00,0.09595833333333333,0.07196875
2024-11-01 07:30:00,0.10045666666666665,0.0753425
2024-11-01 08:00:00,0.09478666666666667,0.07109
2024-11-01 08:30:00,0.06557500000000001,0.04918125
2024-11-01 09:00:00,0.09087666666666668,0.0681575
2024-11-01 09:30:00,0.132325,0.09924375
2024-11-01 10:00:00,0.11900666666666666,0.08925500000000001
2024-11-01 10:30:00,0.132215,0.09916124999999999
2024-11-01 11:00:00,0.11177,0.0838275
2024-11-01 11:30:00,0.09798833333333333,0.07349125000000001
2024-11-01 12:00:00,0.08570333333333334,0.08570333333333334
2024-11-01 12:30:00,0.05595833333333333,0.05595833333333333
2024-11-01 13:00:00,0.04984666666666667,0.062308333333333334
2024-11-01 13:30:00,0.03210166666666667,0.040127083333333334
2024-11-01 14:00:00,0.027313333333333332,0.03414166666666667
2024-11-01 14:30:00,0.029915,0.037393749999999996
2024-11-01 15:00:00,0.02556,0.03195
2024-11-01 15:30:00,0.048196666666666665,0.06024583333333333
2024-11-01 16:00:00,0.060700000000000004,0.07587500000000001
2024-11-01 16:30:00,0.037009999999999994,0.046262500000000005
2024-11-01 17:00:00,0.09569166666666667,0.11961458333333334
2024-11-01 17:30:00,0.13614166666666666,0.17017708333333334
2024-11-01 18:00:00,0.17590166666666665,0.21987708333333333
2024-11-01 18:30:00,0.18542499999999998,0.23178125000000002
2024-11-01 19:00:00,0.15198,0.189975
2024-11-01 19:30:00,0.146325,0.18290625000000002
2024-11-01 20:00:00,0.14767333333333332,0.18459166666666668
2024-11-01 20:30:00,0.13594333333333333,0.16992916666666666
2024-11-01 21:00:00,0.13399333333333333,0.16749166666666668
2024-11-01 21:30:00,0.12309333333333333,0.15386666666666668
2024-11-01 22:00:00,0.11942333333333333,0.14927916666666666
2024-11-01 22:30:00,0.10466833333333332,0.13083541666666668
2024-11-01 23:00:00,0.11200333333333334,0.14000416666666668
2024-11-01 23:30:00,0.10601166666666667,0.13251458333333332
2024-11-02 00:00:00,0.10960666666666667,0.082205
2024-11-02 00:30:00,0.10216000000000001,0.07662000000000001
2024-11-02 01:00:00,0.10152333333333334,0.0761425
2024-11-02 01:30:00,0.09078166666666666,0.06808625
2024-11-02 02:00:00,0.09703333333333335,0.07277499999999999
2024-11-02 02:30:00,0.08142833333333334,0.061071249999999994
2024-11-02 03:00:00,0.08072166666666668,0.06054125
2024-11-02 03:30:00,0.08241166666666667,0.06180875
2024-11-02 04:00:00,0.08491333333333334,0.063685
2024-11-02 04:30:00,0.094665,0.07099875
2024-11-02 05:00:00,0.10880000000000001,0.08159999999999999
2024-11-02 05:30:00,0.06940500000000001,0.05205375
2024-11-02 06:00:00,0.03738166666666667,0.02803625
2024-11-02 06:30:00,0.032668333333333334,0.02450125
2024-11-02 07:00:00,0.03538666666666667,0.026421666666666666
2024-11-02 07:30:00,0.014931666666666664,0.01119875
2024-11-02 08:00:00,0.00585,0.0043875
2024-11-02 08:30:00,-0.0007183333333333335,-0.0016358333333333335
2024-11-02 09:00:00,-0.019463333333333332,-0.019732916666666666
2024-11-02 09:30:00,-0.021571666666666666,-0.021648333333333335
2024-11-02 10:00:00,-0.04426333333333333,-0.04426333333333333
2024-11-02 10:30:00,-0.027276666666666668,-0.027276666666666668
2024-11-02 11:00:00,0.013748333333333333,0.009859166666666667
2024-11-02 11:30:00,0.009460000000000001,0.007095
2024-11-02 12:00:00,0.0016916666666666666,0.0016916666666666666
2024-11-02 12:30:00,-0.0011466666666666676,-0.0011466666666666676
2024-11-02 13:00:00,0.006971666666666667,0.00913125
2024-11-02 13:30:00,0.035565,0.04445625
2024-11-02 14:00:00,0.040538333333333336,0.051824583333333334
2024-11-02 14:30:00,-0.0042250000000000005,-0.003068333333333334
2024-11-02 15:00:00,0.03162,0.039525
2024-11-02 15:30:00,0.04953166666666667,0.06191458333333333
2024-11-02 16:00:00,0.08566499999999999,0.10708125
2024-11-02 16:30:00,0.08685666666666668,0.10857083333333334
2024-11-02 17:00:00,0.08707833333333333,0.10884791666666667
2024-11-02 17:30:00,0.17671500000000004,0.22089375
2024-11-02 18:00:00,0.17552166666666666,0.21940208333333333
2024-11-02 18:30:00,0.17837666666666666,0.22297083333333334
2024-11-02 19:00:00,0.172565,0.21570625
2024-11-02 19:30:00,0.17059500000000002,0.21324374999999998
2024-11-02 20:00:00,0.14859333333333333,0.18574166666666667
2024-11-02 20:30:00,0.14664833333333332,0.18331041666666667
2024-11-02 21:00:00,0.126615,0.15826874999999999
2024-11-02 21:30:00,0.11234333333333334,0.1404291666666667
2024-11-02 22:00:00,0.10942333333333333,0.13677916666666667
2024-11-02 22:30:00,0.10637666666666667,0.13297083333333334
2024-11-02 23:00:00,0.12021,0.1502625
2024-11-02 23:30:00,0.11612166666666666,0.14515208333333332
2024-11-03 00:00:00,0.12056499999999999,0.09042374999999998
2024-11-03 00:30:00,0.12228833333333333,0.09171625
2024-11-03 01:00:00,0.10144166666666667,0.07608125
2024-11-03 01:30:00,0.09801333333333334,0.07351
2024-11-03 02:00:00,0.10070666666666667,0.07553
2024-11-03 02:30:00,0.10446333333333334,0.0783475
2024-11-03 03:00:00,0.08637333333333334,0.06478
2024-11-03 03:30:00,0.08959833333333334,0.06719875
2024-11-03 04:00:00,0.09144666666666668,0.068585
2024-11-03 04:30:00,0.08533166666666668,0.06399875000000001
2024-11-03 05:00:00,0.10935666666666666,0.0820175
2024-11-03 05:30:00,0.0562,0.04215
2024-11-03 06:00:00,0.033569999999999996,0.025177500000000002
2024-11-03 06:30:00,0.007471666666666667,0.00547875
2024-11-03 07:00:00,-0.03979333333333333,-0.03979333333333333
2024-11-03 07:30:00,-0.05287,-0.05287
2024-11-03 08:00:00,-0.057335,-0.057335
2024-11-03 08:30:00,-0.0583,-0.0583
2024-11-03 09:00:00,-0.06380166666666666,-0.06380166666666666
2024-11-03 09:30:00,-0.06697166666666667,-0.06697166666666667
2024-11-03 10:00:00,-0.07113,-0.07113
2024-11-03 10:30:00,-0.053665,-0.053665
2024-11-03 11:00:00,-0.040405,-0.040405
2024-11-03 11:30:00,0.0050416666666666665,0.0037804166666666667
2024-11-03 12:00:00,-0.0032366666666666668,-0.0032366666666666668
2024-11-03 12:30:00,0.001333333333333333,0.001333333333333333
2024-11-03 13:00:00,-0.009545,-0.009544166666666668
2024-11-03 13:30:00,-0.0038833333333333337,-0.002637916666666667
2024-11-03 14:00:00,0.07255333333333334,0.09069166666666667
2024-11-03 14:30:00,0.01832,0.024280000000000006
2024-11-03 15:00:00,0.07542333333333333,0.09427916666666668
2024-11-03 15:30:00,0.06151499999999999,0.07689375
2024-11-03 16:00:00,0.11108,0.13885
2024-11-03 16:30:00,0.19823499999999997,0.24779375
2024-11-03 17:00:00,0.12283,0.15353750000000002
2024-11-03 17:30:00,0.16755833333333334,0.20944791666666665
2024-11-03 18:00:00,0.15089666666666665,0.18862083333333332
2024-11-03 18:30:00,0.17011666666666667,0.21264583333333334
2024-11-03 19:00:00,0.121795,0.15224375
2024-11-03 19:30:00,0.09654333333333333,0.12067916666666667
2024-11-03 20:00:00,0.08818333333333334,0.11022916666666667
2024-11-03 20:30:00,0.11386,0.142325
2024-11-03 21:00:00,0.10236166666666667,0.12795208333333333
2024-11-03 21:30:00,0.10403499999999999,0.13004374999999999
2024-11-03 22:00:00,0.11381166666666666,0.14226458333333333
2024-11-03 22:30:00,0.10321999999999999,0.129025
2024-11-03 23:00:00,0.114875,0.14359375
2024-11-03 23:30:00,0.119635,0.14954375
2024-11-04 00:00:00,0.11620666666666667,0.087155
2024-11-04 00:30:00,0.12142333333333333,0.09106750000000001
2024-11-04 01:00:00,0.117745,0.08830875
2024-11-04 01:30:00,0.10806166666666667,0.08104625
2024-11-04 02:00:00,0.11411,0.0855825
2024-11-04 02:30:00,0.110815,0.08311125000000001
2024-11-04 03:00:00,0.11530666666666667,0.08648
2024-11-04 03:30:00,0.12114666666666667,0.09086
2024-11-04 04:00:00,0.12789166666666665,0.09591875
2024-11-04 04:30:00,0.12986,0.09739500000000001
2024-11-04 05:00:00,0.14177333333333333,0.10633
2024-11-04 05:30:00,0.14147333333333334,0.106105
2024-11-04 06:00:00,0.099045,0.07428375
2024-11-04 06:30:00,0.06893500000000001,0.05170125
2024-11-04 07:00:00,0.08903499999999999,0.06677625
2024-11-04 07:30:00,0.06619333333333334,0.049645
2024-11-04 08:00:00,0.07468000000000001,0.05601
2024-11-04 08:30:00,0.040255,0.03019125
2024-11-04 09:00:00,0.00467,0.0035025000000000004
2024-11-04 09:30:00,0.0004749999999999999,9.999999999999987e-05
2024-11-04 10:00:00,0.00015499999999999984,-0.00022
2024-11-04 10:30:00,0.025095000000000003,0.01882125
2024-11-04 11:00:00,0.02654833333333333,0.019911250000000002
2024-11-04 11:30:00,0.03374833333333333,0.025311249999999997
2024-11-04 12:00:00,0.07280833333333332,0.07280833333333332
2024-11-04 12:30:00,0.10289166666666667,0.10289166666666667
2024-11-04 13:00:00,0.080175,0.10021875000000001
2024-11-04 13:30:00,0.055521666666666664,0.06940208333333332
2024-11-04 14:00:00,0.031005,0.03875625
2024-11-04 14:30:00,0.07638833333333334,0.09548541666666666
2024-11-04 15:00:00,0.08792,0.1099
2024-11-04 15:30:00,0.09579,0.1197375
2024-11-04 16:00:00,0.11809166666666666,0.14761458333333333
2024-11-04 16:30:00,0.13263166666666668,0.16578958333333335
2024-11-04 17:00:00,0.13372666666666666,0.16715833333333333
2024-11-04 17:30:00,0.19288833333333333,0.24111041666666666
2024-11-04 18:00:00,0.16770666666666667,0.20963333333333334
2024-11-04 18:30:00,0.16603500000000002,0.20754375
2024-11-04 19:00:00,0.15474166666666667,0.19342708333333333
2024-11-04 19:30:00,0.12969833333333333,0.16212291666666667
2024-11-04 20:00:00,0.12233333333333334,0.15291666666666667
2024-11-04 20:30:00,0.11672833333333334,0.14591041666666668
2024-11-04 21:00:00,0.11997666666666666,0.14997083333333333
2024-11-04 21:30:00,0.1159,0.144875
2024-11-04 22:00:00,0.13377333333333333,0.16721666666666665
2024-11-04 22:30:00,0.13709833333333335,0.17137291666666665
2024-11-04 23:00:00,0.15188333333333334,0.18985416666666666
2024-11-04 23:30:00,0.14599833333333334,0.18249791666666668
2024-11-05 00:00:00,0.13651,0.1023825
2024-11-05 00:30:00,0.12700833333333333,0.09525625
2024-11-05 01:00:00,0.11522500000000001,0.08641875
2024-11-05 01:30:00,0.10678666666666665,0.08009
2024-11-05 02:00:00,0.0963,0.072225
2024-11-05 02:30:00,0.09845166666666666,0.07383875
2024-11-05 03:00:00,0.09992333333333332,0.07494250000000001
2024-11-05 03:30:00,0.095985,0.07198875
2024-11-05 04:00:00,0.103705,0.07777875
2024-11-05 04:30:00,0.10128666666666668,0.075965
2024-11-05 05:00:00,0.107815,0.08086125000000001
2024-11-05 05:30:00,0.102365,0.07677375
2024-11-05 06:00:00,0.07876666666666667,0.059074999999999996
2024-11-05 06:30:00,0.041291666666666664,0.03096875
2024-11-05 07:00:00,0.05638833333333334,0.04229125
2024-11-05 07:30:00,0.04761166666666666,0.03570875
2024-11-05 08:00:00,0.014629999999999999,0.010075
2024-11-05 08:30:00,0.005548333333333333,0.0032045833333333336
2024-11-05 09:00:00,-0.012961666666666668,-0.012962500000000002
2024-11-05 09:30:00,0.0027066666666666667,0.00203
2024-11-05 10:00:00,-0.002655,-0.0026558333333333334
2024-11-05 10:30:00,-0.0037700000000000003,-0.0037716666666666667
2024-11-05 11:00:00,-0.012896666666666667,-0.012896666666666667
2024-11-05 11:30:00,-0.0005699999999999999,-0.0008266666666666668
2024-11-05 12:00:00,0.025783333333333335,0.025783333333333335
2024-11-05 12:30:00,0.02369,0.02369
2024-11-05 13:00:00,0.043410000000000004,0.0542625
2024-11-05 13:30:00,0.10125166666666667,0.12656458333333334
2024-11-05 14:00:00,0.10315166666666666,0.12893958333333333
2024-11-05 14:30:00,0.06849166666666666,0.08561458333333333
2024-11-05 15:00:00,0.10011833333333332,0.12514791666666666
2024-11-05 15:30:00,0.12606,0.157575
2024-11-05 16:00:00,0.11584666666666667,0.14480833333333334
2024-11-05 16:30:00,0.12962833333333335,0.16203541666666668
2024-11-05 17:00:00,0.12893166666666667,0.16116458333333333
2024-11-05 17:30:00,0.15374,0.192175
2024-11-05 18:00:00,0.15992666666666666,0.19990833333333335
2024-11-05 18:30:00,0.164635,0.20579375
2024-11-05 19:00:00,0.15309166666666665,0.1913645833333333
2024-11-05 19:30:00,0.13465833333333332,0.16832291666666666
2024-11-05 20:00:00,0.13380333333333333,0.16725416666666668
2024-11-05 20:30:00,0.12003166666666666,0.15003958333333334
2024-11-05 21:00:00,0.11599833333333333,0.14499791666666667
2024-11-05 21:30:00,0.10941833333333333,0.13677291666666666
2024-11-05 22:00:00,0.11061666666666665,0.13827083333333334
2024-11-05 22:30:00,0.10613666666666666,0.13267083333333332
2024-11-05 23:00:00,0.10645500000000001,0.13306874999999999
2024-11-05 23:30:00,0.10570833333333333,0.13213541666666664
2024-11-06 00:00:00,0.09829833333333333,0.07372375
2024-11-06 00:30:00,0.08387499999999999,0.06290625
2024-11-06 01:00:00,0.04028666666666667,0.030215000000000002
2024-11-06 01:30:00,0.019129999999999998,0.014347500000000001
2024-11-06 02:00:00,0.019129999999999998,0.014347500000000001
2024-11-06 02:30:00,0.010768333333333333,0.00807625
2024-11-06 03:00:00,0.008863333333333332,0.006647500000000001
2024-11-06 03:30:00,0.0089,0.006675
2024-11-06 04:00:00,0.006663333333333334,0.004997499999999999
2024-11-06 04:30:00,0.006803333333333334,0.005032083333333334
2024-11-06 05:00:00,0.011213333333333334,0.00841
2024-11-06 05:30:00,0.019119999999999998,0.01434
2024-11-06 06:00:00,0.013896666666666667,0.010422500000000001
2024-11-06 06:30:00,0.0030783333333333335,0.0022487500000000003
2024-11-06 07:00:00,0.0051783333333333325,0.002708333333333333
2024-11-06 07:30:00,-0.0004066666666666667,-0.00089625
2024-11-06 08:00:00,0.014201666666666666,0.010651250000000001
2024-11-06 08:30:00,-0.0017900000000000001,-0.003210416666666667
2024-11-06 09:00:00,-0.00636,-0.0067325
2024-11-06 09:30:00,-0.03390166666666667,-0.03427416666666667
2024-11-06 10:00:00,-0.03218833333333333,-0.03218833333333333
2024-11-06 10:30:00,-0.03152166666666666,-0.03152166666666666
2024-11-06 11:00:00,-0.012558333333333333,-0.012941666666666666
2024-11-06 11:30:00,-0.009318333333333335,-0.010671666666666668
2024-11-06 12:00:00,-0.002206666666666667,-0.002206666666666667
2024-11-06 12:30:00,-0.02524,-0.02524
2024-11-06 13:00:00,-0.005873333333333332,-0.004797916666666666
2024-11-06 13:30:00,-0.020021666666666667,-0.020020833333333335
2024-11-06 14:00:00,-0.022334999999999997,-0.021731249999999997
2024-11-06 14:30:00,0.03064333333333333,0.03830416666666667
2024-11-06 15:00:00,0.02395833333333333,0.029947916666666668
2024-11-06 15:30:00,0.023248333333333333,0.02906041666666667
2024-11-06 16:00:00,0.040885,0.05110625
2024-11-06 16:30:00,0.08535666666666668,0.10669583333333332
2024-11-06 17:00:00,0.10398833333333334,0.12998541666666666
2024-11-06 17:30:00,0.134105,0.16763125
2024-11-06 18:00:00,0.12322166666666667,0.15402708333333334
2024-11-06 18:30:00,0.10968666666666667,0.13710833333333333
2024-11-06 19:00:00,0.10308666666666666,0.12885833333333332
2024-11-06 19:30:00,0.09125,0.1140625
2024-11-06 20:00:00,0.07421333333333334,0.09276666666666666
2024-11-06 20:30:00,0.06466666666666666,0.08083333333333333
2024-11-06 21:00:00,0.029563333333333334,0.03695416666666667
2024-11-06 21:30:00,0.006045000000000001,0.0075562500000000005
2024-11-06 22:00:00,0.008278333333333334,0.010347916666666667
2024-11-06 22:30:00,0.008096666666666667,0.010120833333333334
2024-11-06 23:00:00,0.008521666666666665,0.010652083333333333
2024-11-06 23:30:00,0.009555,0.011943750000000001
2024-11-07 00:00:00,0.006788333333333334,0.00509125
2024-11-07 00:30:00,0.008475,0.00635625
2024-11-07 01:00:00,0.0055450000000000004,0.00415875
2024-11-07 01:30:00,0.005966666666666666,0.004475
2024-11-07 02:00:00,0.0015066666666666666,0.00113
2024-11-07 02:30:00,-0.0036183333333333328,-0.003621666666666666
2024-11-07 03:00:00,-0.0008583333333333333,-0.0008625
2024-11-07 03:30:00,-0.003528333333333333,-0.0039024999999999997
2024-11-07 04:00:00,0.008983333333333334,0.0067375
2024-11-07 04:30:00,0.009026666666666667,0.006770000000000001
2024-11-07 05:00:00,0.008943333333333333,0.006707500000000001
2024-11-07 05:30:00,0.02217166666666667,0.01662875
2024-11-07 06:00:00,0.011281666666666667,0.00846125
2024-11-07 06:30:00,0.00675,0.0050625
2024-11-07 07:00:00,0.00369,0.0027674999999999996
2024-11-07 07:30:00,-0.004653333333333334,-0.0050283333333333334
2024-11-07 08:00:00,-0.012813333333333335,-0.012815
2024-11-07 08:30:00,-0.03738333333333333,-0.03738333333333333
2024-11-07 09:00:00,-0.038,-0.038
2024-11-07 09:30:00,-0.03797166666666666,-0.03797166666666666
2024-11-07 10:00:00,-0.037905,-0.037905
2024-11-07 10:30:00,-0.03728666666666667,-0.03728666666666667
2024-11-07 11:00:00,-0.021808333333333332,-0.02189208333333333
2024-11-07 11:30:00,0.05032833333333333,0.03774625
2024-11-07 12:00:00,0.02240666666666667,0.02240666666666667
2024-11-07 12:30:00,0.03389,0.03389
2024-11-07 13:00:00,0.04201833333333333,0.05252375
2024-11-07 13:30:00,-0.00446,-0.0032033333333333336
2024-11-07 14:00:00,0.027101666666666666,0.033877083333333335
2024-11-07 14:30:00,0.06529166666666666,0.08161458333333334
2024-11-07 15:00:00,0.010631666666666666,0.01354875
2024-11-07 15:30:00,0.03305333333333333,0.04131666666666667
2024-11-07 16:00:00,0.08422333333333333,0.10527916666666666
2024-11-07 16:30:00,0.09592666666666666,0.11990833333333333
2024-11-07 17:00:00,0.09859000000000001,0.1232375
2024-11-07 17:30:00,0.112545,0.14068125
2024-11-07 18:00:00,0.105085,0.13135624999999998
2024-11-07 18:30:00,0.12036833333333334,0.15046041666666668
2024-11-07 19:00:00,0.12695666666666666,0.15869583333333334
2024-11-07 19:30:00,0.10815333333333332,0.13519166666666668
2024-11-07 20:00:00,0.09740333333333334,0.12175416666666666
2024-11-07 20:30:00,0.099315,0.12414375
2024-11-07 21:00:00,0.10518666666666666,0.13148333333333334
2024-11-07 21:30:00,0.10245666666666665,0.12807083333333333
2024-11-07 22:00:00,0.11500666666666666,0.14375833333333335
2024-11-07 22:30:00,0.1158,0.14475000000000002
2024-11-07 23:00:00,0.11931333333333333,0.14914166666666667
2024-11-07 23:30:00,0.12830166666666667,0.16037708333333334
2024-11-08 00:00:00,0.12521333333333332,0.09391
2024-11-08 00:30:00,0.1195,0.089625
2024-11-08 01:00:00,0.1195,0.089625
2024-11-08 01:30:00,0.11612499999999999,0.08709375000000001
2024-11-08 02:00:00,0.1195,0.089625
2024-11-08 02:30:00,0.12441666666666666,0.0933125
2024-11-08 03:00:00,0.12516,0.09387000000000001
2024-11-08 03:30:00,0.13226333333333332,0.0991975
2024-11-08 04:00:00,0.13951666666666665,0.1046375
2024-11-08 04:30:00,0.13531666666666667,0.1014875
2024-11-08 05:00:00,0.13840166666666667,0.10380125
2024-11-08 05:30:00,0.12294,0.092205
2024-11-08 06:00:00,0.13907833333333333,0.10430875
2024-11-08 06:30:00,0.13366833333333333,0.10025125
2024-11-08 07:00:00,0.13767666666666667,0.1032575
2024-11-08 07:30:00,0.1226,0.09194999999999999
2024-11-08 08:00:00,0.11792833333333334,0.08844625
2024-11-08 08:30:00,0.11656,0.08742
2024-11-08 09:00:00,0.10496666666666667,0.07872499999999999
2024-11-08 09:30:00,0.10443833333333334,0.07832875
2024-11-08 10:00:00,0.092215,0.06916125
2024-11-08 10:30:00,0.08140833333333333,0.06105625
2024-11-08 11:00:00,0.10333666666666667,0.0775025
2024-11-08 11:30:00,0.09175166666666668,0.06881374999999999
2024-11-08 12:00:00,0.05548166666666667,0.05548166666666667
2024-11-08 12:30:00,0.08414666666666666,0.08414666666666666
2024-11-08 13:00:00,0.07357999999999999,0.09197499999999999
2024-11-08 13:30:00,0.06457500000000001,0.08071875
2024-11-08 14:00:00,0.02632,0.0329
2024-11-08 14:30:00,0.05592166666666667,0.06990208333333334
2024-11-08 15:00:00,0.039475,0.04934375
2024-11-08 15:30:00,0.08239,0.10298750000000001
2024-11-08 16:00:00,0.10230333333333334,0.12787916666666665
2024-11-08 16:30:00,0.11571666666666668,0.14464583333333333
2024-11-08 17:00:00,0.11003333333333333,0.13754166666666667
2024-11-08 17:30:00,0.12796833333333332,0.1599604166666667
2024-11-08 18:00:00,0.19699666666666668,0.24624583333333336
2024-11-08 18:30:00,0.20554833333333333,0.2569354166666667
2024-11-08 19:00:00,0.151555,0.18944375
2024-11-08 19:30:00,0.12588166666666667,0.15735208333333334
2024-11-08 20:00:00,0.123625,0.15453124999999998
2024-11-08 20:30:00,0.111525,0.13940625
2024-11-08 21:00:00,0.10903499999999999,0.13629375
2024-11-08 21:30:00,0.11039333333333333,0.13799166666666665
2024-11-08 22:00:00,0.12805833333333333,0.16007291666666668
2024-11-08 22:30:00,0.11834,0.147925
2024-11-08 23:00:00,0.11412833333333333,0.14266041666666665
2024-11-08 23:30:00,0.10562333333333333,0.13202916666666667
2024-11-09 00:00:00,0.099485,0.07461374999999999
2024-11-09 00:30:00,0.09967166666666667,0.07475375
2024-11-09 01:00:00,0.10730666666666666,0.08048
2024-11-09 01:30:00,0.10254833333333334,0.07691125
2024-11-09 02:00:00,0.11422666666666666,0.08567000000000001
2024-11-09 02:30:00,0.11526166666666667,0.08644625
2024-11-09 03:00:00,0.11977333333333333,0.08983000000000001
2024-11-09 03:30:00,0.12788333333333332,0.0959125
2024-11-09 04:00:00,0.10064333333333335,0.0754825
2024-11-09 04:30:00,0.095685,0.07176375
2024-11-09 05:00:00,0.09325333333333334,0.06994
2024-11-09 05:30:00,0.09358500000000002,0.07018875
2024-11-09 06:00:00,0.08873000000000002,0.0665475
2024-11-09 06:30:00,0.08057666666666667,0.0604325
2024-11-09 07:00:00,0.08446,0.063345
2024-11-09 07:30:00,0.020271666666666667,0.01520375
2024-11-09 08:00:00,0.04767,0.0357525
2024-11-09 08:30:00,0.0036016666666666684,-0.0008524999999999991
2024-11-09 09:00:00,-0.028488333333333334,-0.028488333333333334
2024-11-09 09:30:00,-0.037989999999999996,-0.037989999999999996
2024-11-09 10:00:00,-0.03458666666666666,-0.03458666666666666
2024-11-09 10:30:00,-0.030463333333333332,-0.030463333333333332
2024-11-09 11:00:00,-0.03599333333333333,-0.03599333333333333
2024-11-09 11:30:00,-0.029983333333333334,-0.029983333333333334
2024-11-09 12:00:00,-0.0003916666666666667,-0.0003916666666666667
2024-11-09 12:30:00,0.018991666666666667,0.018991666666666667
2024-11-09 13:00:00,0.010406666666666666,0.013841666666666669
2024-11-09 13:30:00,0.012845,0.017304583333333335
2024-11-09 14:00:00,0.008456666666666666,0.010570833333333335
2024-11-09 14:30:00,0.05247833333333333,0.06559791666666666
2024-11-09 15:00:00,0.11168666666666667,0.13960833333333333
2024-11-09 15:30:00,0.10898000000000001,0.136225
2024-11-09 16:00:00,0.09377333333333333,0.11721666666666668
2024-11-09 16:30:00,0.10277333333333333,0.12846666666666665
2024-11-09 17:00:00,0.09987166666666668,0.12483958333333334
2024-11-09 17:30:00,0.065915,0.08239375
2024-11-09 18:00:00,0.024795,0.03099375
2024-11-09 18:30:00,0.014243333333333335,0.017804166666666666
2024-11-09 19:00:00,0.019180000000000003,0.023975
2024-11-09 19:30:00,0.17180166666666666,0.21475208333333332
2024-11-09 20:00:00,0.140165,0.17520625
2024-11-09 20:30:00,0.119705,0.14963125000000002
2024-11-09 21:00:00,0.027628333333333335,0.03453541666666667
2024-11-09 21:30:00,-0.015348333333333334,-0.014975
2024-11-09 22:00:00,-0.018978333333333333,-0.01897291666666667
2024-11-09 22:30:00,-0.033916666666666664,-0.033916666666666664
2024-11-09 23:00:00,-0.038,-0.038
2024-11-09 23:30:00,-0.038,-0.038
2024-11-10 00:00:00,-0.038,-0.038
2024-11-10 00:30:00,-0.028646666666666668,-0.028647499999999996
2024-11-10 01:00:00,-0.00462,-0.004694166666666666
2024-11-10 01:30:00,0.006010000000000001,0.0045075
2024-11-10 02:00:00,0.00894,0.006705
2024-11-10 02:30:00,0.009113333333333333,0.006835000000000001
2024-11-10 03:00:00,0.00894,0.006705
2024-11-10 03:30:00,0.008026666666666666,0.00602
2024-11-10 04:00:00,0.034615,0.02596125
2024-11-10 04:30:00,0.08525,0.0639375
2024-11-10 05:00:00,0.059096666666666665,0.044322499999999994
2024-11-10 05:30:00,0.009575,0.00718125
2024-11-10 06:00:00,0.008983333333333334,0.0067375
2024-11-10 06:30:00,0.018923333333333334,0.014192500000000002
2024-11-10 07:00:00,0.007423333333333333,0.0032150000000000004
2024-11-10 07:30:00,0.08039333333333333,0.06029500000000001
2024-11-10 08:00:00,-0.02043,-0.023874999999999997
2024-11-10 08:30:00,-0.05306166666666667,-0.05306166666666667
2024-11-10 09:00:00,-0.0474,-0.0474
2024-11-10 09:30:00,-0.03925,-0.03925
2024-11-10 10:00:00,-0.038,-0.038
2024-11-10 10:30:00,-0.028631666666666666,-0.02866125
2024-11-10 11:00:00,0.005558333333333333,0.0041041666666666666
2024-11-10 11:30:00,-0.024306666666666667,-0.024306666666666667
2024-11-10 12:00:00,-0.023736666666666666,-0.023736666666666666
2024-11-10 12:30:00,-0.03166333333333333,-0.03166333333333333
2024-11-10 13:00:00,-0.02389166666666667,-0.02389166666666667
2024-11-10 13:30:00,-0.038,-0.038
2024-11-10 14:00:00,-0.031966666666666664,-0.031966666666666664
2024-11-10 14:30:00,-0.038,-0.038
2024-11-10 15:00:00,-0.038,-0.038
2024-11-10 15:30:00,-0.008555000000000002,-0.002777083333333333
2024-11-10 16:00:00,0.06399833333333334,0.07999791666666667
2024-11-10 16:30:00,0.17414333333333332,0.21767916666666667
2024-11-10 17:00:00,0.02038833333333333,0.025485416666666667
2024-11-10 17:30:00,-0.00815,-0.007020833333333333
2024-11-10 18:00:00,0.16981500000000002,0.21226875
2024-11-10 18:30:00,0.25831333333333334,0.32289166666666663
2024-11-10 19:00:00,0.18382833333333334,0.22978541666666666
2024-11-10 19:30:00,0.15956166666666668,0.19945208333333334
2024-11-10 20:00:00,0.12692166666666668,0.15865208333333333
2024-11-10 20:30:00,0.06287666666666666,0.07859583333333332
2024-11-10 21:00:00,0.027365,0.03420625
2024-11-10 21:30:00,0.10274333333333334,0.12842916666666668
2024-11-10 22:00:00,0.09017833333333332,0.11272291666666667
2024-11-10 22:30:00,0.11786166666666668,0.14732708333333333
2024-11-10 23:00:00,0.12980833333333333,0.16226041666666666
2024-11-10 23:30:00,0.140975,0.17621874999999998
2024-11-11 00:00:00,0.13863166666666668,0.10397374999999999
2024-11-11 00:30:00,0.12022166666666667,0.09016625
2024-11-11 01:00:00,0.02259833333333333,0.016948750000000002
2024-11-11 01:30:00,0.006716666666666667,0.0050375
2024-11-11 02:00:00,0.044941666666666664,0.03370625
2024-11-11 02:30:00,0.014135,0.01060125
2024-11-11 03:00:00,0.0036033333333333334,0.0027025
2024-11-11 03:30:00,0.0019466666666666666,0.0014600000000000001
2024-11-11 04:00:00,-0.02231,-0.022311666666666664
2024-11-11 04:30:00,-0.03808333333333333,-0.03808333333333333
2024-11-11 05:00:00,-0.037165,-0.037165
2024-11-11 05:30:00,-0.043886666666666664,-0.043886666666666664
2024-11-11 06:00:00,-0.056413333333333336,-0.056413333333333336
2024-11-11 06:30:00,-0.04641,-0.04641
2024-11-11 07:00:00,-0.05368333333333333,-0.05368333333333333
2024-11-11 07:30:00,-0.05794666666666667,-0.05794666666666667
2024-11-11 08:00:00,-0.05792,-0.05792
2024-11-11 08:30:00,-0.058,-0.058
2024-11-11 09:00:00,-0.060195,-0.060195
2024-11-11 09:30:00,-0.05955666666666667,-0.05955666666666667
2024-11-11 10:00:00,-0.05904,-0.05904
2024-11-11 10:30:00,-0.058916666666666666,-0.058916666666666666
2024-11-11 11:00:00,-0.057166666666666664,-0.057166666666666664
2024-11-11 11:30:00,-0.052443333333333335,-0.052443333333333335
2024-11-11 12:00:00,-0.059255,-0.059255
2024-11-11 12:30:00,-0.05858333333333334,-0.05858333333333334
2024-11-11 13:00:00,-0.058513333333333334,-0.058513333333333334
2024-11-11 13:30:00,-0.05984333333333333,-0.05984333333333333
2024-11-11 14:00:00,-0.057251666666666666,-0.057251666666666666
2024-11-11 14:30:00,-0.057166666666666664,-0.057166666666666664
2024-11-11 15:00:00,-0.057543333333333335,-0.057543333333333335
2024-11-11 15:30:00,-0.043886666666666664,-0.043886666666666664
2024-11-11 16:00:00,-0.0334,-0.0334
2024-11-11 16:30:00,0.021068333333333338,0.027918750000000003
2024-11-11 17:00:00,-0.01630166666666667,-0.012460416666666668
2024-11-11 17:30:00,-0.011456666666666665,-0.009996666666666666
2024-11-11 18:00:00,0.060178333333333334,0.07766333333333332
2024-11-11 18:30:00,0.116245,0.14530625
2024-11-11 19:00:00,0.08904833333333333,0.11131041666666668
2024-11-11 19:30:00,0.11520666666666667,0.14400833333333332
2024-11-11 20:00:00,0.10528,0.1316
2024-11-11 20:30:00,0.09869833333333333,0.12337291666666667
2024-11-11 21:00:00,0.11047499999999999,0.13809375
2024-11-11 21:30:00,0.09680666666666667,0.12100833333333334
2024-11-11 22:00:00,0.13401,0.16751249999999998
2024-11-11 22:30:00,0.11374000000000001,0.142175
2024-11-11 23:00:00,0.11425833333333334,0.14282291666666666
2024-11-11 23:30:00,0.15431,0.1928875
2024-11-12 00:00:00,0.12796,0.09597
2024-11-12 00:30:00,0.10644166666666666,0.07983125
2024-11-12 01:00:00,0.06504833333333333,0.04878625
2024-11-12 01:30:00,0.086235,0.06467625
2024-11-12 02:00:00,0.12423000000000001,0.09317249999999999
2024-11-12 02:30:00,0.09256666666666667,0.069425
2024-11-12 03:00:00,0.06673666666666667,0.0500525
2024-11-12 03:30:00,0.14201166666666667,0.10650875
2024-11-12 04:00:00,0.149875,0.11240625
2024-11-12 04:30:00,0.14070833333333335,0.10553125000000001
2024-11-12 05:00:00,0.20983833333333335,0.15737874999999998
2024-11-12 05:30:00,0.14385666666666666,0.1078925
2024-11-12 06:00:00,0.12821166666666667,0.09615875
2024-11-12 06:30:00,0.10020666666666667,0.075155
2024-11-12 07:00:00,0.053935000000000004,0.04045125
2024-11-12 07:30:00,0.005408333333333332,0.0009799999999999989
2024-11-12 08:00:00,-0.005266666666666667,-0.007585833333333333
2024-11-12 08:30:00,0.007285,0.00462
2024-11-12 09:00:00,-0.0023783333333333334,-0.003450416666666666
2024-11-12 09:30:00,0.030053333333333335,0.0223375
2024-11-12 10:00:00,0.022563333333333335,0.0169225
2024-11-12 10:30:00,-0.012893333333333333,-0.014345416666666666
2024-11-12 11:00:00,-0.01743,-0.01799125
2024-11-12 11:30:00,-0.04543,-0.04543
2024-11-12 12:00:00,-0.03808333333333333,-0.03808333333333333
2024-11-12 12:30:00,-0.04976333333333333,-0.04976333333333333
2024-11-12 13:00:00,-0.05786,-0.05786
2024-11-12 13:30:00,-0.049403333333333334,-0.049403333333333334
2024-11-12 14:00:00,-0.025865,-0.024414583333333333
2024-11-12 14:30:00,0.035415,0.04585208333333333
2024-11-12 15:00:00,0.05454,0.068175
2024-11-12 15:30:00,0.08446833333333333,0.10558541666666665
2024-11-12 16:00:00,0.10303333333333332,0.12879166666666667
2024-11-12 16:30:00,0.1832366666666667,0.22904583333333337
2024-11-12 17:00:00,0.14258666666666667,0.17823333333333333
2024-11-12 17:30:00,0.25847666666666663,0.32309583333333336
2024-11-12 18:00:00,0.116045,0.14505625
2024-11-12 18:30:00,0.18569833333333333,0.23212291666666665
2024-11-12 19:00:00,0.2995,0.37437499999999996
2024-11-12 19:30:00,0.2995,0.37437499999999996
2024-11-12 20:00:00,0.31127166666666667,0.38908958333333327
2024-11-12 20:30:00,0.25835166666666665,0.32293958333333334
2024-11-12 21:00:00,0.24347166666666667,0.30433958333333333
2024-11-12 21:30:00,0.20304999999999998,0.2538125
2024-11-12 22:00:00,0.19939500000000002,0.24924375
2024-11-12 22:30:00,0.19246166666666667,0.2405770833333333
2024-11-12 23:00:00,0.21352000000000002,0.26689999999999997
2024-11-12 23:30:00,0.19570833333333335,0.24463541666666666
2024-11-13 00:00:00,0.18226666666666666,0.13670000000000002
2024-11-13 00:30:00,0.15892666666666666,0.119195
2024-11-13 01:00:00,0.15635166666666667,0.11726375
2024-11-13 01:30:00,0.162025,0.12151875000000001
2024-11-13 02:00:00,0.14919166666666667,0.11189375
2024-11-13 02:30:00,0.14745833333333333,0.11059374999999999
2024-11-13 03:00:00,0.14271666666666669,0.1070375
2024-11-13 03:30:00,0.16578666666666667,0.12434
2024-11-13 04:00:00,0.16966499999999998,0.12724875
2024-11-13 04:30:00,0.20295333333333332,0.15221500000000002
2024-11-13 05:00:00,0.24648499999999998,0.18486375
2024-11-13 05:30:00,0.229205,0.17190375
2024-11-13 06:00:00,0.21585500000000002,0.16189125000000001
2024-11-13 06:30:00,0.16375666666666666,0.12281750000000001
2024-11-13 07:00:00,0.20511500000000002,0.15383625
2024-11-13 07:30:00,0.067605,0.05070375
2024-11-13 08:00:00,0.06518,0.048885000000000005
2024-11-13 08:30:00,0.13196833333333333,0.09897625
2024-11-13 09:00:00,0.06525833333333332,0.04894375
2024-11-13 09:30:00,0.006491666666666666,0.0032954166666666665
2024-11-13 10:00:00,0.01884833333333333,0.012435416666666666
2024-11-13 10:30:00,0.03654833333333333,0.026963749999999998
2024-11-13 11:00:00,0.005968333333333333,0.003970416666666667
2024-11-13 11:30:00,-0.0023533333333333323,-0.004861666666666666
2024-11-13 12:00:00,-0.001945,-0.001945
2024-11-13 12:30:00,-0.016748333333333334,-0.016748333333333334
2024-11-13 13:00:00,-0.0008683333333333335,0.0004091666666666664
2024-11-13 13:30:00,-0.027,-0.026876666666666663
2024-11-13 14:00:00,-0.0011699999999999998,-0.0003145833333333329
2024-11-13 14:30:00,-0.0036983333333333347,-0.0021595833333333332
2024-11-13 15:00:00,-0.006861666666666666,-0.005703333333333332
2024-11-13 15:30:00,0.010611666666666667,0.013264583333333335
2024-11-13 16:00:00,0.006258333333333334,0.008248750000000001
2024-11-13 16:30:00,0.028189999999999996,0.0352375
2024-11-13 17:00:00,0.041251666666666666,0.05156458333333333
2024-11-13 17:30:00,0.184195,0.23024375
2024-11-13 18:00:00,0.2547433333333333,0.3184291666666667
2024-11-13 18:30:00,0.270775,0.33846875000000004
2024-11-13 19:00:00,0.29572,0.36965000000000003
2024-11-13 19:30:00,0.300125,0.37515625
2024-11-13 20:00:00,0.27248333333333336,0.34060416666666665
2024-11-13 20:30:00,0.22773666666666667,0.2846708333333334
2024-11-13 21:00:00,0.23237833333333335,0.2904729166666667
2024-11-13 21:30:00,0.176175,0.22021875000000002
2024-11-13 22:00:00,0.24184333333333333,0.30230416666666665
2024-11-13 22:30:00,0.236475,0.29559375
2024-11-13 23:00:00,0.24856166666666668,0.3107020833333333
2024-11-13 23:30:00,0.23902500000000002,0.29878125
2024-11-14 00:00:00,0.19803666666666667,0.1485275
2024-11-14 00:30:00,0.17837333333333336,0.13378
2024-11-14 01:00:00,0.19428333333333334,0.1457125
2024-11-14 01:30:00,0.16524666666666668,0.123935
2024-11-14 02:00:00,0.181405,0.13605375
2024-11-14 02:30:00,0.17253,0.1293975
2024-11-14 03:00:00,0.16257666666666667,0.1219325
2024-11-14 03:30:00,0.14972833333333332,0.11229625
2024-11-14 04:00:00,0.1856616666666667,0.13924625
2024-11-14 04:30:00,0.20446333333333333,0.1533475
2024-11-14 05:00:00,0.24216666666666667,0.181625
2024-11-14 05:30:00,0.20678333333333332,0.15508750000000002
2024-11-14 06:00:00,0.1758033333333333,0.1318525
2024-11-14 06:30:00,0.12754833333333335,0.09566124999999999
2024-11-14 07:00:00,0.11155833333333333,0.08366875
2024-11-14 07:30:00,0.10471000000000001,0.07853249999999999
2024-11-14 08:00:00,0.09316833333333334,0.06987625
2024-11-14 08:30:00,0.06692833333333333,0.05019625
2024-11-14 09:00:00,0.09763666666666666,0.0732275
2024-11-14 09:30:00,0.10907833333333333,0.08180875
2024-11-14 10:00:00,0.106095,0.07957125
2024-11-14 10:30:00,0.100055,0.07504125
2024-11-14 11:00:00,0.09546666666666666,0.0716
2024-11-14 11:30:00,0.09473166666666666,0.07104875
2024-11-14 12:00:00,0.09605333333333332,0.09605333333333332
2024-11-14 12:30:00,0.08514833333333334,0.08514833333333334
2024-11-14 13:00:00,0.04686666666666667,0.05858333333333333
2024-11-14 13:30:00,0.015091666666666668,0.018865416666666666
2024-11-14 14:00:00,0.009675000000000001,0.012927083333333332
2024-11-14 14:30:00,0.05964166666666667,0.07455208333333334
2024-11-14 15:00:00,0.06750833333333334,0.08438541666666666
2024-11-14 15:30:00,0.093605,0.11700625000000002
2024-11-14 16:00:00,0.07929000000000001,0.0991125
2024-11-14 16:30:00,0.13713333333333333,0.17141666666666666
2024-11-14 17:00:00,0.13555833333333334,0.16944791666666667
2024-11-14 17:30:00,0.22269166666666665,0.2783645833333333
2024-11-14 18:00:00,0.2680116666666667,0.33501458333333334
2024-11-14 18:30:00,0.27097666666666664,0.33872083333333336
2024-11-14 19:00:00,0.2673483333333333,0.3341854166666667
2024-11-14 19:30:00,0.27286166666666667,0.34107708333333336
2024-11-14 20:00:00,0.26698666666666665,0.33373333333333327
2024-11-14 20:30:00,0.2078966666666667,0.25987083333333333
2024-11-14 21:00:00,0.15885666666666667,0.19857083333333336
2024-11-14 21:30:00,0.142825,0.17853125
2024-11-14 22:00:00,0.14293333333333333,0.17866666666666667
2024-11-14 22:30:00,0.14485833333333334,0.1810729166666667
2024-11-14 23:00:00,0.134455,0.16806875000000002
2024-11-14 23:30:00,0.10962,0.137025
2024-11-15 00:00:00,0.09920666666666667,0.074405
2024-11-15 00:30:00,0.10553666666666667,0.0791525
2024-11-15 01:00:00,0.074185,0.055638749999999994
2024-11-15 01:30:00,0.020014999999999998,0.015011250000000002
2024-11-15 02:00:00,0.019363333333333333,0.0145225
2024-11-15 02:30:00,0.029181666666666665,0.02188625
2024-11-15 03:00:00,0.04910333333333333,0.0368275
2024-11-15 03:30:00,0.06432,0.04824
2024-11-15 04:00:00,0.083585,0.06268875
2024-11-15 04:30:00,0.12848666666666667,0.09636499999999999
2024-11-15 05:00:00,0.18358833333333335,0.13769125000000002
2024-11-15 05:30:00,0.12283333333333334,0.092125
2024-11-15 06:00:00,0.086845,0.06513375
2024-11-15 06:30:00,0.019146666666666666,0.01436
2024-11-15 07:00:00,0.022208333333333333,0.01665625
2024-11-15 07:30:00,0.010313333333333334,0.007735
2024-11-15 08:00:00,-0.026116666666666667,-0.02649
2024-11-15 08:30:00,-0.015901666666666665,-0.015901666666666665
2024-11-15 09:00:00,-0.0168,-0.0168
2024-11-15 09:30:00,-0.025403333333333333,-0.025403333333333333
2024-11-15 10:00:00,-0.026725,-0.026725
2024-11-15 10:30:00,-0.04582166666666667,-0.04582166666666667
2024-11-15 11:00:00,-0.046783333333333336,-0.046783333333333336
2024-11-15 11:30:00,-0.050249999999999996,-0.050249999999999996
2024-11-15 12:00:00,-0.057335,-0.057335
2024-11-15 12:30:00,-0.056666666666666664,-0.056666666666666664
2024-11-15 13:00:00,-0.037340000000000005,-0.036824166666666665
2024-11-15 13:30:00,-0.021066666666666664,-0.02062
2024-11-15 14:00:00,-0.01557,-0.01557
2024-11-15 14:30:00,-0.0057866666666666665,-0.005414166666666667
2024-11-15 15:00:00,-0.0036450000000000007,-0.0021279166666666664
2024-11-15 15:30:00,0.051153333333333335,0.06394166666666666
2024-11-15 16:00:00,0.02441,0.0305125
2024-11-15 16:30:00,0.06223666666666666,0.07779583333333333
2024-11-15 17:00:00,0.10395833333333333,0.12994791666666666
2024-11-15 17:30:00,-0.030391666666666664,-0.029111666666666664
2024-11-15 18:00:00,0.056501666666666665,0.07062708333333333
2024-11-15 18:30:00,0.10098666666666667,0.12623333333333334
2024-11-15 19:00:00,0.16117499999999998,0.20146875
2024-11-15 19:30:00,0.045553333333333335,0.05694166666666667
2024-11-15 20:00:00,0.04961666666666666,0.06202083333333334
2024-11-15 20:30:00,0.17731833333333333,0.2216479166666667
2024-11-15 21:00:00,0.07258333333333333,0.09072916666666665
2024-11-15 21:30:00,0.017558333333333332,0.021947916666666668
2024-11-15 22:00:00,0.03749333333333333,0.04686666666666667
2024-11-15 22:30:00,0.006286666666666667,0.007858333333333333
2024-11-15 23:00:00,0.09463499999999998,0.11829375000000002
2024-11-15 23:30:00,0.125645,0.15863958333333333
2024-11-16 00:00:00,0.012384999999999998,0.00928875
2024-11-16 00:30:00,0.006436666666666668,0.0031479166666666674
2024-11-16 01:00:00,0.04933666666666667,0.0370025
2024-11-16 01:30:00,0.005431666666666667,0.00407375
2024-11-16 02:00:00,0.04732333333333333,0.0354925
2024-11-16 02:30:00,0.010946666666666667,0.00821
2024-11-16 03:00:00,0.008919999999999999,0.006690000000000001
2024-11-16 03:30:00,0.021838333333333335,0.01637875
2024-11-16 04:00:00,0.02045,0.011328333333333334
2024-11-16 04:30:00,-0.024963333333333334,-0.024964166666666666
2024-11-16 05:00:00,-0.010384999999999998,-0.011811666666666665
2024-11-16 05:30:00,-0.02178333333333333,-0.023472499999999997
2024-11-16 06:00:00,-0.004481666666666665,-0.007432083333333332
2024-11-16 06:30:00,0.013550000000000001,0.0101625
2024-11-16 07:00:00,0.015765,0.011822916666666667
2024-11-16 07:30:00,-0.009501666666666667,-0.012791666666666666
2024-11-16 08:00:00,-0.01880666666666667,-0.023252083333333336
2024-11-16 08:30:00,-0.003971666666666667,-0.007124166666666667
2024-11-16 09:00:00,0.003446666666666667,0.0021225000000000003
2024-11-16 09:30:00,0.036443333333333335,0.027332499999999996
2024-11-16 10:00:00,-0.005561666666666666,-0.0060395833333333334
2024-11-16 10:30:00,0.0017966666666666667,0.0007962499999999998
2024-11-16 11:00:00,-0.02865,-0.02865
2024-11-16 11:30:00,-0.025706666666666666,-0.02591375
2024-11-16 12:00:00,-0.02042333333333333,-0.02042333333333333
2024-11-16 12:30:00,-0.038,-0.038
2024-11-16 13:00:00,-0.01079,-0.0087375
2024-11-16 13:30:00,-0.02756,-0.026782916666666667
2024-11-16 14:00:00,-0.038,-0.038
2024-11-16 14:30:00,-0.03808333333333333,-0.03808333333333333
2024-11-16 15:00:00,-0.044526666666666666,-0.044526666666666666
2024-11-16 15:30:00,-0.043886666666666664,-0.043886666666666664
2024-11-16 16:00:00,-0.038,-0.038
2024-11-16 16:30:00,0.04785166666666666,0.06139791666666666
2024-11-16 17:00:00,0.140625,0.17578125
2024-11-16 17:30:00,-0.052335,-0.052335
2024-11-16 18:00:00,-0.019788333333333335,-0.01805625
2024-11-16 18:30:00,0.019813333333333336,0.02808875
2024-11-16 19:00:00,0.12559333333333333,0.15699166666666667
2024-11-16 19:30:00,0.10569333333333335,0.13211666666666666
2024-11-16 20:00:00,0.03523,0.0440375
2024-11-16 20:30:00,0.017693333333333335,0.02211666666666667
2024-11-16 21:00:00,0.0248,0.031
2024-11-16 21:30:00,0.0015366666666666664,0.0019208333333333334
2024-11-16 22:00:00,-0.019175,-0.019175
2024-11-16 22:30:00,-0.01564,-0.015257083333333333
2024-11-16 23:00:00,-0.00479,-0.0044041666666666665
2024-11-16 23:30:00,-0.023121666666666665,-0.022616666666666663
2024-11-17 00:00:00,-0.037656666666666665,-0.037656666666666665
2024-11-17 00:30:00,-0.038,-0.038
2024-11-17 01:00:00,-0.03881833333333334,-0.03881833333333334
2024-11-17 01:30:00,-0.03833333333333333,-0.03833333333333333
2024-11-17 02:00:00,-0.04737333333333333,-0.04737333333333333
2024-11-17 02:30:00,-0.057543333333333335,-0.057543333333333335
2024-11-17 03:00:00,-0.05207333333333333,-0.05207333333333333
2024-11-17 03:30:00,-0.04743833333333333,-0.04743833333333333
2024-11-17 04:00:00,-0.03910333333333333,-0.03910333333333333
2024-11-17 04:30:00,-0.038,-0.038
2024-11-17 05:00:00,-0.038,-0.038
2024-11-17 05:30:00,-0.037566666666666665,-0.037566666666666665
2024-11-17 06:00:00,-0.05179999999999999,-0.05179999999999999
2024-11-17 06:30:00,-0.05793333333333334,-0.05793333333333334
2024-11-17 07:00:00,-0.05797333333333334,-0.05797333333333334
2024-11-17 07:30:00,-0.05581833333333333,-0.05581833333333333
2024-11-17 08:00:00,-0.058,-0.058
2024-11-17 08:30:00,-0.058755,-0.058755
2024-11-17 09:00:00,-0.060849999999999994,-0.060849999999999994
2024-11-17 09:30:00,-0.07200333333333334,-0.07200333333333334
2024-11-17 10:00:00,-0.06508333333333333,-0.06508333333333333
2024-11-17 10:30:00,-0.07365000000000001,-0.07365000000000001
2024-11-17 11:00:00,-0.07085833333333334,-0.07085833333333334
2024-11-17 11:30:00,-0.06978666666666666,-0.06978666666666666
2024-11-17 12:00:00,-0.07842666666666667,-0.07842666666666667
2024-11-17 12:30:00,-0.062283333333333336,-0.062283333333333336
2024-11-17 13:00:00,-0.08741833333333333,-0.08741833333333333
2024-11-17 13:30:00,-0.06656833333333333,-0.06656833333333333
2024-11-17 14:00:00,-0.07070833333333333,-0.07070833333333333
2024-11-17 14:30:00,-0.05901833333333334,-0.05901833333333334
2024-11-17 15:00:00,-0.06077833333333333,-0.06077833333333333
2024-11-17 15:30:00,-0.05452666666666667,-0.05452666666666667
2024-11-17 16:00:00,-0.05465,-0.05465
2024-11-17 16:30:00,-0.04286499999999999,-0.04286499999999999
2024-11-17 17:00:00,-0.031221666666666665,-0.031110416666666668
2024-11-17 17:30:00,-0.0052583333333333345,-0.0013216666666666654
2024-11-17 18:00:00,-0.057716666666666666,-0.057716666666666666
2024-11-17 18:30:00,-0.037891666666666664,-0.037891666666666664
2024-11-17 19:00:00,-0.038,-0.038
2024-11-17 19:30:00,-0.038,-0.038
2024-11-17 20:00:00,-0.057986666666666666,-0.057986666666666666
2024-11-17 20:30:00,-0.05797333333333334,-0.05797333333333334
2024-11-17 21:00:00,-0.04374333333333333,-0.04374333333333333
2024-11-17 21:30:00,-0.05679,-0.05679
2024-11-17 22:00:00,-0.05794666666666667,-0.05794666666666667
2024-11-17 22:30:00,-0.038,-0.038
2024-11-17 23:00:00,-0.037998333333333335,-0.037998333333333335
2024-11-17 23:30:00,-0.038,-0.038
2024-11-18 00:00:00,-0.038,-0.038
2024-11-18 00:30:00,-0.038,-0.038
2024-11-18 01:00:00,-0.03825,-0.03825
2024-11-18 01:30:00,-0.04805333333333334,-0.04805333333333334
2024-11-18 02:00:00,-0.053288333333333326,-0.053288333333333326
2024-11-18 02:30:00,-0.045724999999999995,-0.045724999999999995
2024-11-18 03:00:00,-0.043868333333333336,-0.043868333333333336
2024-11-18 03:30:00,-0.045724999999999995,-0.045724999999999995
2024-11-18 04:00:00,-0.038,-0.038
2024-11-18 04:30:00,-0.024346666666666666,-0.02608083333333333
2024-11-18 05:00:00,0.03996333333333333,0.029439166666666666
2024-11-18 05:30:00,-0.037421666666666666,-0.037421666666666666
2024-11-18 06:00:00,0.030411666666666667,0.021975416666666664
2024-11-18 06:30:00,-0.005985,-0.009321666666666666
2024-11-18 07:00:00,-0.038,-0.038
2024-11-18 07:30:00,-0.038,-0.038
2024-11-18 08:00:00,-0.03780833333333333,-0.03780833333333333
2024-11-18 08:30:00,-0.038,-0.038
2024-11-18 09:00:00,-0.038,-0.038
2024-11-18 09:30:00,-0.02667,-0.026995
2024-11-18 10:00:00,-0.03430166666666667,-0.03430166666666667
2024-11-18 10:30:00,-0.02967,-0.030169166666666664
2024-11-18 11:00:00,-0.019785,-0.020247916666666668
2024-11-18 11:30:00,-0.03808333333333333,-0.03808333333333333
2024-11-18 12:00:00,-0.038,-0.038
2024-11-18 12:30:00,0.0017800000000000001,0.0017800000000000001
2024-11-18 13:00:00,-0.038,-0.038
2024-11-18 13:30:00,-0.013401666666666668,-0.012423333333333335
2024-11-18 14:00:00,-0.03840333333333334,-0.03840333333333334
2024-11-18 14:30:00,-0.04153333333333333,-0.04153333333333333
2024-11-18 15:00:00,-0.038,-0.038
2024-11-18 15:30:00,-0.038,-0.038
2024-11-18 16:00:00,-0.037616666666666666,-0.037616666666666666
2024-11-18 16:30:00,0.023986666666666667,0.03405458333333333
2024-11-18 17:00:00,0.076205,0.09525624999999999
2024-11-18 17:30:00,0.018741666666666667,0.028162916666666666
2024-11-18 18:00:00,-0.04279333333333333,-0.04279333333333333
2024-11-18 18:30:00,0.07095166666666668,0.09027291666666666
2024-11-18 19:00:00,0.09714666666666666,0.12143333333333334
2024-11-18 19:30:00,0.12810666666666667,0.16013333333333332
2024-11-18 20:00:00,0.12716166666666665,0.15895208333333335
2024-11-18 20:30:00,0.04887333333333333,0.06109166666666666
2024-11-18 21:00:00,0.007035,0.00879375
2024-11-18 21:30:00,-0.009859999999999999,-0.009859999999999999
2024-11-18 22:00:00,-0.028718333333333332,-0.028718333333333332
2024-11-18 22:30:00,-0.03107666666666667,-0.03107291666666667
2024-11-18 23:00:00,-0.013754999999999998,-0.013222083333333334
2024-11-18 23:30:00,-0.003299999999999999,-0.002466666666666666
2024-11-19 00:00:00,-0.03444833333333334,-0.03444833333333334
2024-11-19 00:30:00,-0.032345,-0.032345
2024-11-19 01:00:00,-0.031966666666666664,-0.031966666666666664
2024-11-19 01:30:00,-0.037656666666666665,-0.037656666666666665
2024-11-19 02:00:00,-0.038,-0.038
2024-11-19 02:30:00,-0.037233333333333334,-0.037233333333333334
2024-11-19 03:00:00,-0.029358333333333334,-0.02953625
2024-11-19 03:30:00,-0.03727333333333333,-0.03727333333333333
2024-11-19 04:00:00,-0.024755,-0.024755833333333335
2024-11-19 04:30:00,-0.008326666666666666,-0.01007375
2024-11-19 05:00:00,0.01596833333333333,0.01197625
2024-11-19 05:30:00,0.04896999999999999,0.0367275
2024-11-19 06:00:00,0.07044666666666667,0.052835
2024-11-19 06:30:00,0.05019833333333334,0.03764875
2024-11-19 07:00:00,0.0348,0.0261
2024-11-19 07:30:00,-0.010815,-0.012286666666666668
2024-11-19 08:00:00,-0.00267,-0.005620416666666667
2024-11-19 08:30:00,-0.038,-0.038
2024-11-19 09:00:00,-0.038,-0.038
2024-11-19 09:30:00,-0.038,-0.038
2024-11-19 10:00:00,-0.038,-0.038
2024-11-19 10:30:00,-0.03808333333333333,-0.03808333333333333
2024-11-19 11:00:00,-0.03933333333333333,-0.03933333333333333
2024-11-19 11:30:00,-0.03816666666666666,-0.03816666666666666
2024-11-19 12:00:00,-0.04306833333333334,-0.04306833333333334
2024-11-19 12:30:00,-0.04849333333333333,-0.04849333333333333
2024-11-19 13:00:00,-0.056236666666666664,-0.056236666666666664
2024-11-19 13:30:00,-0.039850000000000003,-0.039850000000000003
2024-11-19 14:00:00,-0.038,-0.038
2024-11-19 14:30:00,-0.03808333333333333,-0.03808333333333333
2024-11-19 15:00:00,-0.038,-0.038
2024-11-19 15:30:00,-0.0028283333333333333,-0.0006162499999999999
2024-11-19 16:00:00,0.015786666666666668,0.021184583333333337
2024-11-19 16:30:00,0.06995,0.0874375
2024-11-19 17:00:00,0.044243333333333336,0.05530416666666666
2024-11-19 17:30:00,-0.015321666666666666,-0.012930416666666665
2024-11-19 18:00:00,-0.020635,-0.019460416666666664
2024-11-19 18:30:00,0.14932499999999999,0.18665625
2024-11-19 19:00:00,0.032718333333333335,0.040897916666666666
2024-11-19 19:30:00,0.06495333333333332,0.08119166666666668
2024-11-19 20:00:00,0.16403666666666666,0.20504583333333334
2024-11-19 20:30:00,0.11289833333333332,0.14112291666666668
2024-11-19 21:00:00,0.042175,0.05271875
2024-11-19 21:30:00,0.024006666666666666,0.03000833333333333
2024-11-19 22:00:00,0.002843333333333333,0.003554166666666667
2024-11-19 22:30:00,-0.016011666666666664,-0.01601
2024-11-19 23:00:00,0.016538333333333332,0.0215175
2024-11-19 23:30:00,-0.0012249999999999995,-0.0007020833333333329
2024-11-20 00:00:00,0.0036516666666666663,0.0027387500000000003
2024-11-20 00:30:00,-0.006125000000000001,-0.006129166666666666
2024-11-20 01:00:00,2e-05,1.4999999999999999e-05
2024-11-20 01:30:00,0.006010000000000001,0.0045075
2024-11-20 02:00:00,0.0048516666666666665,0.0036387499999999996
2024-11-20 02:30:00,0.011448333333333333,0.00858625
2024-11-20 03:00:00,0.012473333333333335,0.009355
2024-11-20 03:30:00,0.010151666666666666,0.00761375
2024-11-20 04:00:00,0.038105,0.028578749999999997
2024-11-20 04:30:00,0.09494833333333334,0.07121124999999999
2024-11-20 05:00:00,0.11110333333333333,0.0833275
2024-11-20 05:30:00,0.09092833333333333,0.06819625
2024-11-20 06:00:00,0.033036666666666666,0.024777499999999997
2024-11-20 06:30:00,0.040786666666666666,0.030590000000000003
2024-11-20 07:00:00,0.012181666666666667,0.00913625
2024-11-20 07:30:00,0.011113333333333331,0.008335
2024-11-20 08:00:00,0.07869333333333334,0.059019999999999996
2024-11-20 08:30:00,0.059283333333333334,0.044462499999999995
2024-11-20 09:00:00,0.08551666666666667,0.0641375
2024-11-20 09:30:00,0.02203833333333333,0.01644708333333333
2024-11-20 10:00:00,0.023348333333333332,0.01751125
2024-11-20 10:30:00,0.009968333333333333,0.007450416666666667
2024-11-20 11:00:00,0.010496666666666666,0.007871666666666667
2024-11-20 11:30:00,0.05219833333333334,0.03914875
2024-11-20 12:00:00,0.018248333333333335,0.018248333333333335
2024-11-20 12:30:00,0.09202833333333332,0.09202833333333332
2024-11-20 13:00:00,0.09518833333333333,0.11898541666666666
2024-11-20 13:30:00,0.055395,0.06924374999999999
2024-11-20 14:00:00,0.040108333333333336,0.05013541666666666
2024-11-20 14:30:00,0.023551666666666665,0.029439583333333335
2024-11-20 15:00:00,0.048735,0.06091875
2024-11-20 15:30:00,0.08587,0.10733750000000002
2024-11-20 16:00:00,0.10303166666666667,0.12878958333333332
2024-11-20 16:30:00,0.11892333333333334,0.14865416666666667
2024-11-20 17:00:00,0.14245333333333335,0.17806666666666668
2024-11-20 17:30:00,0.1774983333333333,0.22187291666666667
2024-11-20 18:00:00,0.24606833333333333,0.30758541666666667
2024-11-20 18:30:00,0.26383333333333336,0.32979166666666665
2024-11-20 19:00:00,0.2653,0.331625
2024-11-20 19:30:00,0.2626916666666667,0.32836458333333335
2024-11-20 20:00:00,0.20487666666666668,0.25609583333333336
2024-11-20 20:30:00,0.20628833333333332,0.25786041666666665
2024-11-20 21:00:00,0.19364666666666666,0.24205833333333335
2024-11-20 21:30:00,0.187705,0.23463124999999999
2024-11-20 22:00:00,0.17329833333333333,0.21662291666666667
2024-11-20 22:30:00,0.1635,0.204375
2024-11-20 23:00:00,0.1631,0.203875
2024-11-20 23:30:00,0.16115833333333335,0.20144791666666664
2024-11-21 00:00:00,0.1705,0.127875
2024-11-21 00:30:00,0.20465,0.1534875
2024-11-21 01:00:00,0.169515,0.12713625
2024-11-21 01:30:00,0.15726666666666667,0.11795
2024-11-21 02:00:00,0.15577666666666667,0.1168325
2024-11-21 02:30:00,0.15070999999999998,0.1130325
2024-11-21 03:00:00,0.1495,0.11212499999999999
2024-11-21 03:30:00,0.1495,0.11212499999999999
2024-11-21 04:00:00,0.16202333333333332,0.12151749999999999
2024-11-21 04:30:00,0.162285,0.12171375
2024-11-21 05:00:00,0.17847500000000002,0.13385624999999998
2024-11-21 05:30:00,0.14576833333333333,0.10932625
2024-11-21 06:00:00,0.12172666666666666,0.091295
2024-11-21 06:30:00,0.121975,0.09148125
2024-11-21 07:00:00,0.12252333333333333,0.0918925
2024-11-21 07:30:00,0.09555666666666666,0.0716675
2024-11-21 08:00:00,0.13162166666666666,0.09871624999999999
2024-11-21 08:30:00,0.09792166666666667,0.07344125
2024-11-21 09:00:00,0.11038333333333333,0.0827875
2024-11-21 09:30:00,0.11624833333333333,0.08718625
2024-11-21 10:00:00,0.10005833333333332,0.07504375
2024-11-21 10:30:00,0.10472333333333333,0.0785425
2024-11-21 11:00:00,0.10740333333333334,0.0805525
2024-11-21 11:30:00,0.074905,0.05617875
2024-11-21 12:00:00,0.06244333333333333,0.06244333333333333
2024-11-21 12:30:00,0.10244500000000001,0.10244500000000001
2024-11-21 13:00:00,0.064615,0.08076875
2024-11-21 13:30:00,0.049556666666666666,0.06194583333333333
2024-11-21 14:00:00,0.06555833333333333,0.08194791666666666
2024-11-21 14:30:00,0.06493166666666667,0.08116458333333333
2024-11-21 15:00:00,0.07058,0.088225
2024-11-21 15:30:00,0.07196666666666666,0.08995833333333332
2024-11-21 16:00:00,0.07168999999999999,0.0896125
2024-11-21 16:30:00,0.11410500000000001,0.14263125000000001
2024-11-21 17:00:00,0.11822833333333334,0.14778541666666667
2024-11-21 17:30:00,0.15306833333333333,0.19133541666666667
2024-11-21 18:00:00,0.24753833333333333,0.30942291666666666
2024-11-21 18:30:00,0.2995,0.37437499999999996
2024-11-21 19:00:00,0.2995,0.37437499999999996
2024-11-21 19:30:00,0.28547833333333333,0.3568479166666667
2024-11-21 20:00:00,0.23840333333333333,0.2980041666666667
2024-11-21 20:30:00,0.20100833333333334,0.25126041666666665
2024-11-21 21:00:00,0.213615,0.26701875
2024-11-21 21:30:00,0.19993333333333332,0.24991666666666668
2024-11-21 22:00:00,0.22648666666666664,0.28310833333333335
2024-11-21 22:30:00,0.19930499999999998,0.24913125000000003
2024-11-21 23:00:00,0.22327,0.2790875
2024-11-21 23:30:00,0.20461,0.2557625
2024-11-22 00:00:00,0.20370999999999997,0.15278250000000002
2024-11-22 00:30:00,0.191555,0.14366625
2024-11-22 01:00:00,0.17037500000000003,0.12778124999999999
2024-11-22 01:30:00,0.16721833333333333,0.12541375
2024-11-22 02:00:00,0.15833833333333333,0.11875375
2024-11-22 02:30:00,0.15724333333333332,0.1179325
2024-11-22 03:00:00,0.15567166666666668,0.11675374999999999
2024-11-22 03:30:00,0.16915999999999998,0.12687
2024-11-22 04:00:00,0.156825,0.11761875
2024-11-22 04:30:00,0.15320999999999999,0.1149075
2024-11-22 05:00:00,0.18763166666666667,0.14072375
2024-11-22 05:30:00,0.14599,0.10949249999999999
2024-11-22 06:00:00,0.133945,0.10045875
2024-11-22 06:30:00,0.10960833333333332,0.08220625
2024-11-22 07:00:00,0.11025833333333333,0.08269375
2024-11-22 07:30:00,0.10232666666666668,0.076745
2024-11-22 08:00:00,0.072115,0.05408625
2024-11-22 08:30:00,0.08274833333333333,0.06206124999999999
2024-11-22 09:00:00,0.07821499999999999,0.05866125
2024-11-22 09:30:00,0.040896666666666665,0.030672500000000002
2024-11-22 10:00:00,0.0060149999999999995,0.0036779166666666674
2024-11-22 10:30:00,0.0032949999999999998,0.0023283333333333333
2024-11-22 11:00:00,-0.0114,-0.011400833333333334
2024-11-22 11:30:00,-0.009656666666666666,-0.009729999999999999
2024-11-22 12:00:00,0.02428,0.02428
2024-11-22 12:30:00,0.03161833333333333,0.03161833333333333
2024-11-22 13:00:00,0.020728333333333335,0.02591041666666667
2024-11-22 13:30:00,0.01351,0.0168875
2024-11-22 14:00:00,0.002731666666666667,0.004264583333333333
2024-11-22 14:30:00,0.07110833333333333,0.08888541666666666
2024-11-22 15:00:00,0.09932166666666668,0.12415208333333333
2024-11-22 15:30:00,0.048878333333333336,0.0633625
2024-11-22 16:00:00,0.08980500000000001,0.11225625
2024-11-22 16:30:00,0.11998666666666667,0.14998333333333333
2024-11-22 17:00:00,0.13281333333333334,0.16601666666666667
2024-11-22 17:30:00,0.18481833333333333,0.23102291666666666
2024-11-22 18:00:00,0.2995,0.37437499999999996
2024-11-22 18:30:00,0.2995,0.37437499999999996
2024-11-22 19:00:00,0.26265166666666667,0.32831458333333335
2024-11-22 19:30:00,0.22546666666666668,0.2818333333333333
2024-11-22 20:00:00,0.19809666666666667,0.24762083333333332
2024-11-22 20:30:00,0.158785,0.19848125000000003
2024-11-22 21:00:00,0.15825,0.19781250000000003
2024-11-22 21:30:00,0.146305,0.18288125
2024-11-22 22:00:00,0.13744333333333333,0.17180416666666667
2024-11-22 22:30:00,0.12419333333333334,0.15524166666666667
2024-11-22 23:00:00,0.12733833333333333,0.15917291666666666
2024-11-22 23:30:00,0.11656166666666667,0.14570208333333334
2024-11-23 00:00:00,0.08174,0.061305
2024-11-23 00:30:00,0.048663333333333336,0.0364975
2024-11-23 01:00:00,0.056333333333333326,0.04225
2024-11-23 01:30:00,0.01870833333333333,0.01403125
2024-11-23 02:00:00,0.018351666666666665,0.01376375
2024-11-23 02:30:00,0.010906666666666667,0.00818
2024-11-23 03:00:00,0.0023316666666666663,0.0001654166666666673
2024-11-23 03:30:00,-0.009401666666666668,-0.01017
2024-11-23 04:00:00,-0.016956666666666665,-0.0174675
2024-11-23 04:30:00,-0.014901666666666665,-0.015172083333333334
2024-11-23 05:00:00,0.01889333333333333,0.009420000000000003
2024-11-23 05:30:00,-0.03351666666666667,-0.03351666666666667
2024-11-23 06:00:00,-0.030314999999999998,-0.030314999999999998
2024-11-23 06:30:00,-0.05159333333333333,-0.05159333333333333
2024-11-23 07:00:00,-0.05878666666666666,-0.05878666666666666
2024-11-23 07:30:00,-0.12897333333333333,-0.12897333333333333
2024-11-23 08:00:00,-0.062231666666666664,-0.062231666666666664
2024-11-23 08:30:00,-0.06560166666666667,-0.06560166666666667
2024-11-23 09:00:00,-0.07088499999999999,-0.07088499999999999
2024-11-23 09:30:00,-0.06854833333333334,-0.06854833333333334
2024-11-23 10:00:00,-0.08811000000000001,-0.08811000000000001
2024-11-23 10:30:00,-0.07396,-0.07396
2024-11-23 11:00:00,-0.06125333333333333,-0.06125333333333333
2024-11-23 11:30:00,-0.06692,-0.06692
2024-11-23 12:00:00,-0.07710166666666667,-0.07710166666666667
2024-11-23 12:30:00,-0.06618666666666666,-0.06618666666666666
2024-11-23 13:00:00,-0.06025833333333333,-0.06025833333333333
2024-11-23 13:30:00,-0.058835,-0.058835
2024-11-23 14:00:00,-0.06053333333333333,-0.06053333333333333
2024-11-23 14:30:00,-0.05886,-0.05886
2024-11-23 15:00:00,-0.05679,-0.05679
2024-11-23 15:30:00,-0.04529666666666667,-0.04529666666666667
2024-11-23 16:00:00,-0.019903333333333332,-0.01801833333333333
2024-11-23 16:30:00,0.024001666666666668,0.030002083333333335
2024-11-23 17:00:00,0.014166666666666666,0.017708333333333333
2024-11-23 17:30:00,0.048356666666666666,0.06202916666666667
2024-11-23 18:00:00,0.05468666666666667,0.06884791666666666
2024-11-23 18:30:00,0.07957833333333333,0.09947291666666667
2024-11-23 19:00:00,0.09931000000000001,0.12413750000000001
2024-11-23 19:30:00,0.13220666666666667,0.16525833333333334
2024-11-23 20:00:00,0.11893666666666668,0.14867083333333334
2024-11-23 20:30:00,0.10982166666666666,0.13727708333333333
2024-11-23 21:00:00,0.10584166666666667,0.13230208333333335
2024-11-23 21:30:00,0.08790166666666667,0.10987708333333333
2024-11-23 22:00:00,0.09113500000000001,0.11391875
2024-11-23 22:30:00,0.10470499999999999,0.13088124999999998
2024-11-23 23:00:00,0.11012666666666666,0.13765833333333333
2024-11-23 23:30:00,0.11717166666666667,0.14646458333333334
2024-11-24 00:00:00,0.12052,0.09039000000000001
2024-11-24 00:30:00,0.10708333333333335,0.0803125
2024-11-24 01:00:00,0.11557166666666667,0.08667874999999998
2024-11-24 01:30:00,0.11673833333333333,0.08755375
2024-11-24 02:00:00,0.11579166666666667,0.08684375
2024-11-24 02:30:00,0.093765,0.07032375
2024-11-24 03:00:00,0.08463833333333333,0.06347875
2024-11-24 03:30:00,0.09013666666666668,0.0676025
2024-11-24 04:00:00,0.10233666666666667,0.0767525
2024-11-24 04:30:00,0.11104833333333335,0.08328624999999999
2024-11-24 05:00:00,0.09466666666666668,0.071
2024-11-24 05:30:00,0.058035,0.043526249999999995
2024-11-24 06:00:00,0.06606333333333334,0.0495475
2024-11-24 06:30:00,0.037905,0.02842875
2024-11-24 07:00:00,-0.019280000000000002,-0.019733749999999998
2024-11-24 07:30:00,-0.027021666666666666,-0.027021666666666666
2024-11-24 08:00:00,-0.04590333333333333,-0.04590333333333333
2024-11-24 08:30:00,-0.06025,-0.06025
2024-11-24 09:00:00,-0.059048333333333335,-0.059048333333333335
2024-11-24 09:30:00,-0.04412666666666667,-0.04412666666666667
2024-11-24 10:00:00,-0.06006166666666666,-0.06006166666666666
2024-11-24 10:30:00,-0.08262833333333333,-0.08262833333333333
2024-11-24 11:00:00,-0.071965,-0.071965
2024-11-24 11:30:00,-0.09851166666666666,-0.09851166666666666
2024-11-24 12:00:00,-0.10535666666666667,-0.10535666666666667
2024-11-24 12:30:00,-0.15317333333333333,-0.15317333333333333
2024-11-24 13:00:00,-0.15867833333333334,-0.15867833333333334
2024-11-24 13:30:00,-0.19299666666666668,-0.19299666666666668
2024-11-24 14:00:00,-0.13984166666666667,-0.13984166666666667
2024-11-24 14:30:00,-0.06992,-0.06992
2024-11-24 15:00:00,-0.05804666666666667,-0.05804666666666667
2024-11-24 15:30:00,-0.051893333333333326,-0.051893333333333326
2024-11-24 16:00:00,-0.03940166666666667,-0.03940166666666667
2024-11-24 16:30:00,-0.03354,-0.03354
2024-11-24 17:00:00,0.025598333333333334,0.03199791666666667
2024-11-24 17:30:00,0.049545,0.06193124999999999
2024-11-24 18:00:00,0.091445,0.11430625
2024-11-24 18:30:00,0.14432,0.1804
2024-11-24 19:00:00,0.13618166666666667,0.17022708333333333
2024-11-24 19:30:00,0.15601833333333334,0.19502291666666668
2024-11-24 20:00:00,0.14657,0.1832125
2024-11-24 20:30:00,0.11997166666666666,0.14996458333333332
2024-11-24 21:00:00,0.11535166666666667,0.14418958333333334
2024-11-24 21:30:00,0.10800833333333333,0.13501041666666666
2024-11-24 22:00:00,0.11704166666666667,0.14630208333333333
2024-11-24 22:30:00,0.12031833333333335,0.15039791666666666
2024-11-24 23:00:00,0.13417166666666666,0.16771458333333333
2024-11-24 23:30:00,0.13578333333333334,0.16972916666666668
2024-11-25 00:00:00,0.132665,0.09949875000000001
2024-11-25 00:30:00,0.132605,0.09945375000000001
2024-11-25 01:00:00,0.12343333333333334,0.092575
2024-11-25 01:30:00,0.12135499999999999,0.09101625
2024-11-25 02:00:00,0.11875333333333334,0.08906499999999999
2024-11-25 02:30:00,0.11421166666666667,0.08565875
2024-11-25 03:00:00,0.11874,0.089055
2024-11-25 03:30:00,0.12031666666666667,0.09023750000000001
2024-11-25 04:00:00,0.12739,0.09554249999999999
2024-11-25 04:30:00,0.153085,0.11481375
2024-11-25 05:00:00,0.16421833333333333,0.12316375
2024-11-25 05:30:00,0.15816166666666667,0.11862125000000001
2024-11-25 06:00:00,0.135205,0.10140375
2024-11-25 06:30:00,0.123805,0.09285375
2024-11-25 07:00:00,0.08759666666666666,0.0656975
2024-11-25 07:30:00,0.08810833333333333,0.06608125
2024-11-25 08:00:00,0.032396666666666664,0.0242975
2024-11-25 08:30:00,0.0041400000000000005,0.0023875
2024-11-25 09:00:00,0.015240000000000002,0.009834583333333334
2024-11-25 09:30:00,0.030663333333333334,0.0229975
2024-11-25 10:00:00,0.02972666666666667,0.020413749999999998
2024-11-25 10:30:00,0.0037016666666666686,-0.0013279166666666665
2024-11-25 11:00:00,-0.023105,-0.023490416666666666
2024-11-25 11:30:00,-0.037755000000000004,-0.037755000000000004
2024-11-25 12:00:00,-0.05116333333333333,-0.05116333333333333
2024-11-25 12:30:00,-0.04344166666666666,-0.04344166666666666
2024-11-25 13:00:00,-0.056749999999999995,-0.056749999999999995
2024-11-25 13:30:00,-0.047501666666666664,-0.047501666666666664
2024-11-25 14:00:00,-0.05089833333333333,-0.05089833333333333
2024-11-25 14:30:00,-0.04946833333333333,-0.04946833333333333
2024-11-25 15:00:00,-0.028211666666666666,-0.02820375
2024-11-25 15:30:00,-0.005076666666666666,-0.0039125
2024-11-25 16:00:00,0.073115,0.09139375
2024-11-25 16:30:00,0.11054666666666667,0.13818333333333332
2024-11-25 17:00:00,0.09983500000000001,0.12479375
2024-11-25 17:30:00,0.12498,0.156225
2024-11-25 18:00:00,0.13961666666666667,0.17452083333333335
2024-11-25 18:30:00,0.148,0.18500000000000003
2024-11-25 19:00:00,0.15134666666666666,0.18918333333333334
2024-11-25 19:30:00,0.16585166666666668,0.20731458333333333
2024-11-25 20:00:00,0.14023333333333332,0.1752916666666667
2024-11-25 20:30:00,0.12502666666666665,0.15628333333333336
2024-11-25 21:00:00,0.128835,0.16104375
2024-11-25 21:30:00,0.12792333333333333,0.15990416666666665
2024-11-25 22:00:00,0.12711166666666665,0.15888958333333333
2024-11-25 22:30:00,0.11739499999999999,0.14674375
2024-11-25 23:00:00,0.14735,0.18418750000000003
2024-11-25 23:30:00,0.173175,0.21646875
2024-11-26 00:00:00,0.15897333333333333,0.11922999999999999
2024-11-26 00:30:00,0.15356,0.11517
2024-11-26 01:00:00,0.13895,0.1042125
2024-11-26 01:30:00,0.13659,0.10244249999999999
2024-11-26 02:00:00,0.11848333333333333,0.0888625
2024-11-26 02:30:00,0.11503666666666666,0.08627750000000001
2024-11-26 03:00:00,0.11931666666666667,0.0894875
2024-11-26 03:30:00,0.123195,0.09239625
2024-11-26 04:00:00,0.14031000000000002,0.1052325
2024-11-26 04:30:00,0.16852999999999999,0.1263975
2024-11-26 05:00:00,0.20813666666666666,0.1561025
2024-11-26 05:30:00,0.17973000000000003,0.1347975
2024-11-26 06:00:00,0.16302000000000003,0.122265
2024-11-26 06:30:00,0.12677333333333332,0.09508
2024-11-26 07:00:00,0.10693333333333332,0.08020000000000001
2024-11-26 07:30:00,0.02507166666666667,0.018803749999999998
2024-11-26 08:00:00,0.05188333333333334,0.03574583333333333
2024-11-26 08:30:00,0.026978333333333337,0.018650416666666666
2024-11-26 09:00:00,0.0031383333333333333,-0.0007879166666666659
2024-11-26 09:30:00,-0.04309166666666667,-0.04309166666666667
2024-11-26 10:00:00,-0.03046666666666667,-0.03046666666666667
2024-11-26 10:30:00,-0.024653333333333333,-0.025025833333333334
2024-11-26 11:00:00,-0.019280000000000002,-0.019280000000000002
2024-11-26 11:30:00,-0.030023333333333332,-0.030024166666666668
2024-11-26 12:00:00,-0.03723,-0.03723
2024-11-26 12:30:00,-0.03950833333333333,-0.03950833333333333
2024-11-26 13:00:00,-0.025815,-0.025815
2024-11-26 13:30:00,-0.030838333333333332,-0.02992291666666667
2024-11-26 14:00:00,-0.010746666666666667,-0.010744166666666666
2024-11-26 14:30:00,-0.007965,-0.007961666666666667
2024-11-26 15:00:00,0.0066300000000000005,0.0082875
2024-11-26 15:30:00,0.012483333333333332,0.015604166666666667
2024-11-26 16:00:00,0.020281666666666667,0.025560416666666665
2024-11-26 16:30:00,0.024974999999999997,0.03613333333333333
2024-11-26 17:00:00,0.09009166666666667,0.11261458333333334
2024-11-26 17:30:00,0.158335,0.19791875
2024-11-26 18:00:00,0.16138666666666668,0.20173333333333335
2024-11-26 18:30:00,0.24540166666666666,0.3067520833333333
2024-11-26 19:00:00,0.20854166666666665,0.26067708333333334
2024-11-26 19:30:00,0.16645333333333334,0.20806666666666665
2024-11-26 20:00:00,0.14168,0.1771
2024-11-26 20:30:00,0.13147499999999998,0.16434375
2024-11-26 21:00:00,0.13690666666666665,0.17113333333333333
2024-11-26 21:30:00,0.12981166666666666,0.16226458333333335
2024-11-26 22:00:00,0.13370833333333332,0.16713541666666668
2024-11-26 22:30:00,0.11984333333333334,0.14980416666666665
2024-11-26 23:00:00,0.15256333333333333,0.19070416666666667
2024-11-26 23:30:00,0.15642333333333333,0.19552916666666667
2024-11-27 00:00:00,0.14944666666666667,0.112085
2024-11-27 00:30:00,0.15059166666666665,0.11294375000000001
2024-11-27 01:00:00,0.14964833333333333,0.11223625
2024-11-27 01:30:00,0.14675,0.11006250000000001
2024-11-27 02:00:00,0.14300666666666664,0.107255
2024-11-27 02:30:00,0.13253666666666666,0.0994025
2024-11-27 03:00:00,0.13676166666666667,0.10257125
2024-11-27 03:30:00,0.1323983333333333,0.09929875
2024-11-27 04:00:00,0.14919666666666667,0.1118975
2024-11-27 04:30:00,0.153,0.11475
2024-11-27 05:00:00,0.16650500000000001,0.12487875
2024-11-27 05:30:00,0.15386999999999998,0.1154025
2024-11-27 06:00:00,0.13884166666666667,0.10413125000000001
2024-11-27 06:30:00,0.12377666666666666,0.0928325
2024-11-27 07:00:00,0.11619666666666667,0.08714749999999999
2024-11-27 07:30:00,0.091165,0.06837375000000001
2024-11-27 08:00:00,0.10882333333333333,0.0816175
2024-11-27 08:30:00,0.05057999999999999,0.037934999999999997
2024-11-27 09:00:00,0.004516666666666666,0.0018041666666666668
2024-11-27 09:30:00,-0.03584333333333333,-0.03584333333333333
2024-11-27 10:00:00,-0.03694,-0.03694
2024-11-27 10:30:00,-0.03544666666666667,-0.03544666666666667
2024-11-27 11:00:00,-0.042666666666666665,-0.042666666666666665
2024-11-27 11:30:00,-0.04677333333333333,-0.04677333333333333
2024-11-27 12:00:00,-0.057806666666666666,-0.057806666666666666
2024-11-27 12:30:00,-0.04553666666666667,-0.04553666666666667
2024-11-27 13:00:00,-0.056304999999999994,-0.056304999999999994
2024-11-27 13:30:00,-0.05598333333333333,-0.05598333333333333
2024-11-27 14:00:00,-0.033145,-0.03269416666666667
2024-11-27 14:30:00,-0.01667333333333333,-0.015754999999999998
2024-11-27 15:00:00,-0.019916666666666666,-0.019916666666666666
2024-11-27 15:30:00,0.005593333333333333,0.007009166666666666
2024-11-27 16:00:00,0.018746666666666665,0.023433333333333334
2024-11-27 16:30:00,0.059048333333333335,0.07381041666666667
2024-11-27 17:00:00,0.09890333333333333,0.12362916666666666
2024-11-27 17:30:00,0.09927666666666667,0.12409583333333334
2024-11-27 18:00:00,0.11983666666666666,0.14979583333333335
2024-11-27 18:30:00,0.12711333333333333,0.15889166666666668
2024-11-27 19:00:00,0.15501666666666666,0.19377083333333334
2024-11-27 19:30:00,0.162955,0.20369375
2024-11-27 20:00:00,0.12905666666666668,0.16132083333333333
2024-11-27 20:30:00,0.1195,0.149375
2024-11-27 21:00:00,0.11801333333333335,0.14751666666666666
2024-11-27 21:30:00,0.11538333333333334,0.14422916666666666
2024-11-27 22:00:00,0.113755,0.14219374999999998
2024-11-27 22:30:00,0.11248333333333334,0.14060416666666667
2024-11-27 23:00:00,0.11861,0.1482625
2024-11-27 23:30:00,0.11161333333333334,0.13951666666666665
2024-11-28 00:00:00,0.11573666666666667,0.0868025
2024-11-28 00:30:00,0.11711333333333333,0.087835
2024-11-28 01:00:00,0.11312333333333334,0.0848425
2024-11-28 01:30:00,0.09345666666666667,0.0700925
2024-11-28 02:00:00,0.087415,0.06556125
2024-11-28 02:30:00,0.09659,0.0724425
2024-11-28 03:00:00,0.099365,0.07452375
2024-11-28 03:30:00,0.108115,0.08108625
2024-11-28 04:00:00,0.11818666666666666,0.08864
2024-11-28 04:30:00,0.1195,0.089625
2024-11-28 05:00:00,0.13061666666666666,0.0979625
2024-11-28 05:30:00,0.12965000000000002,0.09723749999999999
2024-11-28 06:00:00,0.12742833333333334,0.09557125
2024-11-28 06:30:00,0.12082666666666665,0.09061999999999999
2024-11-28 07:00:00,0.11750166666666667,0.08812625
2024-11-28 07:30:00,0.10563166666666667,0.07922375
2024-11-28 08:00:00,0.019620000000000002,0.013762499999999999
2024-11-28 08:30:00,-0.007756666666666666,-0.007869166666666667
2024-11-28 09:00:00,-0.017566666666666664,-0.01779625
2024-11-28 09:30:00,-0.026803333333333332,-0.026803333333333332
2024-11-28 10:00:00,-0.024678333333333333,-0.024678333333333333
2024-11-28 10:30:00,-0.031643333333333336,-0.031643333333333336
2024-11-28 11:00:00,-0.03780833333333333,-0.03780833333333333
2024-11-28 11:30:00,-0.038,-0.038
2024-11-28 12:00:00,-0.038,-0.038
2024-11-28 12:30:00,-0.04682333333333333,-0.04682333333333333
2024-11-28 13:00:00,-0.03916666666666666,-0.03916666666666666
2024-11-28 13:30:00,-0.03916666666666666,-0.03916666666666666
2024-11-28 14:00:00,-0.01767,-0.017669166666666666
2024-11-28 14:30:00,-0.02582833333333333,-0.02572375
2024-11-28 15:00:00,-0.03510166666666666,-0.03510166666666666
2024-11-28 15:30:00,-0.008638333333333333,-0.007422916666666665
2024-11-28 16:00:00,0.009986666666666666,0.012691666666666665
2024-11-28 16:30:00,0.023905,0.029881249999999998
2024-11-28 17:00:00,0.027361666666666663,0.034202083333333334
2024-11-28 17:30:00,0.06363166666666666,0.07953958333333334
2024-11-28 18:00:00,0.131375,0.16421875
2024-11-28 18:30:00,0.134765,0.16845624999999997
2024-11-28 19:00:00,0.15334166666666668,0.19167708333333333
2024-11-28 19:30:00,0.13047833333333334,0.16309791666666668
2024-11-28 20:00:00,0.1195,0.149375
2024-11-28 20:30:00,0.11821166666666666,0.14776458333333334
2024-11-28 21:00:00,0.11795499999999999,0.14744375
2024-11-28 21:30:00,0.11489833333333332,0.14362291666666668
2024-11-28 22:00:00,0.11716833333333333,0.14646041666666668
2024-11-28 22:30:00,0.11642666666666666,0.14553333333333332
2024-11-28 23:00:00,0.11854999999999999,0.1481875
2024-11-28 23:30:00,0.11580166666666665,0.14475208333333334
2024-11-29 00:00:00,0.11563333333333332,0.086725
2024-11-29 00:30:00,0.11512166666666666,0.08634125
2024-11-29 01:00:00,0.10970833333333334,0.08228125
2024-11-29 01:30:00,0.10943000000000001,0.0820725
2024-11-29 02:00:00,0.115265,0.08644875
2024-11-29 02:30:00,0.11561500000000001,0.08671125
2024-11-29 03:00:00,0.11335333333333335,0.08501500000000001
2024-11-29 03:30:00,0.10979500000000002,0.08234625
2024-11-29 04:00:00,0.11492833333333334,0.08619624999999999
2024-11-29 04:30:00,0.11956666666666667,0.08967499999999999
2024-11-29 05:00:00,0.13081833333333334,0.09811375
2024-11-29 05:30:00,0.123475,0.09260625
2024-11-29 06:00:00,0.11375333333333333,0.08531499999999999
2024-11-29 06:30:00,0.10563499999999999,0.07922625
2024-11-29 07:00:00,0.06364333333333333,0.04773249999999999
2024-11-29 07:30:00,0.030333333333333334,0.022750000000000003
2024-11-29 08:00:00,0.0007616666666666657,-0.0016145833333333342
2024-11-29 08:30:00,-0.018855,-0.01922375
2024-11-29 09:00:00,-0.016075000000000002,-0.016075000000000002
2024-11-29 09:30:00,-0.023243333333333335,-0.023243333333333335
2024-11-29 10:00:00,-0.019961666666666666,-0.019961666666666666
2024-11-29 10:30:00,-0.03529,-0.03529
2024-11-29 11:00:00,-0.018815000000000002,-0.018815000000000002
2024-11-29 11:30:00,-0.029526666666666663,-0.02997125
2024-11-29 12:00:00,-0.0692,-0.0692
2024-11-29 12:30:00,-0.05187166666666667,-0.05187166666666667
2024-11-29 13:00:00,-0.0256,-0.0256
2024-11-29 13:30:00,-0.009695,-0.008836250000000002
2024-11-29 14:00:00,-0.02253166666666667,-0.02253166666666667
2024-11-29 14:30:00,0.010263333333333333,0.013580416666666666
2024-11-29 15:00:00,-0.007771666666666667,-0.005470833333333334
2024-11-29 15:30:00,0.05139166666666667,0.064785
2024-11-29 16:00:00,0.07796333333333333,0.09745416666666666
2024-11-29 16:30:00,0.12270666666666667,0.15338333333333334
2024-11-29 17:00:00,0.119075,0.14884375
2024-11-29 17:30:00,0.151915,0.18989375
2024-11-29 18:00:00,0.15780333333333332,0.19725416666666665
2024-11-29 18:30:00,0.22750833333333334,0.28438541666666667
2024-11-29 19:00:00,0.2206233333333333,0.2757791666666667
2024-11-29 19:30:00,0.20146333333333333,0.25182916666666666
2024-11-29 20:00:00,0.154535,0.19316875
2024-11-29 20:30:00,0.13480833333333334,0.16851041666666666
2024-11-29 21:00:00,0.14043166666666665,0.17553958333333333
2024-11-29 21:30:00,0.13433166666666665,0.16791458333333334
2024-11-29 22:00:00,0.15352333333333332,0.19190416666666668
2024-11-29 22:30:00,0.15607166666666666,0.19508958333333334
2024-11-29 23:00:00,0.165305,0.20663125000000002
2024-11-29 23:30:00,0.13968666666666665,0.17460833333333334
2024-11-30 00:00:00,0.13575333333333334,0.101815
2024-11-30 00:30:00,0.136375,0.10228124999999999
2024-11-30 01:00:00,0.14688166666666666,0.11016125
2024-11-30 01:30:00,0.13909166666666667,0.10431875
2024-11-30 02:00:00,0.13634,0.102255
2024-11-30 02:30:00,0.14391833333333334,0.10793875000000001
2024-11-30 03:00:00,0.13738,0.103035
2024-11-30 03:30:00,0.13535,0.1015125
2024-11-30 04:00:00,0.13566,0.10174500000000002
2024-11-30 04:30:00,0.12683833333333333,0.09512875
2024-11-30 05:00:00,0.12060166666666666,0.09045125
2024-11-30 05:30:00,0.04883833333333334,0.036628749999999995
2024-11-30 06:00:00,0.010233333333333334,0.007371666666666666
2024-11-30 06:30:00,-0.024131666666666666,-0.02450416666666667
2024-11-30 07:00:00,-0.03297666666666666,-0.03297666666666666
2024-11-30 07:30:00,-0.01599,-0.016339583333333334
2024-11-30 08:00:00,-0.020989999999999998,-0.021374166666666666
2024-11-30 08:30:00,-0.052969999999999996,-0.052969999999999996
2024-11-30 09:00:00,-0.059205,-0.059205
2024-11-30 09:30:00,-0.06162,-0.06162
2024-11-30 10:00:00,-0.06996000000000001,-0.06996000000000001
2024-11-30 10:30:00,-0.059129999999999995,-0.059129999999999995
2024-11-30 11:00:00,-0.059596666666666666,-0.059596666666666666
2024-11-30 11:30:00,-0.055736666666666664,-0.055736666666666664
2024-11-30 12:00:00,-0.049425,-0.049425
2024-11-30 12:30:00,-0.03566333333333333,-0.03566333333333333
2024-11-30 13:00:00,-0.012618333333333334,-0.0122325
2024-11-30 13:30:00,0.0040349999999999995,0.0051445833333333335
2024-11-30 14:00:00,-0.0028149999999999994,-0.0012149999999999997
2024-11-30 14:30:00,0.025651666666666666,0.032064583333333334
2024-11-30 15:00:00,0.050065000000000005,0.06258124999999999
2024-11-30 15:30:00,0.10364166666666667,0.12955208333333332
2024-11-30 16:00:00,0.103435,0.12929375
2024-11-30 16:30:00,0.15823833333333334,0.19779791666666666
2024-11-30 17:00:00,0.157695,0.19711875
2024-11-30 17:30:00,0.16633666666666666,0.20792083333333333
2024-11-30 18:00:00,0.240995,0.30124375
2024-11-30 18:30:00,0.252585,0.31573125
2024-11-30 19:00:00,0.20714333333333335,0.25892916666666665
2024-11-30 19:30:00,0.16341333333333333,0.20426666666666668
2024-11-30 20:00:00,0.15340333333333334,0.19175416666666667
2024-11-30 20:30:00,0.14671166666666666,0.18338958333333333
2024-11-30 21:00:00,0.14393,0.1799125
2024-11-30 21:30:00,0.143255,0.17906875
2024-11-30 22:00:00,0.14968833333333334,0.1871104166666667
2024-11-30 22:30:00,0.14874,0.185925
2024-11-30 23:00:00,0.14459666666666668,0.18074583333333336
2024-11-30 23:30:00,0.14006666666666667,0.17508333333333334
2024-12-01 00:00:00,0.13265833333333332,0.09949374999999999
2024-12-01 00:30:00,0.12956333333333334,0.0971725
2024-12-01 01:00:00,0.12815166666666666,0.09611375
2024-12-01 01:30:00,0.12318,0.092385
2024-12-01 02:00:00,0.11570166666666666,0.08677625
2024-12-01 02:30:00,0.09782833333333334,0.07337125
2024-12-01 03:00:00,0.08750166666666666,0.06562625
2024-12-01 03:30:00,0.05888000000000001,0.04416
2024-12-01 04:00:00,0.01915,0.0143625
2024-12-01 04:30:00,0.00914,0.006855
2024-12-01 05:00:00,0.009811666666666666,0.00735875
2024-12-01 05:30:00,-0.0054533333333333335,-0.00617625
2024-12-01 06:00:00,-0.04094333333333333,-0.04094333333333333
2024-12-01 06:30:00,-0.052994999999999994,-0.052994999999999994
2024-12-01 07:00:00,-0.054755,-0.054755
2024-12-01 07:30:00,-0.055806666666666664,-0.055806666666666664
2024-12-01 08:00:00,-0.056850000000000005,-0.056850000000000005
2024-12-01 08:30:00,-0.056395,-0.056395
2024-12-01 09:00:00,-0.055535,-0.055535
2024-12-01 09:30:00,-0.055705,-0.055705
2024-12-01 10:00:00,-0.05558166666666667,-0.05558166666666667
2024-12-01 10:30:00,-0.05582499999999999,-0.05582499999999999
2024-12-01 11:00:00,-0.05514,-0.05514
2024-12-01 11:30:00,-0.05612,-0.05612
2024-12-01 12:00:00,-0.06150833333333333,-0.06150833333333333
2024-12-01 12:30:00,-0.054663333333333335,-0.054663333333333335
2024-12-01 13:00:00,-0.03694666666666666,-0.03694666666666666
2024-12-01 13:30:00,0.0069883333333333325,0.010922500000000002
2024-12-01 14:00:00,0.006796666666666666,0.01008
2024-12-01 14:30:00,0.06505333333333334,0.08131666666666666
2024-12-01 15:00:00,0.07365833333333334,0.09207291666666667
2024-12-01 15:30:00,0.13071833333333335,0.16339791666666667
2024-12-01 16:00:00,0.11065333333333333,0.13831666666666667
2024-12-01 16:30:00,0.12201666666666666,0.15252083333333333
2024-12-01 17:00:00,0.157735,0.19716875
2024-12-01 17:30:00,0.16568333333333332,0.20710416666666667
2024-12-01 18:00:00,0.24410833333333334,0.30513541666666666
2024-12-01 18:30:00,0.2105516666666667,0.2631895833333333
2024-12-01 19:00:00,0.20199833333333336,0.2524979166666667
2024-12-01 19:30:00,0.203385,0.25423124999999996
2024-12-01 20:00:00,0.150645,0.18830625
2024-12-01 20:30:00,0.14011666666666667,0.17514583333333333
2024-12-01 21:00:00,0.12022499999999998,0.15028125
2024-12-01 21:30:00,0.114465,0.14308125
2024-12-01 22:00:00,0.11413166666666667,0.14266458333333334
2024-12-01 22:30:00,0.11574,0.144675
2024-12-01 23:00:00,0.119155,0.14894375
2024-12-01 23:30:00,0.123215,0.15401875
2024-12-02 00:00:00,0.11608333333333333,0.0870625
2024-12-02 00:30:00,0.08714,0.065355
2024-12-02 01:00:00,0.10070833333333333,0.07553125000000001
2024-12-02 01:30:00,0.08066833333333333,0.06050125
2024-12-02 02:00:00,0.06297166666666666,0.04722874999999999
2024-12-02 02:30:00,0.02684,0.02013
2024-12-02 03:00:00,0.02045,0.015337499999999999
2024-12-02 03:30:00,0.019180000000000003,0.014385
2024-12-02 04:00:00,0.01916,0.01437
2024-12-02 04:30:00,0.01512,0.011340000000000001
2024-12-02 05:00:00,0.025743333333333337,0.019307500000000002
2024-12-02 05:30:00,0.014461666666666666,0.01084625
2024-12-02 06:00:00,0.009396666666666666,0.007045833333333334
2024-12-02 06:30:00,-0.00837,-0.008371666666666668
2024-12-02 07:00:00,0.0005266666666666666,0.0003058333333333333
2024-12-02 07:30:00,-0.006585,-0.008687916666666665
2024-12-02 08:00:00,-0.02284833333333333,-0.02284833333333333
2024-12-02 08:30:00,-0.022165,-0.022165
2024-12-02 09:00:00,-0.010098333333333332,-0.0116975
2024-12-02 09:30:00,-0.018765,-0.019282499999999998
2024-12-02 10:00:00,-0.043471666666666665,-0.043471666666666665
2024-12-02 10:30:00,-0.05789166666666667,-0.05789166666666667
2024-12-02 11:00:00,-0.05180333333333333,-0.05180333333333333
2024-12-02 11:30:00,-0.05721166666666666,-0.05721166666666666
2024-12-02 12:00:00,-0.050235,-0.050235
2024-12-02 12:30:00,-0.04094333333333333,-0.04094333333333333
2024-12-02 13:00:00,-0.04214166666666667,-0.04214166666666667
2024-12-02 13:30:00,-0.04318166666666667,-0.04318166666666667
2024-12-02 14:00:00,-0.05265333333333333,-0.05265333333333333
2024-12-02 14:30:00,-0.19909999999999997,-0.19909999999999997
2024-12-02 15:00:00,-0.063685,-0.063685
2024-12-02 15:30:00,-0.04185166666666667,-0.04185083333333333
2024-12-02 16:00:00,-0.0054533333333333335,-0.0047075
2024-12-02 16:30:00,-0.017861666666666665,-0.01733125
2024-12-02 17:00:00,-0.056795000000000005,-0.056795000000000005
2024-12-02 17:30:00,-0.04420833333333333,-0.04420833333333333
2024-12-02 18:00:00,-0.018986666666666666,-0.018983333333333335
2024-12-02 18:30:00,0.06869166666666666,0.08586458333333331
2024-12-02 19:00:00,0.15035833333333334,0.18794791666666666
2024-12-02 19:30:00,0.145575,0.18196875
2024-12-02 20:00:00,0.11700833333333333,0.14626041666666667
2024-12-02 20:30:00,0.114865,0.14358125
2024-12-02 21:00:00,0.11114833333333334,0.13893541666666667
2024-12-02 21:30:00,0.11383166666666666,0.14228958333333333
2024-12-02 22:00:00,0.11852166666666665,0.14815208333333332
2024-12-02 22:30:00,0.12767499999999998,0.15959375
2024-12-02 23:00:00,0.14808666666666667,0.18510833333333335
2024-12-02 23:30:00,0.15862666666666667,0.19828333333333334
2024-12-03 00:00:00,0.16985833333333333,0.12739375
2024-12-03 00:30:00,0.14040166666666667,0.10530125000000001
2024-12-03 01:00:00,0.13407166666666667,0.10055375
2024-12-03 01:30:00,0.11391333333333332,0.085435
2024-12-03 02:00:00,0.11058666666666667,0.08294
2024-12-03 02:30:00,0.11368833333333334,0.08526625
2024-12-03 03:00:00,0.11335166666666667,0.08501375
2024-12-03 03:30:00,0.11758833333333334,0.08819125
2024-12-03 04:00:00,0.14158833333333334,0.10619125
2024-12-03 04:30:00,0.13356166666666666,0.10017125
2024-12-03 05:00:00,0.14024333333333333,0.1051825
2024-12-03 05:30:00,0.12007666666666666,0.0900575
2024-12-03 06:00:00,0.07997,0.059977499999999996
2024-12-03 06:30:00,0.04605499999999999,0.03454125
2024-12-03 07:00:00,0.029861666666666665,0.022299166666666665
2024-12-03 07:30:00,0.005223333333333334,0.0017675
2024-12-03 08:00:00,-0.0011683333333333337,-0.0036537500000000003
2024-12-03 08:30:00,-0.03145,-0.032480833333333334
2024-12-03 09:00:00,-0.016771666666666667,-0.017495416666666666
2024-12-03 09:30:00,0.01987,0.0149025
2024-12-03 10:00:00,0.021889999999999996,0.0164175
2024-12-03 10:30:00,0.09769666666666667,0.0732725
2024-12-03 11:00:00,0.043048333333333334,0.032286249999999996
2024-12-03 11:30:00,0.04992333333333334,0.0374425
2024-12-03 12:00:00,0.016383333333333333,0.016383333333333333
2024-12-03 12:30:00,0.04519833333333334,0.04519833333333334
2024-12-03 13:00:00,0.03426666666666667,0.042833333333333334
2024-12-03 13:30:00,0.07199499999999999,0.08999375
2024-12-03 14:00:00,0.046968333333333334,0.058710416666666675
2024-12-03 14:30:00,0.05352666666666667,0.06690833333333333
2024-12-03 15:00:00,0.06955333333333333,0.08694166666666665
2024-12-03 15:30:00,0.03196,0.03995
2024-12-03 16:00:00,0.09097333333333334,0.11371666666666667
2024-12-03 16:30:00,0.12699666666666667,0.15874583333333334
2024-12-03 17:00:00,0.13047,0.1630875
2024-12-03 17:30:00,0.14883166666666667,0.18603958333333334
2024-12-03 18:00:00,0.15979166666666667,0.19973958333333333
2024-12-03 18:30:00,0.22301333333333337,0.27876666666666666
2024-12-03 19:00:00,0.1848766666666667,0.23109583333333336
2024-12-03 19:30:00,0.16390166666666667,0.20487708333333332
2024-12-03 20:00:00,0.133,0.16625
2024-12-03 20:30:00,0.11742999999999999,0.1467875
2024-12-03 21:00:00,0.130385,0.16298125
2024-12-03 21:30:00,0.15612166666666666,0.19515208333333334
2024-12-03 22:00:00,0.14743666666666666,0.18429583333333333
2024-12-03 22:30:00,0.15427833333333332,0.19284791666666667
2024-12-03 23:00:00,0.161905,0.20238124999999998
2024-12-03 23:30:00,0.15651,0.19563750000000002
2024-12-04 00:00:00,0.14847833333333332,0.11135875
2024-12-04 00:30:00,0.14827666666666667,0.1112075
2024-12-04 01:00:00,0.142515,0.10688625
2024-12-04 01:30:00,0.13903166666666666,0.10427375
2024-12-04 02:00:00,0.14701833333333333,0.11026375
2024-12-04 02:30:00,0.14115,0.10586250000000001
2024-12-04 03:00:00,0.126405,0.09480375
2024-12-04 03:30:00,0.12065666666666668,0.09049249999999999
2024-12-04 04:00:00,0.13163333333333335,0.09872500000000001
2024-12-04 04:30:00,0.12481500000000001,0.09361125
2024-12-04 05:00:00,0.14180166666666666,0.10635125000000001
2024-12-04 05:30:00,0.09943999999999999,0.07458
2024-12-04 06:00:00,0.12457166666666668,0.09342875
2024-12-04 06:30:00,0.12542166666666668,0.09406625
2024-12-04 07:00:00,0.05921666666666667,0.0444125
2024-12-04 07:30:00,0.05717833333333333,0.04288375
2024-12-04 08:00:00,0.019588333333333333,0.014691250000000001
2024-12-04 08:30:00,-0.003133333333333334,-0.0047195833333333334
2024-12-04 09:00:00,-0.01961,-0.019610833333333334
2024-12-04 09:30:00,-0.0027050000000000004,-0.00288125
2024-12-04 10:00:00,-0.009976666666666667,-0.009979166666666666
2024-12-04 10:30:00,-0.012491666666666667,-0.012494166666666667
2024-12-04 11:00:00,-0.012695,-0.013284166666666666
2024-12-04 11:30:00,-0.022430000000000002,-0.022430000000000002
2024-12-04 12:00:00,-0.02603833333333333,-0.02603833333333333
2024-12-04 12:30:00,-0.038,-0.038
2024-12-04 13:00:00,-0.04212,-0.04212
2024-12-04 13:30:00,-0.03916666666666666,-0.03916666666666666
2024-12-04 14:00:00,-0.03916666666666666,-0.03916666666666666
2024-12-04 14:30:00,-0.038,-0.038
2024-12-04 15:00:00,-0.0425,-0.0425
2024-12-04 15:30:00,-0.03916666666666666,-0.03916666666666666
2024-12-04 16:00:00,-0.03159,-0.03158916666666666
2024-12-04 16:30:00,-0.03498333333333333,-0.03498333333333333
2024-12-04 17:00:00,-0.039766666666666665,-0.039766666666666665
2024-12-04 17:30:00,-0.051285,-0.051285
2024-12-04 18:00:00,-0.05447666666666667,-0.05447666666666667
2024-12-04 18:30:00,-0.04820166666666667,-0.04820166666666667
2024-12-04 19:00:00,-0.004193333333333333,-0.003658333333333333
2024-12-04 19:30:00,0.018993333333333334,0.023741666666666664
2024-12-04 20:00:00,0.009585,0.01198125
2024-12-04 20:30:00,0.013381666666666667,0.0167925
2024-12-04 21:00:00,0.01916,0.02395
2024-12-04 21:30:00,0.018271666666666665,0.022839583333333333
2024-12-04 22:00:00,0.01914,0.023925000000000002
2024-12-04 22:30:00,0.01849333333333333,0.023116666666666664
2024-12-04 23:00:00,0.019129999999999998,0.0239125
2024-12-04 23:30:00,0.024921666666666665,0.031152083333333334
2024-12-05 00:00:00,0.014141666666666669,0.01060625
2024-12-05 00:30:00,0.017441666666666664,0.01308125
2024-12-05 01:00:00,0.015551666666666665,0.01166375
2024-12-05 01:30:00,0.00907,0.0068025
2024-12-05 02:00:00,0.012079999999999999,0.00906
2024-12-05 02:30:00,0.015466666666666665,0.011600000000000001
2024-12-05 03:00:00,0.009113333333333333,0.006835000000000001
2024-12-05 03:30:00,0.012476666666666665,0.0093575
2024-12-05 04:00:00,0.05657,0.0424275
2024-12-05 04:30:00,0.07356666666666667,0.055175
2024-12-05 05:00:00,0.09791333333333334,0.07343500000000001
2024-12-05 05:30:00,0.09149333333333333,0.06862
2024-12-05 06:00:00,0.033008333333333334,0.024756249999999997
2024-12-05 06:30:00,-0.007408333333333333,-0.008655833333333333
2024-12-05 07:00:00,-0.03604333333333334,-0.03604333333333334
2024-12-05 07:30:00,-0.05385,-0.05385
2024-12-05 08:00:00,-0.065475,-0.065475
2024-12-05 08:30:00,-0.066245,-0.066245
2024-12-05 09:00:00,-0.06620166666666667,-0.06620166666666667
2024-12-05 09:30:00,-0.07499166666666666,-0.07499166666666666
2024-12-05 10:00:00,-0.07688833333333334,-0.07688833333333334
2024-12-05 10:30:00,-0.08289,-0.08289
2024-12-05 11:00:00,-0.07936666666666665,-0.07936666666666665
2024-12-05 11:30:00,-0.09339166666666666,-0.09339166666666666
2024-12-05 12:00:00,-0.09667666666666667,-0.09667666666666667
2024-12-05 12:30:00,-0.09085666666666666,-0.09085666666666666
2024-12-05 13:00:00,-0.07713166666666667,-0.07713166666666667
2024-12-05 13:30:00,-0.06430999999999999,-0.06430999999999999
2024-12-05 14:00:00,-0.061733333333333335,-0.061733333333333335
2024-12-05 14:30:00,-0.062325,-0.062325
2024-12-05 15:00:00,-0.06612666666666667,-0.06612666666666667
2024-12-05 15:30:00,-0.05678833333333333,-0.05678833333333333
2024-12-05 16:00:00,-0.037219999999999996,-0.037219999999999996
2024-12-05 16:30:00,0.0010033333333333337,0.002461250000000001
2024-12-05 17:00:00,0.009814999999999999,0.0124525
2024-12-05 17:30:00,0.017855,0.022318750000000002
2024-12-05 18:00:00,0.07037,0.0879625
2024-12-05 18:30:00,0.11392666666666666,0.14240833333333333
2024-12-05 19:00:00,0.13965333333333332,0.17456666666666668
2024-12-05 19:30:00,0.14001666666666668,0.17502083333333332
2024-12-05 20:00:00,0.11222666666666666,0.14028333333333334
2024-12-05 20:30:00,0.11000666666666668,0.13750833333333332
2024-12-05 21:00:00,0.09645999999999999,0.120575
2024-12-05 21:30:00,0.09271833333333335,0.11589791666666667
2024-12-05 22:00:00,0.08850833333333334,0.11063541666666667
2024-12-05 22:30:00,0.08542000000000001,0.10677500000000001
2024-12-05 23:00:00,0.11763833333333333,0.14704791666666667
2024-12-05 23:30:00,0.10863166666666667,0.13578958333333332
2024-12-06 00:00:00,0.103005,0.07725375
2024-12-06 00:30:00,0.097345,0.07300875
2024-12-06 01:00:00,0.07828,0.058710000000000005
2024-12-06 01:30:00,0.037546666666666666,0.02816
2024-12-06 02:00:00,0.09366333333333332,0.0702475
2024-12-06 02:30:00,0.09330666666666666,0.06998
2024-12-06 03:00:00,0.092005,0.06900375
2024-12-06 03:30:00,0.08992,0.06744
2024-12-06 04:00:00,0.08886666666666666,0.06665
2024-12-06 04:30:00,0.07564166666666668,0.05673124999999999
2024-12-06 05:00:00,0.12155666666666666,0.0911675
2024-12-06 05:30:00,0.09120166666666667,0.06840125000000001
2024-12-06 06:00:00,0.07885166666666667,0.05913874999999999
2024-12-06 06:30:00,0.06597166666666666,0.049478749999999995
2024-12-06 07:00:00,0.08071833333333334,0.060538749999999995
2024-12-06 07:30:00,0.09003499999999999,0.06752625
2024-12-06 08:00:00,0.06696666666666666,0.050225
2024-12-06 08:30:00,0.008585,0.005605416666666667
2024-12-06 09:00:00,-0.02599333333333333,-0.025995
2024-12-06 09:30:00,-0.021308333333333332,-0.021680833333333333
2024-12-06 10:00:00,0.002303333333333333,0.0008941666666666664
2024-12-06 10:30:00,-0.02084,-0.02084
2024-12-06 11:00:00,-0.019765,-0.020072916666666666
2024-12-06 11:30:00,-0.027566666666666666,-0.027566666666666666
2024-12-06 12:00:00,-0.047231666666666665,-0.047231666666666665
2024-12-06 12:30:00,-0.05694833333333333,-0.05694833333333333
2024-12-06 13:00:00,-0.055268333333333336,-0.055268333333333336
2024-12-06 13:30:00,-0.05921333333333333,-0.05921333333333333
2024-12-06 14:00:00,-0.05241833333333334,-0.05241833333333334
2024-12-06 14:30:00,-0.041845,-0.041845
2024-12-06 15:00:00,-0.005783333333333334,-0.005465416666666667
2024-12-06 15:30:00,0.007598333333333333,0.00960375
2024-12-06 16:00:00,0.006350000000000001,0.008648333333333333
2024-12-06 16:30:00,0.011133333333333334,0.013916666666666667
2024-12-06 17:00:00,0.007448333333333334,0.00980625
2024-12-06 17:30:00,0.05667333333333333,0.07084166666666666
2024-12-06 18:00:00,0.12221333333333334,0.15276666666666666
2024-12-06 18:30:00,0.17285666666666666,0.21607083333333332
2024-12-06 19:00:00,0.13917000000000002,0.1739625
2024-12-06 19:30:00,0.13451000000000002,0.16813749999999997
2024-12-06 20:00:00,0.117995,0.14749375
2024-12-06 20:30:00,0.09979500000000001,0.12474375
2024-12-06 21:00:00,0.09772166666666667,0.12215208333333333
2024-12-06 21:30:00,0.09196166666666666,0.11495208333333333
2024-12-06 22:00:00,0.09201,0.1150125
2024-12-06 22:30:00,0.07279666666666666,0.09099583333333333
2024-12-06 23:00:00,0.09863833333333333,0.12329791666666667
2024-12-06 23:30:00,0.084215,0.10526875000000001
2024-12-07 00:00:00,0.06426,0.048194999999999995
2024-12-07 00:30:00,0.03798833333333333,0.02849125
2024-12-07 01:00:00,0.05541666666666667,0.041562499999999995
2024-12-07 01:30:00,0.038693333333333337,0.02902
2024-12-07 02:00:00,0.03886,0.029145
2024-12-07 02:30:00,0.06510833333333334,0.04883125
2024-12-07 03:00:00,0.08854000000000001,0.066405
2024-12-07 03:30:00,0.09219166666666667,0.06914375
2024-12-07 04:00:00,0.07088666666666667,0.053165
2024-12-07 04:30:00,0.082175,0.06163125
2024-12-07 05:00:00,0.055086666666666666,0.041315
2024-12-07 05:30:00,0.048105,0.03607875
2024-12-07 06:00:00,0.020038333333333335,0.01502875
2024-12-07 06:30:00,0.00899,0.0066500000000000005
2024-12-07 07:00:00,-0.0051666666666666675,-0.005541666666666667
2024-12-07 07:30:00,-0.041986666666666665,-0.041986666666666665
2024-12-07 08:00:00,-0.022311666666666664,-0.022311666666666664
2024-12-07 08:30:00,-0.036495,-0.036495
2024-12-07 09:00:00,-0.03205,-0.03205
2024-12-07 09:30:00,-0.046966666666666664,-0.046966666666666664
2024-12-07 10:00:00,-0.044035,-0.044035
2024-12-07 10:30:00,-0.042668333333333336,-0.042668333333333336
2024-12-07 11:00:00,-0.054945,-0.054945
2024-12-07 11:30:00,-0.063645,-0.063645
2024-12-07 12:00:00,-0.04944833333333334,-0.04944833333333334
2024-12-07 12:30:00,-0.05587999999999999,-0.05587999999999999
2024-12-07 13:00:00,-0.07251166666666667,-0.07251166666666667
2024-12-07 13:30:00,-0.07051,-0.07051
2024-12-07 14:00:00,-0.062165,-0.062165
2024-12-07 14:30:00,-0.039420000000000004,-0.039420000000000004
2024-12-07 15:00:00,-0.030971666666666665,-0.030971666666666665
2024-12-07 15:30:00,-0.006403333333333333,-0.004675416666666667
2024-12-07 16:00:00,0.007769999999999999,0.010092916666666667
2024-12-07 16:30:00,0.03339166666666667,0.04173958333333333
2024-12-07 17:00:00,0.07935833333333332,0.09919791666666666
2024-12-07 17:30:00,0.134195,0.16774375
2024-12-07 18:00:00,0.12807,0.16008750000000002
2024-12-07 18:30:00,0.13230333333333333,0.16537916666666666
2024-12-07 19:00:00,0.13536833333333334,0.16921041666666667
2024-12-07 19:30:00,0.11960166666666666,0.14950208333333334
2024-12-07 20:00:00,0.11255833333333333,0.14069791666666667
2024-12-07 20:30:00,0.10796833333333333,0.13496041666666667
2024-12-07 21:00:00,0.10868833333333333,0.13586041666666668
2024-12-07 21:30:00,0.10331333333333333,0.12914166666666668
2024-12-07 22:00:00,0.11467500000000001,0.14334375
2024-12-07 22:30:00,0.12871166666666667,0.16088958333333334
2024-12-07 23:00:00,0.13166833333333333,0.16458541666666668
2024-12-07 23:30:00,0.12719333333333335,0.15899166666666667
2024-12-08 00:00:00,0.10750666666666668,0.08063
2024-12-08 00:30:00,0.074405,0.05580374999999999
2024-12-08 01:00:00,0.065335,0.049001249999999996
2024-12-08 01:30:00,0.024228333333333334,0.01817125
2024-12-08 02:00:00,0.019280000000000002,0.01446
2024-12-08 02:30:00,0.01915,0.0143625
2024-12-08 03:00:00,0.017311666666666666,0.01298375
2024-12-08 03:30:00,0.00767,0.005752500000000001
2024-12-08 04:00:00,0.007388333333333333,0.00554125
2024-12-08 04:30:00,0.00895,0.0067125
2024-12-08 05:00:00,0.00894,0.006705
2024-12-08 05:30:00,0.0015066666666666666,0.0011300000000000001
2024-12-08 06:00:00,-0.005953333333333332,-0.006699166666666666
2024-12-08 06:30:00,-0.0049966666666666675,-0.005414166666666667
2024-12-08 07:00:00,-0.02420333333333333,-0.02420333333333333
2024-12-08 07:30:00,-0.03347,-0.03347
2024-12-08 08:00:00,-0.038,-0.038
2024-12-08 08:30:00,-0.05364,-0.05364
2024-12-08 09:00:00,-0.041585000000000004,-0.041585000000000004
2024-12-08 09:30:00,-0.05522,-0.05522
2024-12-08 10:00:00,-0.05681,-0.05681
2024-12-08 10:30:00,-0.073035,-0.073035
2024-12-08 11:00:00,-0.07227333333333334,-0.07227333333333334
2024-12-08 11:30:00,-0.07709666666666666,-0.07709666666666666
2024-12-08 12:00:00,-0.05747833333333333,-0.05747833333333333
2024-12-08 12:30:00,-0.054551666666666665,-0.054551666666666665
2024-12-08 13:00:00,-0.043394999999999996,-0.043394999999999996
2024-12-08 13:30:00,-0.04266,-0.04266
2024-12-08 14:00:00,-0.013878333333333333,-0.012235833333333335
2024-12-08 14:30:00,0.008953333333333334,0.014812916666666667
2024-12-08 15:00:00,0.10496666666666665,0.13120833333333334
2024-12-08 15:30:00,0.05184666666666667,0.06480833333333334
2024-12-08 16:00:00,0.034526666666666664,0.04315833333333333
2024-12-08 16:30:00,0.08140833333333333,0.10176041666666667
2024-12-08 17:00:00,0.10666833333333332,0.13333541666666668
2024-12-08 17:30:00,0.14934833333333333,0.18668541666666663
2024-12-08 18:00:00,0.127155,0.15894375
2024-12-08 18:30:00,0.125835,0.15729374999999998
2024-12-08 19:00:00,0.0823,0.10287500000000001
2024-12-08 19:30:00,0.11228500000000001,0.14035625
2024-12-08 20:00:00,0.09283000000000001,0.1160375
2024-12-08 20:30:00,0.11268833333333333,0.14086041666666668
2024-12-08 21:00:00,0.10567,0.1320875
2024-12-08 21:30:00,0.06693333333333333,0.08366666666666667
2024-12-08 22:00:00,0.11696000000000001,0.1462
2024-12-08 22:30:00,0.12575666666666666,0.15719583333333334
2024-12-08 23:00:00,0.08175333333333333,0.10219166666666667
2024-12-08 23:30:00,0.08303666666666666,0.10379583333333332
2024-12-09 00:00:00,0.08169166666666666,0.061268750000000004
2024-12-09 00:30:00,0.07388833333333333,0.05541625
2024-12-09 01:00:00,0.038314999999999995,0.02873625
2024-12-09 01:30:00,-0.00979,-0.010796666666666668
2024-12-09 02:00:00,-0.03519666666666667,-0.03519666666666667
2024-12-09 02:30:00,-0.038,-0.038
2024-12-09 03:00:00,-0.012796666666666665,-0.013597083333333334
2024-12-09 03:30:00,0.019129999999999998,0.014347500000000001
2024-12-09 04:00:00,0.016155,0.01211625
2024-12-09 04:30:00,0.02009666666666667,0.0150725
2024-12-09 05:00:00,0.01914,0.014355000000000001
2024-12-09 05:30:00,0.012346666666666666,0.00926
2024-12-09 06:00:00,0.00895,0.0067125
2024-12-09 06:30:00,0.001125,0.0005391666666666666
2024-12-09 07:00:00,0.0009316666666666667,0.0005566666666666667
2024-12-09 07:30:00,0.00124,0.0007133333333333333
2024-12-09 08:00:00,-0.03871666666666667,-0.03871666666666667
2024-12-09 08:30:00,-0.41192500000000004,-0.41192500000000004
2024-12-09 09:00:00,-0.23574333333333333,-0.23574333333333333
2024-12-09 09:30:00,-0.05972666666666667,-0.05972666666666667
2024-12-09 10:00:00,-0.051443333333333334,-0.051443333333333334
2024-12-09 10:30:00,-0.05825166666666667,-0.05825166666666667
2024-12-09 11:00:00,-0.05257,-0.05257
2024-12-09 11:30:00,-0.061496666666666665,-0.061496666666666665
2024-12-09 12:00:00,-0.060358333333333326,-0.060358333333333326
2024-12-09 12:30:00,-0.03187666666666667,-0.03187666666666667
2024-12-09 13:00:00,-0.04541666666666667,-0.04541666666666667
2024-12-09 13:30:00,-0.05884,-0.05884
2024-12-09 14:00:00,-0.057565,-0.057565
2024-12-09 14:30:00,-0.05800666666666667,-0.05800666666666667
2024-12-09 15:00:00,-0.056238333333333335,-0.056238333333333335
2024-12-09 15:30:00,-0.043886666666666664,-0.043886666666666664
2024-12-09 16:00:00,-0.040674999999999996,-0.040674999999999996
2024-12-09 16:30:00,-0.03328333333333333,-0.03328333333333333
2024-12-09 17:00:00,-0.030173333333333333,-0.029800833333333332
2024-12-09 17:30:00,-0.00488,-0.003708749999999999
2024-12-09 18:00:00,0.005295,0.0071625
2024-12-09 18:30:00,0.02687,0.03451166666666667
2024-12-09 19:00:00,0.04815,0.060187500000000005
2024-12-09 19:30:00,0.03297833333333333,0.041222916666666665
2024-12-09 20:00:00,0.055095000000000005,0.06886874999999999
2024-12-09 20:30:00,0.06131,0.0766375
2024-12-09 21:00:00,0.049278333333333334,0.06159791666666667
2024-12-09 21:30:00,0.02068,0.025849999999999998
2024-12-09 22:00:00,0.01901833333333333,0.023772916666666668
2024-12-09 22:30:00,0.014065,0.01758125
2024-12-09 23:00:00,0.023596666666666665,0.029495833333333332
2024-12-09 23:30:00,0.028361666666666663,0.035452083333333335
2024-12-10 00:00:00,0.014054999999999998,0.01054125
2024-12-10 00:30:00,0.008143333333333334,0.006107499999999999
2024-12-10 01:00:00,0.008118333333333333,0.00608875
2024-12-10 01:30:00,0.00894,0.006705
2024-12-10 02:00:00,0.00894,0.006705
2024-12-10 02:30:00,0.009036666666666667,0.0067775
2024-12-10 03:00:00,0.015306666666666665,0.011479999999999999
2024-12-10 03:30:00,0.019180000000000003,0.014385
2024-12-10 04:00:00,0.031845,0.02388375
2024-12-10 04:30:00,0.086785,0.06508875
2024-12-10 05:00:00,0.08763833333333333,0.06572875
2024-12-10 05:30:00,0.08625666666666666,0.0646925
2024-12-10 06:00:00,0.05636,0.04227
2024-12-10 06:30:00,0.029596666666666663,0.0221975
2024-12-10 07:00:00,-0.012623333333333334,-0.012623333333333334
2024-12-10 07:30:00,-0.022345,-0.022471249999999998
2024-12-10 08:00:00,-0.038,-0.038
2024-12-10 08:30:00,-0.049080000000000006,-0.049080000000000006
2024-12-10 09:00:00,-0.05935000000000001,-0.05935000000000001
2024-12-10 09:30:00,-0.05404833333333333,-0.05404833333333333
2024-12-10 10:00:00,-0.05800166666666667,-0.05800166666666667
2024-12-10 10:30:00,-0.049545000000000006,-0.049545000000000006
2024-12-10 11:00:00,-0.055895,-0.055895
2024-12-10 11:30:00,-0.05917,-0.05917
2024-12-10 12:00:00,-0.04262833333333333,-0.04262833333333333
2024-12-10 12:30:00,-0.030478333333333333,-0.030478333333333333
2024-12-10 13:00:00,-0.038,-0.038
2024-12-10 13:30:00,-0.0415,-0.0415
2024-12-10 14:00:00,-0.028534999999999994,-0.028534999999999994
2024-12-10 14:30:00,-0.029215,-0.029122916666666665
2024-12-10 15:00:00,-0.023596666666666665,-0.02244375
2024-12-10 15:30:00,-0.031315,-0.03057
2024-12-10 16:00:00,-0.038031666666666665,-0.038031666666666665
2024-12-10 16:30:00,-0.03392833333333333,-0.03355583333333333
2024-12-10 17:00:00,-0.01008,-0.008455416666666665
2024-12-10 17:30:00,0.00782,0.009962500000000001
2024-12-10 18:00:00,0.020436666666666665,0.025545833333333334
2024-12-10 18:30:00,0.03684166666666667,0.046052083333333334
2024-12-10 19:00:00,0.04161,0.052012499999999996
2024-12-10 19:30:00,0.03303333333333334,0.041291666666666664
2024-12-10 20:00:00,0.045625,0.05703125
2024-12-10 20:30:00,0.027283333333333337,0.034104166666666665
2024-12-10 21:00:00,0.021014999999999995,0.026268749999999997
2024-12-10 21:30:00,0.008933333333333333,0.011166666666666667
2024-12-10 22:00:00,0.006926666666666667,0.008658333333333334
2024-12-10 22:30:00,0.00894,0.011175
2024-12-10 23:00:00,0.009295,0.011618749999999999
2024-12-10 23:30:00,0.00895,0.011187500000000001
2024-12-11 00:00:00,0.00894,0.006705
2024-12-11 00:30:00,0.008275,0.00620625
2024-12-11 01:00:00,0.008048333333333333,0.00603625
2024-12-11 01:30:00,0.008308333333333333,0.00623125
2024-12-11 02:00:00,0.007506666666666666,0.00563
2024-12-11 02:30:00,0.0074333333333333335,0.005575
2024-12-11 03:00:00,0.008751666666666666,0.00656375
2024-12-11 03:30:00,0.008960000000000001,0.00672
2024-12-11 04:00:00,0.00795,0.0059625
2024-12-11 04:30:00,0.008333333333333333,0.0062499999999999995
2024-12-11 05:00:00,0.012405,0.00930375
2024-12-11 05:30:00,0.051565,0.03867375
2024-12-11 06:00:00,0.024109999999999996,0.018082499999999998
2024-12-11 06:30:00,-0.0030466666666666663,-0.0043662499999999995
2024-12-11 07:00:00,-0.007165,-0.007829999999999998
2024-12-11 07:30:00,-0.03204833333333334,-0.03204833333333334
2024-12-11 08:00:00,-0.032055,-0.032055
2024-12-11 08:30:00,-0.038,-0.038
2024-12-11 09:00:00,-0.040828333333333335,-0.040828333333333335
2024-12-11 09:30:00,-0.06214833333333333,-0.06214833333333333
2024-12-11 10:00:00,-0.058565,-0.058565
2024-12-11 10:30:00,-0.05887166666666666,-0.05887166666666666
2024-12-11 11:00:00,-0.06593666666666666,-0.06593666666666666
2024-12-11 11:30:00,-0.06910333333333334,-0.06910333333333334
2024-12-11 12:00:00,-0.060526666666666666,-0.060526666666666666
2024-12-11 12:30:00,-0.06886166666666667,-0.06886166666666667
2024-12-11 13:00:00,-0.071485,-0.071485
2024-12-11 13:30:00,-0.067325,-0.067325
2024-12-11 14:00:00,-0.06293333333333333,-0.06293333333333333
2024-12-11 14:30:00,-0.05417833333333333,-0.05417833333333333
2024-12-11 15:00:00,-0.05216833333333334,-0.05216833333333334
2024-12-11 15:30:00,-0.04033333333333333,-0.04033333333333333
2024-12-11 16:00:00,-0.049763333333333326,-0.049763333333333326
2024-12-11 16:30:00,-0.042396666666666666,-0.042396666666666666
2024-12-11 17:00:00,-0.02004833333333333,-0.0195375
2024-12-11 17:30:00,0.009786666666666667,0.012233333333333334
2024-12-11 18:00:00,0.01067,0.0133375
2024-12-11 18:30:00,0.009263333333333333,0.011579166666666666
2024-12-11 19:00:00,0.06890833333333334,0.08613541666666667
2024-12-11 19:30:00,0.09436499999999999,0.11795625
2024-12-11 20:00:00,0.09976999999999998,0.1247125
2024-12-11 20:30:00,0.09268,0.11585000000000001
2024-12-11 21:00:00,0.06582166666666667,0.08227708333333333
2024-12-11 21:30:00,0.023785,0.02973125
2024-12-11 22:00:00,0.007453333333333333,0.009316666666666668
2024-12-11 22:30:00,0.00891,0.0111375
2024-12-11 23:00:00,0.00897,0.0112125
2024-12-11 23:30:00,0.03372,0.04215
2024-12-12 00:00:00,0.019129999999999998,0.014347500000000001
2024-12-12 00:30:00,0.024075,0.01805625
2024-12-12 01:00:00,0.00895,0.0067125
2024-12-12 01:30:00,0.008575,0.0064312499999999995
2024-12-12 02:00:00,0.00815,0.0061125
2024-12-12 02:30:00,0.00815,0.0061125
2024-12-12 03:00:00,0.00789,0.0059175
2024-12-12 03:30:00,0.0089,0.006675
2024-12-12 04:00:00,0.00897,0.0067275
2024-12-12 04:30:00,0.014261666666666667,0.01069625
2024-12-12 05:00:00,0.071725,0.05379375
2024-12-12 05:30:00,0.07338666666666667,0.05504
2024-12-12 06:00:00,0.015165,0.011351666666666668
2024-12-12 06:30:00,0.0060016666666666664,0.003655833333333334
2024-12-12 07:00:00,-0.009256666666666668,-0.010396250000000001
2024-12-12 07:30:00,-0.02964,-0.02964
2024-12-12 08:00:00,-0.026891666666666664,-0.026891666666666664
2024-12-12 08:30:00,-0.035346666666666665,-0.035346666666666665
2024-12-12 09:00:00,-0.048245,-0.048245
2024-12-12 09:30:00,-0.05743499999999999,-0.05743499999999999
2024-12-12 10:00:00,-0.055128333333333335,-0.055128333333333335
2024-12-12 10:30:00,-0.05676666666666667,-0.05676666666666667
2024-12-12 11:00:00,-0.07045833333333333,-0.07045833333333333
2024-12-12 11:30:00,-0.06186,-0.06186
2024-12-12 12:00:00,-0.06789666666666666,-0.06789666666666666
2024-12-12 12:30:00,-0.06963333333333334,-0.06963333333333334
2024-12-12 13:00:00,-0.065845,-0.065845
2024-12-12 13:30:00,-0.061928333333333335,-0.061928333333333335
2024-12-12 14:00:00,-0.055279999999999996,-0.055279999999999996
2024-12-12 14:30:00,-0.058375,-0.058375
2024-12-12 15:00:00,-0.05536666666666667,-0.05536666666666667
2024-12-12 15:30:00,-0.05761,-0.05761
2024-12-12 16:00:00,-0.05761,-0.05761
2024-12-12 16:30:00,-0.04349833333333333,-0.04349833333333333
2024-12-12 17:00:00,-0.03780833333333333,-0.03780833333333333
2024-12-12 17:30:00,-0.011714999999999998,-0.010824166666666664
2024-12-12 18:00:00,0.011251666666666667,0.014064583333333333
2024-12-12 18:30:00,0.038155,0.04769375
2024-12-12 19:00:00,0.04088166666666667,0.05110208333333333
2024-12-12 19:30:00,0.03995833333333334,0.04994791666666667
2024-12-12 20:00:00,0.03199833333333333,0.03999791666666667
2024-12-12 20:30:00,0.029869999999999997,0.0373375
2024-12-12 21:00:00,0.02649,0.033112499999999996
2024-12-12 21:30:00,0.020376666666666668,0.02547083333333333
2024-12-12 22:00:00,0.018623333333333332,0.023279166666666667
2024-12-12 22:30:00,0.010668333333333333,0.013335416666666667
2024-12-12 23:00:00,0.025388333333333332,0.03173541666666666
2024-12-12 23:30:00,0.025413333333333333,0.03176666666666667
2024-12-13 00:00:00,0.025463333333333334,0.0190975
2024-12-13 00:30:00,0.022333333333333334,0.01675
2024-12-13 01:00:00,0.0255,0.019125
2024-12-13 01:30:00,0.025476666666666665,0.0191075
2024-12-13 02:00:00,0.024790000000000003,0.0185925
2024-12-13 02:30:00,0.022459999999999997,0.016845000000000002
2024-12-13 03:00:00,0.019331666666666667,0.01449875
2024-12-13 03:30:00,0.026608333333333335,0.01995625
2024-12-13 04:00:00,0.07913666666666667,0.0593525
2024-12-13 04:30:00,0.08270666666666666,0.06203
2024-12-13 05:00:00,0.12145833333333333,0.09109375000000001
2024-12-13 05:30:00,0.07785,0.0583875
2024-12-13 06:00:00,0.023423333333333334,0.0175675
2024-12-13 06:30:00,0.017455,0.01309125
2024-12-13 07:00:00,-0.01828166666666667,-0.01841625
2024-12-13 07:30:00,-0.011773333333333335,-0.01212
2024-12-13 08:00:00,-0.032639999999999995,-0.032639999999999995
2024-12-13 08:30:00,-0.040931666666666665,-0.040931666666666665
2024-12-13 09:00:00,-0.04466333333333333,-0.04466333333333333
2024-12-13 09:30:00,-0.04527,-0.04527
2024-12-13 10:00:00,-0.05867166666666667,-0.05867166666666667
2024-12-13 10:30:00,-0.056385,-0.056385
2024-12-13 11:00:00,-0.060225,-0.060225
2024-12-13 11:30:00,-0.06152166666666666,-0.06152166666666666
2024-12-13 12:00:00,-0.06549833333333334,-0.06549833333333334
2024-12-13 12:30:00,-0.06900166666666667,-0.06900166666666667
2024-12-13 13:00:00,-0.06948166666666666,-0.06948166666666666
2024-12-13 13:30:00,-0.06262166666666667,-0.06262166666666667
2024-12-13 14:00:00,-0.05966166666666667,-0.05966166666666667
2024-12-13 14:30:00,-0.052095,-0.052095
2024-12-13 15:00:00,-0.051719999999999995,-0.051719999999999995
2024-12-13 15:30:00,-0.03916666666666666,-0.03916666666666666
2024-12-13 16:00:00,-0.0425,-0.0425
2024-12-13 16:30:00,-0.04049833333333334,-0.04049833333333334
2024-12-13 17:00:00,-0.03928333333333333,-0.03928333333333333
2024-12-13 17:30:00,-0.025296666666666665,-0.024551666666666666
2024-12-13 18:00:00,-0.0032866666666666665,-0.0017966666666666658
2024-12-13 18:30:00,0.007483333333333332,0.010699166666666668
2024-12-13 19:00:00,0.017961666666666667,0.022452083333333334
2024-12-13 19:30:00,0.019821666666666665,0.024777083333333335
2024-12-13 20:00:00,0.025946666666666663,0.032433333333333335
2024-12-13 20:30:00,0.023226666666666663,0.02903333333333333
2024-12-13 21:00:00,0.01908333333333333,0.023854166666666666
2024-12-13 21:30:00,0.014133333333333333,0.017666666666666667
2024-12-13 22:00:00,0.007644999999999999,0.00955625
2024-12-13 22:30:00,0.00894,0.011175
2024-12-13 23:00:00,0.017588333333333334,0.02198541666666667
2024-12-13 23:30:00,0.019170000000000003,0.0239625
2024-12-14 00:00:00,0.017374999999999998,0.013031250000000001
2024-12-14 00:30:00,0.011925,0.00894375
2024-12-14 01:00:00,0.011245,0.00843375
2024-12-14 01:30:00,0.015054999999999999,0.011291250000000001
2024-12-14 02:00:00,0.018171666666666666,0.01362875
2024-12-14 02:30:00,0.017431666666666665,0.01307375
2024-12-14 03:00:00,0.01833,0.013747500000000001
2024-12-14 03:30:00,0.015918333333333333,0.01193875
2024-12-14 04:00:00,0.02610333333333333,0.019577499999999998
2024-12-14 04:30:00,0.025491666666666666,0.01911875
2024-12-14 05:00:00,0.030656666666666665,0.0229925
2024-12-14 05:30:00,0.018546666666666666,0.01391
2024-12-14 06:00:00,-0.002128333333333333,-0.0033212499999999995
2024-12-14 06:30:00,-0.04036833333333333,-0.04036833333333333
2024-12-14 07:00:00,-0.047240000000000004,-0.047240000000000004
2024-12-14 07:30:00,-0.06126,-0.06126
2024-12-14 08:00:00,-0.06236333333333333,-0.06236333333333333
2024-12-14 08:30:00,-0.05955,-0.05955
2024-12-14 09:00:00,-0.05683833333333333,-0.05683833333333333
2024-12-14 09:30:00,-0.056010000000000004,-0.056010000000000004
2024-12-14 10:00:00,-0.060463333333333334,-0.060463333333333334
2024-12-14 10:30:00,-0.07371166666666666,-0.07371166666666666
2024-12-14 11:00:00,-0.08279666666666667,-0.08279666666666667
2024-12-14 11:30:00,-0.07677333333333333,-0.07677333333333333
2024-12-14 12:00:00,-0.08218666666666667,-0.08218666666666667
2024-12-14 12:30:00,-0.09350666666666667,-0.09350666666666667
2024-12-14 13:00:00,-0.06481333333333333,-0.06481333333333333
2024-12-14 13:30:00,-0.070395,-0.070395
2024-12-14 14:00:00,-0.08974666666666666,-0.08974666666666666
2024-12-14 14:30:00,-0.08477166666666668,-0.08477166666666668
2024-12-14 15:00:00,-0.084605,-0.084605
2024-12-14 15:30:00,-0.08174833333333333,-0.08174833333333333
2024-12-14 16:00:00,-0.061544999999999996,-0.061544999999999996
2024-12-14 16:30:00,-0.058,-0.058
2024-12-14 17:00:00,-0.04738666666666666,-0.04738666666666666
2024-12-14 17:30:00,-0.038,-0.038
2024-12-14 18:00:00,-0.004098333333333333,-0.0032158333333333327
2024-12-14 18:30:00,0.026355,0.03294375
2024-12-14 19:00:00,0.01748166666666667,0.021852083333333338
2024-12-14 19:30:00,0.019170000000000003,0.0239625
2024-12-14 20:00:00,0.014054999999999998,0.017568749999999998
2024-12-14 20:30:00,0.007441666666666666,0.009302083333333334
2024-12-14 21:00:00,0.007671666666666667,0.009589583333333334
2024-12-14 21:30:00,0.007453333333333333,0.009316666666666668
2024-12-14 22:00:00,0.00894,0.011175
2024-12-14 22:30:00,-0.0008083333333333345,0.0005904166666666662
2024-12-14 23:00:00,-1.166666666666648e-05,0.0015687500000000013
2024-12-14 23:30:00,0.00449,0.0056125
2024-12-15 00:00:00,-0.012656666666666668,-0.012659166666666666
2024-12-15 00:30:00,-0.00637,-0.006745
2024-12-15 01:00:00,-0.031965,-0.031965
2024-12-15 01:30:00,-0.038678333333333335,-0.038678333333333335
2024-12-15 02:00:00,-0.03867166666666667,-0.03867166666666667
2024-12-15 02:30:00,-0.05344499999999999,-0.05344499999999999
2024-12-15 03:00:00,-0.053895,-0.053895
2024-12-15 03:30:00,-0.04151,-0.04151
2024-12-15 04:00:00,-0.038,-0.038
2024-12-15 04:30:00,-0.038,-0.038
2024-12-15 05:00:00,-0.038,-0.038
2024-12-15 05:30:00,-0.03916666666666666,-0.03916666666666666
2024-12-15 06:00:00,-0.05283833333333333,-0.05283833333333333
2024-12-15 06:30:00,-0.06327666666666666,-0.06327666666666666
2024-12-15 07:00:00,-0.06725833333333334,-0.06725833333333334
2024-12-15 07:30:00,-0.08192333333333333,-0.08192333333333333
2024-12-15 08:00:00,-0.08710166666666667,-0.08710166666666667
2024-12-15 08:30:00,-0.10152,-0.10152
2024-12-15 09:00:00,-0.07692833333333333,-0.07692833333333333
2024-12-15 09:30:00,-0.07837,-0.07837
2024-12-15 10:00:00,-0.08149166666666667,-0.08149166666666667
2024-12-15 10:30:00,-0.09286,-0.09286
2024-12-15 11:00:00,-0.07497666666666666,-0.07497666666666666
2024-12-15 11:30:00,-0.08538333333333332,-0.08538333333333332
2024-12-15 12:00:00,-0.09101666666666668,-0.09101666666666668
2024-12-15 12:30:00,-0.07790333333333334,-0.07790333333333334
2024-12-15 13:00:00,-0.080865,-0.080865
2024-12-15 13:30:00,-0.07541666666666666,-0.07541666666666666
2024-12-15 14:00:00,-0.06794,-0.06794
2024-12-15 14:30:00,-0.06267,-0.06267
2024-12-15 15:00:00,-0.06907333333333333,-0.06907333333333333
2024-12-15 15:30:00,-0.06737166666666668,-0.06737166666666668
2024-12-15 16:00:00,-0.060091666666666675,-0.060091666666666675
2024-12-15 16:30:00,-0.05436833333333333,-0.05436833333333333
2024-12-15 17:00:00,-0.04833666666666667,-0.04833666666666667
2024-12-15 17:30:00,-0.0019166666666666663,-0.00042666666666666574
2024-12-15 18:00:00,0.010656666666666667,0.013320833333333332
2024-12-15 18:30:00,0.0122,0.01525
2024-12-15 19:00:00,0.020836666666666667,0.026045833333333334
2024-12-15 19:30:00,0.0207,0.025875
2024-12-15 20:00:00,0.014065,0.01758125
2024-12-15 20:30:00,0.008435,0.01054375
2024-12-15 21:00:00,0.008098333333333332,0.010122916666666667
2024-12-15 21:30:00,0.004273333333333333,0.005341666666666667
2024-12-15 22:00:00,0.0029866666666666665,0.0037333333333333337
2024-12-15 22:30:00,0.008428333333333333,0.010535416666666667
2024-12-15 23:00:00,0.009848333333333332,0.012310416666666666
2024-12-15 23:30:00,0.00897,0.0112125
2024-12-16 00:00:00,0.009,0.00675
2024-12-16 00:30:00,0.008960000000000001,0.00672
2024-12-16 01:00:00,0.005653333333333333,0.00424
2024-12-16 01:30:00,0.008231666666666667,0.0061737499999999996
2024-12-16 02:00:00,0.00894,0.006705
2024-12-16 02:30:00,0.008841666666666666,0.006631250000000001
2024-12-16 03:00:00,0.009381666666666667,0.00703625
2024-12-16 03:30:00,0.014045,0.010533750000000001
2024-12-16 04:00:00,0.012376666666666666,0.0092825
2024-12-16 04:30:00,0.01914,0.014355000000000001
2024-12-16 05:00:00,0.021595000000000003,0.01619625
2024-12-16 05:30:00,0.028278333333333336,0.02120875
2024-12-16 06:00:00,0.01809,0.013567500000000001
2024-12-16 06:30:00,0.0027866666666666665,0.001665
2024-12-16 07:00:00,-0.015036666666666665,-0.015039166666666666
2024-12-16 07:30:00,-0.013656666666666666,-0.013717916666666665
2024-12-16 08:00:00,-0.04035,-0.04035
2024-12-16 08:30:00,-0.051776666666666665,-0.051776666666666665
2024-12-16 09:00:00,-0.05874499999999999,-0.05874499999999999
2024-12-16 09:30:00,-0.06346,-0.06346
2024-12-16 10:00:00,-0.057383333333333335,-0.057383333333333335
2024-12-16 10:30:00,-0.05436166666666666,-0.05436166666666666
2024-12-16 11:00:00,-0.06510333333333333,-0.06510333333333333
2024-12-16 11:30:00,-0.054141666666666664,-0.054141666666666664
2024-12-16 12:00:00,-0.05952833333333333,-0.05952833333333333
2024-12-16 12:30:00,-0.057848333333333335,-0.057848333333333335
2024-12-16 13:00:00,-0.043545,-0.043545
2024-12-16 13:30:00,-0.03931166666666667,-0.03931166666666667
2024-12-16 14:00:00,-0.026975,-0.02673333333333333
2024-12-16 14:30:00,-0.026863333333333333,-0.026863333333333333
2024-12-16 15:00:00,-0.00034,0.0013954166666666666
2024-12-16 15:30:00,0.010648333333333334,0.01381875
2024-12-16 16:00:00,0.00895,0.011187500000000001
2024-12-16 16:30:00,0.006134999999999999,0.007736666666666667
2024-12-16 17:00:00,0.007788333333333332,0.009735416666666668
2024-12-16 17:30:00,0.014830000000000001,0.018537500000000002
2024-12-16 18:00:00,0.06553333333333333,0.08191666666666667
2024-12-16 18:30:00,0.100105,0.12513125
2024-12-16 19:00:00,0.10966166666666666,0.13707708333333332
2024-12-16 19:30:00,0.10915666666666667,0.13644583333333335
2024-12-16 20:00:00,0.10778333333333333,0.13472916666666668
2024-12-16 20:30:00,0.08251166666666666,0.10313958333333334
2024-12-16 21:00:00,0.03423333333333333,0.042791666666666665
2024-12-16 21:30:00,0.025616666666666666,0.03202083333333333
2024-12-16 22:00:00,0.026101666666666665,0.032627083333333334
2024-12-16 22:30:00,0.03265166666666667,0.040814583333333335
2024-12-16 23:00:00,0.04160833333333333,0.05201041666666666
2024-12-16 23:30:00,0.03625833333333334,0.045322916666666664
2024-12-17 00:00:00,0.03451333333333333,0.025885000000000002
2024-12-17 00:30:00,0.02606333333333333,0.0195475
2024-12-17 01:00:00,0.02056833333333333,0.01542625
2024-12-17 01:30:00,0.022403333333333334,0.0168025
2024-12-17 02:00:00,0.019751666666666667,0.01481375
2024-12-17 02:30:00,0.018338333333333335,0.01375375
2024-12-17 03:00:00,0.020456666666666668,0.0153425
2024-12-17 03:30:00,0.020626666666666665,0.01547
2024-12-17 04:00:00,0.023698333333333335,0.01777375
2024-12-17 04:30:00,0.019836666666666666,0.0148775
2024-12-17 05:00:00,0.023228333333333333,0.01742125
2024-12-17 05:30:00,0.013903333333333332,0.0104275
2024-12-17 06:00:00,0.006325,0.004743750000000001
2024-12-17 06:30:00,0.0006133333333333334,0.00045999999999999996
2024-12-17 07:00:00,0.0017000000000000001,0.001083333333333333
2024-12-17 07:30:00,-0.015481666666666666,-0.015481666666666666
2024-12-17 08:00:00,-0.03550333333333334,-0.03550333333333334
2024-12-17 08:30:00,-0.027265,-0.0279325
2024-12-17 09:00:00,-0.028859999999999997,-0.029142083333333332
2024-12-17 09:30:00,-0.027485,-0.027485
2024-12-17 10:00:00,-0.03991,-0.03991
2024-12-17 10:30:00,-0.023246666666666665,-0.023775
2024-12-17 11:00:00,-0.038511666666666666,-0.03932416666666667
2024-12-17 11:30:00,-0.04430833333333334,-0.04430833333333334
2024-12-17 12:00:00,-0.046515,-0.046515
2024-12-17 12:30:00,-0.023370000000000002,-0.023370000000000002
2024-12-17 13:00:00,-8.333333333333326e-05,0.0012083333333333336
2024-12-17 13:30:00,0.01653,0.0206625
2024-12-17 14:00:00,0.0028116666666666667,0.0037925000000000007
2024-12-17 14:30:00,-0.014748333333333334,-0.013023333333333331
2024-12-17 15:00:00,-0.017635,-0.016790833333333335
2024-12-17 15:30:00,-0.04236499999999999,-0.04236499999999999
2024-12-17 16:00:00,-0.019336666666666665,-0.017714583333333332
2024-12-17 16:30:00,0.024585,0.03073125
2024-12-17 17:00:00,0.036368333333333336,0.04546041666666666
2024-12-17 17:30:00,0.022415,0.028307083333333333
2024-12-17 18:00:00,0.07478166666666666,0.09347708333333334
2024-12-17 18:30:00,0.08322166666666667,0.10402708333333333
2024-12-17 19:00:00,0.08134333333333334,0.10167916666666667
2024-12-17 19:30:00,0.075115,0.09389375
2024-12-17 20:00:00,0.07648833333333334,0.09561041666666666
2024-12-17 20:30:00,0.06162666666666666,0.07703333333333333
2024-12-17 21:00:00,0.022578333333333336,0.028222916666666667
2024-12-17 21:30:00,0.012366666666666666,0.015458333333333333
2024-12-17 22:00:00,0.019119999999999998,0.0239
2024-12-17 22:30:00,0.019180000000000003,0.023975
2024-12-17 23:00:00,0.025451666666666668,0.031814583333333334
2024-12-17 23:30:00,0.038441666666666666,0.048052083333333336
2024-12-18 00:00:00,0.019190000000000002,0.0143925
2024-12-18 00:30:00,0.041701666666666665,0.03127625
2024-12-18 01:00:00,0.06782333333333333,0.0508675
2024-12-18 01:30:00,0.05305000000000001,0.039787499999999996
2024-12-18 02:00:00,0.07443,0.0558225
2024-12-18 02:30:00,0.07663833333333332,0.05747875
2024-12-18 03:00:00,0.08044833333333333,0.06033625
2024-12-18 03:30:00,0.07627,0.057202499999999996
2024-12-18 04:00:00,0.086525,0.06489375
2024-12-18 04:30:00,0.08725166666666667,0.06543875
2024-12-18 05:00:00,0.09339166666666666,0.07004375
2024-12-18 05:30:00,0.10161666666666667,0.0762125
2024-12-18 06:00:00,0.05837166666666666,0.04377875
2024-12-18 06:30:00,0.027153333333333335,0.020365
2024-12-18 07:00:00,0.012628333333333333,0.008637916666666667
2024-12-18 07:30:00,0.012374999999999999,0.008447916666666668
2024-12-18 08:00:00,0.002558333333333332,0.0002258333333333334
2024-12-18 08:30:00,-0.003631666666666667,-0.004890416666666667
2024-12-18 09:00:00,-0.021258333333333334,-0.021258333333333334
2024-12-18 09:30:00,-0.013368333333333334,-0.013368333333333334
2024-12-18 10:00:00,0.007915,0.005435416666666667
2024-12-18 10:30:00,0.05312166666666667,0.03984125
2024-12-18 11:00:00,-0.026076666666666665,-0.026890833333333333
2024-12-18 11:30:00,0.07706,0.055378333333333335
2024-12-18 12:00:00,0.04714833333333333,0.04714833333333333
2024-12-18 12:30:00,0.02438,0.02438
2024-12-18 13:00:00,0.005114999999999999,0.007094583333333332
2024-12-18 13:30:00,0.05435166666666666,0.06793958333333334
2024-12-18 14:00:00,0.05071333333333333,0.06339166666666667
2024-12-18 14:30:00,0.078505,0.09813125
2024-12-18 15:00:00,0.089635,0.11204375
2024-12-18 15:30:00,0.11042999999999999,0.1380375
2024-12-18 16:00:00,0.101565,0.12695625000000002
2024-12-18 16:30:00,0.11184,0.1398
2024-12-18 17:00:00,0.11972333333333333,0.14965416666666667
2024-12-18 17:30:00,0.12719833333333333,0.15899791666666666
2024-12-18 18:00:00,0.16475666666666666,0.20594583333333336
2024-12-18 18:30:00,0.12331333333333333,0.15414166666666665
2024-12-18 19:00:00,0.11689833333333333,0.14612291666666666
2024-12-18 19:30:00,0.10067833333333333,0.12584791666666667
2024-12-18 20:00:00,0.10867833333333334,0.13584791666666668
2024-12-18 20:30:00,0.082085,0.10260625
2024-12-18 21:00:00,0.07756,0.09695
2024-12-18 21:30:00,0.07736,0.09670000000000001
2024-12-18 22:00:00,0.09394000000000001,0.117425
2024-12-18 22:30:00,0.09557500000000001,0.11946875000000001
2024-12-18 23:00:00,0.094515,0.11814374999999999
2024-12-18 23:30:00,0.120515,0.15064375
2024-12-19 00:00:00,0.14312,0.10733999999999999
2024-12-19 00:30:00,0.14280666666666667,0.107105
2024-12-19 01:00:00,0.13783666666666666,0.1033775
2024-12-19 01:30:00,0.11360666666666668,0.08520499999999999
2024-12-19 02:00:00,0.10541666666666667,0.0790625
2024-12-19 02:30:00,0.09691166666666666,0.07268374999999999
2024-12-19 03:00:00,0.08551833333333335,0.06413875000000001
2024-12-19 03:30:00,0.08697666666666666,0.0652325
2024-12-19 04:00:00,0.10495,0.0787125
2024-12-19 04:30:00,0.10012666666666666,0.07509500000000001
2024-12-19 05:00:00,0.12795333333333334,0.09596500000000001
2024-12-19 05:30:00,0.093555,0.07016625
2024-12-19 06:00:00,0.081945,0.06145875
2024-12-19 06:30:00,0.091875,0.06890625
2024-12-19 07:00:00,0.08545666666666667,0.0640925
2024-12-19 07:30:00,0.09239833333333335,0.06929875
2024-12-19 08:00:00,0.056925,0.042693749999999996
2024-12-19 08:30:00,0.056265,0.04219875
2024-12-19 09:00:00,0.004043333333333333,0.00251875
2024-12-19 09:30:00,-0.004991666666666667,-0.005537083333333334
2024-12-19 10:00:00,-0.008816666666666667,-0.0088175
2024-12-19 10:30:00,-0.015711666666666665,-0.015711666666666665
2024-12-19 11:00:00,0.010741666666666668,0.00805625
2024-12-19 11:30:00,0.004066666666666667,0.0014924999999999997
2024-12-19 12:00:00,0.013380000000000001,0.013380000000000001
2024-12-19 12:30:00,0.019066666666666666,0.019066666666666666
2024-12-19 13:00:00,0.026896666666666666,0.03362083333333333
2024-12-19 13:30:00,0.02056,0.02674333333333333
2024-12-19 14:00:00,0.006373333333333332,0.007966666666666667
2024-12-19 14:30:00,-0.006438333333333333,-0.005558749999999999
2024-12-19 15:00:00,0.029125,0.03766916666666667
2024-12-19 15:30:00,0.03207666666666666,0.04009583333333334
2024-12-19 16:00:00,0.019815000000000003,0.024768750000000003
2024-12-19 16:30:00,0.05332,0.06665
2024-12-19 17:00:00,0.08086333333333333,0.10107916666666666
2024-12-19 17:30:00,0.08955166666666665,0.11193958333333333
2024-12-19 18:00:00,0.10079833333333332,0.12599791666666668
2024-12-19 18:30:00,0.11090333333333334,0.13862916666666666
2024-12-19 19:00:00,0.10595333333333334,0.13244166666666665
2024-12-19 19:30:00,0.10670166666666665,0.13337708333333334
2024-12-19 20:00:00,0.11834333333333334,0.14792916666666667
2024-12-19 20:30:00,0.12595833333333334,0.15744791666666666
2024-12-19 21:00:00,0.12558333333333335,0.15697916666666667
2024-12-19 21:30:00,0.116855,0.14606875
2024-12-19 22:00:00,0.11671,0.1458875
2024-12-19 22:30:00,0.11602,0.145025
2024-12-19 23:00:00,0.11617500000000001,0.14521875
2024-12-19 23:30:00,0.10996833333333333,0.13746041666666667
2024-12-20 00:00:00,0.11998500000000001,0.08998875
2024-12-20 00:30:00,0.09545166666666667,0.07158874999999999
2024-12-20 01:00:00,0.08503,0.0637725
2024-12-20 01:30:00,0.08308666666666666,0.062315
2024-12-20 02:00:00,0.08233,0.061747500000000004
2024-12-20 02:30:00,0.08329333333333333,0.06247
2024-12-20 03:00:00,0.08237833333333333,0.06178375
2024-12-20 03:30:00,0.08174333333333333,0.06130750000000001
2024-12-20 04:00:00,0.09148166666666667,0.06861125
2024-12-20 04:30:00,0.08973833333333332,0.06730375
2024-12-20 05:00:00,0.122925,0.09219375
2024-12-20 05:30:00,0.09489666666666667,0.07117249999999999
2024-12-20 06:00:00,0.092225,0.06916875
2024-12-20 06:30:00,0.07024333333333334,0.0526825
2024-12-20 07:00:00,0.040431666666666664,0.030323749999999997
2024-12-20 07:30:00,0.015988333333333334,0.01011625
2024-12-20 08:00:00,0.006383333333333334,0.0032725000000000015
2024-12-20 08:30:00,0.0018883333333333332,0.0010520833333333333
2024-12-20 09:00:00,-0.0008700000000000001,-0.0008700000000000001
2024-12-20 09:30:00,-0.021933333333333332,-0.021933333333333332
2024-12-20 10:00:00,-0.03334,-0.03334
2024-12-20 10:30:00,-0.031823333333333335,-0.031823333333333335
2024-12-20 11:00:00,-0.03391666666666667,-0.03391666666666667
2024-12-20 11:30:00,-0.049938333333333335,-0.04997708333333334
2024-12-20 12:00:00,-0.04962,-0.04962
2024-12-20 12:30:00,-0.036936666666666666,-0.036936666666666666
2024-12-20 13:00:00,-0.011063333333333333,-0.010511666666666664
2024-12-20 13:30:00,-0.00855,-0.008548333333333333
2024-12-20 14:00:00,-0.006913333333333334,-0.006890416666666666
2024-12-20 14:30:00,0.009085000000000001,0.011608750000000001
2024-12-20 15:00:00,0.006415,0.008429583333333334
2024-12-20 15:30:00,0.0103,0.012875
2024-12-20 16:00:00,0.0275,0.03443916666666667
2024-12-20 16:30:00,0.03615666666666666,0.04519583333333333
2024-12-20 17:00:00,0.095555,0.11944375
2024-12-20 17:30:00,0.096345,0.12043125
2024-12-20 18:00:00,0.10245833333333333,0.12807291666666668
2024-12-20 18:30:00,0.13601,0.1700125
2024-12-20 19:00:00,0.13536666666666666,0.16920833333333332
2024-12-20 19:30:00,0.11681666666666667,0.14602083333333335
2024-12-20 20:00:00,0.11137999999999999,0.13922500000000002
2024-12-20 20:30:00,0.11473166666666668,0.14341458333333335
2024-12-20 21:00:00,0.12009833333333335,0.15012291666666666
2024-12-20 21:30:00,0.119475,0.14934375
2024-12-20 22:00:00,0.111045,0.13880625
2024-12-20 22:30:00,0.10816333333333333,0.13520416666666665
2024-12-20 23:00:00,0.12218833333333334,0.15273541666666668
2024-12-20 23:30:00,0.12416666666666666,0.15520833333333334
2024-12-21 00:00:00,0.12628666666666666,0.094715
2024-12-21 00:30:00,0.13688,0.10265999999999999
2024-12-21 01:00:00,0.12186666666666666,0.0914
2024-12-21 01:30:00,0.11299666666666668,0.08474749999999999
2024-12-21 02:00:00,0.10926166666666666,0.08194625
2024-12-21 02:30:00,0.09959666666666667,0.0746975
2024-12-21 03:00:00,0.09700166666666667,0.07275125
2024-12-21 03:30:00,0.09441666666666666,0.0708125
2024-12-21 04:00:00,0.09659333333333332,0.072445
2024-12-21 04:30:00,0.10725499999999999,0.08044125
2024-12-21 05:00:00,0.11910833333333333,0.08933125000000001
2024-12-21 05:30:00,0.10346166666666667,0.07759624999999999
2024-12-21 06:00:00,0.08496666666666668,0.06372499999999999
2024-12-21 06:30:00,0.050188333333333335,0.03764125
2024-12-21 07:00:00,0.04356666666666666,0.032675
2024-12-21 07:30:00,0.0030683333333333326,-0.0003012500000000006
2024-12-21 08:00:00,-0.006948333333333333,-0.00741375
2024-12-21 08:30:00,-0.01061333333333333,-0.011697916666666667
2024-12-21 09:00:00,-0.004968333333333333,-0.005353333333333332
2024-12-21 09:30:00,-0.014436666666666665,-0.014437499999999999
2024-12-21 10:00:00,-0.012430000000000002,-0.012430000000000002
2024-12-21 10:30:00,-0.03263833333333333,-0.03263833333333333
2024-12-21 11:00:00,-0.04119166666666667,-0.04119166666666667
2024-12-21 11:30:00,-0.04243666666666667,-0.04243666666666667
2024-12-21 12:00:00,-0.04472,-0.04472
2024-12-21 12:30:00,-0.04811833333333334,-0.04811833333333334
2024-12-21 13:00:00,-0.035765,-0.035765
2024-12-21 13:30:00,-0.004178333333333333,-0.003803333333333334
2024-12-21 14:00:00,0.005618333333333333,0.007119166666666667
2024-12-21 14:30:00,0.008641666666666667,0.010802083333333332
2024-12-21 15:00:00,0.014738333333333332,0.018422916666666667
2024-12-21 15:30:00,0.012728333333333333,0.015910416666666666
2024-12-21 16:00:00,0.008825,0.01103125
2024-12-21 16:30:00,0.021591666666666665,0.026989583333333334
2024-12-21 17:00:00,0.08858333333333333,0.11072916666666667
2024-12-21 17:30:00,0.10785,0.1348125
2024-12-21 18:00:00,0.15419833333333333,0.19274791666666666
2024-12-21 18:30:00,0.16112666666666667,0.20140833333333333
2024-12-21 19:00:00,0.153815,0.19226875
2024-12-21 19:30:00,0.14309333333333332,0.17886666666666665
2024-12-21 20:00:00,0.12193999999999999,0.152425
2024-12-21 20:30:00,0.10954666666666668,0.13693333333333332
2024-12-21 21:00:00,0.12005500000000001,0.15006875
2024-12-21 21:30:00,0.11050833333333333,0.13813541666666668
2024-12-21 22:00:00,0.121315,0.15164375
2024-12-21 22:30:00,0.11044666666666665,0.13805833333333334
2024-12-21 23:00:00,0.10835666666666666,0.13544583333333335
2024-12-21 23:30:00,0.119605,0.14950624999999998
2024-12-22 00:00:00,0.100865,0.07564875
2024-12-22 00:30:00,0.103585,0.07768874999999999
2024-12-22 01:00:00,0.11302333333333332,0.0847675
2024-12-22 01:30:00,0.09618,0.07213499999999999
2024-12-22 02:00:00,0.09652,0.07239
2024-12-22 02:30:00,0.09242833333333333,0.06932125
2024-12-22 03:00:00,0.09116166666666665,0.06837125000000001
2024-12-22 03:30:00,0.08880833333333334,0.06660624999999999
2024-12-22 04:00:00,0.09310166666666668,0.06982624999999999
2024-12-22 04:30:00,0.09212666666666668,0.069095
2024-12-22 05:00:00,0.087325,0.06549375
2024-12-22 05:30:00,0.05400166666666666,0.040501249999999996
2024-12-22 06:00:00,0.024538333333333332,0.01840375
2024-12-22 06:30:00,0.019111666666666666,0.014333750000000001
2024-12-22 07:00:00,-0.018571666666666667,-0.018944166666666665
2024-12-22 07:30:00,-0.03006666666666667,-0.03006666666666667
2024-12-22 08:00:00,-0.03467166666666666,-0.03467166666666666
2024-12-22 08:30:00,-0.05246666666666666,-0.05246666666666666
2024-12-22 09:00:00,-0.056911666666666666,-0.056911666666666666
2024-12-22 09:30:00,-0.067825,-0.067825
2024-12-22 10:00:00,-0.05171,-0.05171
2024-12-22 10:30:00,-0.05290166666666666,-0.05290166666666666
2024-12-22 11:00:00,-0.049451666666666665,-0.049451666666666665
2024-12-22 11:30:00,-0.05912333333333333,-0.05912333333333333
2024-12-22 12:00:00,-0.059109999999999996,-0.059109999999999996
2024-12-22 12:30:00,-0.055953333333333334,-0.055953333333333334
2024-12-22 13:00:00,-0.05084333333333333,-0.05084333333333333
2024-12-22 13:30:00,-0.03905666666666666,-0.03905666666666666
2024-12-22 14:00:00,-0.053346666666666674,-0.053346666666666674
2024-12-22 14:30:00,-0.03435333333333333,-0.03435333333333333
2024-12-22 15:00:00,0.03120666666666667,0.03900833333333333
2024-12-22 15:30:00,0.03375333333333334,0.04219166666666666
2024-12-22 16:00:00,0.057958333333333334,0.07244791666666667
2024-12-22 16:30:00,0.071675,0.08959375000000001
2024-12-22 17:00:00,0.09274,0.115925
2024-12-22 17:30:00,0.129725,0.16215625
2024-12-22 18:00:00,0.12044499999999998,0.15055625
2024-12-22 18:30:00,0.12655166666666665,0.15818958333333333
2024-12-22 19:00:00,0.11882166666666666,0.14852708333333334
2024-12-22 19:30:00,0.11119000000000001,0.1389875
2024-12-22 20:00:00,0.11298833333333334,0.14123541666666667
2024-12-22 20:30:00,0.10329666666666666,0.12912083333333332
2024-12-22 21:00:00,0.09773,0.12216250000000001
2024-12-22 21:30:00,0.09857166666666667,0.12321458333333334
2024-12-22 22:00:00,0.10501500000000001,0.13126875
2024-12-22 22:30:00,0.093815,0.11726874999999999
2024-12-22 23:00:00,0.093615,0.11701875
2024-12-22 23:30:00,0.09829333333333334,0.12286666666666667
2024-12-23 00:00:00,0.10328833333333333,0.07746625
2024-12-23 00:30:00,0.08768500000000001,0.06576375
2024-12-23 01:00:00,0.07462833333333334,0.05597125
2024-12-23 01:30:00,0.05742666666666666,0.04307
2024-12-23 02:00:00,0.034673333333333334,0.026005
2024-12-23 02:30:00,0.03368166666666667,0.02526125
2024-12-23 03:00:00,0.033843333333333336,0.025382500000000002
2024-12-23 03:30:00,0.03495,0.0262125
2024-12-23 04:00:00,0.05664166666666667,0.04248125
2024-12-23 04:30:00,0.06120166666666666,0.04590125
2024-12-23 05:00:00,0.06778833333333333,0.05084125
2024-12-23 05:30:00,0.034646666666666666,0.025984999999999998
2024-12-23 06:00:00,0.02317,0.0173775
2024-12-23 06:30:00,-0.005966666666666666,-0.006891666666666667
2024-12-23 07:00:00,-0.00929,-0.010134166666666666
2024-12-23 07:30:00,-0.02535,-0.02535
2024-12-23 08:00:00,-0.011156666666666667,-0.011157499999999999
2024-12-23 08:30:00,-0.02766333333333333,-0.02766333333333333
2024-12-23 09:00:00,-0.02755,-0.02755
2024-12-23 09:30:00,-0.038165,-0.038165
2024-12-23 10:00:00,-0.031091666666666667,-0.031091666666666667
2024-12-23 10:30:00,-0.02933,-0.029330833333333334
2024-12-23 11:00:00,-0.006208333333333333,-0.00621
2024-12-23 11:30:00,0.009046666666666666,0.0059566666666666665
2024-12-23 12:00:00,0.015128333333333332,0.015128333333333332
2024-12-23 12:30:00,0.02647333333333333,0.02647333333333333
2024-12-23 13:00:00,0.022598333333333335,0.028247916666666668
2024-12-23 13:30:00,0.029448333333333337,0.03681041666666667
2024-12-23 14:00:00,0.03486333333333333,0.04357916666666667
2024-12-23 14:30:00,0.07458833333333333,0.09323541666666667
2024-12-23 15:00:00,0.07893666666666667,0.09867083333333333
2024-12-23 15:30:00,0.08505,0.10631249999999999
2024-12-23 16:00:00,0.10652333333333334,0.13315416666666666
2024-12-23 16:30:00,0.07882,0.09852500000000002
2024-12-23 17:00:00,0.07560833333333333,0.09451041666666667
2024-12-23 17:30:00,0.08705833333333333,0.10882291666666667
2024-12-23 18:00:00,0.11329499999999999,0.14161875
2024-12-23 18:30:00,0.10440166666666667,0.13050208333333332
2024-12-23 19:00:00,0.10190666666666666,0.12738333333333332
2024-12-23 19:30:00,0.09255666666666668,0.11569583333333333
2024-12-23 20:00:00,0.10034,0.12542499999999998
2024-12-23 20:30:00,0.09541166666666667,0.11926458333333334
2024-12-23 21:00:00,0.09174166666666667,0.11467708333333333
2024-12-23 21:30:00,0.084895,0.10611875
2024-12-23 22:00:00,0.09642833333333334,0.12053541666666667
2024-12-23 22:30:00,0.111855,0.13981875000000002
2024-12-23 23:00:00,0.10125333333333335,0.12656666666666666
2024-12-23 23:30:00,0.08604,0.10754999999999999
2024-12-24 00:00:00,0.08160666666666666,0.061205
2024-12-24 00:30:00,0.07875,0.0590625
2024-12-24 01:00:00,0.07762,0.058214999999999996
2024-12-24 01:30:00,0.07612999999999999,0.057097499999999995
2024-12-24 02:00:00,0.036653333333333336,0.02749
2024-12-24 02:30:00,0.032073333333333336,0.024055000000000003
2024-12-24 03:00:00,0.033355,0.02501625
2024-12-24 03:30:00,0.031795,0.02384625
2024-12-24 04:00:00,0.031606666666666665,0.023705
2024-12-24 04:30:00,0.02798,0.020985
2024-12-24 05:00:00,0.027013333333333334,0.02026
2024-12-24 05:30:00,0.009673333333333334,0.0070012500000000005
2024-12-24 06:00:00,-0.040209999999999996,-0.040209999999999996
2024-12-24 06:30:00,-0.057971666666666664,-0.057971666666666664
2024-12-24 07:00:00,-0.054108333333333335,-0.054108333333333335
2024-12-24 07:30:00,-0.04463333333333333,-0.04463333333333333
2024-12-24 08:00:00,-0.02914,-0.02914
2024-12-24 08:30:00,-0.047889999999999995,-0.047889999999999995
2024-12-24 09:00:00,-0.059605,-0.059605
2024-12-24 09:30:00,-0.059566666666666664,-0.059566666666666664
2024-12-24 10:00:00,-0.059934999999999995,-0.059934999999999995
2024-12-24 10:30:00,-0.05635166666666666,-0.05635166666666666
2024-12-24 11:00:00,-0.05586166666666667,-0.05586166666666667
2024-12-24 11:30:00,-0.05667,-0.05667
2024-12-24 12:00:00,-0.04716666666666666,-0.04716666666666666
2024-12-24 12:30:00,-0.022353333333333333,-0.022353333333333333
2024-12-24 13:00:00,-0.013326666666666667,-0.012954166666666668
2024-12-24 13:30:00,0.0123,0.016614166666666666
2024-12-24 14:00:00,0.051050000000000005,0.06381250000000001
2024-12-24 14:30:00,0.07232,0.0904
2024-12-24 15:00:00,0.07208,0.0901
2024-12-24 15:30:00,0.08863333333333334,0.11079166666666666
2024-12-24 16:00:00,0.09753166666666667,0.12191458333333334
2024-12-24 16:30:00,0.09747166666666666,0.12183958333333333
2024-12-24 17:00:00,0.09116333333333333,0.11395416666666668
2024-12-24 17:30:00,0.09816000000000001,0.12269999999999999
2024-12-24 18:00:00,0.10673833333333334,0.13342291666666667
2024-12-24 18:30:00,0.10716666666666667,0.13395833333333332
2024-12-24 19:00:00,0.11097833333333333,0.13872291666666667
2024-12-24 19:30:00,0.09902333333333334,0.12377916666666666
2024-12-24 20:00:00,0.08624,0.1078
2024-12-24 20:30:00,0.08540500000000001,0.10675625
2024-12-24 21:00:00,0.08678333333333332,0.10847916666666667
2024-12-24 21:30:00,0.08295666666666666,0.10369583333333333
2024-12-24 22:00:00,0.07760666666666667,0.09700833333333332
2024-12-24 22:30:00,0.035245,0.04405625
2024-12-24 23:00:00,0.07409,0.0926125
2024-12-24 23:30:00,0.023346666666666665,0.029183333333333335
2024-12-25 00:00:00,0.019059999999999997,0.014295
2024-12-25 00:30:00,0.017159999999999998,0.01287
2024-12-25 01:00:00,0.025156666666666664,0.0188675
2024-12-25 01:30:00,0.029920000000000002,0.02244
2024-12-25 02:00:00,0.026108333333333334,0.019581249999999998
2024-12-25 02:30:00,0.025861666666666668,0.01939625
2024-12-25 03:00:00,0.026109999999999998,0.0195825
2024-12-25 03:30:00,0.01598166666666667,0.011986250000000002
2024-12-25 04:00:00,0.021885,0.01641375
2024-12-25 04:30:00,0.018266666666666667,0.013700000000000002
2024-12-25 05:00:00,0.04189166666666667,0.03141875
2024-12-25 05:30:00,0.03766666666666667,0.028249999999999997
2024-12-25 06:00:00,0.02270833333333333,0.01703125
2024-12-25 06:30:00,0.020056666666666667,0.0150425
2024-12-25 07:00:00,-0.010114999999999999,-0.010119583333333333
2024-12-25 07:30:00,-0.0164,-0.0164
2024-12-25 08:00:00,-0.03706,-0.03706
2024-12-25 08:30:00,-0.03800166666666666,-0.03800166666666666
2024-12-25 09:00:00,-0.038,-0.038
2024-12-25 09:30:00,-0.03498333333333333,-0.03498333333333333
2024-12-25 10:00:00,-0.042791666666666665,-0.042791666666666665
2024-12-25 10:30:00,-0.04602666666666667,-0.04602666666666667
2024-12-25 11:00:00,-0.047163333333333335,-0.047163333333333335
2024-12-25 11:30:00,-0.043081666666666664,-0.043081666666666664
2024-12-25 12:00:00,-0.018563333333333334,-0.018563333333333334
2024-12-25 12:30:00,0.005444999999999999,0.005444999999999999
2024-12-25 13:00:00,0.004129999999999999,0.005882916666666667
2024-12-25 13:30:00,0.01103,0.0137875
2024-12-25 14:00:00,0.009963333333333333,0.012457083333333332
2024-12-25 14:30:00,0.0047283333333333335,0.007992916666666667
2024-12-25 15:00:00,0.004251666666666667,0.005542916666666666
2024-12-25 15:30:00,0.008363333333333334,0.010915
2024-12-25 16:00:00,0.004985,0.0068475
2024-12-25 16:30:00,0.010013333333333334,0.012516666666666667
2024-12-25 17:00:00,0.005966666666666666,0.007458333333333334
2024-12-25 17:30:00,0.00895,0.011187500000000001
2024-12-25 18:00:00,0.00895,0.011187500000000001
2024-12-25 18:30:00,0.04591,0.0573875
2024-12-25 19:00:00,0.058859999999999996,0.073575
2024-12-25 19:30:00,0.05724166666666667,0.07155208333333334
2024-12-25 20:00:00,0.08050666666666667,0.10063333333333334
2024-12-25 20:30:00,0.07943499999999999,0.09929375
2024-12-25 21:00:00,0.07616,0.0952
2024-12-25 21:30:00,0.07381666666666666,0.09227083333333334
2024-12-25 22:00:00,0.08454833333333334,0.10568541666666668
2024-12-25 22:30:00,0.08356666666666668,0.10445833333333333
2024-12-25 23:00:00,0.0825,0.10312500000000001
2024-12-25 23:30:00,0.07691833333333332,0.09614791666666667
2024-12-26 00:00:00,0.06136833333333333,0.04602625
2024-12-26 00:30:00,0.06272000000000001,0.04704
2024-12-26 01:00:00,0.0692,0.0519
2024-12-26 01:30:00,0.01916,0.01437
2024-12-26 02:00:00,0.019180000000000003,0.014385
2024-12-26 02:30:00,0.019170000000000003,0.014377500000000001
2024-12-26 03:00:00,0.013895,0.01042125
2024-12-26 03:30:00,0.008595,0.006446250000000001
2024-12-26 04:00:00,0.025926666666666667,0.019445
2024-12-26 04:30:00,0.020818333333333335,0.015613750000000001
2024-12-26 05:00:00,0.028161666666666668,0.021121249999999998
2024-12-26 05:30:00,0.00815,0.0061125
2024-12-26 06:00:00,-0.008818333333333333,-0.010308333333333334
2024-12-26 06:30:00,-0.042861666666666666,-0.042861666666666666
2024-12-26 07:00:00,-0.03135166666666667,-0.03135166666666667
2024-12-26 07:30:00,-0.040645,-0.040645
2024-12-26 08:00:00,-0.03916666666666666,-0.03916666666666666
2024-12-26 08:30:00,-0.039928333333333337,-0.039928333333333337
2024-12-26 09:00:00,-0.045443333333333336,-0.045443333333333336
2024-12-26 09:30:00,-0.045500000000000006,-0.045500000000000006
2024-12-26 10:00:00,-0.049914999999999994,-0.049914999999999994
2024-12-26 10:30:00,-0.06137666666666667,-0.06137666666666667
2024-12-26 11:00:00,-0.05716333333333334,-0.05716333333333334
2024-12-26 11:30:00,-0.05292666666666667,-0.05292666666666667
2024-12-26 12:00:00,-0.053428333333333335,-0.053428333333333335
2024-12-26 12:30:00,-0.057490000000000006,-0.057490000000000006
2024-12-26 13:00:00,-0.050085,-0.050085
2024-12-26 13:30:00,-0.04998,-0.04998
2024-12-26 14:00:00,-0.047314999999999996,-0.047314999999999996
2024-12-26 14:30:00,-0.040848333333333334,-0.040848333333333334
2024-12-26 15:00:00,-0.03916666666666666,-0.03916666666666666
2024-12-26 15:30:00,-0.038,-0.038
2024-12-26 16:00:00,-0.027895,-0.027895
2024-12-26 16:30:00,-0.020221666666666666,-0.020221666666666666
2024-12-26 17:00:00,-0.016708333333333332,-0.016708333333333332
2024-12-26 17:30:00,0.0028766666666666663,0.0035958333333333333
2024-12-26 18:00:00,0.008781666666666667,0.010977083333333333
2024-12-26 18:30:00,0.08064666666666666,0.10080833333333333
2024-12-26 19:00:00,0.08792499999999999,0.10990625
2024-12-26 19:30:00,0.08892499999999999,0.11115625000000001
2024-12-26 20:00:00,0.08589833333333334,0.10737291666666667
2024-12-26 20:30:00,0.08001166666666666,0.10001458333333334
2024-12-26 21:00:00,0.07590833333333333,0.09488541666666667
2024-12-26 21:30:00,0.08288666666666666,0.10360833333333334
2024-12-26 22:00:00,0.083085,0.10385625
2024-12-26 22:30:00,0.08564333333333334,0.10705416666666667
2024-12-26 23:00:00,0.08997166666666667,0.11246458333333333
2024-12-26 23:30:00,0.09761000000000002,0.12201250000000001
2024-12-27 00:00:00,0.09660333333333333,0.07245249999999999
2024-12-27 00:30:00,0.09268166666666666,0.06951125
2024-12-27 01:00:00,0.09320333333333335,0.06990249999999999
2024-12-27 01:30:00,0.08576166666666667,0.06432125
2024-12-27 02:00:00,0.08963333333333333,0.067225
2024-12-27 02:30:00,0.09360833333333334,0.07020625000000001
2024-12-27 03:00:00,0.09291500000000001,0.06968625
2024-12-27 03:30:00,0.09205166666666666,0.06903875
2024-12-27 04:00:00,0.09188999999999999,0.0689175
2024-12-27 04:30:00,0.09566999999999999,0.0717525
2024-12-27 05:00:00,0.100845,0.07563375
2024-12-27 05:30:00,0.09619166666666668,0.07214374999999999
2024-12-27 06:00:00,0.08137,0.061027500000000005
2024-12-27 06:30:00,0.056584999999999996,0.04243875
2024-12-27 07:00:00,0.04195833333333334,0.03146875
2024-12-27 07:30:00,0.02613333333333333,0.0196
2024-12-27 08:00:00,-0.010153333333333332,-0.011028749999999999
2024-12-27 08:30:00,-0.046948333333333335,-0.046948333333333335
2024-12-27 09:00:00,-0.04432666666666666,-0.04432666666666666
2024-12-27 09:30:00,-0.05865,-0.05865
2024-12-27 10:00:00,-0.05820166666666666,-0.05820166666666666
2024-12-27 10:30:00,-0.05134833333333333,-0.05134833333333333
2024-12-27 11:00:00,-0.04409166666666667,-0.04409166666666667
2024-12-27 11:30:00,-0.06319,-0.06319
2024-12-27 12:00:00,-0.06422166666666666,-0.06422166666666666
2024-12-27 12:30:00,-0.06328166666666667,-0.06328166666666667
2024-12-27 13:00:00,-0.05316666666666667,-0.05316666666666667
2024-12-27 13:30:00,-0.04093333333333333,-0.04093333333333333
2024-12-27 14:00:00,-0.015641666666666665,-0.015197083333333333
2024-12-27 14:30:00,-0.00011333333333333334,0.0013412500000000002
2024-12-27 15:00:00,0.016118333333333335,0.020147916666666668
2024-12-27 15:30:00,0.018799999999999997,0.024285833333333336
2024-12-27 16:00:00,0.02545,0.0318125
2024-12-27 16:30:00,0.05509833333333333,0.06887291666666666
2024-12-27 17:00:00,0.08180833333333333,0.10226041666666667
2024-12-27 17:30:00,0.09533166666666666,0.11916458333333334
2024-12-27 18:00:00,0.11447333333333333,0.14309166666666664
2024-12-27 18:30:00,0.10655666666666667,0.13319583333333332
2024-12-27 19:00:00,0.101435,0.12679375
2024-12-27 19:30:00,0.09375166666666666,0.11718958333333333
2024-12-27 20:00:00,0.08654166666666667,0.10817708333333333
2024-12-27 20:30:00,0.08126833333333333,0.10158541666666666
2024-12-27 21:00:00,0.08206333333333334,0.10257916666666667
2024-12-27 21:30:00,0.08345166666666666,0.10431458333333334
2024-12-27 22:00:00,0.090075,0.11259374999999999
2024-12-27 22:30:00,0.08953166666666668,0.11191458333333333
2024-12-27 23:00:00,0.08554666666666666,0.10693333333333332
2024-12-27 23:30:00,0.08521166666666667,0.10651458333333334
2024-12-28 00:00:00,0.08490333333333333,0.0636775
2024-12-28 00:30:00,0.08644166666666668,0.06483124999999999
2024-12-28 01:00:00,0.08402333333333334,0.06301749999999999
2024-12-28 01:30:00,0.08161333333333333,0.06121000000000001
2024-12-28 02:00:00,0.07963333333333333,0.059725
2024-12-28 02:30:00,0.07845333333333333,0.05884
2024-12-28 03:00:00,0.07887666666666666,0.0591575
2024-12-28 03:30:00,0.08012166666666666,0.060091250000000006
2024-12-28 04:00:00,0.093405,0.07005375
2024-12-28 04:30:00,0.09733166666666666,0.07299875
2024-12-28 05:00:00,0.10990166666666668,0.08242624999999999
2024-12-28 05:30:00,0.08979833333333333,0.06734875
2024-12-28 06:00:00,0.06346166666666667,0.04759625
2024-12-28 06:30:00,0.014441666666666665,0.010488333333333334
2024-12-28 07:00:00,-0.008061666666666667,-0.0088125
2024-12-28 07:30:00,-0.020756666666666666,-0.020756666666666666
2024-12-28 08:00:00,-0.004338333333333333,-0.006065833333333334
2024-12-28 08:30:00,-0.04121333333333333,-0.04121333333333333
2024-12-28 09:00:00,-0.04579833333333333,-0.04579833333333333
2024-12-28 09:30:00,-0.042006666666666664,-0.042006666666666664
2024-12-28 10:00:00,-0.036998333333333334,-0.036998333333333334
2024-12-28 10:30:00,-0.040275,-0.040275
2024-12-28 11:00:00,-0.021131666666666663,-0.021131666666666663
2024-12-28 11:30:00,0.002843333333333333,0.0018408333333333334
2024-12-28 12:00:00,0.020778333333333333,0.020778333333333333
2024-12-28 12:30:00,0.0075383333333333335,0.0075383333333333335
2024-12-28 13:00:00,0.007551666666666666,0.010321249999999999
2024-12-28 13:30:00,0.014308333333333333,0.018686666666666667
2024-12-28 14:00:00,0.012593333333333333,0.016439166666666668
2024-12-28 14:30:00,0.023223333333333332,0.029029166666666665
2024-12-28 15:00:00,0.01816833333333333,0.0233125
2024-12-28 15:30:00,0.05166833333333334,0.06458541666666667
2024-12-28 16:00:00,0.082065,0.10258125
2024-12-28 16:30:00,0.08948833333333334,0.11186041666666667
2024-12-28 17:00:00,0.08733666666666667,0.10917083333333333
2024-12-28 17:30:00,0.10204166666666666,0.12755208333333334
2024-12-28 18:00:00,0.12750333333333333,0.15937916666666666
2024-12-28 18:30:00,0.15481166666666665,0.19351458333333335
2024-12-28 19:00:00,0.14600333333333335,0.18250416666666666
2024-12-28 19:30:00,0.11319666666666667,0.14149583333333335
2024-12-28 20:00:00,0.10858666666666666,0.13573333333333334
2024-12-28 20:30:00,0.092285,0.11535625
2024-12-28 21:00:00,0.09732833333333334,0.12166041666666667
2024-12-28 21:30:00,0.08990166666666667,0.11237708333333334
2024-12-28 22:00:00,0.09908166666666667,0.12385208333333335
2024-12-28 22:30:00,0.09640666666666668,0.12050833333333333
2024-12-28 23:00:00,0.08450666666666667,0.10563333333333334
2024-12-28 23:30:00,0.10060166666666666,0.12575208333333335
2024-12-29 00:00:00,0.11447166666666665,0.08585375
2024-12-29 00:30:00,0.10124833333333333,0.07593625
2024-12-29 01:00:00,0.09415833333333334,0.07061875
2024-12-29 01:30:00,0.09665333333333333,0.07249
2024-12-29 02:00:00,0.08614333333333334,0.0646075
2024-12-29 02:30:00,0.07892833333333334,0.05919625
2024-12-29 03:00:00,0.07893833333333333,0.05920375
2024-12-29 03:30:00,0.07368999999999999,0.0552675
2024-12-29 04:00:00,0.069885,0.05241375
2024-12-29 04:30:00,0.06871833333333333,0.05153875
2024-12-29 05:00:00,0.06993,0.0524475
2024-12-29 05:30:00,0.048008333333333326,0.03600625
2024-12-29 06:00:00,0.019026666666666667,0.01427
2024-12-29 06:30:00,-0.03686166666666667,-0.03686166666666667
2024-12-29 07:00:00,-0.045288333333333326,-0.045288333333333326
2024-12-29 07:30:00,-0.042429999999999995,-0.042429999999999995
2024-12-29 08:00:00,-0.049308333333333336,-0.049308333333333336
2024-12-29 08:30:00,-0.05077333333333334,-0.05077333333333334
2024-12-29 09:00:00,-0.051705,-0.051705
2024-12-29 09:30:00,-0.053725,-0.053725
2024-12-29 10:00:00,-0.05032333333333333,-0.05032333333333333
2024-12-29 10:30:00,-0.04552166666666666,-0.04552166666666666
2024-12-29 11:00:00,-0.033058333333333335,-0.033058333333333335
2024-12-29 11:30:00,0.021065,0.01579875
2024-12-29 12:00:00,0.032815000000000004,0.032815000000000004
2024-12-29 12:30:00,0.045845,0.045845
2024-12-29 13:00:00,0.033626666666666666,0.04203333333333333
2024-12-29 13:30:00,0.061996666666666665,0.07749583333333333
2024-12-29 14:00:00,0.07107333333333334,0.08884166666666667
2024-12-29 14:30:00,0.08,0.10000000000000002
2024-12-29 15:00:00,0.06903666666666668,0.08629583333333334
2024-12-29 15:30:00,0.080875,0.10109375
2024-12-29 16:00:00,0.08435166666666667,0.10543958333333332
2024-12-29 16:30:00,0.08716333333333333,0.10895416666666667
2024-12-29 17:00:00,0.08,0.10000000000000002
2024-12-29 17:30:00,0.12231166666666665,0.15288958333333333
2024-12-29 18:00:00,0.162435,0.20304375
2024-12-29 18:30:00,0.16262833333333335,0.20328541666666666
2024-12-29 19:00:00,0.153145,0.19143125000000003
2024-12-29 19:30:00,0.13214833333333334,0.16518541666666667
2024-12-29 20:00:00,0.08871333333333332,0.11089166666666667
2024-12-29 20:30:00,0.08147,0.10183750000000001
2024-12-29 21:00:00,0.08380166666666666,0.10475208333333334
2024-12-29 21:30:00,0.09149166666666668,0.11436458333333334
2024-12-29 22:00:00,0.09973833333333333,0.12467291666666667
2024-12-29 22:30:00,0.11258833333333333,0.14073541666666667
2024-12-29 23:00:00,0.11287666666666667,0.14109583333333334
2024-12-29 23:30:00,0.09685166666666667,0.12106458333333332
2024-12-30 00:00:00,0.09682166666666665,0.07261625
2024-12-30 00:30:00,0.080955,0.06071625
2024-12-30 01:00:00,0.08037,0.060277500000000005
2024-12-30 01:30:00,0.057731666666666674,0.04329875
2024-12-30 02:00:00,0.03434666666666667,0.02576
2024-12-30 02:30:00,0.03495,0.0262125
2024-12-30 03:00:00,0.034341666666666666,0.025756249999999998
2024-12-30 03:30:00,0.034485,0.02586375
2024-12-30 04:00:00,0.033378333333333336,0.025033749999999997
2024-12-30 04:30:00,0.03495,0.0262125
2024-12-30 05:00:00,0.06069,0.045517499999999995
2024-12-30 05:30:00,0.07481166666666667,0.056108750000000006
2024-12-30 06:00:00,0.04668166666666667,0.03501125
2024-12-30 06:30:00,0.021961666666666668,0.01647125
2024-12-30 07:00:00,0.018431666666666666,0.013823750000000001
2024-12-30 07:30:00,0.03398,0.025484999999999997
2024-12-30 08:00:00,0.044285,0.03321375
2024-12-30 08:30:00,0.003185,0.002387916666666667
2024-12-30 09:00:00,0.019695,0.01477125
2024-12-30 09:30:00,0.02315333333333333,0.017365
2024-12-30 10:00:00,0.00019666666666666674,-0.0030191666666666665
2024-12-30 10:30:00,-0.023068333333333333,-0.023068333333333333
2024-12-30 11:00:00,0.004673333333333333,0.0026750000000000003
2024-12-30 11:30:00,0.022378333333333333,0.01678375
2024-12-30 12:00:00,0.020133333333333333,0.020133333333333333
2024-12-30 12:30:00,0.005718333333333333,0.005718333333333333
2024-12-30 13:00:00,0.008601666666666667,0.011063333333333333
2024-12-30 13:30:00,0.03315666666666667,0.041445833333333335
2024-12-30 14:00:00,0.007546666666666667,0.009808333333333334
2024-12-30 14:30:00,-0.0006899999999999996,5.500000000000065e-05
2024-12-30 15:00:00,0.008486666666666665,0.010954583333333332
2024-12-30 15:30:00,0.015685,0.01960625
2024-12-30 16:00:00,0.015063333333333331,0.018829166666666664
2024-12-30 16:30:00,0.031595,0.03949375
2024-12-30 17:00:00,0.032576666666666663,0.04072083333333334
2024-12-30 17:30:00,0.03435333333333333,0.04294166666666666
2024-12-30 18:00:00,0.03632333333333333,0.04540416666666667
2024-12-30 18:30:00,0.09820333333333335,0.12275416666666666
2024-12-30 19:00:00,0.09171166666666668,0.11463958333333334
2024-12-30 19:30:00,0.09180333333333333,0.11475416666666667
2024-12-30 20:00:00,0.092895,0.11611875
2024-12-30 20:30:00,0.10820333333333333,0.13525416666666665
2024-12-30 21:00:00,0.095835,0.11979374999999999
2024-12-30 21:30:00,0.102735,0.12841875
2024-12-30 22:00:00,0.11217166666666667,0.14021458333333334
2024-12-30 22:30:00,0.09884,0.12355
2024-12-30 23:00:00,0.09928333333333333,0.12410416666666667
2024-12-30 23:30:00,0.09471166666666668,0.11838958333333334
2024-12-31 00:00:00,0.09177333333333333,0.06883
2024-12-31 00:30:00,0.09427833333333334,0.07070875
2024-12-31 01:00:00,0.09294833333333334,0.06971125
2024-12-31 01:30:00,0.08090333333333334,0.060677499999999995
2024-12-31 02:00:00,0.07728499999999999,0.05796375
2024-12-31 02:30:00,0.07825666666666665,0.0586925
2024-12-31 03:00:00,0.08394,0.062955
2024-12-31 03:30:00,0.07929,0.0594675
2024-12-31 04:00:00,0.09443833333333333,0.07082875
2024-12-31 04:30:00,0.09197166666666667,0.06897875
2024-12-31 05:00:00,0.09579166666666666,0.07184375
2024-12-31 05:30:00,0.081775,0.061331250000000004
2024-12-31 06:00:00,0.0659,0.049425
2024-12-31 06:30:00,0.03210833333333333,0.02408125
2024-12-31 07:00:00,0.02451333333333333,0.018385000000000002
2024-12-31 07:30:00,0.022313333333333334,0.016735
2024-12-31 08:00:00,0.011403333333333333,0.008149166666666667
2024-12-31 08:30:00,-0.02858833333333333,-0.02896333333333333
2024-12-31 09:00:00,-0.032445,-0.032445
2024-12-31 09:30:00,-0.03634333333333333,-0.03634333333333333
2024-12-31 10:00:00,-0.04233,-0.04233
2024-12-31 10:30:00,-0.0399,-0.0399
2024-12-31 11:00:00,-0.035335,-0.035335
2024-12-31 11:30:00,-0.030366666666666667,-0.030366666666666667
2024-12-31 12:00:00,-0.026801666666666668,-0.026801666666666668
2024-12-31 12:30:00,-0.031648333333333334,-0.031648333333333334
2024-12-31 13:00:00,-0.038,-0.038
2024-12-31 13:30:00,-0.03916666666666666,-0.03916666666666666
2024-12-31 14:00:00,-0.035063333333333335,-0.035063333333333335
2024-12-31 14:30:00,-0.028811666666666666,-0.028811666666666666
2024-12-31 15:00:00,-0.034113333333333336,-0.034113333333333336
2024-12-31 15:30:00,-0.044254999999999996,-0.044254999999999996
2024-12-31 16:00:00,-0.044085000000000006,-0.044085000000000006
2024-12-31 16:30:00,-0.04100333333333333,-0.04100333333333333
2024-12-31 17:00:00,-0.037998333333333335,-0.037998333333333335
2024-12-31 17:30:00,-0.030006666666666668,-0.029634166666666666
2024-12-31 18:00:00,-0.01117,-0.010868333333333332
2024-12-31 18:30:00,0.00897,0.0112125
2024-12-31 19:00:00,0.018476666666666666,0.023095833333333333
2024-12-31 19:30:00,0.01342,0.016775
2024-12-31 20:00:00,0.020113333333333334,0.025141666666666663
2024-12-31 20:30:00,0.011671666666666665,0.014589583333333335
2024-12-31 21:00:00,0.00895,0.011187500000000001
2024-12-31 21:30:00,0.00894,0.011175
2024-12-31 22:00:00,0.01905,0.0238125
2024-12-31 22:30:00,0.010668333333333333,0.013335416666666667
2024-12-31 23:00:00,0.02244666666666667,0.028058333333333334
2024-12-31 23:30:00,0.032913333333333336,0.04114166666666667
