Datetime,Generation
2018-01-01 00:00:00+10:00,0.0
2018-01-01 00:30:00+10:00,0.0
2018-01-01 01:00:00+10:00,0.0
2018-01-01 01:30:00+10:00,0.0
2018-01-01 02:00:00+10:00,0.0
2018-01-01 02:30:00+10:00,0.0
2018-01-01 03:00:00+10:00,0.0
2018-01-01 03:30:00+10:00,0.0
2018-01-01 04:00:00+10:00,0.0
2018-01-01 04:30:00+10:00,0.0
2018-01-01 05:00:00+10:00,0.0
2018-01-01 05:30:00+10:00,0.0
2018-01-01 06:00:00+10:00,4.443612181194178
2018-01-01 06:30:00+10:00,11.016225540162445
2018-01-01 07:00:00+10:00,18.16683342010158
2018-01-01 07:30:00+10:00,25.321130246787916
2018-01-01 08:00:00+10:00,32.13863137725367
2018-01-01 08:30:00+10:00,38.409038691958344
2018-01-01 09:00:00+10:00,44.000751468761585
2018-01-01 09:30:00+10:00,48.83212367082114
2018-01-01 10:00:00+10:00,52.85629004221243
2018-01-01 10:30:00+10:00,56.048580623796425
2018-01-01 11:00:00+10:00,58.39860815863086
2018-01-01 11:30:00+10:00,59.904236676960544
2018-01-01 12:00:00+10:00,60.56596289949954
2018-01-01 12:30:00+10:00,60.38501369922065
2018-01-01 13:00:00+10:00,59.360384680374814
2018-01-01 13:30:00+10:00,57.4914253537106
2018-01-01 14:00:00+10:00,54.77810269061474
2018-01-01 14:30:00+10:00,51.22541963161231
2018-01-01 15:00:00+10:00,46.84870539762648
2018-01-01 15:30:00+10:00,41.680819384537934
2018-01-01 16:00:00+10:00,35.78215822847374
2018-01-01 16:30:00+10:00,29.25284924182489
2018-01-01 17:00:00+10:00,22.2545044508263
2018-01-01 17:30:00+10:00,15.045142135695189
2018-01-01 18:00:00+10:00,8.050364536546175
2018-01-01 18:30:00+10:00,1.9937594188074255
2018-01-01 19:00:00+10:00,0.0
2018-01-01 19:30:00+10:00,0.0
2018-01-01 20:00:00+10:00,0.0
2018-01-01 20:30:00+10:00,0.0
2018-01-01 21:00:00+10:00,0.0
2018-01-01 21:30:00+10:00,0.0
2018-01-01 22:00:00+10:00,0.0
2018-01-01 22:30:00+10:00,0.0
2018-01-01 23:00:00+10:00,0.0
2018-01-01 23:30:00+10:00,0.0
2018-01-02 00:00:00+10:00,0.0
2018-01-02 00:30:00+10:00,0.0
2018-01-02 01:00:00+10:00,0.0
2018-01-02 01:30:00+10:00,0.0
2018-01-02 02:00:00+10:00,0.0
2018-01-02 02:30:00+10:00,0.0
2018-01-02 03:00:00+10:00,0.0
2018-01-02 03:30:00+10:00,0.0
2018-01-02 04:00:00+10:00,0.0
2018-01-02 04:30:00+10:00,0.0
2018-01-02 05:00:00+10:00,0.0
2018-01-02 05:30:00+10:00,0.0
2018-01-02 06:00:00+10:00,4.911697779263564
2018-01-02 06:30:00+10:00,12.214393583342154
2018-01-02 07:00:00+10:00,20.140818604772026
2018-01-02 07:30:00+10:00,28.040052229365504
2018-01-02 08:00:00+10:00,35.53268666598211
2018-01-02 08:30:00+10:00,42.390142781120694
2018-01-02 09:00:00+10:00,48.475053363079304
2018-01-02 09:30:00+10:00,53.707921250575666
2018-01-02 10:00:00+10:00,58.04812947506173
2018-01-02 10:30:00+10:00,61.47893472627788
2018-01-02 11:00:00+10:00,64.00010045744953
2018-01-02 11:30:00+10:00,65.61620863116767
2018-01-02 12:00:00+10:00,66.33300064369175
2018-01-02 12:30:00+10:00,66.15476561028795
2018-01-02 13:00:00+10:00,65.07964999422853
2018-01-02 13:30:00+10:00,63.103475451589176
2018-01-02 14:00:00+10:00,60.21952233758405
2018-01-02 14:30:00+10:00,56.424130503301306
2018-01-02 15:00:00+10:00,51.72316904265502
2018-01-02 15:30:00+10:00,46.141763106550826
2018-01-02 16:00:00+10:00,39.73324395412543
2018-01-02 16:30:00+10:00,32.59753483825492
2018-01-02 17:00:00+10:00,24.903613225742866
2018-01-02 17:30:00+10:00,16.93098407800019
2018-01-02 18:00:00+10:00,9.150327056325905
2018-01-02 18:30:00+10:00,2.3717496877566804
2018-01-02 19:00:00+10:00,0.0
2018-01-02 19:30:00+10:00,0.0
2018-01-02 20:00:00+10:00,0.0
2018-01-02 20:30:00+10:00,0.0
2018-01-02 21:00:00+10:00,0.0
2018-01-02 21:30:00+10:00,0.0
2018-01-02 22:00:00+10:00,0.0
2018-01-02 22:30:00+10:00,0.0
2018-01-02 23:00:00+10:00,0.0
2018-01-02 23:30:00+10:00,0.0
2018-01-03 00:00:00+10:00,0.0
2018-01-03 00:30:00+10:00,0.0
2018-01-03 01:00:00+10:00,0.0
2018-01-03 01:30:00+10:00,0.0
2018-01-03 02:00:00+10:00,0.0
2018-01-03 02:30:00+10:00,0.0
2018-01-03 03:00:00+10:00,0.0
2018-01-03 03:30:00+10:00,0.0
2018-01-03 04:00:00+10:00,0.0
2018-01-03 04:30:00+10:00,0.0
2018-01-03 05:00:00+10:00,0.0
2018-01-03 05:30:00+10:00,0.0
2018-01-03 06:00:00+10:00,5.161490630662157
2018-01-03 06:30:00+10:00,12.947858926741157
2018-01-03 07:00:00+10:00,21.387470217202516
2018-01-03 07:30:00+10:00,29.76767377537548
2018-01-03 08:00:00+10:00,37.679714664501816
2018-01-03 08:30:00+10:00,44.88410868842433
2018-01-03 09:00:00+10:00,51.24320679352286
2018-01-03 09:30:00+10:00,56.68354613465748
2018-01-03 10:00:00+10:00,61.174753761782476
2018-01-03 10:30:00+10:00,64.7118896225793
2018-01-03 11:00:00+10:00,67.30356344744877
2018-01-03 11:30:00+10:00,68.9655163730417
2018-01-03 12:00:00+10:00,69.70927974909073
2018-01-03 12:30:00+10:00,69.54194627147957
2018-01-03 13:00:00+10:00,68.4617887922483
2018-01-03 13:30:00+10:00,66.45915815250704
2018-01-03 14:00:00+10:00,63.520962717220456
2018-01-03 14:30:00+10:00,59.63252426934746
2018-01-03 15:00:00+10:00,54.78902954011669
2018-01-03 15:30:00+10:00,49.00315595743386
2018-01-03 16:00:00+10:00,42.3184341050155
2018-01-03 16:30:00+10:00,34.82886489024137
2018-01-03 17:00:00+10:00,26.704334309985427
2018-01-03 17:30:00+10:00,18.23664462021092
2018-01-03 18:00:00+10:00,9.927802239619293
2018-01-03 18:30:00+10:00,2.6536950408142768
2018-01-03 19:00:00+10:00,0.0
2018-01-03 19:30:00+10:00,0.0
2018-01-03 20:00:00+10:00,0.0
2018-01-03 20:30:00+10:00,0.0
2018-01-03 21:00:00+10:00,0.0
2018-01-03 21:30:00+10:00,0.0
2018-01-03 22:00:00+10:00,0.0
2018-01-03 22:30:00+10:00,0.0
2018-01-03 23:00:00+10:00,0.0
2018-01-03 23:30:00+10:00,0.0
2018-01-04 00:00:00+10:00,0.0
2018-01-04 00:30:00+10:00,0.0
2018-01-04 01:00:00+10:00,0.0
2018-01-04 01:30:00+10:00,0.0
2018-01-04 02:00:00+10:00,0.0
2018-01-04 02:30:00+10:00,0.0
2018-01-04 03:00:00+10:00,0.0
2018-01-04 03:30:00+10:00,0.0
2018-01-04 04:00:00+10:00,0.0
2018-01-04 04:30:00+10:00,0.0
2018-01-04 05:00:00+10:00,0.0
2018-01-04 05:30:00+10:00,0.0
2018-01-04 06:00:00+10:00,4.419568663180244
2018-01-04 06:30:00+10:00,11.438786478845287
2018-01-04 07:00:00+10:00,19.10662792799705
2018-01-04 07:30:00+10:00,26.77160189465534
2018-01-04 08:00:00+10:00,34.05526036397094
2018-01-04 08:30:00+10:00,40.730494939898335
2018-01-04 09:00:00+10:00,46.660491863361145
2018-01-04 09:30:00+10:00,51.76591853690243
2018-01-04 10:00:00+10:00,56.00585516517419
2018-01-04 10:30:00+10:00,59.36442872956537
2018-01-04 11:00:00+10:00,61.83887651920282
2018-01-04 11:30:00+10:00,63.43503513784481
2018-01-04 12:00:00+10:00,64.1578509203063
2018-01-04 12:30:00+10:00,64.01165915768952
2018-01-04 13:00:00+10:00,62.99477055092271
2018-01-04 13:30:00+10:00,61.103247736958345
2018-01-04 14:00:00+10:00,58.330196883491716
2018-01-04 14:30:00+10:00,54.67301014846965
2018-01-04 15:00:00+10:00,50.1370223435608
2018-01-04 15:30:00+10:00,44.74515257154406
2018-01-04 16:00:00+10:00,38.5496812297258
2018-01-04 16:30:00+10:00,31.64636457499026
2018-01-04 17:00:00+10:00,24.19796994334431
2018-01-04 17:30:00+10:00,16.47413398965984
2018-01-04 18:00:00+10:00,8.929437384518543
2018-01-04 18:30:00+10:00,2.3494685092992316
2018-01-04 19:00:00+10:00,0.0
2018-01-04 19:30:00+10:00,0.0
2018-01-04 20:00:00+10:00,0.0
2018-01-04 20:30:00+10:00,0.0
2018-01-04 21:00:00+10:00,0.0
2018-01-04 21:30:00+10:00,0.0
2018-01-04 22:00:00+10:00,0.0
2018-01-04 22:30:00+10:00,0.0
2018-01-04 23:00:00+10:00,0.0
2018-01-04 23:30:00+10:00,0.0
2018-01-05 00:00:00+10:00,0.0
2018-01-05 00:30:00+10:00,0.0
2018-01-05 01:00:00+10:00,0.0
2018-01-05 01:30:00+10:00,0.0
2018-01-05 02:00:00+10:00,0.0
2018-01-05 02:30:00+10:00,0.0
2018-01-05 03:00:00+10:00,0.0
2018-01-05 03:30:00+10:00,0.0
2018-01-05 04:00:00+10:00,0.0
2018-01-05 04:30:00+10:00,0.0
2018-01-05 05:00:00+10:00,0.0
2018-01-05 05:30:00+10:00,0.0
2018-01-05 06:00:00+10:00,4.034374965086951
2018-01-05 06:30:00+10:00,10.729345173260462
2018-01-05 07:00:00+10:00,18.083572366575424
2018-01-05 07:30:00+10:00,25.468566852798713
2018-01-05 08:00:00+10:00,32.51708659872944
2018-01-05 08:30:00+10:00,39.00530013381858
2018-01-05 09:00:00+10:00,44.794530684764496
2018-01-05 09:30:00+10:00,49.80049538547697
2018-01-05 10:00:00+10:00,53.97587141799291
2018-01-05 10:30:00+10:00,57.29604199147177
2018-01-05 11:00:00+10:00,59.75266239457267
2018-01-05 11:30:00+10:00,61.34475214112862
2018-01-05 12:00:00+10:00,62.073953327277046
2018-01-05 12:30:00+10:00,61.94164234306695
2018-01-05 13:00:00+10:00,60.94825434001169
2018-01-05 13:30:00+10:00,59.09040671989092
2018-01-05 14:00:00+10:00,56.36802354906257
2018-01-05 14:30:00+10:00,52.78305767246967
2018-01-05 15:00:00+10:00,48.347869861160994
2018-01-05 15:30:00+10:00,43.09266550782907
2018-01-05 16:00:00+10:00,37.074718016816576
2018-01-05 16:30:00+10:00,30.39270700185959
2018-01-05 17:00:00+10:00,23.20724524667166
2018-01-05 17:30:00+10:00,15.77850469613034
2018-01-05 18:00:00+10:00,8.539278905804851
2018-01-05 18:30:00+10:00,2.2342286832780873
2018-01-05 19:00:00+10:00,0.0
2018-01-05 19:30:00+10:00,0.0
2018-01-05 20:00:00+10:00,0.0
2018-01-05 20:30:00+10:00,0.0
2018-01-05 21:00:00+10:00,0.0
2018-01-05 21:30:00+10:00,0.0
2018-01-05 22:00:00+10:00,0.0
2018-01-05 22:30:00+10:00,0.0
2018-01-05 23:00:00+10:00,0.0
2018-01-05 23:30:00+10:00,0.0
2018-01-06 00:00:00+10:00,0.0
2018-01-06 00:30:00+10:00,0.0
2018-01-06 01:00:00+10:00,0.0
2018-01-06 01:30:00+10:00,0.0
2018-01-06 02:00:00+10:00,0.0
2018-01-06 02:30:00+10:00,0.0
2018-01-06 03:00:00+10:00,0.0
2018-01-06 03:30:00+10:00,0.0
2018-01-06 04:00:00+10:00,0.0
2018-01-06 04:30:00+10:00,0.0
2018-01-06 05:00:00+10:00,0.0
2018-01-06 05:30:00+10:00,0.0
2018-01-06 06:00:00+10:00,4.339711600636623
2018-01-06 06:30:00+10:00,11.632974383435625
2018-01-06 07:00:00+10:00,19.63359105403378
2018-01-06 07:30:00+10:00,27.640178102342862
2018-01-06 08:00:00+10:00,35.2488290538834
2018-01-06 08:30:00+10:00,42.21982220494379
2018-01-06 09:00:00+10:00,48.409899202990196
2018-01-06 09:30:00+10:00,53.73785361397353
2018-01-06 10:00:00+10:00,58.16272291678949
2018-01-06 10:30:00+10:00,61.66956427276863
2018-01-06 11:00:00+10:00,64.25842303537473
2018-01-06 11:30:00+10:00,65.93680527016336
2018-01-06 12:00:00+10:00,66.71122079790268
2018-01-06 12:30:00+10:00,66.58636717694849
2018-01-06 13:00:00+10:00,65.5620114861998
2018-01-06 13:30:00+10:00,63.63183935356499
2018-01-06 14:00:00+10:00,60.78771005325411
2018-01-06 14:30:00+10:00,57.02451926538197
2018-01-06 15:00:00+10:00,52.34503701377216
2018-01-06 15:30:00+10:00,46.769966568489856
2018-01-06 16:00:00+10:00,40.349266844371044
2018-01-06 16:30:00+10:00,33.1791661117931
2018-01-06 17:00:00+10:00,25.425045252894396
2018-01-06 17:30:00+10:00,17.36415384328999
2018-01-06 18:00:00+10:00,9.467453052741847
2018-01-06 18:30:00+10:00,2.555957713607973
2018-01-06 19:00:00+10:00,0.0
2018-01-06 19:30:00+10:00,0.0
2018-01-06 20:00:00+10:00,0.0
2018-01-06 20:30:00+10:00,0.0
2018-01-06 21:00:00+10:00,0.0
2018-01-06 21:30:00+10:00,0.0
2018-01-06 22:00:00+10:00,0.0
2018-01-06 22:30:00+10:00,0.0
2018-01-06 23:00:00+10:00,0.0
2018-01-06 23:30:00+10:00,0.0
2018-01-07 00:00:00+10:00,0.0
2018-01-07 00:30:00+10:00,0.0
2018-01-07 01:00:00+10:00,0.0
2018-01-07 01:30:00+10:00,0.0
2018-01-07 02:00:00+10:00,0.0
2018-01-07 02:30:00+10:00,0.0
2018-01-07 03:00:00+10:00,0.0
2018-01-07 03:30:00+10:00,0.0
2018-01-07 04:00:00+10:00,0.0
2018-01-07 04:30:00+10:00,0.0
2018-01-07 05:00:00+10:00,0.0
2018-01-07 05:30:00+10:00,0.0
2018-01-07 06:00:00+10:00,3.5815929964228617
2018-01-07 06:30:00+10:00,9.999769219031725
2018-01-07 07:00:00+10:00,17.101535443154592
2018-01-07 07:30:00+10:00,24.260084840991748
2018-01-07 08:00:00+10:00,31.110225867673343
2018-01-07 08:30:00+10:00,37.429276689359796
2018-01-07 09:00:00+10:00,43.078545946005804
2018-01-07 09:30:00+10:00,47.97327380874313
2018-01-07 10:00:00+10:00,52.0636979712503
2018-01-07 10:30:00+10:00,55.32464561767958
2018-01-07 11:00:00+10:00,57.74528865478549
2018-01-07 11:30:00+10:00,59.32344972490735
2018-01-07 12:00:00+10:00,60.059920688151244
2018-01-07 12:30:00+10:00,59.95531131701771
2018-01-07 13:00:00+10:00,59.00982608281874
2018-01-07 13:30:00+10:00,57.22213167004
2018-01-07 14:00:00+10:00,54.59126043950572
2018-01-07 14:30:00+10:00,51.1214096983548
2018-01-07 15:00:00+10:00,46.826113586379854
2018-01-07 15:30:00+10:00,41.735766089168415
2018-01-07 16:00:00+10:00,35.90679497947147
2018-01-07 16:30:00+10:00,29.43567704999609
2018-01-07 17:00:00+10:00,22.478512798021637
2018-01-07 17:30:00+10:00,15.286762781861235
2018-01-07 18:00:00+10:00,8.278263871436632
2018-01-07 18:30:00+10:00,2.174428619739416
2018-01-07 19:00:00+10:00,0.0
2018-01-07 19:30:00+10:00,0.0
2018-01-07 20:00:00+10:00,0.0
2018-01-07 20:30:00+10:00,0.0
2018-01-07 21:00:00+10:00,0.0
2018-01-07 21:30:00+10:00,0.0
2018-01-07 22:00:00+10:00,0.0
2018-01-07 22:30:00+10:00,0.0
2018-01-07 23:00:00+10:00,0.0
2018-01-07 23:30:00+10:00,0.0
2018-01-08 00:00:00+10:00,0.0
2018-01-08 00:30:00+10:00,0.0
2018-01-08 01:00:00+10:00,0.0
2018-01-08 01:30:00+10:00,0.0
2018-01-08 02:00:00+10:00,0.0
2018-01-08 02:30:00+10:00,0.0
2018-01-08 03:00:00+10:00,0.0
2018-01-08 03:30:00+10:00,0.0
2018-01-08 04:00:00+10:00,0.0
2018-01-08 04:30:00+10:00,0.0
2018-01-08 05:00:00+10:00,0.0
2018-01-08 05:30:00+10:00,0.0
2018-01-08 06:00:00+10:00,3.794683706653565
2018-01-08 06:30:00+10:00,10.713282667049247
2018-01-08 07:00:00+10:00,18.36639782496705
2018-01-08 07:30:00+10:00,26.062213361616564
2018-01-08 08:00:00+10:00,33.40304632975252
2018-01-08 08:30:00+10:00,40.150859768401205
2018-01-08 09:00:00+10:00,46.16211408187732
2018-01-08 09:30:00+10:00,51.35236595612951
2018-01-08 10:00:00+10:00,55.67660627842661
2018-01-08 10:30:00+10:00,59.11551521838495
2018-01-08 11:00:00+10:00,61.66447981362485
2018-01-08 11:30:00+10:00,63.32731159854471
2018-01-08 12:00:00+10:00,64.10899052131006
2018-01-08 12:30:00+10:00,64.0121892242995
2018-01-08 13:00:00+10:00,63.03672547471281
2018-01-08 13:30:00+10:00,61.17926121417169
2018-01-08 14:00:00+10:00,58.43339878004841
2018-01-08 14:30:00+10:00,54.79769263411297
2018-01-08 15:00:00+10:00,50.278282426243514
2018-01-08 15:30:00+10:00,44.899442823736216
2018-01-08 16:00:00+10:00,38.713083621908496
2018-01-08 16:30:00+10:00,31.814544415172353
2018-01-08 17:00:00+10:00,24.36472451712924
2018-01-08 17:30:00+10:00,16.630005312722574
2018-01-08 18:00:00+10:00,9.060275034280766
2018-01-08 18:30:00+10:00,2.4416848273328537
2018-01-08 19:00:00+10:00,0.0
2018-01-08 19:30:00+10:00,0.0
2018-01-08 20:00:00+10:00,0.0
2018-01-08 20:30:00+10:00,0.0
2018-01-08 21:00:00+10:00,0.0
2018-01-08 21:30:00+10:00,0.0
2018-01-08 22:00:00+10:00,0.0
2018-01-08 22:30:00+10:00,0.0
2018-01-08 23:00:00+10:00,0.0
2018-01-08 23:30:00+10:00,0.0
2018-01-09 00:00:00+10:00,0.0
2018-01-09 00:30:00+10:00,0.0
2018-01-09 01:00:00+10:00,0.0
2018-01-09 01:30:00+10:00,0.0
2018-01-09 02:00:00+10:00,0.0
2018-01-09 02:30:00+10:00,0.0
2018-01-09 03:00:00+10:00,0.0
2018-01-09 03:30:00+10:00,0.0
2018-01-09 04:00:00+10:00,0.0
2018-01-09 04:30:00+10:00,0.0
2018-01-09 05:00:00+10:00,0.0
2018-01-09 05:30:00+10:00,0.0
2018-01-09 06:00:00+10:00,3.424646079175997
2018-01-09 06:30:00+10:00,10.002431685018461
2018-01-09 07:00:00+10:00,17.320448649904268
2018-01-09 07:30:00+10:00,24.712123319847464
2018-01-09 08:00:00+10:00,31.79190313075421
2018-01-09 08:30:00+10:00,38.32641281638706
2018-01-09 09:00:00+10:00,44.17096420022719
2018-01-09 09:30:00+10:00,49.23745272324286
2018-01-09 10:00:00+10:00,53.47473963134812
2018-01-09 10:30:00+10:00,56.85717816535588
2018-01-09 11:00:00+10:00,59.373709503142116
2018-01-09 11:30:00+10:00,61.02204953279809
2018-01-09 12:00:00+10:00,61.8044240700377
2018-01-09 12:30:00+10:00,61.721131532941364
2018-01-09 13:00:00+10:00,60.77242055924599
2018-01-09 13:30:00+10:00,58.956676411531774
2018-01-09 14:00:00+10:00,56.2726554056583
2018-01-09 14:30:00+10:00,52.72313176484816
2018-01-09 15:00:00+10:00,48.32197847731719
2018-01-09 15:30:00+10:00,43.09796890392245
2018-01-09 16:00:00+10:00,37.108512404308556
2018-01-09 16:30:00+10:00,30.45057963408595
2018-01-09 17:00:00+10:00,23.282974878819193
2018-01-09 17:30:00+10:00,15.862623265271184
2018-01-09 18:00:00+10:00,8.618324155055939
2018-01-09 18:30:00+10:00,2.296333478420484
2018-01-09 19:00:00+10:00,0.0
2018-01-09 19:30:00+10:00,0.0
2018-01-09 20:00:00+10:00,0.0
2018-01-09 20:30:00+10:00,0.0
2018-01-09 21:00:00+10:00,0.0
2018-01-09 21:30:00+10:00,0.0
2018-01-09 22:00:00+10:00,0.0
2018-01-09 22:30:00+10:00,0.0
2018-01-09 23:00:00+10:00,0.0
2018-01-09 23:30:00+10:00,0.0
2018-01-10 00:00:00+10:00,0.0
2018-01-10 00:30:00+10:00,0.0
2018-01-10 01:00:00+10:00,0.0
2018-01-10 01:30:00+10:00,0.0
2018-01-10 02:00:00+10:00,0.0
2018-01-10 02:30:00+10:00,0.0
2018-01-10 03:00:00+10:00,0.0
2018-01-10 03:30:00+10:00,0.0
2018-01-10 04:00:00+10:00,0.0
2018-01-10 04:30:00+10:00,0.0
2018-01-10 05:00:00+10:00,0.0
2018-01-10 05:30:00+10:00,0.0
2018-01-10 06:00:00+10:00,3.239004099644708
2018-01-10 06:30:00+10:00,9.731550470722462
2018-01-10 07:00:00+10:00,16.980942378370983
2018-01-10 07:30:00+10:00,24.3098840627868
2018-01-10 08:00:00+10:00,31.329182773166064
2018-01-10 08:30:00+10:00,37.80489124361274
2018-01-10 09:00:00+10:00,43.593279809986825
2018-01-10 09:30:00+10:00,48.60796958824678
2018-01-10 10:00:00+10:00,52.800316663535995
2018-01-10 10:30:00+10:00,56.1458791319544
2018-01-10 11:00:00+10:00,58.63635852358202
2018-01-10 11:30:00+10:00,60.27097893484626
2018-01-10 12:00:00+10:00,61.05215345380424
2018-01-10 12:30:00+10:00,60.98226473446169
2018-01-10 13:00:00+10:00,60.060459953931215
2018-01-10 13:30:00+10:00,58.28473642687403
2018-01-10 14:00:00+10:00,55.6523896366768
2018-01-10 14:30:00+10:00,52.165196179169726
2018-01-10 15:00:00+10:00,47.83355174321711
2018-01-10 15:30:00+10:00,42.684406378294284
2018-01-10 16:00:00+10:00,36.77159243412297
2018-01-10 16:30:00+10:00,30.189621308784815
2018-01-10 17:00:00+10:00,23.094077474012053
2018-01-10 17:30:00+10:00,15.739406825892482
2018-01-10 18:00:00+10:00,8.552790574921296
2018-01-10 18:30:00+10:00,2.2810267878239094
2018-01-10 19:00:00+10:00,0.0
2018-01-10 19:30:00+10:00,0.0
2018-01-10 20:00:00+10:00,0.0
2018-01-10 20:30:00+10:00,0.0
2018-01-10 21:00:00+10:00,0.0
2018-01-10 21:30:00+10:00,0.0
2018-01-10 22:00:00+10:00,0.0
2018-01-10 22:30:00+10:00,0.0
2018-01-10 23:00:00+10:00,0.0
2018-01-10 23:30:00+10:00,0.0
2018-01-11 00:00:00+10:00,0.0
2018-01-11 00:30:00+10:00,0.0
2018-01-11 01:00:00+10:00,0.0
2018-01-11 01:30:00+10:00,0.0
2018-01-11 02:00:00+10:00,0.0
2018-01-11 02:30:00+10:00,0.0
2018-01-11 03:00:00+10:00,0.0
2018-01-11 03:30:00+10:00,0.0
2018-01-11 04:00:00+10:00,0.0
2018-01-11 04:30:00+10:00,0.0
2018-01-11 05:00:00+10:00,0.0
2018-01-11 05:30:00+10:00,0.0
2018-01-11 06:00:00+10:00,3.262477216327385
2018-01-11 06:30:00+10:00,10.006398477038019
2018-01-11 07:00:00+10:00,17.54800089119891
2018-01-11 07:30:00+10:00,25.1658243312965
2018-01-11 08:00:00+10:00,32.448863412625116
2018-01-11 08:30:00+10:00,39.15366562779537
2018-01-11 09:00:00+10:00,45.13345404013466
2018-01-11 09:30:00+10:00,50.30266360451987
2018-01-11 10:00:00+10:00,54.61548657212993
2018-01-11 10:30:00+10:00,58.05255694051489
2018-01-11 11:00:00+10:00,60.60926999827537
2018-01-11 11:30:00+10:00,62.28900624858385
2018-01-11 12:00:00+10:00,63.09717237945349
2018-01-11 12:30:00+10:00,63.037665540250565
2018-01-11 13:00:00+10:00,62.108976110716654
2018-01-11 13:30:00+10:00,60.307967029968836
2018-01-11 14:00:00+10:00,57.629096618859954
2018-01-11 14:30:00+10:00,54.069353444583236
2018-01-11 15:00:00+10:00,49.63443340601971
2018-01-11 15:30:00+10:00,44.34676276278976
2018-01-11 16:00:00+10:00,38.25640935552173
2018-01-11 16:30:00+10:00,31.455738478792984
2018-01-11 17:00:00+10:00,24.10238647013777
2018-01-11 17:30:00+10:00,16.458300779779524
2018-01-11 18:00:00+10:00,8.968977160106489
2018-01-11 18:30:00+10:00,2.4197250723395194
2018-01-11 19:00:00+10:00,0.0
2018-01-11 19:30:00+10:00,0.0
2018-01-11 20:00:00+10:00,0.0
2018-01-11 20:30:00+10:00,0.0
2018-01-11 21:00:00+10:00,0.0
2018-01-11 21:30:00+10:00,0.0
2018-01-11 22:00:00+10:00,0.0
2018-01-11 22:30:00+10:00,0.0
2018-01-11 23:00:00+10:00,0.0
2018-01-11 23:30:00+10:00,0.0
2018-01-12 00:00:00+10:00,0.0
2018-01-12 00:30:00+10:00,0.0
2018-01-12 01:00:00+10:00,0.0
2018-01-12 01:30:00+10:00,0.0
2018-01-12 02:00:00+10:00,0.0
2018-01-12 02:30:00+10:00,0.0
2018-01-12 03:00:00+10:00,0.0
2018-01-12 03:30:00+10:00,0.0
2018-01-12 04:00:00+10:00,0.0
2018-01-12 04:30:00+10:00,0.0
2018-01-12 05:00:00+10:00,0.0
2018-01-12 05:30:00+10:00,0.0
2018-01-12 06:00:00+10:00,2.965124635620922
2018-01-12 06:30:00+10:00,9.44665530568538
2018-01-12 07:00:00+10:00,16.73491643621114
2018-01-12 07:30:00+10:00,24.125901300916446
2018-01-12 08:00:00+10:00,31.217376262853435
2018-01-12 08:30:00+10:00,37.76845370546391
2018-01-12 09:00:00+10:00,43.63109735277958
2018-01-12 09:30:00+10:00,48.716271803374845
2018-01-12 10:00:00+10:00,52.973107537240615
2018-01-12 10:30:00+10:00,56.376487907323366
2018-01-12 11:00:00+10:00,58.91620194447377
2018-01-12 11:30:00+10:00,60.59105274773402
2018-01-12 12:00:00+10:00,61.40334834786012
2018-01-12 12:30:00+10:00,61.35492388587499
2018-01-12 13:00:00+10:00,60.44560274747401
2018-01-12 13:30:00+10:00,58.67330633677143
2018-01-12 14:00:00+10:00,56.03578076923387
2018-01-12 14:30:00+10:00,52.5346542887238
2018-01-12 15:00:00+10:00,48.18075254022469
2018-01-12 15:30:00+10:00,43.001721163106275
2018-01-12 16:00:00+10:00,37.05183998106503
2018-01-12 16:30:00+10:00,30.425449265629638
2018-01-12 17:00:00+10:00,23.279037255635558
2018-01-12 17:30:00+10:00,15.867887255238596
2018-01-12 18:00:00+10:00,8.62183156901354
2018-01-12 18:30:00+10:00,2.2974678280045935
2018-01-12 19:00:00+10:00,0.0
2018-01-12 19:30:00+10:00,0.0
2018-01-12 20:00:00+10:00,0.0
2018-01-12 20:30:00+10:00,0.0
2018-01-12 21:00:00+10:00,0.0
2018-01-12 21:30:00+10:00,0.0
2018-01-12 22:00:00+10:00,0.0
2018-01-12 22:30:00+10:00,0.0
2018-01-12 23:00:00+10:00,0.0
2018-01-12 23:30:00+10:00,0.0
2018-01-13 00:00:00+10:00,0.0
2018-01-13 00:30:00+10:00,0.0
2018-01-13 01:00:00+10:00,0.0
2018-01-13 01:30:00+10:00,0.0
2018-01-13 02:00:00+10:00,0.0
2018-01-13 02:30:00+10:00,0.0
2018-01-13 03:00:00+10:00,0.0
2018-01-13 03:30:00+10:00,0.0
2018-01-13 04:00:00+10:00,0.0
2018-01-13 04:30:00+10:00,0.0
2018-01-13 05:00:00+10:00,0.0
2018-01-13 05:30:00+10:00,0.0
2018-01-13 06:00:00+10:00,1.7871760993153136
2018-01-13 06:30:00+10:00,6.4132875233491635
2018-01-13 07:00:00+10:00,11.701225327874107
2018-01-13 07:30:00+10:00,17.140827596804186
2018-01-13 08:00:00+10:00,22.43223634766111
2018-01-13 08:30:00+10:00,27.38737772397974
2018-01-13 09:00:00+10:00,31.88126475503311
2018-01-13 09:30:00+10:00,35.82897710814317
2018-01-13 10:00:00+10:00,39.173200818189024
2018-01-13 10:30:00+10:00,41.875400954180684
2018-01-13 11:00:00+10:00,43.91091065191357
2018-01-13 11:30:00+10:00,45.26461891912078
2018-01-13 12:00:00+10:00,45.92819954722234
2018-01-13 12:30:00+10:00,45.89789518337329
2018-01-13 13:00:00+10:00,45.173784839656406
2018-01-13 13:30:00+10:00,43.75987588573389
2018-01-13 14:00:00+10:00,41.664772601678635
2018-01-13 14:30:00+10:00,38.90432847535615
2018-01-13 15:00:00+10:00,35.5038716439112
2018-01-13 15:30:00+10:00,31.503156797199495
2018-01-13 16:00:00+10:00,26.961530772768498
2018-01-13 16:30:00+10:00,21.966759492817847
2018-01-13 17:00:00+10:00,16.64826250267566
2018-01-13 17:30:00+10:00,11.202091926059506
2018-01-13 18:00:00+10:00,5.943150811129309
2018-01-13 18:30:00+10:00,1.4124322650913808
2018-01-13 19:00:00+10:00,0.0
2018-01-13 19:30:00+10:00,0.0
2018-01-13 20:00:00+10:00,0.0
2018-01-13 20:30:00+10:00,0.0
2018-01-13 21:00:00+10:00,0.0
2018-01-13 21:30:00+10:00,0.0
2018-01-13 22:00:00+10:00,0.0
2018-01-13 22:30:00+10:00,0.0
2018-01-13 23:00:00+10:00,0.0
2018-01-13 23:30:00+10:00,0.0
2018-01-14 00:00:00+10:00,0.0
2018-01-14 00:30:00+10:00,0.0
2018-01-14 01:00:00+10:00,0.0
2018-01-14 01:30:00+10:00,0.0
2018-01-14 02:00:00+10:00,0.0
2018-01-14 02:30:00+10:00,0.0
2018-01-14 03:00:00+10:00,0.0
2018-01-14 03:30:00+10:00,0.0
2018-01-14 04:00:00+10:00,0.0
2018-01-14 04:30:00+10:00,0.0
2018-01-14 05:00:00+10:00,0.0
2018-01-14 05:30:00+10:00,0.0
2018-01-14 06:00:00+10:00,2.5313468256391616
2018-01-14 06:30:00+10:00,8.72396652229851
2018-01-14 07:00:00+10:00,15.756007873239819
2018-01-14 07:30:00+10:00,22.921100158414493
2018-01-14 08:00:00+10:00,29.817581626400635
2018-01-14 08:30:00+10:00,36.20531234621621
2018-01-14 09:00:00+10:00,41.93565232147501
2018-01-14 09:30:00+10:00,46.91739337248107
2018-01-14 10:00:00+10:00,51.09804527955324
2018-01-14 10:30:00+10:00,54.44850009905052
2018-01-14 11:00:00+10:00,56.957091643373204
2018-01-14 11:30:00+10:00,58.620377264575374
2018-01-14 12:00:00+10:00,59.438246161124354
2018-01-14 12:30:00+10:00,59.41216410261683
2018-01-14 13:00:00+10:00,58.54202955001543
2018-01-14 13:30:00+10:00,56.8266071113541
2018-01-14 14:00:00+10:00,54.265049322809865
2018-01-14 14:30:00+10:00,50.86104978980364
2018-01-14 15:00:00+10:00,46.62805205399664
2018-01-14 15:30:00+10:00,41.594900628688066
2018-01-14 16:00:00+10:00,35.81649135472287
2018-01-14 16:30:00+10:00,29.386666812610578
2018-01-14 17:00:00+10:00,22.458600796262655
2018-01-14 17:30:00+10:00,15.280467714026535
2018-01-14 18:00:00+10:00,8.270077949424993
2018-01-14 18:30:00+10:00,2.164795779482432
2018-01-14 19:00:00+10:00,0.0
2018-01-14 19:30:00+10:00,0.0
2018-01-14 20:00:00+10:00,0.0
2018-01-14 20:30:00+10:00,0.0
2018-01-14 21:00:00+10:00,0.0
2018-01-14 21:30:00+10:00,0.0
2018-01-14 22:00:00+10:00,0.0
2018-01-14 22:30:00+10:00,0.0
2018-01-14 23:00:00+10:00,0.0
2018-01-14 23:30:00+10:00,0.0
2018-01-15 00:00:00+10:00,0.0
2018-01-15 00:30:00+10:00,0.0
2018-01-15 01:00:00+10:00,0.0
2018-01-15 01:30:00+10:00,0.0
2018-01-15 02:00:00+10:00,0.0
2018-01-15 02:30:00+10:00,0.0
2018-01-15 03:00:00+10:00,0.0
2018-01-15 03:30:00+10:00,0.0
2018-01-15 04:00:00+10:00,0.0
2018-01-15 04:30:00+10:00,0.0
2018-01-15 05:00:00+10:00,0.0
2018-01-15 05:30:00+10:00,0.0
2018-01-15 06:00:00+10:00,2.363923069513441
2018-01-15 06:30:00+10:00,8.482249163935892
2018-01-15 07:00:00+10:00,15.461468526364165
2018-01-15 07:30:00+10:00,22.58475078742668
2018-01-15 08:00:00+10:00,29.44639187360571
2018-01-15 08:30:00+10:00,35.804503272867805
2018-01-15 09:00:00+10:00,41.51009765073191
2018-01-15 09:30:00+10:00,46.472231368721104
2018-01-15 10:00:00+10:00,50.637324172202284
2018-01-15 10:30:00+10:00,53.97735695214628
2018-01-15 11:00:00+10:00,56.480521023826114
2018-01-15 11:30:00+10:00,58.14349102042129
2018-01-15 12:00:00+10:00,58.96630062265172
2018-01-15 12:30:00+10:00,58.95046841409961
2018-01-15 13:00:00+10:00,58.09589604794911
2018-01-15 13:30:00+10:00,56.40127024968792
2018-01-15 14:00:00+10:00,53.865622923788145
2018-01-15 14:30:00+10:00,50.49254250541314
2018-01-15 15:00:00+10:00,46.29433422858018
2018-01-15 15:30:00+10:00,41.299902621607984
2018-01-15 16:00:00+10:00,35.563163432070674
2018-01-15 16:30:00+10:00,29.17701551498731
2018-01-15 17:00:00+10:00,22.293298832244375
2018-01-15 17:30:00+10:00,15.159151981538793
2018-01-15 18:00:00+10:00,8.19115345666371
2018-01-15 18:30:00+10:00,2.127816094669279
2018-01-15 19:00:00+10:00,0.0
2018-01-15 19:30:00+10:00,0.0
2018-01-15 20:00:00+10:00,0.0
2018-01-15 20:30:00+10:00,0.0
2018-01-15 21:00:00+10:00,0.0
2018-01-15 21:30:00+10:00,0.0
2018-01-15 22:00:00+10:00,0.0
2018-01-15 22:30:00+10:00,0.0
2018-01-15 23:00:00+10:00,0.0
2018-01-15 23:30:00+10:00,0.0
2018-01-16 00:00:00+10:00,0.0
2018-01-16 00:30:00+10:00,0.0
2018-01-16 01:00:00+10:00,0.0
2018-01-16 01:30:00+10:00,0.0
2018-01-16 02:00:00+10:00,0.0
2018-01-16 02:30:00+10:00,0.0
2018-01-16 03:00:00+10:00,0.0
2018-01-16 03:30:00+10:00,0.0
2018-01-16 04:00:00+10:00,0.0
2018-01-16 04:30:00+10:00,0.0
2018-01-16 05:00:00+10:00,0.0
2018-01-16 05:30:00+10:00,0.0
2018-01-16 06:00:00+10:00,2.8531875025915467
2018-01-16 06:30:00+10:00,10.19530649849103
2018-01-16 07:00:00+10:00,18.53594603791994
2018-01-16 07:30:00+10:00,26.984446203636907
2018-01-16 08:00:00+10:00,35.04938613909929
2018-01-16 08:30:00+10:00,42.45025651495685
2018-01-16 09:00:00+10:00,49.025954603491314
2018-01-16 09:30:00+10:00,54.6900022342365
2018-01-16 10:00:00+10:00,59.401326191092984
2018-01-16 10:30:00+10:00,63.149987368233
2018-01-16 11:00:00+10:00,65.94202197191441
2018-01-16 11:30:00+10:00,67.79057481039158
2018-01-16 12:00:00+10:00,68.70727587642205
2018-01-16 12:30:00+10:00,68.70059651054805
2018-01-16 13:00:00+10:00,67.7704021414423
2018-01-16 13:30:00+10:00,65.90787733077778
2018-01-16 14:00:00+10:00,63.101489750707415
2018-01-16 14:30:00+10:00,59.336949252290616
2018-01-16 15:00:00+10:00,54.60908629364483
2018-01-16 15:30:00+10:00,48.927837787815854
2018-01-16 16:00:00+10:00,42.33360492261764
2018-01-16 16:30:00+10:00,34.91458260002546
2018-01-16 17:00:00+10:00,26.832935013899306
2018-01-16 17:30:00+10:00,18.372207706775143
2018-01-16 18:00:00+10:00,10.030818631120303
2018-01-16 18:30:00+10:00,2.7154771094739427
2018-01-16 19:00:00+10:00,0.0
2018-01-16 19:30:00+10:00,0.0
2018-01-16 20:00:00+10:00,0.0
2018-01-16 20:30:00+10:00,0.0
2018-01-16 21:00:00+10:00,0.0
2018-01-16 21:30:00+10:00,0.0
2018-01-16 22:00:00+10:00,0.0
2018-01-16 22:30:00+10:00,0.0
2018-01-16 23:00:00+10:00,0.0
2018-01-16 23:30:00+10:00,0.0
2018-01-17 00:00:00+10:00,0.0
2018-01-17 00:30:00+10:00,0.0
2018-01-17 01:00:00+10:00,0.0
2018-01-17 01:30:00+10:00,0.0
2018-01-17 02:00:00+10:00,0.0
2018-01-17 02:30:00+10:00,0.0
2018-01-17 03:00:00+10:00,0.0
2018-01-17 03:30:00+10:00,0.0
2018-01-17 04:00:00+10:00,0.0
2018-01-17 04:30:00+10:00,0.0
2018-01-17 05:00:00+10:00,0.0
2018-01-17 05:30:00+10:00,0.0
2018-01-17 06:00:00+10:00,2.4165770437645477
2018-01-17 06:30:00+10:00,9.16766662655534
2018-01-17 07:00:00+10:00,16.900581333530777
2018-01-17 07:30:00+10:00,24.770641328885713
2018-01-17 08:00:00+10:00,32.31046687703253
2018-01-17 08:30:00+10:00,39.25150098601644
2018-01-17 09:00:00+10:00,45.437549074686025
2018-01-17 09:30:00+10:00,50.780697094460855
2018-01-17 10:00:00+10:00,55.2375451558815
2018-01-17 10:30:00+10:00,58.79331052602268
2018-01-17 11:00:00+10:00,61.448456620749155
2018-01-17 11:30:00+10:00,63.21160395583305
2018-01-17 12:00:00+10:00,64.09229234241998
2018-01-17 12:30:00+10:00,64.09582189891779
2018-01-17 13:00:00+10:00,63.22212405706442
2018-01-17 13:30:00+10:00,61.46573264520101
2018-01-17 14:00:00+10:00,58.81691347672523
2018-01-17 14:30:00+10:00,55.266809520738825
2018-01-17 15:00:00+10:00,50.81456666775194
2018-01-17 15:30:00+10:00,45.47457494389671
2018-01-17 16:00:00+10:00,39.28970405718036
2018-01-17 16:30:00+10:00,32.34724895071419
2018-01-17 17:00:00+10:00,24.80287811161858
2018-01-17 17:30:00+10:00,16.92478485255285
2018-01-17 18:00:00+10:00,9.180922907978267
2018-01-17 18:30:00+10:00,2.4204687791316863
2018-01-17 19:00:00+10:00,0.0
2018-01-17 19:30:00+10:00,0.0
2018-01-17 20:00:00+10:00,0.0
2018-01-17 20:30:00+10:00,0.0
2018-01-17 21:00:00+10:00,0.0
2018-01-17 21:30:00+10:00,0.0
2018-01-17 22:00:00+10:00,0.0
2018-01-17 22:30:00+10:00,0.0
2018-01-17 23:00:00+10:00,0.0
2018-01-17 23:30:00+10:00,0.0
2018-01-18 00:00:00+10:00,0.0
2018-01-18 00:30:00+10:00,0.0
2018-01-18 01:00:00+10:00,0.0
2018-01-18 01:30:00+10:00,0.0
2018-01-18 02:00:00+10:00,0.0
2018-01-18 02:30:00+10:00,0.0
2018-01-18 03:00:00+10:00,0.0
2018-01-18 03:30:00+10:00,0.0
2018-01-18 04:00:00+10:00,0.0
2018-01-18 04:30:00+10:00,0.0
2018-01-18 05:00:00+10:00,0.0
2018-01-18 05:30:00+10:00,0.0
2018-01-18 06:00:00+10:00,1.8986456724177723
2018-01-18 06:30:00+10:00,7.850319753376331
2018-01-18 07:00:00+10:00,14.74176522857276
2018-01-18 07:30:00+10:00,21.818393275960513
2018-01-18 08:00:00+10:00,28.657257159525813
2018-01-18 08:30:00+10:00,35.0085026806873
2018-01-18 09:00:00+10:00,40.718434992426864
2018-01-18 09:30:00+10:00,45.69272300394475
2018-01-18 10:00:00+10:00,49.87637845058025
2018-01-18 10:30:00+10:00,53.23897182444832
2018-01-18 11:00:00+10:00,55.76682587567684
2018-01-18 11:30:00+10:00,57.45633547531311
2018-01-18 12:00:00+10:00,58.30671612275221
2018-01-18 12:30:00+10:00,58.31915830842528
2018-01-18 13:00:00+10:00,57.49357356350762
2018-01-18 13:30:00+10:00,55.82862642317169
2018-01-18 14:00:00+10:00,53.32454263481352
2018-01-18 14:30:00+10:00,49.98519756420896
2018-01-18 15:00:00+10:00,45.82311997864299
2018-01-18 15:30:00+10:00,40.86780219759543
2018-01-18 16:00:00+10:00,35.17357651236997
2018-01-18 16:30:00+10:00,28.833041501561674
2018-01-18 17:00:00+10:00,21.997819073513295
2018-01-18 17:30:00+10:00,14.914984217714617
2018-01-18 18:00:00+10:00,8.002838683903011
2018-01-18 18:30:00+10:00,2.011645067507696
2018-01-18 19:00:00+10:00,0.0
2018-01-18 19:30:00+10:00,0.0
2018-01-18 20:00:00+10:00,0.0
2018-01-18 20:30:00+10:00,0.0
2018-01-18 21:00:00+10:00,0.0
2018-01-18 21:30:00+10:00,0.0
2018-01-18 22:00:00+10:00,0.0
2018-01-18 22:30:00+10:00,0.0
2018-01-18 23:00:00+10:00,0.0
2018-01-18 23:30:00+10:00,0.0
2018-01-19 00:00:00+10:00,0.0
2018-01-19 00:30:00+10:00,0.0
2018-01-19 01:00:00+10:00,0.0
2018-01-19 01:30:00+10:00,0.0
2018-01-19 02:00:00+10:00,0.0
2018-01-19 02:30:00+10:00,0.0
2018-01-19 03:00:00+10:00,0.0
2018-01-19 03:30:00+10:00,0.0
2018-01-19 04:00:00+10:00,0.0
2018-01-19 04:30:00+10:00,0.0
2018-01-19 05:00:00+10:00,0.0
2018-01-19 05:30:00+10:00,0.0
2018-01-19 06:00:00+10:00,2.485479109387395
2018-01-19 06:30:00+10:00,10.070278346065104
2018-01-19 07:00:00+10:00,18.798921736568772
2018-01-19 07:30:00+10:00,27.670258911812688
2018-01-19 08:00:00+10:00,36.14049527299724
2018-01-19 08:30:00+10:00,43.905498960551576
2018-01-19 09:00:00+10:00,50.79518513317925
2018-01-19 09:30:00+10:00,56.71990034101536
2018-01-19 10:00:00+10:00,61.64248388315485
2018-01-19 10:30:00+10:00,65.55669874429975
2018-01-19 11:00:00+10:00,68.47393289571771
2018-01-19 11:30:00+10:00,70.41289719143138
2018-01-19 12:00:00+10:00,71.38917592347896
2018-01-19 12:30:00+10:00,71.41336211068608
2018-01-19 13:00:00+10:00,70.48554201276643
2018-01-19 13:30:00+10:00,68.59544350571673
2018-01-19 14:00:00+10:00,65.72683884197762
2018-01-19 14:30:00+10:00,61.86200213202929
2018-01-19 15:00:00+10:00,56.98767999850237
2018-01-19 15:30:00+10:00,51.10868318493386
2018-01-19 16:00:00+10:00,44.260183155348
2018-01-19 16:30:00+10:00,36.52800212404206
2018-01-19 17:00:00+10:00,28.07752154312152
2018-01-19 17:30:00+10:00,19.205043176833698
2018-01-19 18:00:00+10:00,10.441216022862989
2018-01-19 18:30:00+10:00,2.76822652443031
2018-01-19 19:00:00+10:00,0.0
2018-01-19 19:30:00+10:00,0.0
2018-01-19 20:00:00+10:00,0.0
2018-01-19 20:30:00+10:00,0.0
2018-01-19 21:00:00+10:00,0.0
2018-01-19 21:30:00+10:00,0.0
2018-01-19 22:00:00+10:00,0.0
2018-01-19 22:30:00+10:00,0.0
2018-01-19 23:00:00+10:00,0.0
2018-01-19 23:30:00+10:00,0.0
2018-01-20 00:00:00+10:00,0.0
2018-01-20 00:30:00+10:00,0.0
2018-01-20 01:00:00+10:00,0.0
2018-01-20 01:30:00+10:00,0.0
2018-01-20 02:00:00+10:00,0.0
2018-01-20 02:30:00+10:00,0.0
2018-01-20 03:00:00+10:00,0.0
2018-01-20 03:30:00+10:00,0.0
2018-01-20 04:00:00+10:00,0.0
2018-01-20 04:30:00+10:00,0.0
2018-01-20 05:00:00+10:00,0.0
2018-01-20 05:30:00+10:00,0.0
2018-01-20 06:00:00+10:00,1.3907640845108997
2018-01-20 06:30:00+10:00,6.73938684107309
2018-01-20 07:00:00+10:00,13.02636449162618
2018-01-20 07:30:00+10:00,19.536082897783334
2018-01-20 08:00:00+10:00,25.868012757435753
2018-01-20 08:30:00+10:00,31.783124985531813
2018-01-20 09:00:00+10:00,37.130846744056065
2018-01-20 09:30:00+10:00,41.814799427046424
2018-01-20 10:00:00+10:00,45.77431257626748
2018-01-20 10:30:00+10:00,48.972534155459016
2018-01-20 11:00:00+10:00,51.38903533844259
2018-01-20 11:30:00+10:00,53.01319890917928
2018-01-20 12:00:00+10:00,53.84049198181617
2018-01-20 12:30:00+10:00,53.8685244649972
2018-01-20 13:00:00+10:00,53.09829417854463
2018-01-20 13:30:00+10:00,51.5303327231292
2018-01-20 14:00:00+10:00,49.16905992024206
2018-01-20 14:30:00+10:00,46.02415612736422
2018-01-20 15:00:00+10:00,42.115408372366794
2018-01-20 15:30:00+10:00,37.47786450643543
2018-01-20 16:00:00+10:00,32.16996338257942
2018-01-20 16:30:00+10:00,26.28495282532407
2018-01-20 17:00:00+10:00,19.968877746805074
2018-01-20 17:30:00+10:00,13.453338522429025
2018-01-20 18:00:00+10:00,7.126255593446055
2018-01-20 18:30:00+10:00,1.6809154933600048
2018-01-20 19:00:00+10:00,0.0
2018-01-20 19:30:00+10:00,0.0
2018-01-20 20:00:00+10:00,0.0
2018-01-20 20:30:00+10:00,0.0
2018-01-20 21:00:00+10:00,0.0
2018-01-20 21:30:00+10:00,0.0
2018-01-20 22:00:00+10:00,0.0
2018-01-20 22:30:00+10:00,0.0
2018-01-20 23:00:00+10:00,0.0
2018-01-20 23:30:00+10:00,0.0
2018-01-21 00:00:00+10:00,0.0
2018-01-21 00:30:00+10:00,0.0
2018-01-21 01:00:00+10:00,0.0
2018-01-21 01:30:00+10:00,0.0
2018-01-21 02:00:00+10:00,0.0
2018-01-21 02:30:00+10:00,0.0
2018-01-21 03:00:00+10:00,0.0
2018-01-21 03:30:00+10:00,0.0
2018-01-21 04:00:00+10:00,0.0
2018-01-21 04:30:00+10:00,0.0
2018-01-21 05:00:00+10:00,0.0
2018-01-21 05:30:00+10:00,0.0
2018-01-21 06:00:00+10:00,1.6949721941931988
2018-01-21 06:30:00+10:00,8.106373428948995
2018-01-21 07:00:00+10:00,15.626750349530166
2018-01-21 07:30:00+10:00,23.364997567334008
2018-01-21 08:00:00+10:00,30.8328670063099
2018-01-21 08:30:00+10:00,37.74977926087011
2018-01-21 09:00:00+10:00,43.94919348253906
2018-01-21 09:30:00+10:00,49.3333748396796
2018-01-21 10:00:00+10:00,53.849158930777165
2018-01-21 10:30:00+10:00,57.47247612338844
2018-01-21 11:00:00+10:00,60.19519956655335
2018-01-21 11:30:00+10:00,62.01956184954396
2018-01-21 12:00:00+10:00,62.9498272501808
2018-01-21 12:30:00+10:00,62.99003558732571
2018-01-21 13:00:00+10:00,62.13990120425268
2018-01-21 13:30:00+10:00,60.395878260610026
2018-01-21 14:00:00+10:00,57.753546534869436
2018-01-21 14:30:00+10:00,54.20983818703391
2018-01-21 15:00:00+10:00,49.77112477192244
2018-01-21 15:30:00+10:00,44.459374476100606
2018-01-21 16:00:00+10:00,38.32457272992792
2018-01-21 16:30:00+10:00,31.459285277360983
2018-01-21 17:00:00+10:00,24.0227228274358
2018-01-21 17:30:00+10:00,16.28317363899213
2018-01-21 18:00:00+10:00,8.707078338182347
2018-01-21 18:30:00+10:00,2.1484990833824975
2018-01-21 19:00:00+10:00,0.0
2018-01-21 19:30:00+10:00,0.0
2018-01-21 20:00:00+10:00,0.0
2018-01-21 20:30:00+10:00,0.0
2018-01-21 21:00:00+10:00,0.0
2018-01-21 21:30:00+10:00,0.0
2018-01-21 22:00:00+10:00,0.0
2018-01-21 22:30:00+10:00,0.0
2018-01-21 23:00:00+10:00,0.0
2018-01-21 23:30:00+10:00,0.0
2018-01-22 00:00:00+10:00,0.0
2018-01-22 00:30:00+10:00,0.0
2018-01-22 01:00:00+10:00,0.0
2018-01-22 01:30:00+10:00,0.0
2018-01-22 02:00:00+10:00,0.0
2018-01-22 02:30:00+10:00,0.0
2018-01-22 03:00:00+10:00,0.0
2018-01-22 03:30:00+10:00,0.0
2018-01-22 04:00:00+10:00,0.0
2018-01-22 04:30:00+10:00,0.0
2018-01-22 05:00:00+10:00,0.0
2018-01-22 05:30:00+10:00,0.0
2018-01-22 06:00:00+10:00,1.5094589352319217
2018-01-22 06:30:00+10:00,7.788453180451207
2018-01-22 07:00:00+10:00,15.20550168305104
2018-01-22 07:30:00+10:00,22.85640769710831
2018-01-22 08:00:00+10:00,30.248778602823396
2018-01-22 08:30:00+10:00,37.10063505042513
2018-01-22 09:00:00+10:00,43.24479031196881
2018-01-22 09:30:00+10:00,48.58344532551666
2018-01-22 10:00:00+10:00,53.06304109849164
2018-01-22 10:30:00+10:00,56.658625318612096
2018-01-22 11:00:00+10:00,59.36334730677172
2018-01-22 11:30:00+10:00,61.178308573894334
2018-01-22 12:00:00+10:00,62.108158267692495
2018-01-22 12:30:00+10:00,62.15620918987889
2018-01-22 13:00:00+10:00,61.32254660298051
2018-01-22 13:30:00+10:00,59.60389844143196
2018-01-22 14:00:00+10:00,56.99518701734968
2018-01-22 14:30:00+10:00,53.49469747598755
2018-01-22 15:00:00+10:00,49.10753500558043
2018-01-22 15:30:00+10:00,43.856582281835124
2018-01-22 16:00:00+10:00,37.790789933905025
2018-01-22 16:30:00+10:00,31.002134162053927
2018-01-22 17:00:00+10:00,23.648732729236464
2018-01-22 17:30:00+10:00,15.99760037289665
2018-01-22 18:00:00+10:00,8.513602942469161
2018-01-22 18:30:00+10:00,2.0531857193417937
2018-01-22 19:00:00+10:00,0.0
2018-01-22 19:30:00+10:00,0.0
2018-01-22 20:00:00+10:00,0.0
2018-01-22 20:30:00+10:00,0.0
2018-01-22 21:00:00+10:00,0.0
2018-01-22 21:30:00+10:00,0.0
2018-01-22 22:00:00+10:00,0.0
2018-01-22 22:30:00+10:00,0.0
2018-01-22 23:00:00+10:00,0.0
2018-01-22 23:30:00+10:00,0.0
2018-01-23 00:00:00+10:00,0.0
2018-01-23 00:30:00+10:00,0.0
2018-01-23 01:00:00+10:00,0.0
2018-01-23 01:30:00+10:00,0.0
2018-01-23 02:00:00+10:00,0.0
2018-01-23 02:30:00+10:00,0.0
2018-01-23 03:00:00+10:00,0.0
2018-01-23 03:30:00+10:00,0.0
2018-01-23 04:00:00+10:00,0.0
2018-01-23 04:30:00+10:00,0.0
2018-01-23 05:00:00+10:00,0.0
2018-01-23 05:30:00+10:00,0.0
2018-01-23 06:00:00+10:00,1.5295021671926299
2018-01-23 06:30:00+10:00,8.247749137852086
2018-01-23 07:00:00+10:00,16.205006115002583
2018-01-23 07:30:00+10:00,24.40413543182899
2018-01-23 08:00:00+10:00,32.307213253038206
2018-01-23 08:30:00+10:00,39.61145401381843
2018-01-23 09:00:00+10:00,46.14123640413914
2018-01-23 09:30:00+10:00,51.798084149725064
2018-01-23 10:00:00+10:00,56.531558547814875
2018-01-23 10:30:00+10:00,60.32228587373827
2018-01-23 11:00:00+10:00,63.16857986750618
2018-01-23 11:30:00+10:00,65.07805791647581
2018-01-23 12:00:00+10:00,66.0587998684792
2018-01-23 12:30:00+10:00,66.117064316955
2018-01-23 13:00:00+10:00,65.25281029145263
2018-01-23 13:30:00+10:00,63.4605298843587
2018-01-23 14:00:00+10:00,60.732181469981604
2018-01-23 14:30:00+10:00,57.05907735717638
2018-01-23 15:00:00+10:00,52.4408905425694
2018-01-23 15:30:00+10:00,46.89420123415255
2018-01-23 16:00:00+10:00,40.463963331306104
2018-01-23 16:30:00+10:00,33.24176402878275
2018-01-23 17:00:00+10:00,25.39093649422743
2018-01-23 17:30:00+10:00,17.19514828833543
2018-01-23 18:00:00+10:00,9.15663306615623
2018-01-23 18:30:00+10:00,2.209875827089237
2018-01-23 19:00:00+10:00,0.0
2018-01-23 19:30:00+10:00,0.0
2018-01-23 20:00:00+10:00,0.0
2018-01-23 20:30:00+10:00,0.0
2018-01-23 21:00:00+10:00,0.0
2018-01-23 21:30:00+10:00,0.0
2018-01-23 22:00:00+10:00,0.0
2018-01-23 22:30:00+10:00,0.0
2018-01-23 23:00:00+10:00,0.0
2018-01-23 23:30:00+10:00,0.0
2018-01-24 00:00:00+10:00,0.0
2018-01-24 00:30:00+10:00,0.0
2018-01-24 01:00:00+10:00,0.0
2018-01-24 01:30:00+10:00,0.0
2018-01-24 02:00:00+10:00,0.0
2018-01-24 02:30:00+10:00,0.0
2018-01-24 03:00:00+10:00,0.0
2018-01-24 03:30:00+10:00,0.0
2018-01-24 04:00:00+10:00,0.0
2018-01-24 04:30:00+10:00,0.0
2018-01-24 05:00:00+10:00,0.0
2018-01-24 05:30:00+10:00,0.0
2018-01-24 06:00:00+10:00,1.3566596830210018
2018-01-24 06:30:00+10:00,7.976679708768732
2018-01-24 07:00:00+10:00,15.872225417061426
2018-01-24 07:30:00+10:00,24.02813621152731
2018-01-24 08:00:00+10:00,31.898599982592767
2018-01-24 08:30:00+10:00,39.17767753884292
2018-01-24 09:00:00+10:00,45.68827004275683
2018-01-24 09:30:00+10:00,51.33094303027206
2018-01-24 10:00:00+10:00,56.05466500557845
2018-01-24 10:30:00+10:00,59.83958190278334
2018-01-24 11:00:00+10:00,62.683673547329136
2018-01-24 11:30:00+10:00,64.59396463576391
2018-01-24 12:00:00+10:00,65.57934314593254
2018-01-24 12:30:00+10:00,65.64506893246043
2018-01-24 13:00:00+10:00,64.79147402678117
2018-01-24 13:30:00+10:00,63.013196533489
2018-01-24 14:00:00+10:00,60.30197497354053
2018-01-24 14:30:00+10:00,56.649781468792426
2018-01-24 15:00:00+10:00,52.0567927005583
2018-01-24 15:30:00+10:00,46.538747622687374
2018-01-24 16:00:00+10:00,40.14103371226526
2018-01-24 16:30:00+10:00,32.95491654196007
2018-01-24 17:00:00+10:00,25.144043743937942
2018-01-24 17:30:00+10:00,16.99210337136893
2018-01-24 18:00:00+10:00,9.003143802601002
2018-01-24 18:30:00+10:00,2.1191546350792265
2018-01-24 19:00:00+10:00,0.0
2018-01-24 19:30:00+10:00,0.0
2018-01-24 20:00:00+10:00,0.0
2018-01-24 20:30:00+10:00,0.0
2018-01-24 21:00:00+10:00,0.0
2018-01-24 21:30:00+10:00,0.0
2018-01-24 22:00:00+10:00,0.0
2018-01-24 22:30:00+10:00,0.0
2018-01-24 23:00:00+10:00,0.0
2018-01-24 23:30:00+10:00,0.0
2018-01-25 00:00:00+10:00,0.0
2018-01-25 00:30:00+10:00,0.0
2018-01-25 01:00:00+10:00,0.0
2018-01-25 01:30:00+10:00,0.0
2018-01-25 02:00:00+10:00,0.0
2018-01-25 02:30:00+10:00,0.0
2018-01-25 03:00:00+10:00,0.0
2018-01-25 03:30:00+10:00,0.0
2018-01-25 04:00:00+10:00,0.0
2018-01-25 04:30:00+10:00,0.0
2018-01-25 05:00:00+10:00,0.0
2018-01-25 05:30:00+10:00,0.0
2018-01-25 06:00:00+10:00,1.275490760208712
2018-01-25 06:30:00+10:00,8.08014210341493
2018-01-25 07:00:00+10:00,16.237787069843627
2018-01-25 07:30:00+10:00,24.669407913586706
2018-01-25 08:00:00+10:00,32.79963262027367
2018-01-25 08:30:00+10:00,40.30926126912433
2018-01-25 09:00:00+10:00,47.015982065540356
2018-01-25 09:30:00+10:00,52.820194471502525
2018-01-25 10:00:00+10:00,57.671987163084005
2018-01-25 10:30:00+10:00,61.555129567173616
2018-01-25 11:00:00+10:00,64.47127618547587
2018-01-25 11:30:00+10:00,66.4304084713627
2018-01-25 12:00:00+10:00,67.44385275406033
2018-01-25 12:30:00+10:00,67.51773014545158
2018-01-25 13:00:00+10:00,66.6536336675576
2018-01-25 13:30:00+10:00,64.8450369030175
2018-01-25 14:00:00+10:00,62.08056788753269
2018-01-25 14:30:00+10:00,58.34911831052102
2018-01-25 15:00:00+10:00,53.6469689383162
2018-01-25 15:30:00+10:00,47.98691683112633
2018-01-25 16:00:00+10:00,41.41153434151539
2018-01-25 16:30:00+10:00,34.01083609370236
2018-01-25 17:00:00+10:00,25.95144559408678
2018-01-25 17:30:00+10:00,17.52631642887733
2018-01-25 18:00:00+10:00,9.261228677784764
2018-01-25 18:30:00+10:00,2.147690950244597
2018-01-25 19:00:00+10:00,0.0
2018-01-25 19:30:00+10:00,0.0
2018-01-25 20:00:00+10:00,0.0
2018-01-25 20:30:00+10:00,0.0
2018-01-25 21:00:00+10:00,0.0
2018-01-25 21:30:00+10:00,0.0
2018-01-25 22:00:00+10:00,0.0
2018-01-25 22:30:00+10:00,0.0
2018-01-25 23:00:00+10:00,0.0
2018-01-25 23:30:00+10:00,0.0
2018-01-26 00:00:00+10:00,0.0
2018-01-26 00:30:00+10:00,0.0
2018-01-26 01:00:00+10:00,0.0
2018-01-26 01:30:00+10:00,0.0
2018-01-26 02:00:00+10:00,0.0
2018-01-26 02:30:00+10:00,0.0
2018-01-26 03:00:00+10:00,0.0
2018-01-26 03:30:00+10:00,0.0
2018-01-26 04:00:00+10:00,0.0
2018-01-26 04:30:00+10:00,0.0
2018-01-26 05:00:00+10:00,0.0
2018-01-26 05:30:00+10:00,0.0
2018-01-26 06:00:00+10:00,0.9033756526828994
2018-01-26 06:30:00+10:00,6.9009715700760905
2018-01-26 07:00:00+10:00,14.182352223365303
2018-01-26 07:30:00+10:00,21.77224441531478
2018-01-26 08:00:00+10:00,29.146695072735046
2018-01-26 08:30:00+10:00,36.00913864994035
2018-01-26 09:00:00+10:00,42.18341999238245
2018-01-26 09:30:00+10:00,47.56497818166402
2018-01-26 10:00:00+10:00,52.094616012053194
2018-01-26 10:30:00+10:00,55.74274698036915
2018-01-26 11:00:00+10:00,58.497442587361036
2018-01-26 11:30:00+10:00,60.357586508815885
2018-01-26 12:00:00+10:00,61.32507878527531
2018-01-26 12:30:00+10:00,61.40231256046813
2018-01-26 13:00:00+10:00,60.588993080683906
2018-01-26 13:30:00+10:00,58.883787760314036
2018-01-26 14:00:00+10:00,56.28306881111015
2018-01-26 14:30:00+10:00,52.787497185911356
2018-01-26 15:00:00+10:00,48.40614357316505
2018-01-26 15:30:00+10:00,43.164724988454964
2018-01-26 16:00:00+10:00,37.11584049307867
2018-01-26 16:30:00+10:00,30.354538984913233
2018-01-26 17:00:00+10:00,23.04218598016295
2018-01-26 17:30:00+10:00,15.450142706751949
2018-01-26 18:00:00+10:00,8.054110129794596
2018-01-26 18:30:00+10:00,1.7428626733665262
2018-01-26 19:00:00+10:00,0.0
2018-01-26 19:30:00+10:00,0.0
2018-01-26 20:00:00+10:00,0.0
2018-01-26 20:30:00+10:00,0.0
2018-01-26 21:00:00+10:00,0.0
2018-01-26 21:30:00+10:00,0.0
2018-01-26 22:00:00+10:00,0.0
2018-01-26 22:30:00+10:00,0.0
2018-01-26 23:00:00+10:00,0.0
2018-01-26 23:30:00+10:00,0.0
2018-01-27 00:00:00+10:00,0.0
2018-01-27 00:30:00+10:00,0.0
2018-01-27 01:00:00+10:00,0.0
2018-01-27 01:30:00+10:00,0.0
2018-01-27 02:00:00+10:00,0.0
2018-01-27 02:30:00+10:00,0.0
2018-01-27 03:00:00+10:00,0.0
2018-01-27 03:30:00+10:00,0.0
2018-01-27 04:00:00+10:00,0.0
2018-01-27 04:30:00+10:00,0.0
2018-01-27 05:00:00+10:00,0.0
2018-01-27 05:30:00+10:00,0.0
2018-01-27 06:00:00+10:00,0.9463401098605368
2018-01-27 06:30:00+10:00,7.575561927988543
2018-01-27 07:00:00+10:00,15.649046826886142
2018-01-27 07:30:00+10:00,24.037384873020212
2018-01-27 08:00:00+10:00,32.1448294335885
2018-01-27 08:30:00+10:00,39.6433666517253
2018-01-27 09:00:00+10:00,46.347003206968765
2018-01-27 09:30:00+10:00,52.15311335577426
2018-01-27 10:00:00+10:00,57.010599973541034
2018-01-27 10:30:00+10:00,60.902015961586784
2018-01-27 11:00:00+10:00,63.82804856954605
2018-01-27 11:30:00+10:00,65.79864962471363
2018-01-27 12:00:00+10:00,66.82465350377332
2018-01-27 12:30:00+10:00,66.9123065483604
2018-01-27 13:00:00+10:00,66.06281944036195
2018-01-27 13:30:00+10:00,64.27005003775736
2018-01-27 14:00:00+10:00,61.522607194740374
2018-01-27 14:30:00+10:00,57.81096678630614
2018-01-27 15:00:00+10:00,53.130799802043235
2018-01-27 15:30:00+10:00,47.49523329618035
2018-01-27 16:00:00+10:00,40.94740816709768
2018-01-27 16:30:00+10:00,33.57799158222094
2018-01-27 17:00:00+10:00,25.554457997739966
2018-01-27 17:30:00+10:00,17.172455696887805
2018-01-27 18:00:00+10:00,8.96621614586415
2018-01-27 18:30:00+10:00,1.952609906022878
2018-01-27 19:00:00+10:00,0.0
2018-01-27 19:30:00+10:00,0.0
2018-01-27 20:00:00+10:00,0.0
2018-01-27 20:30:00+10:00,0.0
2018-01-27 21:00:00+10:00,0.0
2018-01-27 21:30:00+10:00,0.0
2018-01-27 22:00:00+10:00,0.0
2018-01-27 22:30:00+10:00,0.0
2018-01-27 23:00:00+10:00,0.0
2018-01-27 23:30:00+10:00,0.0
2018-01-28 00:00:00+10:00,0.0
2018-01-28 00:30:00+10:00,0.0
2018-01-28 01:00:00+10:00,0.0
2018-01-28 01:30:00+10:00,0.0
2018-01-28 02:00:00+10:00,0.0
2018-01-28 02:30:00+10:00,0.0
2018-01-28 03:00:00+10:00,0.0
2018-01-28 03:30:00+10:00,0.0
2018-01-28 04:00:00+10:00,0.0
2018-01-28 04:30:00+10:00,0.0
2018-01-28 05:00:00+10:00,0.0
2018-01-28 05:30:00+10:00,0.0
2018-01-28 06:00:00+10:00,0.8877579932725091
2018-01-28 06:30:00+10:00,7.811882250164535
2018-01-28 07:00:00+10:00,16.290568274963764
2018-01-28 07:30:00+10:00,25.089888214058686
2018-01-28 08:00:00+10:00,33.566883005534805
2018-01-28 08:30:00+10:00,41.37509704028855
2018-01-28 09:00:00+10:00,48.324279580894085
2018-01-28 09:30:00+10:00,54.31574477417443
2018-01-28 10:00:00+10:00,59.306535815899174
2018-01-28 10:30:00+10:00,63.28944755664406
2018-01-28 11:00:00+10:00,66.27497671399085
2018-01-28 11:30:00+10:00,68.28207256761037
2018-01-28 12:00:00+10:00,69.32790949300686
2018-01-28 12:30:00+10:00,69.4232167921619
2018-01-28 13:00:00+10:00,68.56864585897779
2018-01-28 13:30:00+10:00,66.75537935972442
2018-01-28 14:00:00+10:00,63.966484157495806
2018-01-28 14:30:00+10:00,60.18286096756989
2018-01-28 15:00:00+10:00,55.391404846936176
2018-01-28 15:30:00+10:00,49.59357389591713
2018-01-28 16:00:00+10:00,42.82390507680951
2018-01-28 16:30:00+10:00,35.16705814371186
2018-01-28 17:00:00+10:00,26.79134816541679
2018-01-28 17:30:00+10:00,18.005312860116724
2018-01-28 18:00:00+10:00,9.37861933524568
2018-01-28 18:30:00+10:00,2.0114969746211537
2018-01-28 19:00:00+10:00,0.0
2018-01-28 19:30:00+10:00,0.0
2018-01-28 20:00:00+10:00,0.0
2018-01-28 20:30:00+10:00,0.0
2018-01-28 21:00:00+10:00,0.0
2018-01-28 21:30:00+10:00,0.0
2018-01-28 22:00:00+10:00,0.0
2018-01-28 22:30:00+10:00,0.0
2018-01-28 23:00:00+10:00,0.0
2018-01-28 23:30:00+10:00,0.0
2018-01-29 00:00:00+10:00,0.0
2018-01-29 00:30:00+10:00,0.0
2018-01-29 01:00:00+10:00,0.0
2018-01-29 01:30:00+10:00,0.0
2018-01-29 02:00:00+10:00,0.0
2018-01-29 02:30:00+10:00,0.0
2018-01-29 03:00:00+10:00,0.0
2018-01-29 03:30:00+10:00,0.0
2018-01-29 04:00:00+10:00,0.0
2018-01-29 04:30:00+10:00,0.0
2018-01-29 05:00:00+10:00,0.0
2018-01-29 05:30:00+10:00,0.0
2018-01-29 06:00:00+10:00,0.5637279689352481
2018-01-29 06:30:00+10:00,6.6760355728671295
2018-01-29 07:00:00+10:00,14.265312161358878
2018-01-29 07:30:00+10:00,22.21709937739482
2018-01-29 08:00:00+10:00,29.945532109519984
2018-01-29 08:30:00+10:00,37.12742277299374
2018-01-29 09:00:00+10:00,43.57620556947951
2018-01-29 09:30:00+10:00,49.184999173221655
2018-01-29 10:00:00+10:00,53.896392494809064
2018-01-29 10:30:00+10:00,57.68529181450563
2018-01-29 11:00:00+10:00,60.54489050730643
2018-01-29 11:30:00+10:00,62.47810789553632
2018-01-29 12:00:00+10:00,63.4913945834907
2018-01-29 12:30:00+10:00,63.5883627208923
2018-01-29 13:00:00+10:00,62.77036054969534
2018-01-29 13:30:00+10:00,61.03297396062999
2018-01-29 14:00:00+10:00,58.36987321625472
2018-01-29 14:30:00+10:00,54.776551155743235
2018-01-29 15:00:00+10:00,50.25694831593063
2018-01-29 15:30:00+10:00,44.830962612762306
2018-01-29 16:00:00+10:00,38.547524017651355
2018-01-29 16:30:00+10:00,31.50074367874599
2018-01-29 17:00:00+10:00,23.857023853763177
2018-01-29 17:30:00+10:00,15.904383896104795
2018-01-29 18:00:00+10:00,8.15970228558145
2018-01-29 18:30:00+10:00,1.6109049928622152
2018-01-29 19:00:00+10:00,0.0
2018-01-29 19:30:00+10:00,0.0
2018-01-29 20:00:00+10:00,0.0
2018-01-29 20:30:00+10:00,0.0
2018-01-29 21:00:00+10:00,0.0
2018-01-29 21:30:00+10:00,0.0
2018-01-29 22:00:00+10:00,0.0
2018-01-29 22:30:00+10:00,0.0
2018-01-29 23:00:00+10:00,0.0
2018-01-29 23:30:00+10:00,0.0
2018-01-30 00:00:00+10:00,0.0
2018-01-30 00:30:00+10:00,0.0
2018-01-30 01:00:00+10:00,0.0
2018-01-30 01:30:00+10:00,0.0
2018-01-30 02:00:00+10:00,0.0
2018-01-30 02:30:00+10:00,0.0
2018-01-30 03:00:00+10:00,0.0
2018-01-30 03:30:00+10:00,0.0
2018-01-30 04:00:00+10:00,0.0
2018-01-30 04:30:00+10:00,0.0
2018-01-30 05:00:00+10:00,0.0
2018-01-30 05:30:00+10:00,0.0
2018-01-30 06:00:00+10:00,0.35372547326252946
2018-01-30 06:30:00+10:00,5.984166346066258
2018-01-30 07:00:00+10:00,13.05941756297209
2018-01-30 07:30:00+10:00,20.513806676420007
2018-01-30 08:00:00+10:00,27.78767073181299
2018-01-30 08:30:00+10:00,34.57072340222653
2018-01-30 09:00:00+10:00,40.68117672637583
2018-01-30 09:30:00+10:00,46.01188166232204
2018-01-30 10:00:00+10:00,50.503067984150405
2018-01-30 10:30:00+10:00,54.1240014713556
2018-01-30 11:00:00+10:00,56.863765022071824
2018-01-30 11:30:00+10:00,58.720517875600464
2018-01-30 12:00:00+10:00,59.696878234511175
2018-01-30 12:30:00+10:00,59.79493540681169
2018-01-30 13:00:00+10:00,59.015285969387065
2018-01-30 13:30:00+10:00,57.355720888506625
2018-01-30 14:00:00+10:00,54.81266245066584
2018-01-30 14:30:00+10:00,51.38645746013996
2018-01-30 15:00:00+10:00,47.08524685790268
2018-01-30 15:30:00+10:00,41.933928914089066
2018-01-30 16:00:00+10:00,35.98455652641579
2018-01-30 16:30:00+10:00,29.331327014498363
2018-01-30 17:00:00+10:00,22.1363284516373
2018-01-30 17:30:00+10:00,14.674961104256813
2018-01-30 18:00:00+10:00,7.437996639255401
2018-01-30 18:30:00+10:00,1.3631334865198503
2018-01-30 19:00:00+10:00,0.0
2018-01-30 19:30:00+10:00,0.0
2018-01-30 20:00:00+10:00,0.0
2018-01-30 20:30:00+10:00,0.0
2018-01-30 21:00:00+10:00,0.0
2018-01-30 21:30:00+10:00,0.0
2018-01-30 22:00:00+10:00,0.0
2018-01-30 22:30:00+10:00,0.0
2018-01-30 23:00:00+10:00,0.0
2018-01-30 23:30:00+10:00,0.0
2018-01-31 00:00:00+10:00,0.0
2018-01-31 00:30:00+10:00,0.0
2018-01-31 01:00:00+10:00,0.0
2018-01-31 01:30:00+10:00,0.0
2018-01-31 02:00:00+10:00,0.0
2018-01-31 02:30:00+10:00,0.0
2018-01-31 03:00:00+10:00,0.0
2018-01-31 03:30:00+10:00,0.0
2018-01-31 04:00:00+10:00,0.0
2018-01-31 04:30:00+10:00,0.0
2018-01-31 05:00:00+10:00,0.0
2018-01-31 05:30:00+10:00,0.0
2018-01-31 06:00:00+10:00,0.28195169658824637
2018-01-31 06:30:00+10:00,6.1815164736257096
2018-01-31 07:00:00+10:00,13.646757634840165
2018-01-31 07:30:00+10:00,21.51832396322706
2018-01-31 08:00:00+10:00,29.193670353183304
2018-01-31 08:30:00+10:00,36.34231755874865
2018-01-31 09:00:00+10:00,42.77352209445257
2018-01-31 09:30:00+10:00,48.376501480559604
2018-01-31 10:00:00+10:00,53.09075026429863
2018-01-31 10:30:00+10:00,56.88838685190476
2018-01-31 11:00:00+10:00,59.759244394525325
2018-01-31 11:30:00+10:00,61.705051437012415
2018-01-31 12:00:00+10:00,62.729639601210884
2018-01-31 12:30:00+10:00,62.83718072175248
2018-01-31 13:00:00+10:00,62.027454073511834
2018-01-31 13:30:00+10:00,60.29737513156061
2018-01-31 14:00:00+10:00,57.642429944047535
2018-01-31 14:30:00+10:00,54.059711713098416
2018-01-31 15:00:00+10:00,49.555443226813466
2018-01-31 15:30:00+10:00,44.15191616704175
2018-01-31 16:00:00+10:00,37.90059803284825
2018-01-31 16:30:00+10:00,30.897931875938617
2018-01-31 17:00:00+10:00,23.312488663173202
2018-01-31 17:30:00+10:00,15.43500357161134
2018-01-31 18:00:00+10:00,7.7895152738152795
2018-01-31 18:30:00+10:00,1.387077332009305
2018-01-31 19:00:00+10:00,0.0
2018-01-31 19:30:00+10:00,0.0
2018-01-31 20:00:00+10:00,0.0
2018-01-31 20:30:00+10:00,0.0
2018-01-31 21:00:00+10:00,0.0
2018-01-31 21:30:00+10:00,0.0
2018-01-31 22:00:00+10:00,0.0
2018-01-31 22:30:00+10:00,0.0
2018-01-31 23:00:00+10:00,0.0
2018-01-31 23:30:00+10:00,0.0
2018-02-01 00:00:00+10:00,0.0
2018-02-01 00:30:00+10:00,0.0
2018-02-01 01:00:00+10:00,0.0
2018-02-01 01:30:00+10:00,0.0
2018-02-01 02:00:00+10:00,0.0
2018-02-01 02:30:00+10:00,0.0
2018-02-01 03:00:00+10:00,0.0
2018-02-01 03:30:00+10:00,0.0
2018-02-01 04:00:00+10:00,0.0
2018-02-01 04:30:00+10:00,0.0
2018-02-01 05:00:00+10:00,0.0
2018-02-01 05:30:00+10:00,0.0
2018-02-01 06:00:00+10:00,0.09565710988359848
2018-02-01 06:30:00+10:00,5.548375362278316
2018-02-01 07:00:00+10:00,12.53878409865608
2018-02-01 07:30:00+10:00,19.954623798018808
2018-02-01 08:00:00+10:00,27.218650077378996
2018-02-01 08:30:00+10:00,34.012490888583585
2018-02-01 09:00:00+10:00,40.14882013175953
2018-02-01 09:30:00+10:00,45.51553466575738
2018-02-01 10:00:00+10:00,50.04762557200095
2018-02-01 10:30:00+10:00,53.71025098454244
2018-02-01 11:00:00+10:00,56.48746726644862
2018-02-01 11:30:00+10:00,58.374911641208186
2018-02-01 12:00:00+10:00,59.372228819074024
2018-02-01 12:30:00+10:00,59.48064947443626
2018-02-01 13:00:00+10:00,58.699813299505955
2018-02-01 13:30:00+10:00,57.02936294802561
2018-02-01 14:00:00+10:00,54.46729080102713
2018-02-01 14:30:00+10:00,51.01784318226576
2018-02-01 15:00:00+10:00,46.692377397552924
2018-02-01 15:30:00+10:00,41.51992561675894
2018-02-01 16:00:00+10:00,35.556794461970604
2018-02-01 16:30:00+10:00,28.901376147230113
2018-02-01 17:00:00+10:00,21.719206395338166
2018-02-01 17:30:00+10:00,14.290121600217672
2018-02-01 18:00:00+10:00,7.11308895112581
2018-02-01 18:30:00+10:00,1.1510703559631144
2018-02-01 19:00:00+10:00,0.0
2018-02-01 19:30:00+10:00,0.0
2018-02-01 20:00:00+10:00,0.0
2018-02-01 20:30:00+10:00,0.0
2018-02-01 21:00:00+10:00,0.0
2018-02-01 21:30:00+10:00,0.0
2018-02-01 22:00:00+10:00,0.0
2018-02-01 22:30:00+10:00,0.0
2018-02-01 23:00:00+10:00,0.0
2018-02-01 23:30:00+10:00,0.0
2018-02-02 00:00:00+10:00,0.0
2018-02-02 00:30:00+10:00,0.0
2018-02-02 01:00:00+10:00,0.0
2018-02-02 01:30:00+10:00,0.0
2018-02-02 02:00:00+10:00,0.0
2018-02-02 02:30:00+10:00,0.0
2018-02-02 03:00:00+10:00,0.0
2018-02-02 03:30:00+10:00,0.0
2018-02-02 04:00:00+10:00,0.0
2018-02-02 04:30:00+10:00,0.0
2018-02-02 05:00:00+10:00,0.0
2018-02-02 05:30:00+10:00,0.0
2018-02-02 06:00:00+10:00,0.15948744196865777
2018-02-02 06:30:00+10:00,6.782341073113464
2018-02-02 07:00:00+10:00,15.281246983415711
2018-02-02 07:30:00+10:00,24.22786388330895
2018-02-02 08:00:00+10:00,32.898124000964664
2018-02-02 08:30:00+10:00,40.911169256282655
2018-02-02 09:00:00+10:00,48.0593426427796
2018-02-02 09:30:00+10:00,54.234406618520026
2018-02-02 10:00:00+10:00,59.38831108407076
2018-02-02 10:30:00+10:00,63.50961899066954
2018-02-02 11:00:00+10:00,66.60732046922777
2018-02-02 11:30:00+10:00,68.69914102319733
2018-02-02 12:00:00+10:00,69.80113658145096
2018-02-02 12:30:00+10:00,69.92419516619798
2018-02-02 13:00:00+10:00,69.06958100613123
2018-02-02 13:30:00+10:00,67.22870197176655
2018-02-02 14:00:00+10:00,64.38527156478116
2018-02-02 14:30:00+10:00,60.52118037141852
2018-02-02 15:00:00+10:00,55.62418378540642
2018-02-02 15:30:00+10:00,49.698896159813295
2018-02-02 16:00:00+10:00,42.78125545730294
2018-02-02 16:30:00+10:00,34.96199679561123
2018-02-02 17:00:00+10:00,26.41821067610326
2018-02-02 17:30:00+10:00,17.478035863432797
2018-02-02 18:00:00+10:00,8.758060323575151
2018-02-02 18:30:00+10:00,1.4844875506534705
2018-02-02 19:00:00+10:00,0.0
2018-02-02 19:30:00+10:00,0.0
2018-02-02 20:00:00+10:00,0.0
2018-02-02 20:30:00+10:00,0.0
2018-02-02 21:00:00+10:00,0.0
2018-02-02 21:30:00+10:00,0.0
2018-02-02 22:00:00+10:00,0.0
2018-02-02 22:30:00+10:00,0.0
2018-02-02 23:00:00+10:00,0.0
2018-02-02 23:30:00+10:00,0.0
2018-02-03 00:00:00+10:00,0.0
2018-02-03 00:30:00+10:00,0.0
2018-02-03 01:00:00+10:00,0.0
2018-02-03 01:30:00+10:00,0.0
2018-02-03 02:00:00+10:00,0.0
2018-02-03 02:30:00+10:00,0.0
2018-02-03 03:00:00+10:00,0.0
2018-02-03 03:30:00+10:00,0.0
2018-02-03 04:00:00+10:00,0.0
2018-02-03 04:30:00+10:00,0.0
2018-02-03 05:00:00+10:00,0.0
2018-02-03 05:30:00+10:00,0.0
2018-02-03 06:00:00+10:00,0.0
2018-02-03 06:30:00+10:00,5.432492683614503
2018-02-03 07:00:00+10:00,12.66416043811982
2018-02-03 07:30:00+10:00,20.365324783418217
2018-02-03 08:00:00+10:00,27.905889135867067
2018-02-03 08:30:00+10:00,34.94576250041512
2018-02-03 09:00:00+10:00,41.28941992916173
2018-02-03 09:30:00+10:00,46.824204803763465
2018-02-03 10:00:00+10:00,51.48704779847117
2018-02-03 10:30:00+10:00,55.24777939498793
2018-02-03 11:00:00+10:00,58.095533563437705
2018-02-03 11:30:00+10:00,60.02970868179948
2018-02-03 12:00:00+10:00,61.05438071727617
2018-02-03 12:30:00+10:00,61.172250857551056
2018-02-03 13:00:00+10:00,60.383223056369296
2018-02-03 13:30:00+10:00,58.68546504288853
2018-02-03 14:00:00+10:00,56.07409817160648
2018-02-03 14:30:00+10:00,52.54821059939769
2018-02-03 15:00:00+10:00,48.114796981719486
2018-02-03 15:30:00+10:00,42.79751775657392
2018-02-03 16:00:00+10:00,36.649223652623206
2018-02-03 16:30:00+10:00,29.767133135271912
2018-02-03 17:00:00+10:00,22.32121236118454
2018-02-03 17:30:00+10:00,14.606091265549212
2018-02-03 18:00:00+10:00,7.158028003467473
2018-02-03 18:30:00+10:00,1.0319312894960306
2018-02-03 19:00:00+10:00,0.0
2018-02-03 19:30:00+10:00,0.0
2018-02-03 20:00:00+10:00,0.0
2018-02-03 20:30:00+10:00,0.0
2018-02-03 21:00:00+10:00,0.0
2018-02-03 21:30:00+10:00,0.0
2018-02-03 22:00:00+10:00,0.0
2018-02-03 22:30:00+10:00,0.0
2018-02-03 23:00:00+10:00,0.0
2018-02-03 23:30:00+10:00,0.0
2018-02-04 00:00:00+10:00,0.0
2018-02-04 00:30:00+10:00,0.0
2018-02-04 01:00:00+10:00,0.0
2018-02-04 01:30:00+10:00,0.0
2018-02-04 02:00:00+10:00,0.0
2018-02-04 02:30:00+10:00,0.0
2018-02-04 03:00:00+10:00,0.0
2018-02-04 03:30:00+10:00,0.0
2018-02-04 04:00:00+10:00,0.0
2018-02-04 04:30:00+10:00,0.0
2018-02-04 05:00:00+10:00,0.0
2018-02-04 05:30:00+10:00,0.0
2018-02-04 06:00:00+10:00,0.0
2018-02-04 06:30:00+10:00,5.680103121797423
2018-02-04 07:00:00+10:00,13.396020013864106
2018-02-04 07:30:00+10:00,21.614687235187912
2018-02-04 08:00:00+10:00,29.64848289177708
2018-02-04 08:30:00+10:00,37.1315159825663
2018-02-04 09:00:00+10:00,43.85778057874475
2018-02-04 09:30:00+10:00,49.71120719932824
2018-02-04 10:00:00+10:00,54.63094846586532
2018-02-04 10:30:00+10:00,58.5903536051076
2018-02-04 11:00:00+10:00,61.58389824061662
2018-02-04 11:30:00+10:00,63.61513770807724
2018-02-04 12:00:00+10:00,64.69114841898363
2018-02-04 12:30:00+10:00,64.81780381787652
2018-02-04 13:00:00+10:00,63.9950583803763
2018-02-04 13:30:00+10:00,62.21862882770899
2018-02-04 14:00:00+10:00,59.481209309768005
2018-02-04 14:30:00+10:00,55.776875210788646
2018-02-04 15:00:00+10:00,51.10841762054247
2018-02-04 15:30:00+10:00,45.49461539580604
2018-02-04 16:00:00+10:00,38.98553957315462
2018-02-04 16:30:00+10:00,31.679615523588904
2018-02-04 17:00:00+10:00,23.754263233279275
2018-02-04 17:30:00+10:00,15.523603306699233
2018-02-04 18:00:00+10:00,7.568931278532051
2018-02-04 18:30:00+10:00,1.0469706661856746
2018-02-04 19:00:00+10:00,0.0
2018-02-04 19:30:00+10:00,0.0
2018-02-04 20:00:00+10:00,0.0
2018-02-04 20:30:00+10:00,0.0
2018-02-04 21:00:00+10:00,0.0
2018-02-04 21:30:00+10:00,0.0
2018-02-04 22:00:00+10:00,0.0
2018-02-04 22:30:00+10:00,0.0
2018-02-04 23:00:00+10:00,0.0
2018-02-04 23:30:00+10:00,0.0
2018-02-05 00:00:00+10:00,0.0
2018-02-05 00:30:00+10:00,0.0
2018-02-05 01:00:00+10:00,0.0
2018-02-05 01:30:00+10:00,0.0
2018-02-05 02:00:00+10:00,0.0
2018-02-05 02:30:00+10:00,0.0
2018-02-05 03:00:00+10:00,0.0
2018-02-05 03:30:00+10:00,0.0
2018-02-05 04:00:00+10:00,0.0
2018-02-05 04:30:00+10:00,0.0
2018-02-05 05:00:00+10:00,0.0
2018-02-05 05:30:00+10:00,0.0
2018-02-05 06:00:00+10:00,0.0
2018-02-05 06:30:00+10:00,5.584120882726591
2018-02-05 07:00:00+10:00,13.388867007901256
2018-02-05 07:30:00+10:00,21.717393537214054
2018-02-05 08:00:00+10:00,29.85350000866796
2018-02-05 08:30:00+10:00,37.42072288161843
2018-02-05 09:00:00+10:00,44.21025315334735
2018-02-05 09:30:00+10:00,50.107498429979216
2018-02-05 10:00:00+10:00,55.0545183301756
2018-02-05 10:30:00+10:00,59.02948724999799
2018-02-05 11:00:00+10:00,62.03051884086709
2018-02-05 11:30:00+10:00,64.065402540785
2018-02-05 12:00:00+10:00,65.14373824801667
2018-02-05 12:30:00+10:00,65.27304898506071
2018-02-05 13:00:00+10:00,64.45344681309581
2018-02-05 13:30:00+10:00,62.67946834539612
2018-02-05 14:00:00+10:00,59.94122438655734
2018-02-05 14:30:00+10:00,56.229807892217785
2018-02-05 15:00:00+10:00,51.54283446627391
2018-02-05 15:30:00+10:00,45.89543061221022
2018-02-05 16:00:00+10:00,39.33330910210458
2018-02-05 16:30:00+10:00,31.95275833801986
2018-02-05 17:00:00+10:00,23.931877280702096
2018-02-05 17:30:00+10:00,15.591833477938275
2018-02-05 18:00:00+10:00,7.53375875314313
2018-02-05 18:30:00+10:00,0.9659024102731188
2018-02-05 19:00:00+10:00,0.0
2018-02-05 19:30:00+10:00,0.0
2018-02-05 20:00:00+10:00,0.0
2018-02-05 20:30:00+10:00,0.0
2018-02-05 21:00:00+10:00,0.0
2018-02-05 21:30:00+10:00,0.0
2018-02-05 22:00:00+10:00,0.0
2018-02-05 22:30:00+10:00,0.0
2018-02-05 23:00:00+10:00,0.0
2018-02-05 23:30:00+10:00,0.0
2018-02-06 00:00:00+10:00,0.0
2018-02-06 00:30:00+10:00,0.0
2018-02-06 01:00:00+10:00,0.0
2018-02-06 01:30:00+10:00,0.0
2018-02-06 02:00:00+10:00,0.0
2018-02-06 02:30:00+10:00,0.0
2018-02-06 03:00:00+10:00,0.0
2018-02-06 03:30:00+10:00,0.0
2018-02-06 04:00:00+10:00,0.0
2018-02-06 04:30:00+10:00,0.0
2018-02-06 05:00:00+10:00,0.0
2018-02-06 05:30:00+10:00,0.0
2018-02-06 06:00:00+10:00,0.0
2018-02-06 06:30:00+10:00,5.412496398061069
2018-02-06 07:00:00+10:00,13.222985115540158
2018-02-06 07:30:00+10:00,21.577835474489053
2018-02-06 08:00:00+10:00,29.737871644264118
2018-02-06 08:30:00+10:00,37.318697774346795
2018-02-06 09:00:00+10:00,44.11013120686857
2018-02-06 09:30:00+10:00,49.99928636554268
2018-02-06 10:00:00+10:00,54.93171485068109
2018-02-06 10:30:00+10:00,58.889093119283
2018-02-06 11:00:00+10:00,61.87287840630985
2018-02-06 11:30:00+10:00,63.89489321562978
2018-02-06 12:00:00+10:00,64.96681502762833
2018-02-06 12:30:00+10:00,65.09699133839653
2018-02-06 13:00:00+10:00,64.28628251465778
2018-02-06 13:30:00+10:00,62.52884505724852
2018-02-06 14:00:00+10:00,59.81142643791026
2018-02-06 14:30:00+10:00,56.122850480358245
2018-02-06 15:00:00+10:00,51.45662835631899
2018-02-06 15:30:00+10:00,45.824141075875815
2018-02-06 16:00:00+10:00,39.26728526812822
2018-02-06 16:30:00+10:00,31.880065872928693
2018-02-06 17:00:00+10:00,23.840136966274468
2018-02-06 17:30:00+10:00,15.473347423607642
2018-02-06 18:00:00+10:00,7.3964476045401435
2018-02-06 18:30:00+10:00,0.8608015376669281
2018-02-06 19:00:00+10:00,0.0
2018-02-06 19:30:00+10:00,0.0
2018-02-06 20:00:00+10:00,0.0
2018-02-06 20:30:00+10:00,0.0
2018-02-06 21:00:00+10:00,0.0
2018-02-06 21:30:00+10:00,0.0
2018-02-06 22:00:00+10:00,0.0
2018-02-06 22:30:00+10:00,0.0
2018-02-06 23:00:00+10:00,0.0
2018-02-06 23:30:00+10:00,0.0
2018-02-07 00:00:00+10:00,0.0
2018-02-07 00:30:00+10:00,0.0
2018-02-07 01:00:00+10:00,0.0
2018-02-07 01:30:00+10:00,0.0
2018-02-07 02:00:00+10:00,0.0
2018-02-07 02:30:00+10:00,0.0
2018-02-07 03:00:00+10:00,0.0
2018-02-07 03:30:00+10:00,0.0
2018-02-07 04:00:00+10:00,0.0
2018-02-07 04:30:00+10:00,0.0
2018-02-07 05:00:00+10:00,0.0
2018-02-07 05:30:00+10:00,0.0
2018-02-07 06:00:00+10:00,0.0
2018-02-07 06:30:00+10:00,5.420472842916282
2018-02-07 07:00:00+10:00,13.47498292637222
2018-02-07 07:30:00+10:00,22.105946854084685
2018-02-07 08:00:00+10:00,30.528712235310508
2018-02-07 08:30:00+10:00,38.3408228712881
2018-02-07 09:00:00+10:00,45.32573147825833
2018-02-07 09:30:00+10:00,51.37037490334513
2018-02-07 10:00:00+10:00,56.423172878804685
2018-02-07 10:30:00+10:00,60.46956029121441
2018-02-07 11:00:00+10:00,63.516222022967185
2018-02-07 11:30:00+10:00,65.57838270402685
2018-02-07 12:00:00+10:00,66.67206522002826
2018-02-07 12:30:00+10:00,66.80685343707154
2018-02-07 13:00:00+10:00,65.98368091839457
2018-02-07 13:30:00+10:00,64.19444698388425
2018-02-07 14:00:00+10:00,61.425452887828655
2018-02-07 14:30:00+10:00,57.659377396199154
2018-02-07 15:00:00+10:00,52.886149189065335
2018-02-07 15:30:00+10:00,47.112281147559855
2018-02-07 16:00:00+10:00,40.376328907833695
2018-02-07 16:30:00+10:00,32.77088125478436
2018-02-07 17:00:00+10:00,24.477715476445905
2018-02-07 17:30:00+10:00,15.8355937506683
2018-02-07 18:00:00+10:00,7.49502760796256
2018-02-07 18:30:00+10:00,0.7916378096549906
2018-02-07 19:00:00+10:00,0.0
2018-02-07 19:30:00+10:00,0.0
2018-02-07 20:00:00+10:00,0.0
2018-02-07 20:30:00+10:00,0.0
2018-02-07 21:00:00+10:00,0.0
2018-02-07 21:30:00+10:00,0.0
2018-02-07 22:00:00+10:00,0.0
2018-02-07 22:30:00+10:00,0.0
2018-02-07 23:00:00+10:00,0.0
2018-02-07 23:30:00+10:00,0.0
2018-02-08 00:00:00+10:00,0.0
2018-02-08 00:30:00+10:00,0.0
2018-02-08 01:00:00+10:00,0.0
2018-02-08 01:30:00+10:00,0.0
2018-02-08 02:00:00+10:00,0.0
2018-02-08 02:30:00+10:00,0.0
2018-02-08 03:00:00+10:00,0.0
2018-02-08 03:30:00+10:00,0.0
2018-02-08 04:00:00+10:00,0.0
2018-02-08 04:30:00+10:00,0.0
2018-02-08 05:00:00+10:00,0.0
2018-02-08 05:30:00+10:00,0.0
2018-02-08 06:00:00+10:00,0.0
2018-02-08 06:30:00+10:00,4.895938692997361
2018-02-08 07:00:00+10:00,12.517095937116174
2018-02-08 07:30:00+10:00,20.739649635736995
2018-02-08 08:00:00+10:00,28.803302472192797
2018-02-08 08:30:00+10:00,36.31586811954358
2018-02-08 09:00:00+10:00,43.062461345641516
2018-02-08 09:30:00+10:00,48.92584061263856
2018-02-08 10:00:00+10:00,53.84650163106589
2018-02-08 10:30:00+10:00,57.8019202510137
2018-02-08 11:00:00+10:00,60.789785874200085
2018-02-08 11:30:00+10:00,62.8174522129404
2018-02-08 12:00:00+10:00,63.8950264108382
2018-02-08 12:30:00+10:00,64.02925913686535
2018-02-08 13:00:00+10:00,63.2205998538431
2018-02-08 13:30:00+10:00,61.46351376487402
2018-02-08 14:00:00+10:00,58.74876314573646
2018-02-08 14:30:00+10:00,55.06682820184155
2018-02-08 15:00:00+10:00,50.4163497593378
2018-02-08 15:30:00+10:00,44.81212003121502
2018-02-08 16:00:00+10:00,38.30105633982983
2018-02-08 16:30:00+10:00,30.980524537541154
2018-02-08 17:00:00+10:00,23.032440818558843
2018-02-08 17:30:00+10:00,14.78757511913511
2018-02-08 18:00:00+10:00,6.87506176847315
2018-02-08 18:30:00+10:00,0.5881691107555498
2018-02-08 19:00:00+10:00,0.0
2018-02-08 19:30:00+10:00,0.0
2018-02-08 20:00:00+10:00,0.0
2018-02-08 20:30:00+10:00,0.0
2018-02-08 21:00:00+10:00,0.0
2018-02-08 21:30:00+10:00,0.0
2018-02-08 22:00:00+10:00,0.0
2018-02-08 22:30:00+10:00,0.0
2018-02-08 23:00:00+10:00,0.0
2018-02-08 23:30:00+10:00,0.0
2018-02-09 00:00:00+10:00,0.0
2018-02-09 00:30:00+10:00,0.0
2018-02-09 01:00:00+10:00,0.0
2018-02-09 01:30:00+10:00,0.0
2018-02-09 02:00:00+10:00,0.0
2018-02-09 02:30:00+10:00,0.0
2018-02-09 03:00:00+10:00,0.0
2018-02-09 03:30:00+10:00,0.0
2018-02-09 04:00:00+10:00,0.0
2018-02-09 04:30:00+10:00,0.0
2018-02-09 05:00:00+10:00,0.0
2018-02-09 05:30:00+10:00,0.0
2018-02-09 06:00:00+10:00,0.0
2018-02-09 06:30:00+10:00,4.7017903917601265
2018-02-09 07:00:00+10:00,12.294135634308116
2018-02-09 07:30:00+10:00,20.516489747826995
2018-02-09 08:00:00+10:00,28.59080585241062
2018-02-09 08:30:00+10:00,36.11801181555378
2018-02-09 09:00:00+10:00,42.88020176787063
2018-02-09 09:30:00+10:00,48.75851041114396
2018-02-09 10:00:00+10:00,53.693123995280565
2018-02-09 10:30:00+10:00,57.66026999683177
2018-02-09 11:00:00+10:00,60.65709929684172
2018-02-09 11:30:00+10:00,62.69184080592757
2018-02-09 12:00:00+10:00,63.773375418357006
2018-02-09 12:30:00+10:00,63.9091281220864
2018-02-09 13:00:00+10:00,63.09922899868161
2018-02-09 13:30:00+10:00,61.33836813226213
2018-02-09 14:00:00+10:00,58.61692457393105
2018-02-09 14:30:00+10:00,54.926339467084205
2018-02-09 15:00:00+10:00,50.26474978712665
2018-02-09 15:30:00+10:00,44.648048318987996
2018-02-09 16:00:00+10:00,38.1232773533787
2018-02-09 16:30:00+10:00,30.78928480190236
2018-02-09 17:00:00+10:00,22.830007108856833
2018-02-09 17:30:00+10:00,14.581050280601096
2018-02-09 18:00:00+10:00,6.684366076068137
2018-02-09 18:30:00+10:00,0.46895357625725337
2018-02-09 19:00:00+10:00,0.0
2018-02-09 19:30:00+10:00,0.0
2018-02-09 20:00:00+10:00,0.0
2018-02-09 20:30:00+10:00,0.0
2018-02-09 21:00:00+10:00,0.0
2018-02-09 21:30:00+10:00,0.0
2018-02-09 22:00:00+10:00,0.0
2018-02-09 22:30:00+10:00,0.0
2018-02-09 23:00:00+10:00,0.0
2018-02-09 23:30:00+10:00,0.0
2018-02-10 00:00:00+10:00,0.0
2018-02-10 00:30:00+10:00,0.0
2018-02-10 01:00:00+10:00,0.0
2018-02-10 01:30:00+10:00,0.0
2018-02-10 02:00:00+10:00,0.0
2018-02-10 02:30:00+10:00,0.0
2018-02-10 03:00:00+10:00,0.0
2018-02-10 03:30:00+10:00,0.0
2018-02-10 04:00:00+10:00,0.0
2018-02-10 04:30:00+10:00,0.0
2018-02-10 05:00:00+10:00,0.0
2018-02-10 05:30:00+10:00,0.0
2018-02-10 06:00:00+10:00,0.0
2018-02-10 06:30:00+10:00,4.15955541267752
2018-02-10 07:00:00+10:00,11.243076084559236
2018-02-10 07:30:00+10:00,18.972154885652508
2018-02-10 08:00:00+10:00,26.603264392079325
2018-02-10 08:30:00+10:00,33.7529834037425
2018-02-10 09:00:00+10:00,40.20730061579057
2018-02-10 09:30:00+10:00,45.8443376441252
2018-02-10 10:00:00+10:00,50.597297513947794
2018-02-10 10:30:00+10:00,54.43375645673388
2018-02-10 11:00:00+10:00,57.34195590885155
2018-02-10 11:30:00+10:00,59.32206568200199
2018-02-10 12:00:00+10:00,60.37644564600312
2018-02-10 12:30:00+10:00,60.509444893843224
2018-02-10 13:00:00+10:00,59.7208355042579
2018-02-10 13:30:00+10:00,58.00749689035569
2018-02-10 14:00:00+10:00,55.36617414945467
2018-02-10 14:30:00+10:00,51.79451158459643
2018-02-10 15:00:00+10:00,47.30046932459042
2018-02-10 15:30:00+10:00,41.90841454831376
2018-02-10 16:00:00+10:00,35.67352694201301
2018-02-10 16:30:00+10:00,28.698639950955407
2018-02-10 17:00:00+10:00,21.166096482795435
2018-02-10 17:30:00+10:00,13.399654245769572
2018-02-10 18:00:00+10:00,6.012063841697526
2018-02-10 18:30:00+10:00,0.27368936870868243
2018-02-10 19:00:00+10:00,0.0
2018-02-10 19:30:00+10:00,0.0
2018-02-10 20:00:00+10:00,0.0
2018-02-10 20:30:00+10:00,0.0
2018-02-10 21:00:00+10:00,0.0
2018-02-10 21:30:00+10:00,0.0
2018-02-10 22:00:00+10:00,0.0
2018-02-10 22:30:00+10:00,0.0
2018-02-10 23:00:00+10:00,0.0
2018-02-10 23:30:00+10:00,0.0
2018-02-11 00:00:00+10:00,0.0
2018-02-11 00:30:00+10:00,0.0
2018-02-11 01:00:00+10:00,0.0
2018-02-11 01:30:00+10:00,0.0
2018-02-11 02:00:00+10:00,0.0
2018-02-11 02:30:00+10:00,0.0
2018-02-11 03:00:00+10:00,0.0
2018-02-11 03:30:00+10:00,0.0
2018-02-11 04:00:00+10:00,0.0
2018-02-11 04:30:00+10:00,0.0
2018-02-11 05:00:00+10:00,0.0
2018-02-11 05:30:00+10:00,0.0
2018-02-11 06:00:00+10:00,0.0
2018-02-11 06:30:00+10:00,4.3999735531599535
2018-02-11 07:00:00+10:00,12.05298062008102
2018-02-11 07:30:00+10:00,20.40344669810422
2018-02-11 08:00:00+10:00,28.62376674781924
2018-02-11 08:30:00+10:00,36.29528632865567
2018-02-11 09:00:00+10:00,43.19110826076827
2018-02-11 09:30:00+10:00,49.18787188718118
2018-02-11 10:00:00+10:00,54.22310396583555
2018-02-11 10:30:00+10:00,58.272400905060096
2018-02-11 11:00:00+10:00,61.3324949156554
2018-02-11 11:30:00+10:00,63.41044784213633
2018-02-11 12:00:00+10:00,64.51556143181112
2018-02-11 12:30:00+10:00,64.65510174528156
2018-02-11 13:00:00+10:00,63.82902413371565
2018-02-11 13:30:00+10:00,62.03290411298558
2018-02-11 14:00:00+10:00,59.25647222929441
2018-02-11 14:30:00+10:00,55.49105731161813
2018-02-11 15:00:00+10:00,50.73577562168331
2018-02-11 15:30:00+10:00,45.00731181277698
2018-02-11 16:00:00+10:00,38.35448224923468
2018-02-11 16:30:00+10:00,30.880016875090515
2018-02-11 17:00:00+10:00,22.774771872762674
2018-02-11 17:30:00+10:00,14.389446472394754
2018-02-11 18:00:00+10:00,6.402771787378467
2018-02-11 18:30:00+10:00,0.24374886596221015
2018-02-11 19:00:00+10:00,0.0
2018-02-11 19:30:00+10:00,0.0
2018-02-11 20:00:00+10:00,0.0
2018-02-11 20:30:00+10:00,0.0
2018-02-11 21:00:00+10:00,0.0
2018-02-11 21:30:00+10:00,0.0
2018-02-11 22:00:00+10:00,0.0
2018-02-11 22:30:00+10:00,0.0
2018-02-11 23:00:00+10:00,0.0
2018-02-11 23:30:00+10:00,0.0
2018-02-12 00:00:00+10:00,0.0
2018-02-12 00:30:00+10:00,0.0
2018-02-12 01:00:00+10:00,0.0
2018-02-12 01:30:00+10:00,0.0
2018-02-12 02:00:00+10:00,0.0
2018-02-12 02:30:00+10:00,0.0
2018-02-12 03:00:00+10:00,0.0
2018-02-12 03:30:00+10:00,0.0
2018-02-12 04:00:00+10:00,0.0
2018-02-12 04:30:00+10:00,0.0
2018-02-12 05:00:00+10:00,0.0
2018-02-12 05:30:00+10:00,0.0
2018-02-12 06:00:00+10:00,0.0
2018-02-12 06:30:00+10:00,3.7517457202981026
2018-02-12 07:00:00+10:00,10.697882449010857
2018-02-12 07:30:00+10:00,18.344523192985164
2018-02-12 08:00:00+10:00,25.921701501996047
2018-02-12 08:30:00+10:00,33.03652305230862
2018-02-12 09:00:00+10:00,39.47017326035821
2018-02-12 09:30:00+10:00,45.09722090902598
2018-02-12 10:00:00+10:00,49.848037143370654
2018-02-12 10:30:00+10:00,53.68734399757265
2018-02-12 11:00:00+10:00,56.60055020748228
2018-02-12 11:30:00+10:00,58.58485214919036
2018-02-12 12:00:00+10:00,59.642776274593466
2018-02-12 12:30:00+10:00,59.77626737170393
2018-02-12 13:00:00+10:00,58.985210026447135
2018-02-12 13:30:00+10:00,57.26829237020365
2018-02-12 14:00:00+10:00,54.62205145165048
2018-02-12 14:30:00+10:00,51.047417888437565
2018-02-12 15:00:00+10:00,46.55400230443852
2018-02-12 15:30:00+10:00,41.169638741578254
2018-02-12 16:00:00+10:00,34.95228149975221
2018-02-12 16:30:00+10:00,28.008040947504053
2018-02-12 17:00:00+10:00,20.52354985915784
2018-02-12 17:30:00+10:00,12.829772266405397
2018-02-12 18:00:00+10:00,5.559336165156563
2018-02-12 18:30:00+10:00,0.04235676917585185
2018-02-12 19:00:00+10:00,0.0
2018-02-12 19:30:00+10:00,0.0
2018-02-12 20:00:00+10:00,0.0
2018-02-12 20:30:00+10:00,0.0
2018-02-12 21:00:00+10:00,0.0
2018-02-12 21:30:00+10:00,0.0
2018-02-12 22:00:00+10:00,0.0
2018-02-12 22:30:00+10:00,0.0
2018-02-12 23:00:00+10:00,0.0
2018-02-12 23:30:00+10:00,0.0
2018-02-13 00:00:00+10:00,0.0
2018-02-13 00:30:00+10:00,0.0
2018-02-13 01:00:00+10:00,0.0
2018-02-13 01:30:00+10:00,0.0
2018-02-13 02:00:00+10:00,0.0
2018-02-13 02:30:00+10:00,0.0
2018-02-13 03:00:00+10:00,0.0
2018-02-13 03:30:00+10:00,0.0
2018-02-13 04:00:00+10:00,0.0
2018-02-13 04:30:00+10:00,0.0
2018-02-13 05:00:00+10:00,0.0
2018-02-13 05:30:00+10:00,0.0
2018-02-13 06:00:00+10:00,0.0
2018-02-13 06:30:00+10:00,3.5998223846399315
2018-02-13 07:00:00+10:00,10.53850998476907
2018-02-13 07:30:00+10:00,18.20585929651736
2018-02-13 08:00:00+10:00,25.806444520474585
2018-02-13 08:30:00+10:00,32.93851312975967
2018-02-13 09:00:00+10:00,39.38100959430971
2018-02-13 09:30:00+10:00,45.009230361367905
2018-02-13 10:00:00+10:00,49.75524815810803
2018-02-13 10:30:00+10:00,53.58624328967579
2018-02-13 11:00:00+10:00,56.490403275610234
2018-02-13 11:30:00+10:00,58.466952086269366
2018-02-13 12:00:00+10:00,59.51998829239823
2018-02-13 12:30:00+10:00,59.6519835878706
2018-02-13 13:00:00+10:00,58.86425528732201
2018-02-13 13:30:00+10:00,57.15343747051528
2018-02-13 14:00:00+10:00,54.515115110239634
2018-02-13 14:30:00+10:00,50.9481725500506
2018-02-13 15:00:00+10:00,46.45995259368066
2018-02-13 15:30:00+10:00,41.0755283351813
2018-02-13 16:00:00+10:00,34.85087120123319
2018-02-13 16:30:00+10:00,27.891025582804573
2018-02-13 17:00:00+10:00,20.383916898464875
2018-02-13 17:30:00+10:00,12.667147525105726
2018-02-13 18:00:00+10:00,5.392808051332283
2018-02-13 18:30:00+10:00,0.0
2018-02-13 19:00:00+10:00,0.0
2018-02-13 19:30:00+10:00,0.0
2018-02-13 20:00:00+10:00,0.0
2018-02-13 20:30:00+10:00,0.0
2018-02-13 21:00:00+10:00,0.0
2018-02-13 21:30:00+10:00,0.0
2018-02-13 22:00:00+10:00,0.0
2018-02-13 22:30:00+10:00,0.0
2018-02-13 23:00:00+10:00,0.0
2018-02-13 23:30:00+10:00,0.0
2018-02-14 00:00:00+10:00,0.0
2018-02-14 00:30:00+10:00,0.0
2018-02-14 01:00:00+10:00,0.0
2018-02-14 01:30:00+10:00,0.0
2018-02-14 02:00:00+10:00,0.0
2018-02-14 02:30:00+10:00,0.0
2018-02-14 03:00:00+10:00,0.0
2018-02-14 03:30:00+10:00,0.0
2018-02-14 04:00:00+10:00,0.0
2018-02-14 04:30:00+10:00,0.0
2018-02-14 05:00:00+10:00,0.0
2018-02-14 05:30:00+10:00,0.0
2018-02-14 06:00:00+10:00,0.0
2018-02-14 06:30:00+10:00,3.09995612684752
2018-02-14 07:00:00+10:00,9.484880571865276
2018-02-14 07:30:00+10:00,16.59845430071989
2018-02-14 08:00:00+10:00,23.688605473671444
2018-02-14 08:30:00+10:00,30.374000784261195
2018-02-14 09:00:00+10:00,36.44095556378476
2018-02-14 09:30:00+10:00,41.764387683077715
2018-02-14 10:00:00+10:00,46.271812348674175
2018-02-14 10:30:00+10:00,49.92374473434942
2018-02-14 11:00:00+10:00,52.70024611745755
2018-02-14 11:30:00+10:00,54.59434072453625
2018-02-14 12:00:00+10:00,55.60465919924078
2018-02-14 12:30:00+10:00,55.73102421511997
2018-02-14 13:00:00+10:00,54.97329724681006
2018-02-14 13:30:00+10:00,53.33122869756871
2018-02-14 14:00:00+10:00,50.80537628680395
2018-02-14 14:30:00+10:00,47.400420243682525
2018-02-14 15:00:00+10:00,43.13154430342968
2018-02-14 15:30:00+10:00,38.030979854738774
2018-02-14 16:00:00+10:00,32.160160089114314
2018-02-14 16:30:00+10:00,25.626393876105784
2018-02-14 17:00:00+10:00,18.612879282488905
2018-02-14 17:30:00+10:00,11.441754167751695
2018-02-14 18:00:00+10:00,4.7301827696861745
2018-02-14 18:30:00+10:00,0.0
2018-02-14 19:00:00+10:00,0.0
2018-02-14 19:30:00+10:00,0.0
2018-02-14 20:00:00+10:00,0.0
2018-02-14 20:30:00+10:00,0.0
2018-02-14 21:00:00+10:00,0.0
2018-02-14 21:30:00+10:00,0.0
2018-02-14 22:00:00+10:00,0.0
2018-02-14 22:30:00+10:00,0.0
2018-02-14 23:00:00+10:00,0.0
2018-02-14 23:30:00+10:00,0.0
2018-02-15 00:00:00+10:00,0.0
2018-02-15 00:30:00+10:00,0.0
2018-02-15 01:00:00+10:00,0.0
2018-02-15 01:30:00+10:00,0.0
2018-02-15 02:00:00+10:00,0.0
2018-02-15 02:30:00+10:00,0.0
2018-02-15 03:00:00+10:00,0.0
2018-02-15 03:30:00+10:00,0.0
2018-02-15 04:00:00+10:00,0.0
2018-02-15 04:30:00+10:00,0.0
2018-02-15 05:00:00+10:00,0.0
2018-02-15 05:30:00+10:00,0.0
2018-02-15 06:00:00+10:00,0.0
2018-02-15 06:30:00+10:00,3.11117963038062
2018-02-15 07:00:00+10:00,9.732243104368086
2018-02-15 07:30:00+10:00,17.12522124474144
2018-02-15 08:00:00+10:00,24.486295535823505
2018-02-15 08:30:00+10:00,31.414137540027408
2018-02-15 09:00:00+10:00,37.68763739149449
2018-02-15 09:30:00+10:00,43.18034084945639
2018-02-15 10:00:00+10:00,47.82126318224452
2018-02-15 10:30:00+10:00,51.573973639072456
2018-02-15 11:00:00+10:00,54.42248831779529
2018-02-15 11:30:00+10:00,56.36316878841677
2018-02-15 12:00:00+10:00,57.396257799945694
2018-02-15 12:30:00+10:00,57.524502860100235
2018-02-15 13:00:00+10:00,56.74752739222051
2018-02-15 13:30:00+10:00,55.06336432599436
2018-02-15 14:00:00+10:00,52.47057682617917
2018-02-15 14:30:00+10:00,48.971004444893126
2018-02-15 15:00:00+10:00,44.57566101462142
2018-02-15 15:30:00+10:00,39.31387762485095
2018-02-15 16:00:00+10:00,33.24485948579286
2018-02-15 16:30:00+10:00,26.47639567729836
2018-02-15 17:00:00+10:00,19.197233777891398
2018-02-15 17:30:00+10:00,11.745650002244854
2018-02-15 18:00:00+10:00,4.779716975871045
2018-02-15 18:30:00+10:00,0.0
2018-02-15 19:00:00+10:00,0.0
2018-02-15 19:30:00+10:00,0.0
2018-02-15 20:00:00+10:00,0.0
2018-02-15 20:30:00+10:00,0.0
2018-02-15 21:00:00+10:00,0.0
2018-02-15 21:30:00+10:00,0.0
2018-02-15 22:00:00+10:00,0.0
2018-02-15 22:30:00+10:00,0.0
2018-02-15 23:00:00+10:00,0.0
2018-02-15 23:30:00+10:00,0.0
2018-02-16 00:00:00+10:00,0.0
2018-02-16 00:30:00+10:00,0.0
2018-02-16 01:00:00+10:00,0.0
2018-02-16 01:30:00+10:00,0.0
2018-02-16 02:00:00+10:00,0.0
2018-02-16 02:30:00+10:00,0.0
2018-02-16 03:00:00+10:00,0.0
2018-02-16 03:30:00+10:00,0.0
2018-02-16 04:00:00+10:00,0.0
2018-02-16 04:30:00+10:00,0.0
2018-02-16 05:00:00+10:00,0.0
2018-02-16 05:30:00+10:00,0.0
2018-02-16 06:00:00+10:00,0.0
2018-02-16 06:30:00+10:00,3.7505130644807663
2018-02-16 07:00:00+10:00,11.687852534828647
2018-02-16 07:30:00+10:00,20.50890886796527
2018-02-16 08:00:00+10:00,29.22295093492161
2018-02-16 08:30:00+10:00,37.3517250756807
2018-02-16 09:00:00+10:00,44.64580672394256
2018-02-16 09:30:00+10:00,50.97469985056831
2018-02-16 10:00:00+10:00,56.27611702954588
2018-02-16 10:30:00+10:00,60.52996103807119
2018-02-16 11:00:00+10:00,63.737198453092944
2018-02-16 11:30:00+10:00,65.91077723345727
2018-02-16 12:00:00+10:00,67.06317589567948
2018-02-16 12:30:00+10:00,67.20455389264684
2018-02-16 13:00:00+10:00,66.33503277884061
2018-02-16 13:30:00+10:00,64.44752510494385
2018-02-16 14:00:00+10:00,61.52947069070917
2018-02-16 14:30:00+10:00,57.56696461156579
2018-02-16 15:00:00+10:00,52.55383838332256
2018-02-16 15:30:00+10:00,46.50254686531693
2018-02-16 16:00:00+10:00,39.46093424529156
2018-02-16 16:30:00+10:00,31.536558886218902
2018-02-16 17:00:00+10:00,22.938562628528754
2018-02-16 17:30:00+10:00,14.065465713229077
2018-02-16 18:00:00+10:00,5.72425583187107
2018-02-16 18:30:00+10:00,0.0
2018-02-16 19:00:00+10:00,0.0
2018-02-16 19:30:00+10:00,0.0
2018-02-16 20:00:00+10:00,0.0
2018-02-16 20:30:00+10:00,0.0
2018-02-16 21:00:00+10:00,0.0
2018-02-16 21:30:00+10:00,0.0
2018-02-16 22:00:00+10:00,0.0
2018-02-16 22:30:00+10:00,0.0
2018-02-16 23:00:00+10:00,0.0
2018-02-16 23:30:00+10:00,0.0
2018-02-17 00:00:00+10:00,0.0
2018-02-17 00:30:00+10:00,0.0
2018-02-17 01:00:00+10:00,0.0
2018-02-17 01:30:00+10:00,0.0
2018-02-17 02:00:00+10:00,0.0
2018-02-17 02:30:00+10:00,0.0
2018-02-17 03:00:00+10:00,0.0
2018-02-17 03:30:00+10:00,0.0
2018-02-17 04:00:00+10:00,0.0
2018-02-17 04:30:00+10:00,0.0
2018-02-17 05:00:00+10:00,0.0
2018-02-17 05:30:00+10:00,0.0
2018-02-17 06:00:00+10:00,0.0
2018-02-17 06:30:00+10:00,3.0537820984155037
2018-02-17 07:00:00+10:00,10.041049069348702
2018-02-17 07:30:00+10:00,17.885130768363343
2018-02-17 08:00:00+10:00,25.690177360293404
2018-02-17 08:30:00+10:00,33.019683431488446
2018-02-17 09:00:00+10:00,39.63930783132017
2018-02-17 09:30:00+10:00,45.418873172659126
2018-02-17 10:00:00+10:00,50.28952345434939
2018-02-17 10:30:00+10:00,54.217849459798195
2018-02-17 11:00:00+10:00,57.19294197158238
2018-02-17 11:30:00+10:00,59.21573659407792
2018-02-17 12:00:00+10:00,60.29001095016439
2018-02-17 12:30:00+10:00,60.42005200699757
2018-02-17 13:00:00+10:00,59.60590736464461
2018-02-17 13:30:00+10:00,57.844048803380055
2018-02-17 14:00:00+10:00,55.13023035928503
2018-02-17 14:30:00+10:00,51.461561707858706
2018-02-17 15:00:00+10:00,46.84508203145418
2018-02-17 15:30:00+10:00,41.305620558658354
2018-02-17 16:00:00+10:00,34.90043798751353
2018-02-17 16:30:00+10:00,27.739460370979334
2018-02-17 17:00:00+10:00,20.02224447851749
2018-02-17 17:30:00+10:00,12.115553717060042
2018-02-17 18:00:00+10:00,4.752577585988302
2018-02-17 18:30:00+10:00,0.0
2018-02-17 19:00:00+10:00,0.0
2018-02-17 19:30:00+10:00,0.0
2018-02-17 20:00:00+10:00,0.0
2018-02-17 20:30:00+10:00,0.0
2018-02-17 21:00:00+10:00,0.0
2018-02-17 21:30:00+10:00,0.0
2018-02-17 22:00:00+10:00,0.0
2018-02-17 22:30:00+10:00,0.0
2018-02-17 23:00:00+10:00,0.0
2018-02-17 23:30:00+10:00,0.0
2018-02-18 00:00:00+10:00,0.0
2018-02-18 00:30:00+10:00,0.0
2018-02-18 01:00:00+10:00,0.0
2018-02-18 01:30:00+10:00,0.0
2018-02-18 02:00:00+10:00,0.0
2018-02-18 02:30:00+10:00,0.0
2018-02-18 03:00:00+10:00,0.0
2018-02-18 03:30:00+10:00,0.0
2018-02-18 04:00:00+10:00,0.0
2018-02-18 04:30:00+10:00,0.0
2018-02-18 05:00:00+10:00,0.0
2018-02-18 05:30:00+10:00,0.0
2018-02-18 06:00:00+10:00,0.0
2018-02-18 06:30:00+10:00,2.313600722149191
2018-02-18 07:00:00+10:00,8.192367024376848
2018-02-18 07:30:00+10:00,14.869855647627976
2018-02-18 08:00:00+10:00,21.573884998718
2018-02-18 08:30:00+10:00,27.922778543238845
2018-02-18 09:00:00+10:00,33.70437974303205
2018-02-18 09:30:00+10:00,38.79292813863995
2018-02-18 10:00:00+10:00,43.112890608661324
2018-02-18 10:30:00+10:00,46.62045364152512
2018-02-18 11:00:00+10:00,49.291596241895405
2018-02-18 11:30:00+10:00,51.114630628339654
2018-02-18 12:00:00+10:00,52.08469711321895
2018-02-18 12:30:00+10:00,52.20028435068147
2018-02-18 13:00:00+10:00,51.46075148234871
2018-02-18 13:30:00+10:00,49.867417264155314
2018-02-18 14:00:00+10:00,47.423443680050234
2018-02-18 14:30:00+10:00,44.13840720146712
2018-02-18 15:00:00+10:00,40.03154737217546
2018-02-18 15:30:00+10:00,35.14043411956248
2018-02-18 16:00:00+10:00,29.530300669185465
2018-02-18 16:30:00+10:00,23.310546576744933
2018-02-18 17:00:00+10:00,16.665157209889845
2018-02-18 17:30:00+10:00,9.918196903565612
2018-02-18 18:00:00+10:00,3.704865056552003
2018-02-18 18:30:00+10:00,0.0
2018-02-18 19:00:00+10:00,0.0
2018-02-18 19:30:00+10:00,0.0
2018-02-18 20:00:00+10:00,0.0
2018-02-18 20:30:00+10:00,0.0
2018-02-18 21:00:00+10:00,0.0
2018-02-18 21:30:00+10:00,0.0
2018-02-18 22:00:00+10:00,0.0
2018-02-18 22:30:00+10:00,0.0
2018-02-18 23:00:00+10:00,0.0
2018-02-18 23:30:00+10:00,0.0
2018-02-19 00:00:00+10:00,0.0
2018-02-19 00:30:00+10:00,0.0
2018-02-19 01:00:00+10:00,0.0
2018-02-19 01:30:00+10:00,0.0
2018-02-19 02:00:00+10:00,0.0
2018-02-19 02:30:00+10:00,0.0
2018-02-19 03:00:00+10:00,0.0
2018-02-19 03:30:00+10:00,0.0
2018-02-19 04:00:00+10:00,0.0
2018-02-19 04:30:00+10:00,0.0
2018-02-19 05:00:00+10:00,0.0
2018-02-19 05:30:00+10:00,0.0
2018-02-19 06:00:00+10:00,0.0
2018-02-19 06:30:00+10:00,1.6393339980826396
2018-02-19 07:00:00+10:00,6.427839058162238
2018-02-19 07:30:00+10:00,11.929980135626044
2018-02-19 08:00:00+10:00,17.502789354625268
2018-02-19 08:30:00+10:00,22.82452595182491
2018-02-19 09:00:00+10:00,27.710044445457704
2018-02-19 09:30:00+10:00,32.04307788735618
2018-02-19 10:00:00+10:00,35.74791519511887
2018-02-19 10:30:00+10:00,38.774766062567004
2018-02-19 11:00:00+10:00,41.09173993236933
2018-02-19 11:30:00+10:00,42.67876552782647
2018-02-19 12:00:00+10:00,43.52426320479259
2018-02-19 12:30:00+10:00,43.62319538821617
2018-02-19 13:00:00+10:00,42.97465078032868
2018-02-19 13:30:00+10:00,41.582284733907
2018-02-19 14:00:00+10:00,39.45595558822806
2018-02-19 14:30:00+10:00,36.61275199289544
2018-02-19 15:00:00+10:00,33.08066109901596
2018-02-19 15:30:00+10:00,28.903919259482514
2018-02-19 16:00:00+10:00,24.150214807756
2018-02-19 16:30:00+10:00,18.923076387610834
2018-02-19 17:00:00+10:00,13.38545452480683
2018-02-19 17:30:00+10:00,7.813650783318016
2018-02-19 18:00:00+10:00,2.7393385383763964
2018-02-19 18:30:00+10:00,0.0
2018-02-19 19:00:00+10:00,0.0
2018-02-19 19:30:00+10:00,0.0
2018-02-19 20:00:00+10:00,0.0
2018-02-19 20:30:00+10:00,0.0
2018-02-19 21:00:00+10:00,0.0
2018-02-19 21:30:00+10:00,0.0
2018-02-19 22:00:00+10:00,0.0
2018-02-19 22:30:00+10:00,0.0
2018-02-19 23:00:00+10:00,0.0
2018-02-19 23:30:00+10:00,0.0
2018-02-20 00:00:00+10:00,0.0
2018-02-20 00:30:00+10:00,0.0
2018-02-20 01:00:00+10:00,0.0
2018-02-20 01:30:00+10:00,0.0
2018-02-20 02:00:00+10:00,0.0
2018-02-20 02:30:00+10:00,0.0
2018-02-20 03:00:00+10:00,0.0
2018-02-20 03:30:00+10:00,0.0
2018-02-20 04:00:00+10:00,0.0
2018-02-20 04:30:00+10:00,0.0
2018-02-20 05:00:00+10:00,0.0
2018-02-20 05:30:00+10:00,0.0
2018-02-20 06:00:00+10:00,0.0
2018-02-20 06:30:00+10:00,2.869913280965726
2018-02-20 07:00:00+10:00,10.304206672605135
2018-02-20 07:30:00+10:00,18.7350287108563
2018-02-20 08:00:00+10:00,27.12492758591444
2018-02-20 08:30:00+10:00,34.9866764781444
2018-02-20 09:00:00+10:00,42.06700150414681
2018-02-20 09:30:00+10:00,48.230887650884455
2018-02-20 10:00:00+10:00,53.40960389519952
2018-02-20 10:30:00+10:00,57.57476441942746
2018-02-20 11:00:00+10:00,60.72092194050073
2018-02-20 11:30:00+10:00,62.85355998228752
2018-02-20 12:00:00+10:00,63.980894139523045
2018-02-20 12:30:00+10:00,64.1096551524068
2018-02-20 13:00:00+10:00,63.239880485053376
2018-02-20 13:30:00+10:00,61.36657119130698
2018-02-20 14:00:00+10:00,58.48102966603107
2018-02-20 14:30:00+10:00,54.57639902241026
2018-02-20 15:00:00+10:00,49.65379634393153
2018-02-20 15:30:00+10:00,43.7340615290596
2018-02-20 16:00:00+10:00,36.872694465186164
2018-02-20 16:30:00+10:00,29.18436216961172
2018-02-20 17:00:00+10:00,20.88476064673802
2018-02-20 17:30:00+10:00,12.384738848615354
2018-02-20 18:00:00+10:00,4.536097290379304
2018-02-20 18:30:00+10:00,0.0
2018-02-20 19:00:00+10:00,0.0
2018-02-20 19:30:00+10:00,0.0
2018-02-20 20:00:00+10:00,0.0
2018-02-20 20:30:00+10:00,0.0
2018-02-20 21:00:00+10:00,0.0
2018-02-20 21:30:00+10:00,0.0
2018-02-20 22:00:00+10:00,0.0
2018-02-20 22:30:00+10:00,0.0
2018-02-20 23:00:00+10:00,0.0
2018-02-20 23:30:00+10:00,0.0
2018-02-21 00:00:00+10:00,0.0
2018-02-21 00:30:00+10:00,0.0
2018-02-21 01:00:00+10:00,0.0
2018-02-21 01:30:00+10:00,0.0
2018-02-21 02:00:00+10:00,0.0
2018-02-21 02:30:00+10:00,0.0
2018-02-21 03:00:00+10:00,0.0
2018-02-21 03:30:00+10:00,0.0
2018-02-21 04:00:00+10:00,0.0
2018-02-21 04:30:00+10:00,0.0
2018-02-21 05:00:00+10:00,0.0
2018-02-21 05:30:00+10:00,0.0
2018-02-21 06:00:00+10:00,0.0
2018-02-21 06:30:00+10:00,2.419927457525454
2018-02-21 07:00:00+10:00,9.205171985145839
2018-02-21 07:30:00+10:00,16.966746436567956
2018-02-21 08:00:00+10:00,24.728050989248363
2018-02-21 08:30:00+10:00,32.029995399533114
2018-02-21 09:00:00+10:00,38.63073455505244
2018-02-21 09:30:00+10:00,44.39721036560588
2018-02-21 10:00:00+10:00,49.25791888697889
2018-02-21 10:30:00+10:00,53.178523151138194
2018-02-21 11:00:00+10:00,56.14661037515817
2018-02-21 11:30:00+10:00,58.16118431324067
2018-02-21 12:00:00+10:00,59.226321549466064
2018-02-21 12:30:00+10:00,59.34483883324566
2018-02-21 13:00:00+10:00,58.51667667260212
2018-02-21 13:30:00+10:00,56.739820658506886
2018-02-21 14:00:00+10:00,54.009586649091105
2018-02-21 14:30:00+10:00,50.32482905104555
2018-02-21 15:00:00+10:00,45.69411688275544
2018-02-21 15:30:00+10:00,40.14440679350496
2018-02-21 16:00:00+10:00,33.73615692583696
2018-02-21 16:30:00+10:00,26.583600525339808
2018-02-21 17:00:00+10:00,18.895003719154488
2018-02-21 17:30:00+10:00,11.060300394859809
2018-02-21 18:00:00+10:00,3.884916052468643
2018-02-21 18:30:00+10:00,0.0
2018-02-21 19:00:00+10:00,0.0
2018-02-21 19:30:00+10:00,0.0
2018-02-21 20:00:00+10:00,0.0
2018-02-21 20:30:00+10:00,0.0
2018-02-21 21:00:00+10:00,0.0
2018-02-21 21:30:00+10:00,0.0
2018-02-21 22:00:00+10:00,0.0
2018-02-21 22:30:00+10:00,0.0
2018-02-21 23:00:00+10:00,0.0
2018-02-21 23:30:00+10:00,0.0
2018-02-22 00:00:00+10:00,0.0
2018-02-22 00:30:00+10:00,0.0
2018-02-22 01:00:00+10:00,0.0
2018-02-22 01:30:00+10:00,0.0
2018-02-22 02:00:00+10:00,0.0
2018-02-22 02:30:00+10:00,0.0
2018-02-22 03:00:00+10:00,0.0
2018-02-22 03:30:00+10:00,0.0
2018-02-22 04:00:00+10:00,0.0
2018-02-22 04:30:00+10:00,0.0
2018-02-22 05:00:00+10:00,0.0
2018-02-22 05:30:00+10:00,0.0
2018-02-22 06:00:00+10:00,0.0
2018-02-22 06:30:00+10:00,1.9781058520937838
2018-02-22 07:00:00+10:00,8.07429999060025
2018-02-22 07:30:00+10:00,15.114215355322347
2018-02-22 08:00:00+10:00,22.191838607501342
2018-02-22 08:30:00+10:00,28.880738732980888
2018-02-22 09:00:00+10:00,34.95293693211374
2018-02-22 09:30:00+10:00,40.27874197161134
2018-02-22 10:00:00+10:00,44.7844292327726
2018-02-22 10:30:00+10:00,48.43018372093159
2018-02-22 11:00:00+10:00,51.197360800099766
2018-02-22 11:30:00+10:00,53.07850546929744
2018-02-22 12:00:00+10:00,54.07276811743802
2018-02-22 12:30:00+10:00,54.179880048918314
2018-02-22 13:00:00+10:00,53.40074883168619
2018-02-22 13:30:00+10:00,51.73392107534174
2018-02-22 14:00:00+10:00,49.18016248684439
2018-02-22 14:30:00+10:00,45.744065947158205
2018-02-22 15:00:00+10:00,41.44106690958078
2018-02-22 15:30:00+10:00,36.30417790467099
2018-02-22 16:00:00+10:00,30.3972808325378
2018-02-22 16:30:00+10:00,23.83354765428799
2018-02-22 17:00:00+10:00,16.811504385749355
2018-02-22 17:30:00+10:00,9.696236212896345
2018-02-22 18:00:00+10:00,3.2391681824439975
2018-02-22 18:30:00+10:00,0.0
2018-02-22 19:00:00+10:00,0.0
2018-02-22 19:30:00+10:00,0.0
2018-02-22 20:00:00+10:00,0.0
2018-02-22 20:30:00+10:00,0.0
2018-02-22 21:00:00+10:00,0.0
2018-02-22 21:30:00+10:00,0.0
2018-02-22 22:00:00+10:00,0.0
2018-02-22 22:30:00+10:00,0.0
2018-02-22 23:00:00+10:00,0.0
2018-02-22 23:30:00+10:00,0.0
2018-02-23 00:00:00+10:00,0.0
2018-02-23 00:30:00+10:00,0.0
2018-02-23 01:00:00+10:00,0.0
2018-02-23 01:30:00+10:00,0.0
2018-02-23 02:00:00+10:00,0.0
2018-02-23 02:30:00+10:00,0.0
2018-02-23 03:00:00+10:00,0.0
2018-02-23 03:30:00+10:00,0.0
2018-02-23 04:00:00+10:00,0.0
2018-02-23 04:30:00+10:00,0.0
2018-02-23 05:00:00+10:00,0.0
2018-02-23 05:30:00+10:00,0.0
2018-02-23 06:00:00+10:00,0.0
2018-02-23 06:30:00+10:00,2.092508508159896
2018-02-23 07:00:00+10:00,8.690914035577972
2018-02-23 07:30:00+10:00,16.32034150960036
2018-02-23 08:00:00+10:00,23.96534037140253
2018-02-23 08:30:00+10:00,31.157964112349944
2018-02-23 09:00:00+10:00,37.655937554675006
2018-02-23 09:30:00+10:00,43.3273594482316
2018-02-23 10:00:00+10:00,48.103375340426666
2018-02-23 10:30:00+10:00,51.951248382203985
2018-02-23 11:00:00+10:00,54.86044053882636
2018-02-23 11:30:00+10:00,56.83203990241863
2018-02-23 12:00:00+10:00,57.8700152057257
2018-02-23 12:30:00+10:00,57.97855863738495
2018-02-23 13:00:00+10:00,57.15769342785878
2018-02-23 13:30:00+10:00,55.40405459373036
2018-02-23 14:00:00+10:00,52.712596227554656
2018-02-23 14:30:00+10:00,49.081622140920786
2018-02-23 15:00:00+10:00,44.51718965659694
2018-02-23 15:30:00+10:00,39.045356184589316
2018-02-23 16:00:00+10:00,32.72465327009902
2018-02-23 16:30:00+10:00,25.66894020933485
2018-02-23 17:00:00+10:00,18.08844197118952
2018-02-23 17:30:00+10:00,10.383310562715591
2018-02-23 18:00:00+10:00,3.398554460542506
2018-02-23 18:30:00+10:00,0.0
2018-02-23 19:00:00+10:00,0.0
2018-02-23 19:30:00+10:00,0.0
2018-02-23 20:00:00+10:00,0.0
2018-02-23 20:30:00+10:00,0.0
2018-02-23 21:00:00+10:00,0.0
2018-02-23 21:30:00+10:00,0.0
2018-02-23 22:00:00+10:00,0.0
2018-02-23 22:30:00+10:00,0.0
2018-02-23 23:00:00+10:00,0.0
2018-02-23 23:30:00+10:00,0.0
2018-02-24 00:00:00+10:00,0.0
2018-02-24 00:30:00+10:00,0.0
2018-02-24 01:00:00+10:00,0.0
2018-02-24 01:30:00+10:00,0.0
2018-02-24 02:00:00+10:00,0.0
2018-02-24 02:30:00+10:00,0.0
2018-02-24 03:00:00+10:00,0.0
2018-02-24 03:30:00+10:00,0.0
2018-02-24 04:00:00+10:00,0.0
2018-02-24 04:30:00+10:00,0.0
2018-02-24 05:00:00+10:00,0.0
2018-02-24 05:30:00+10:00,0.0
2018-02-24 06:00:00+10:00,0.0
2018-02-24 06:30:00+10:00,1.5824098794382406
2018-02-24 07:00:00+10:00,7.262796854314714
2018-02-24 07:30:00+10:00,13.908427567792833
2018-02-24 08:00:00+10:00,20.622871416082962
2018-02-24 08:30:00+10:00,26.989405070557144
2018-02-24 09:00:00+10:00,32.78515380446641
2018-02-24 09:30:00+10:00,37.88126236988249
2018-02-24 10:00:00+10:00,42.20214449668662
2018-02-24 10:30:00+10:00,45.70478090318418
2018-02-24 11:00:00+10:00,48.3661578948141
2018-02-24 11:30:00+10:00,50.17557220210642
2018-02-24 12:00:00+10:00,51.12888592340208
2018-02-24 12:30:00+10:00,51.22499596028648
2018-02-24 13:00:00+10:00,50.463301642224465
2018-02-24 13:30:00+10:00,48.84491656785613
2018-02-24 14:00:00+10:00,46.372853744627136
2018-02-24 14:30:00+10:00,43.0552587696859
2018-02-24 15:00:00+10:00,38.91184526933828
2018-02-24 15:30:00+10:00,33.97980894278333
2018-02-24 16:00:00+10:00,28.32606840644877
2018-02-24 16:30:00+10:00,22.064699582304716
2018-02-24 17:00:00+10:00,15.392458509202717
2018-02-24 17:30:00+10:00,8.66958013233476
2018-02-24 18:00:00+10:00,2.648379369726624
2018-02-24 18:30:00+10:00,0.0
2018-02-24 19:00:00+10:00,0.0
2018-02-24 19:30:00+10:00,0.0
2018-02-24 20:00:00+10:00,0.0
2018-02-24 20:30:00+10:00,0.0
2018-02-24 21:00:00+10:00,0.0
2018-02-24 21:30:00+10:00,0.0
2018-02-24 22:00:00+10:00,0.0
2018-02-24 22:30:00+10:00,0.0
2018-02-24 23:00:00+10:00,0.0
2018-02-24 23:30:00+10:00,0.0
2018-02-25 00:00:00+10:00,0.0
2018-02-25 00:30:00+10:00,0.0
2018-02-25 01:00:00+10:00,0.0
2018-02-25 01:30:00+10:00,0.0
2018-02-25 02:00:00+10:00,0.0
2018-02-25 02:30:00+10:00,0.0
2018-02-25 03:00:00+10:00,0.0
2018-02-25 03:30:00+10:00,0.0
2018-02-25 04:00:00+10:00,0.0
2018-02-25 04:30:00+10:00,0.0
2018-02-25 05:00:00+10:00,0.0
2018-02-25 05:30:00+10:00,0.0
2018-02-25 06:00:00+10:00,0.0
2018-02-25 06:30:00+10:00,1.599967806290344
2018-02-25 07:00:00+10:00,7.570535571908868
2018-02-25 07:30:00+10:00,14.579426135845482
2018-02-25 08:00:00+10:00,21.6511775089638
2018-02-25 08:30:00+10:00,28.340216502904745
2018-02-25 09:00:00+10:00,34.412890215256766
2018-02-25 09:30:00+10:00,39.73806883262684
2018-02-25 10:00:00+10:00,44.24115891693906
2018-02-25 10:30:00+10:00,47.8823702963976
2018-02-25 11:00:00+10:00,50.64296253542883
2018-02-25 11:30:00+10:00,52.515627536686324
2018-02-25 12:00:00+10:00,53.499280148542695
2018-02-25 12:30:00+10:00,53.59408176725704
2018-02-25 13:00:00+10:00,52.80031862514222
2018-02-25 13:30:00+10:00,51.11718404401182
2018-02-25 14:00:00+10:00,48.545079869950584
2018-02-25 14:30:00+10:00,45.088968686383716
2018-02-25 15:00:00+10:00,40.76463826392227
2018-02-25 15:30:00+10:00,35.60583738244226
2018-02-25 16:00:00+10:00,29.678095717151994
2018-02-25 16:30:00+10:00,23.097608282714063
2018-02-25 17:00:00+10:00,16.07071241060427
2018-02-25 17:30:00+10:00,8.983665721780113
2018-02-25 18:00:00+10:00,2.6587920004016805
2018-02-25 18:30:00+10:00,0.0
2018-02-25 19:00:00+10:00,0.0
2018-02-25 19:30:00+10:00,0.0
2018-02-25 20:00:00+10:00,0.0
2018-02-25 20:30:00+10:00,0.0
2018-02-25 21:00:00+10:00,0.0
2018-02-25 21:30:00+10:00,0.0
2018-02-25 22:00:00+10:00,0.0
2018-02-25 22:30:00+10:00,0.0
2018-02-25 23:00:00+10:00,0.0
2018-02-25 23:30:00+10:00,0.0
2018-02-26 00:00:00+10:00,0.0
2018-02-26 00:30:00+10:00,0.0
2018-02-26 01:00:00+10:00,0.0
2018-02-26 01:30:00+10:00,0.0
2018-02-26 02:00:00+10:00,0.0
2018-02-26 02:30:00+10:00,0.0
2018-02-26 03:00:00+10:00,0.0
2018-02-26 03:30:00+10:00,0.0
2018-02-26 04:00:00+10:00,0.0
2018-02-26 04:30:00+10:00,0.0
2018-02-26 05:00:00+10:00,0.0
2018-02-26 05:30:00+10:00,0.0
2018-02-26 06:00:00+10:00,0.0
2018-02-26 06:30:00+10:00,1.784328501344955
2018-02-26 07:00:00+10:00,8.509332008341403
2018-02-26 07:30:00+10:00,16.405816123596924
2018-02-26 08:00:00+10:00,24.3434294972658
2018-02-26 08:30:00+10:00,31.817676258660676
2018-02-26 09:00:00+10:00,38.57168552646661
2018-02-26 09:30:00+10:00,44.467130548341096
2018-02-26 10:00:00+10:00,49.43082887697441
2018-02-26 10:30:00+10:00,53.42863404711644
2018-02-26 11:00:00+10:00,56.44908752142956
2018-02-26 11:30:00+10:00,58.49131638077208
2018-02-26 12:00:00+10:00,59.56013839654849
2018-02-26 12:30:00+10:00,59.65862661133492
2018-02-26 13:00:00+10:00,58.78659502701533
2018-02-26 13:30:00+10:00,56.941868383544104
2018-02-26 14:00:00+10:00,54.11922158263566
2018-02-26 14:30:00+10:00,50.31747027227237
2018-02-26 15:00:00+10:00,45.54446844507756
2018-02-26 15:30:00+10:00,39.828769137582015
2018-02-26 16:00:00+10:00,33.233750450083065
2018-02-26 16:30:00+10:00,25.881050186867267
2018-02-26 17:00:00+10:00,17.99731146443723
2018-02-26 17:30:00+10:00,10.020861321192635
2018-02-26 18:00:00+10:00,2.9089638071887345
2018-02-26 18:30:00+10:00,0.0
2018-02-26 19:00:00+10:00,0.0
2018-02-26 19:30:00+10:00,0.0
2018-02-26 20:00:00+10:00,0.0
2018-02-26 20:30:00+10:00,0.0
2018-02-26 21:00:00+10:00,0.0
2018-02-26 21:30:00+10:00,0.0
2018-02-26 22:00:00+10:00,0.0
2018-02-26 22:30:00+10:00,0.0
2018-02-26 23:00:00+10:00,0.0
2018-02-26 23:30:00+10:00,0.0
2018-02-27 00:00:00+10:00,0.0
2018-02-27 00:30:00+10:00,0.0
2018-02-27 01:00:00+10:00,0.0
2018-02-27 01:30:00+10:00,0.0
2018-02-27 02:00:00+10:00,0.0
2018-02-27 02:30:00+10:00,0.0
2018-02-27 03:00:00+10:00,0.0
2018-02-27 03:30:00+10:00,0.0
2018-02-27 04:00:00+10:00,0.0
2018-02-27 04:30:00+10:00,0.0
2018-02-27 05:00:00+10:00,0.0
2018-02-27 05:30:00+10:00,0.0
2018-02-27 06:00:00+10:00,0.0
2018-02-27 06:30:00+10:00,1.4978406760961773
2018-02-27 07:00:00+10:00,7.751799012596383
2018-02-27 07:30:00+10:00,15.161795536552724
2018-02-27 08:00:00+10:00,22.639420463146006
2018-02-27 08:30:00+10:00,29.701068169885396
2018-02-27 09:00:00+10:00,36.09889891248337
2018-02-27 09:30:00+10:00,41.69670441211355
2018-02-27 10:00:00+10:00,46.420306662914804
2018-02-27 10:30:00+10:00,50.23146770692121
2018-02-27 11:00:00+10:00,53.11427412329574
2018-02-27 11:30:00+10:00,55.06471217635299
2018-02-27 12:00:00+10:00,56.083683319897204
2018-02-27 12:30:00+10:00,56.17277214972053
2018-02-27 13:00:00+10:00,55.33201459778411
2018-02-27 13:30:00+10:00,53.5593969812833
2018-02-27 14:00:00+10:00,50.853720226631275
2018-02-27 14:30:00+10:00,47.21758755209523
2018-02-27 15:00:00+10:00,42.663505342796086
2018-02-27 15:30:00+10:00,37.22421350535443
2018-02-27 16:00:00+10:00,30.964990057892905
2018-02-27 16:30:00+10:00,24.00746838289231
2018-02-27 17:00:00+10:00,16.572389388231628
2018-02-27 17:30:00+10:00,9.083812847461493
2018-02-27 18:00:00+10:00,2.4707529701435966
2018-02-27 18:30:00+10:00,0.0
2018-02-27 19:00:00+10:00,0.0
2018-02-27 19:30:00+10:00,0.0
2018-02-27 20:00:00+10:00,0.0
2018-02-27 20:30:00+10:00,0.0
2018-02-27 21:00:00+10:00,0.0
2018-02-27 21:30:00+10:00,0.0
2018-02-27 22:00:00+10:00,0.0
2018-02-27 22:30:00+10:00,0.0
2018-02-27 23:00:00+10:00,0.0
2018-02-27 23:30:00+10:00,0.0
2018-02-28 00:00:00+10:00,0.0
2018-02-28 00:30:00+10:00,0.0
2018-02-28 01:00:00+10:00,0.0
2018-02-28 01:30:00+10:00,0.0
2018-02-28 02:00:00+10:00,0.0
2018-02-28 02:30:00+10:00,0.0
2018-02-28 03:00:00+10:00,0.0
2018-02-28 03:30:00+10:00,0.0
2018-02-28 04:00:00+10:00,0.0
2018-02-28 04:30:00+10:00,0.0
2018-02-28 05:00:00+10:00,0.0
2018-02-28 05:30:00+10:00,0.0
2018-02-28 06:00:00+10:00,0.0
2018-02-28 06:30:00+10:00,1.3318725775471687
2018-02-28 07:00:00+10:00,7.409224345906871
2018-02-28 07:30:00+10:00,14.662933133533729
2018-02-28 08:00:00+10:00,21.997873267044536
2018-02-28 08:30:00+10:00,28.93168254789024
2018-02-28 09:00:00+10:00,35.21794641633284
2018-02-28 09:30:00+10:00,40.72118110499626
2018-02-28 10:00:00+10:00,45.36653561620055
2018-02-28 10:30:00+10:00,49.115767438120095
2018-02-28 11:00:00+10:00,51.95166185455733
2018-02-28 11:30:00+10:00,53.86935040648182
2018-02-28 12:00:00+10:00,54.86838444673784
2018-02-28 12:30:00+10:00,54.95067492388876
2018-02-28 13:00:00+10:00,54.11595424492306
2018-02-28 13:30:00+10:00,52.36258653029061
2018-02-28 14:00:00+10:00,49.69010031510058
2018-02-28 14:30:00+10:00,46.1020657820746
2018-02-28 15:00:00+10:00,41.612181320565355
2018-02-28 15:30:00+10:00,36.2540762209575
2018-02-28 16:00:00+10:00,30.094244600668013
2018-02-28 16:30:00+10:00,23.25457560047319
2018-02-28 17:00:00+10:00,15.956051633331874
2018-02-28 17:30:00+10:00,8.624994257348979
2018-02-28 18:00:00+10:00,2.2043303563831946
2018-02-28 18:30:00+10:00,0.0
2018-02-28 19:00:00+10:00,0.0
2018-02-28 19:30:00+10:00,0.0
2018-02-28 20:00:00+10:00,0.0
2018-02-28 20:30:00+10:00,0.0
2018-02-28 21:00:00+10:00,0.0
2018-02-28 21:30:00+10:00,0.0
2018-02-28 22:00:00+10:00,0.0
2018-02-28 22:30:00+10:00,0.0
2018-02-28 23:00:00+10:00,0.0
2018-02-28 23:30:00+10:00,0.0
2018-03-01 00:00:00+10:00,0.0
2018-03-01 00:30:00+10:00,0.0
2018-03-01 01:00:00+10:00,0.0
2018-03-01 01:30:00+10:00,0.0
2018-03-01 02:00:00+10:00,0.0
2018-03-01 02:30:00+10:00,0.0
2018-03-01 03:00:00+10:00,0.0
2018-03-01 03:30:00+10:00,0.0
2018-03-01 04:00:00+10:00,0.0
2018-03-01 04:30:00+10:00,0.0
2018-03-01 05:00:00+10:00,0.0
2018-03-01 05:30:00+10:00,0.0
2018-03-01 06:00:00+10:00,0.0
2018-03-01 06:30:00+10:00,1.6312513843201093
2018-03-01 07:00:00+10:00,8.939868723492513
2018-03-01 07:30:00+10:00,17.649424834128535
2018-03-01 08:00:00+10:00,26.38096579162466
2018-03-01 08:30:00+10:00,34.550867696829016
2018-03-01 09:00:00+10:00,41.879253751808946
2018-03-01 09:30:00+10:00,48.22709128305138
2018-03-01 10:00:00+10:00,53.53208736079941
2018-03-01 10:30:00+10:00,57.77422501974524
2018-03-01 11:00:00+10:00,60.95740557583861
2018-03-01 11:30:00+10:00,63.09480846139901
2018-03-01 12:00:00+10:00,64.20149168922111
2018-03-01 12:30:00+10:00,64.2862739715382
2018-03-01 13:00:00+10:00,63.349443171743346
2018-03-01 13:30:00+10:00,61.38329176313525
2018-03-01 14:00:00+10:00,58.37343685959072
2018-03-01 14:30:00+10:00,54.30571634261961
2018-03-01 15:00:00+10:00,49.172876170228946
2018-03-01 15:30:00+10:00,42.989347505156026
2018-03-01 16:00:00+10:00,35.80864323534623
2018-03-01 16:30:00+10:00,27.753398084933483
2018-03-01 17:00:00+10:00,19.073379839486762
2018-03-01 17:30:00+10:00,10.284856540484036
2018-03-01 18:00:00+10:00,2.5852356239621073
2018-03-01 18:30:00+10:00,0.0
2018-03-01 19:00:00+10:00,0.0
2018-03-01 19:30:00+10:00,0.0
2018-03-01 20:00:00+10:00,0.0
2018-03-01 20:30:00+10:00,0.0
2018-03-01 21:00:00+10:00,0.0
2018-03-01 21:30:00+10:00,0.0
2018-03-01 22:00:00+10:00,0.0
2018-03-01 22:30:00+10:00,0.0
2018-03-01 23:00:00+10:00,0.0
2018-03-01 23:30:00+10:00,0.0
2018-03-02 00:00:00+10:00,0.0
2018-03-02 00:30:00+10:00,0.0
2018-03-02 01:00:00+10:00,0.0
2018-03-02 01:30:00+10:00,0.0
2018-03-02 02:00:00+10:00,0.0
2018-03-02 02:30:00+10:00,0.0
2018-03-02 03:00:00+10:00,0.0
2018-03-02 03:30:00+10:00,0.0
2018-03-02 04:00:00+10:00,0.0
2018-03-02 04:30:00+10:00,0.0
2018-03-02 05:00:00+10:00,0.0
2018-03-02 05:30:00+10:00,0.0
2018-03-02 06:00:00+10:00,0.0
2018-03-02 06:30:00+10:00,1.5749953450158654
2018-03-02 07:00:00+10:00,9.085684797746179
2018-03-02 07:30:00+10:00,18.083056970019182
2018-03-02 08:00:00+10:00,27.101399955082833
2018-03-02 08:30:00+10:00,35.52952679043913
2018-03-02 09:00:00+10:00,43.07834245579612
2018-03-02 09:30:00+10:00,49.60737721908765
2018-03-02 10:00:00+10:00,55.055281873679796
2018-03-02 10:30:00+10:00,59.40522471758517
2018-03-02 11:00:00+10:00,62.66419682388125
2018-03-02 11:30:00+10:00,64.84923539593007
2018-03-02 12:00:00+10:00,65.97630720140691
2018-03-02 12:30:00+10:00,66.05590960490669
2018-03-02 13:00:00+10:00,65.08915393770727
2018-03-02 13:30:00+10:00,63.066382201392535
2018-03-02 14:00:00+10:00,59.971085756577104
2018-03-02 14:30:00+10:00,55.786181328581705
2018-03-02 15:00:00+10:00,50.50162149451164
2018-03-02 15:30:00+10:00,44.12937482514289
2018-03-02 16:00:00+10:00,36.72147331007366
2018-03-02 16:30:00+10:00,28.402844143479843
2018-03-02 17:00:00+10:00,19.433298913458955
2018-03-02 17:30:00+10:00,10.357971896062487
2018-03-02 18:00:00+10:00,2.4616697885206316
2018-03-02 18:30:00+10:00,0.0
2018-03-02 19:00:00+10:00,0.0
2018-03-02 19:30:00+10:00,0.0
2018-03-02 20:00:00+10:00,0.0
2018-03-02 20:30:00+10:00,0.0
2018-03-02 21:00:00+10:00,0.0
2018-03-02 21:30:00+10:00,0.0
2018-03-02 22:00:00+10:00,0.0
2018-03-02 22:30:00+10:00,0.0
2018-03-02 23:00:00+10:00,0.0
2018-03-02 23:30:00+10:00,0.0
2018-03-03 00:00:00+10:00,0.0
2018-03-03 00:30:00+10:00,0.0
2018-03-03 01:00:00+10:00,0.0
2018-03-03 01:30:00+10:00,0.0
2018-03-03 02:00:00+10:00,0.0
2018-03-03 02:30:00+10:00,0.0
2018-03-03 03:00:00+10:00,0.0
2018-03-03 03:30:00+10:00,0.0
2018-03-03 04:00:00+10:00,0.0
2018-03-03 04:30:00+10:00,0.0
2018-03-03 05:00:00+10:00,0.0
2018-03-03 05:30:00+10:00,0.0
2018-03-03 06:00:00+10:00,0.0
2018-03-03 06:30:00+10:00,1.3111179446419994
2018-03-03 07:00:00+10:00,8.336095908418175
2018-03-03 07:30:00+10:00,16.838023525301157
2018-03-03 08:00:00+10:00,25.39623729314503
2018-03-03 08:30:00+10:00,33.42048919637467
2018-03-03 09:00:00+10:00,40.629021809268636
2018-03-03 09:30:00+10:00,46.881514324423335
2018-03-03 10:00:00+10:00,52.11213927737277
2018-03-03 10:30:00+10:00,56.29809971743065
2018-03-03 11:00:00+10:00,59.43941069568569
2018-03-03 11:30:00+10:00,61.54605591130705
2018-03-03 12:00:00+10:00,62.63119718807479
2018-03-03 12:30:00+10:00,62.701307136967685
2018-03-03 13:00:00+10:00,61.75774562129109
2018-03-03 13:30:00+10:00,59.79258234689944
2018-03-03 14:00:00+10:00,56.79453685811777
2018-03-03 14:30:00+10:00,52.7518869620249
2018-03-03 15:00:00+10:00,47.662047014108445
2018-03-03 15:30:00+10:00,41.54322428202064
2018-03-03 16:00:00+10:00,34.45325822559231
2018-03-03 16:30:00+10:00,26.51948085712206
2018-03-03 17:00:00+10:00,17.99790021857136
2018-03-03 17:30:00+10:00,9.420937161193162
2018-03-03 18:00:00+10:00,2.0492548540553592
2018-03-03 18:30:00+10:00,0.0
2018-03-03 19:00:00+10:00,0.0
2018-03-03 19:30:00+10:00,0.0
2018-03-03 20:00:00+10:00,0.0
2018-03-03 20:30:00+10:00,0.0
2018-03-03 21:00:00+10:00,0.0
2018-03-03 21:30:00+10:00,0.0
2018-03-03 22:00:00+10:00,0.0
2018-03-03 22:30:00+10:00,0.0
2018-03-03 23:00:00+10:00,0.0
2018-03-03 23:30:00+10:00,0.0
2018-03-04 00:00:00+10:00,0.0
2018-03-04 00:30:00+10:00,0.0
2018-03-04 01:00:00+10:00,0.0
2018-03-04 01:30:00+10:00,0.0
2018-03-04 02:00:00+10:00,0.0
2018-03-04 02:30:00+10:00,0.0
2018-03-04 03:00:00+10:00,0.0
2018-03-04 03:30:00+10:00,0.0
2018-03-04 04:00:00+10:00,0.0
2018-03-04 04:30:00+10:00,0.0
2018-03-04 05:00:00+10:00,0.0
2018-03-04 05:30:00+10:00,0.0
2018-03-04 06:00:00+10:00,0.0
2018-03-04 06:30:00+10:00,1.1766504007991416
2018-03-04 07:00:00+10:00,8.101688853175355
2018-03-04 07:30:00+10:00,16.547201049913266
2018-03-04 08:00:00+10:00,25.061617141909924
2018-03-04 08:30:00+10:00,33.04809650937651
2018-03-04 09:00:00+10:00,40.22344958981723
2018-03-04 09:30:00+10:00,46.446966295205726
2018-03-04 10:00:00+10:00,51.652726623653976
2018-03-04 10:30:00+10:00,55.817750819855895
2018-03-04 11:00:00+10:00,58.94184453860009
2018-03-04 11:30:00+10:00,61.034724874158776
2018-03-04 12:00:00+10:00,62.109366830748534
2018-03-04 12:30:00+10:00,62.172352481693736
2018-03-04 13:00:00+10:00,61.22410077979914
2018-03-04 13:30:00+10:00,59.25791230686192
2018-03-04 14:00:00+10:00,56.26153633136709
2018-03-04 14:30:00+10:00,52.224451715619495
2018-03-04 15:00:00+10:00,47.14422566522438
2018-03-04 15:30:00+10:00,41.03964481955874
2018-03-04 16:00:00+10:00,33.96943645563366
2018-03-04 16:30:00+10:00,26.0625208235601
2018-03-04 17:00:00+10:00,17.578624635717706
2018-03-04 17:30:00+10:00,9.061599817211668
2018-03-04 18:00:00+10:00,1.8149417099992757
2018-03-04 18:30:00+10:00,0.0
2018-03-04 19:00:00+10:00,0.0
2018-03-04 19:30:00+10:00,0.0
2018-03-04 20:00:00+10:00,0.0
2018-03-04 20:30:00+10:00,0.0
2018-03-04 21:00:00+10:00,0.0
2018-03-04 21:30:00+10:00,0.0
2018-03-04 22:00:00+10:00,0.0
2018-03-04 22:30:00+10:00,0.0
2018-03-04 23:00:00+10:00,0.0
2018-03-04 23:30:00+10:00,0.0
2018-03-05 00:00:00+10:00,0.0
2018-03-05 00:30:00+10:00,0.0
2018-03-05 01:00:00+10:00,0.0
2018-03-05 01:30:00+10:00,0.0
2018-03-05 02:00:00+10:00,0.0
2018-03-05 02:30:00+10:00,0.0
2018-03-05 03:00:00+10:00,0.0
2018-03-05 03:30:00+10:00,0.0
2018-03-05 04:00:00+10:00,0.0
2018-03-05 04:30:00+10:00,0.0
2018-03-05 05:00:00+10:00,0.0
2018-03-05 05:30:00+10:00,0.0
2018-03-05 06:00:00+10:00,0.0
2018-03-05 06:30:00+10:00,0.5192335450724301
2018-03-05 07:00:00+10:00,5.4021854711465185
2018-03-05 07:30:00+10:00,11.493540140122214
2018-03-05 08:00:00+10:00,17.7425435781592
2018-03-05 08:30:00+10:00,23.70540520217554
2018-03-05 09:00:00+10:00,29.15454163243747
2018-03-05 09:30:00+10:00,33.95924729325751
2018-03-05 10:00:00+10:00,38.040411185698005
2018-03-05 10:30:00+10:00,41.350338366910854
2018-03-05 11:00:00+10:00,43.860639125468076
2018-03-05 11:30:00+10:00,45.5560501677726
2018-03-05 12:00:00+10:00,46.42793793929837
2018-03-05 12:30:00+10:00,46.473359722370176
2018-03-05 13:00:00+10:00,45.69180934752008
2018-03-05 13:30:00+10:00,44.086360390192
2018-03-05 14:00:00+10:00,41.663769842128886
2018-03-05 14:30:00+10:00,38.43891243636586
2018-03-05 15:00:00+10:00,34.43771555350549
2018-03-05 15:30:00+10:00,29.705242246005202
2018-03-05 16:00:00+10:00,24.316097465898103
2018-03-05 16:30:00+10:00,18.393856280205824
2018-03-05 17:00:00+10:00,12.152012799151317
2018-03-05 17:30:00+10:00,6.002226953693643
2018-03-05 18:00:00+10:00,0.9024654276436064
2018-03-05 18:30:00+10:00,0.0
2018-03-05 19:00:00+10:00,0.0
2018-03-05 19:30:00+10:00,0.0
2018-03-05 20:00:00+10:00,0.0
2018-03-05 20:30:00+10:00,0.0
2018-03-05 21:00:00+10:00,0.0
2018-03-05 21:30:00+10:00,0.0
2018-03-05 22:00:00+10:00,0.0
2018-03-05 22:30:00+10:00,0.0
2018-03-05 23:00:00+10:00,0.0
2018-03-05 23:30:00+10:00,0.0
2018-03-06 00:00:00+10:00,0.0
2018-03-06 00:30:00+10:00,0.0
2018-03-06 01:00:00+10:00,0.0
2018-03-06 01:30:00+10:00,0.0
2018-03-06 02:00:00+10:00,0.0
2018-03-06 02:30:00+10:00,0.0
2018-03-06 03:00:00+10:00,0.0
2018-03-06 03:30:00+10:00,0.0
2018-03-06 04:00:00+10:00,0.0
2018-03-06 04:30:00+10:00,0.0
2018-03-06 05:00:00+10:00,0.0
2018-03-06 05:30:00+10:00,0.0
2018-03-06 06:00:00+10:00,0.0
2018-03-06 06:30:00+10:00,0.8541684994381755
2018-03-06 07:00:00+10:00,7.376017830763091
2018-03-06 07:30:00+10:00,15.479343917003934
2018-03-06 08:00:00+10:00,23.69895641449025
2018-03-06 08:30:00+10:00,31.441588039090075
2018-03-06 09:00:00+10:00,38.424601148951716
2018-03-06 09:30:00+10:00,44.50343161096757
2018-03-06 10:00:00+10:00,49.60484273840989
2018-03-06 10:30:00+10:00,53.697313757407116
2018-03-06 11:00:00+10:00,56.772031029981804
2018-03-06 11:30:00+10:00,58.832422869730614
2018-03-06 12:00:00+10:00,59.8835632978396
2018-03-06 12:30:00+10:00,59.930909259121435
2018-03-06 13:00:00+10:00,58.97408183026658
2018-03-06 13:30:00+10:00,57.00902516401657
2018-03-06 14:00:00+10:00,54.028789351453945
2018-03-06 14:30:00+10:00,50.02985344688911
2018-03-06 15:00:00+10:00,45.018965828646714
2018-03-06 15:30:00+10:00,39.024835316416656
2018-03-06 16:00:00+10:00,32.11477310590722
2018-03-06 16:30:00+10:00,24.424872225849356
2018-03-06 17:00:00+10:00,16.220535764276622
2018-03-06 17:30:00+10:00,8.05512228957536
2018-03-06 18:00:00+10:00,1.2811119835380773
2018-03-06 18:30:00+10:00,0.0
2018-03-06 19:00:00+10:00,0.0
2018-03-06 19:30:00+10:00,0.0
2018-03-06 20:00:00+10:00,0.0
2018-03-06 20:30:00+10:00,0.0
2018-03-06 21:00:00+10:00,0.0
2018-03-06 21:30:00+10:00,0.0
2018-03-06 22:00:00+10:00,0.0
2018-03-06 22:30:00+10:00,0.0
2018-03-06 23:00:00+10:00,0.0
2018-03-06 23:30:00+10:00,0.0
2018-03-07 00:00:00+10:00,0.0
2018-03-07 00:30:00+10:00,0.0
2018-03-07 01:00:00+10:00,0.0
2018-03-07 01:30:00+10:00,0.0
2018-03-07 02:00:00+10:00,0.0
2018-03-07 02:30:00+10:00,0.0
2018-03-07 03:00:00+10:00,0.0
2018-03-07 03:30:00+10:00,0.0
2018-03-07 04:00:00+10:00,0.0
2018-03-07 04:30:00+10:00,0.0
2018-03-07 05:00:00+10:00,0.0
2018-03-07 05:30:00+10:00,0.0
2018-03-07 06:00:00+10:00,0.0
2018-03-07 06:30:00+10:00,0.5522469022867692
2018-03-07 07:00:00+10:00,6.173080147336023
2018-03-07 07:30:00+10:00,13.260718088708096
2018-03-07 08:00:00+10:00,20.504698883981177
2018-03-07 08:30:00+10:00,27.37277867567352
2018-03-07 09:00:00+10:00,33.60541993599644
2018-03-07 09:30:00+10:00,39.06274318293235
2018-03-07 10:00:00+10:00,43.66716191827703
2018-03-07 10:30:00+10:00,47.37811563230801
2018-03-07 11:00:00+10:00,50.17637012028504
2018-03-07 11:30:00+10:00,52.05456874017719
2018-03-07 12:00:00+10:00,53.01163457090563
2018-03-07 12:30:00+10:00,53.04787918641356
2018-03-07 13:00:00+10:00,52.1631915456002
2018-03-07 13:30:00+10:00,50.35666061101208
2018-03-07 14:00:00+10:00,47.629596484844996
2018-03-07 14:30:00+10:00,43.988194150292145
2018-03-07 15:00:00+10:00,39.449781222305994
2018-03-07 15:30:00+10:00,34.05279442020651
2018-03-07 16:00:00+10:00,27.87072271331063
2018-03-07 16:30:00+10:00,21.037101627869102
2018-03-07 17:00:00+10:00,13.799068718441527
2018-03-07 17:30:00+10:00,6.659961861867387
2018-03-07 18:00:00+10:00,0.847027706723066
2018-03-07 18:30:00+10:00,0.0
2018-03-07 19:00:00+10:00,0.0
2018-03-07 19:30:00+10:00,0.0
2018-03-07 20:00:00+10:00,0.0
2018-03-07 20:30:00+10:00,0.0
2018-03-07 21:00:00+10:00,0.0
2018-03-07 21:30:00+10:00,0.0
2018-03-07 22:00:00+10:00,0.0
2018-03-07 22:30:00+10:00,0.0
2018-03-07 23:00:00+10:00,0.0
2018-03-07 23:30:00+10:00,0.0
2018-03-08 00:00:00+10:00,0.0
2018-03-08 00:30:00+10:00,0.0
2018-03-08 01:00:00+10:00,0.0
2018-03-08 01:30:00+10:00,0.0
2018-03-08 02:00:00+10:00,0.0
2018-03-08 02:30:00+10:00,0.0
2018-03-08 03:00:00+10:00,0.0
2018-03-08 03:30:00+10:00,0.0
2018-03-08 04:00:00+10:00,0.0
2018-03-08 04:30:00+10:00,0.0
2018-03-08 05:00:00+10:00,0.0
2018-03-08 05:30:00+10:00,0.0
2018-03-08 06:00:00+10:00,0.0
2018-03-08 06:30:00+10:00,0.6991787512089541
2018-03-08 07:00:00+10:00,7.319972858952359
2018-03-08 07:30:00+10:00,15.67977492593908
2018-03-08 08:00:00+10:00,24.158554964582724
2018-03-08 08:30:00+10:00,32.12023452806255
2018-03-08 09:00:00+10:00,39.27231449250167
2018-03-08 09:30:00+10:00,45.47155797838437
2018-03-08 10:00:00+10:00,50.65187771416625
2018-03-08 10:30:00+10:00,54.79029125890313
2018-03-08 11:00:00+10:00,57.88635566759343
2018-03-08 11:30:00+10:00,59.9510327135524
2018-03-08 12:00:00+10:00,60.99567221979954
2018-03-08 12:30:00+10:00,61.02719705132119
2018-03-08 13:00:00+10:00,60.045752295489606
2018-03-08 13:30:00+10:00,58.044485534047105
2018-03-08 14:00:00+10:00,55.011473860313295
2018-03-08 14:30:00+10:00,50.93595561693781
2018-03-08 15:00:00+10:00,45.816636470467735
2018-03-08 15:30:00+10:00,39.674112613787614
2018-03-08 16:00:00+10:00,32.570641363995264
2018-03-08 16:30:00+10:00,24.642957918121596
2018-03-08 17:00:00+10:00,16.171362276870607
2018-03-08 17:30:00+10:00,7.763365885103419
2018-03-08 18:00:00+10:00,0.9597140295652393
2018-03-08 18:30:00+10:00,0.0
2018-03-08 19:00:00+10:00,0.0
2018-03-08 19:30:00+10:00,0.0
2018-03-08 20:00:00+10:00,0.0
2018-03-08 20:30:00+10:00,0.0
2018-03-08 21:00:00+10:00,0.0
2018-03-08 21:30:00+10:00,0.0
2018-03-08 22:00:00+10:00,0.0
2018-03-08 22:30:00+10:00,0.0
2018-03-08 23:00:00+10:00,0.0
2018-03-08 23:30:00+10:00,0.0
2018-03-09 00:00:00+10:00,0.0
2018-03-09 00:30:00+10:00,0.0
2018-03-09 01:00:00+10:00,0.0
2018-03-09 01:30:00+10:00,0.0
2018-03-09 02:00:00+10:00,0.0
2018-03-09 02:30:00+10:00,0.0
2018-03-09 03:00:00+10:00,0.0
2018-03-09 03:30:00+10:00,0.0
2018-03-09 04:00:00+10:00,0.0
2018-03-09 04:30:00+10:00,0.0
2018-03-09 05:00:00+10:00,0.0
2018-03-09 05:30:00+10:00,0.0
2018-03-09 06:00:00+10:00,0.0
2018-03-09 06:30:00+10:00,0.5994140645996134
2018-03-09 07:00:00+10:00,7.1779988869014595
2018-03-09 07:30:00+10:00,15.560064182310128
2018-03-09 08:00:00+10:00,24.073384159963563
2018-03-09 08:30:00+10:00,32.06928555177353
2018-03-09 09:00:00+10:00,39.251679576024635
2018-03-09 09:30:00+10:00,45.475916235145206
2018-03-09 10:00:00+10:00,50.675861724704
2018-03-09 10:30:00+10:00,54.828222952731906
2018-03-09 11:00:00+10:00,57.93296205492808
2018-03-09 11:30:00+10:00,60.00048656260759
2018-03-09 12:00:00+10:00,61.04220139305902
2018-03-09 12:30:00+10:00,61.06552487119331
2018-03-09 13:00:00+10:00,60.07005608871978
2018-03-09 13:30:00+10:00,58.049520257536436
2018-03-09 14:00:00+10:00,54.99131833721398
2018-03-09 14:30:00+10:00,50.884958906895946
2018-03-09 15:00:00+10:00,45.729395136305975
2018-03-09 15:30:00+10:00,39.54575685827154
2018-03-09 16:00:00+10:00,32.397592266063015
2018-03-09 16:30:00+10:00,24.424267282663564
2018-03-09 17:00:00+10:00,15.912956296869288
2018-03-09 17:30:00+10:00,7.4919439087216615
2018-03-09 18:00:00+10:00,0.7763505287569963
2018-03-09 18:30:00+10:00,0.0
2018-03-09 19:00:00+10:00,0.0
2018-03-09 19:30:00+10:00,0.0
2018-03-09 20:00:00+10:00,0.0
2018-03-09 20:30:00+10:00,0.0
2018-03-09 21:00:00+10:00,0.0
2018-03-09 21:30:00+10:00,0.0
2018-03-09 22:00:00+10:00,0.0
2018-03-09 22:30:00+10:00,0.0
2018-03-09 23:00:00+10:00,0.0
2018-03-09 23:30:00+10:00,0.0
2018-03-10 00:00:00+10:00,0.0
2018-03-10 00:30:00+10:00,0.0
2018-03-10 01:00:00+10:00,0.0
2018-03-10 01:30:00+10:00,0.0
2018-03-10 02:00:00+10:00,0.0
2018-03-10 02:30:00+10:00,0.0
2018-03-10 03:00:00+10:00,0.0
2018-03-10 03:30:00+10:00,0.0
2018-03-10 04:00:00+10:00,0.0
2018-03-10 04:30:00+10:00,0.0
2018-03-10 05:00:00+10:00,0.0
2018-03-10 05:30:00+10:00,0.0
2018-03-10 06:00:00+10:00,0.0
2018-03-10 06:30:00+10:00,0.29846486041305725
2018-03-10 07:00:00+10:00,5.784682768300811
2018-03-10 07:30:00+10:00,12.902455187835821
2018-03-10 08:00:00+10:00,20.205528198243297
2018-03-10 08:30:00+10:00,27.128400965612304
2018-03-10 09:00:00+10:00,33.40314108739203
2018-03-10 09:30:00+10:00,38.88851817603809
2018-03-10 10:00:00+10:00,43.508270955456624
2018-03-10 10:30:00+10:00,47.22334779779361
2018-03-10 11:00:00+10:00,50.01706873737635
2018-03-10 11:30:00+10:00,51.883568018235
2018-03-10 12:00:00+10:00,52.82302476056691
2018-03-10 12:30:00+10:00,52.836373479446486
2018-03-10 13:00:00+10:00,51.92351440566069
2018-03-10 13:30:00+10:00,50.08327594252289
2018-03-10 14:00:00+10:00,47.315206467115416
2018-03-10 14:30:00+10:00,43.62438350739846
2018-03-10 15:00:00+10:00,39.02723242164255
2018-03-10 15:30:00+10:00,33.5615295993947
2018-03-10 16:00:00+10:00,27.301590145852707
2018-03-10 16:30:00+10:00,20.38619852554954
2018-03-10 17:00:00+10:00,13.07875302997202
2018-03-10 17:30:00+10:00,5.935087367681953
2018-03-10 18:00:00+10:00,0.3774022457248006
2018-03-10 18:30:00+10:00,0.0
2018-03-10 19:00:00+10:00,0.0
2018-03-10 19:30:00+10:00,0.0
2018-03-10 20:00:00+10:00,0.0
2018-03-10 20:30:00+10:00,0.0
2018-03-10 21:00:00+10:00,0.0
2018-03-10 21:30:00+10:00,0.0
2018-03-10 22:00:00+10:00,0.0
2018-03-10 22:30:00+10:00,0.0
2018-03-10 23:00:00+10:00,0.0
2018-03-10 23:30:00+10:00,0.0
2018-03-11 00:00:00+10:00,0.0
2018-03-11 00:30:00+10:00,0.0
2018-03-11 01:00:00+10:00,0.0
2018-03-11 01:30:00+10:00,0.0
2018-03-11 02:00:00+10:00,0.0
2018-03-11 02:30:00+10:00,0.0
2018-03-11 03:00:00+10:00,0.0
2018-03-11 03:30:00+10:00,0.0
2018-03-11 04:00:00+10:00,0.0
2018-03-11 04:30:00+10:00,0.0
2018-03-11 05:00:00+10:00,0.0
2018-03-11 05:30:00+10:00,0.0
2018-03-11 06:00:00+10:00,0.0
2018-03-11 06:30:00+10:00,0.2058374372654819
2018-03-11 07:00:00+10:00,5.572195518595353
2018-03-11 07:30:00+10:00,12.612498047662235
2018-03-11 08:00:00+10:00,19.850803482163464
2018-03-11 08:30:00+10:00,26.716221005840087
2018-03-11 09:00:00+10:00,32.94029215508482
2018-03-11 09:30:00+10:00,38.38168769306504
2018-03-11 10:00:00+10:00,42.96422316714587
2018-03-11 10:30:00+10:00,46.64870108028507
2018-03-11 11:00:00+10:00,49.41779955135655
2018-03-11 11:30:00+10:00,51.26559781783359
2018-03-11 12:00:00+10:00,52.19170178194907
2018-03-11 12:30:00+10:00,52.19695614221605
2018-03-11 13:00:00+10:00,51.28125359965843
2018-03-11 13:30:00+10:00,49.44352499411609
2018-03-11 14:00:00+10:00,46.683891790998025
2018-03-11 14:30:00+10:00,43.007886614600196
2018-03-11 15:00:00+10:00,38.43236712405711
2018-03-11 15:30:00+10:00,32.99583528312945
2018-03-11 16:00:00+10:00,26.77379052775856
2018-03-11 16:30:00+10:00,19.906298724392414
2018-03-11 17:00:00+10:00,12.660420068660072
2018-03-11 17:30:00+10:00,5.605467803462057
2018-03-11 18:00:00+10:00,0.2194044106849266
2018-03-11 18:30:00+10:00,0.0
2018-03-11 19:00:00+10:00,0.0
2018-03-11 19:30:00+10:00,0.0
2018-03-11 20:00:00+10:00,0.0
2018-03-11 20:30:00+10:00,0.0
2018-03-11 21:00:00+10:00,0.0
2018-03-11 21:30:00+10:00,0.0
2018-03-11 22:00:00+10:00,0.0
2018-03-11 22:30:00+10:00,0.0
2018-03-11 23:00:00+10:00,0.0
2018-03-11 23:30:00+10:00,0.0
2018-03-12 00:00:00+10:00,0.0
2018-03-12 00:30:00+10:00,0.0
2018-03-12 01:00:00+10:00,0.0
2018-03-12 01:30:00+10:00,0.0
2018-03-12 02:00:00+10:00,0.0
2018-03-12 02:30:00+10:00,0.0
2018-03-12 03:00:00+10:00,0.0
2018-03-12 03:30:00+10:00,0.0
2018-03-12 04:00:00+10:00,0.0
2018-03-12 04:30:00+10:00,0.0
2018-03-12 05:00:00+10:00,0.0
2018-03-12 05:30:00+10:00,0.0
2018-03-12 06:00:00+10:00,0.0
2018-03-12 06:30:00+10:00,0.09717859204031952
2018-03-12 07:00:00+10:00,5.2610156457353
2018-03-12 07:30:00+10:00,12.115846128832583
2018-03-12 08:00:00+10:00,19.187084500775544
2018-03-12 08:30:00+10:00,25.909474573058105
2018-03-12 09:00:00+10:00,32.0165437822129
2018-03-12 09:30:00+10:00,37.36603481081468
2018-03-12 10:00:00+10:00,41.87910103388402
2018-03-12 10:30:00+10:00,45.512797229668585
2018-03-12 11:00:00+10:00,48.2457419708258
2018-03-12 11:30:00+10:00,50.06870395180327
2018-03-12 12:00:00+10:00,50.9793615074412
2018-03-12 12:30:00+10:00,50.976496022845666
2018-03-12 13:00:00+10:00,50.05999389883505
2018-03-12 13:30:00+10:00,48.23087246338207
2018-03-12 14:00:00+10:00,45.49122563712257
2018-03-12 14:30:00+10:00,41.850072888020215
2018-03-12 15:00:00+10:00,37.32860952524163
2018-03-12 15:30:00+10:00,31.96966456577882
2018-03-12 16:00:00+10:00,25.85207671098031
2018-03-12 16:30:00+10:00,19.118552503419657
2018-03-12 17:00:00+10:00,12.03731008656775
2018-03-12 17:30:00+10:00,5.1805480154492
2018-03-12 18:00:00+10:00,0.052734390172697425
2018-03-12 18:30:00+10:00,0.0
2018-03-12 19:00:00+10:00,0.0
2018-03-12 19:30:00+10:00,0.0
2018-03-12 20:00:00+10:00,0.0
2018-03-12 20:30:00+10:00,0.0
2018-03-12 21:00:00+10:00,0.0
2018-03-12 21:30:00+10:00,0.0
2018-03-12 22:00:00+10:00,0.0
2018-03-12 22:30:00+10:00,0.0
2018-03-12 23:00:00+10:00,0.0
2018-03-12 23:30:00+10:00,0.0
2018-03-13 00:00:00+10:00,0.0
2018-03-13 00:30:00+10:00,0.0
2018-03-13 01:00:00+10:00,0.0
2018-03-13 01:30:00+10:00,0.0
2018-03-13 02:00:00+10:00,0.0
2018-03-13 02:30:00+10:00,0.0
2018-03-13 03:00:00+10:00,0.0
2018-03-13 03:30:00+10:00,0.0
2018-03-13 04:00:00+10:00,0.0
2018-03-13 04:30:00+10:00,0.0
2018-03-13 05:00:00+10:00,0.0
2018-03-13 05:30:00+10:00,0.0
2018-03-13 06:00:00+10:00,0.0
2018-03-13 06:30:00+10:00,0.09467438883017325
2018-03-13 07:00:00+10:00,5.665051004732437
2018-03-13 07:30:00+10:00,13.111574061091819
2018-03-13 08:00:00+10:00,20.778004434206355
2018-03-13 08:30:00+10:00,28.04206763788327
2018-03-13 09:00:00+10:00,34.61759151429324
2018-03-13 09:30:00+10:00,40.35694030427768
2018-03-13 10:00:00+10:00,45.18226119810919
2018-03-13 10:30:00+10:00,49.05472850278409
2018-03-13 11:00:00+10:00,51.9587018726665
2018-03-13 11:30:00+10:00,53.88957910421668
2018-03-13 12:00:00+10:00,54.84845789741567
2018-03-13 12:30:00+10:00,54.8367757903702
2018-03-13 13:00:00+10:00,53.85440266468201
2018-03-13 13:30:00+10:00,51.89966266799265
2018-03-13 14:00:00+10:00,48.971414011847344
2018-03-13 14:30:00+10:00,45.073705587594304
2018-03-13 15:00:00+10:00,40.22271880953971
2018-03-13 15:30:00+10:00,34.45754325046461
2018-03-13 16:00:00+10:00,27.857051979140834
2018-03-13 16:30:00+10:00,20.570853732268716
2018-03-13 17:00:00+10:00,12.890813755684977
2018-03-13 17:30:00+10:00,5.4566581842346595
2018-03-13 18:00:00+10:00,0.0
2018-03-13 18:30:00+10:00,0.0
2018-03-13 19:00:00+10:00,0.0
2018-03-13 19:30:00+10:00,0.0
2018-03-13 20:00:00+10:00,0.0
2018-03-13 20:30:00+10:00,0.0
2018-03-13 21:00:00+10:00,0.0
2018-03-13 21:30:00+10:00,0.0
2018-03-13 22:00:00+10:00,0.0
2018-03-13 22:30:00+10:00,0.0
2018-03-13 23:00:00+10:00,0.0
2018-03-13 23:30:00+10:00,0.0
2018-03-14 00:00:00+10:00,0.0
2018-03-14 00:30:00+10:00,0.0
2018-03-14 01:00:00+10:00,0.0
2018-03-14 01:30:00+10:00,0.0
2018-03-14 02:00:00+10:00,0.0
2018-03-14 02:30:00+10:00,0.0
2018-03-14 03:00:00+10:00,0.0
2018-03-14 03:30:00+10:00,0.0
2018-03-14 04:00:00+10:00,0.0
2018-03-14 04:30:00+10:00,0.0
2018-03-14 05:00:00+10:00,0.0
2018-03-14 05:30:00+10:00,0.0
2018-03-14 06:00:00+10:00,0.0
2018-03-14 06:30:00+10:00,0.07436463948964005
2018-03-14 07:00:00+10:00,5.962897472039254
2018-03-14 07:30:00+10:00,13.906776045924568
2018-03-14 08:00:00+10:00,22.072074606596768
2018-03-14 08:30:00+10:00,29.78310200276047
2018-03-14 09:00:00+10:00,36.7373390477672
2018-03-14 09:30:00+10:00,42.78439676608725
2018-03-14 10:00:00+10:00,47.84997601999329
2018-03-14 10:30:00+10:00,51.90116746157772
2018-03-14 11:00:00+10:00,54.92927890879904
2018-03-14 11:30:00+10:00,56.936232481554846
2018-03-14 12:00:00+10:00,57.927009917376225
2018-03-14 12:30:00+10:00,57.90556700439308
2018-03-14 13:00:00+10:00,56.871689880597266
2018-03-14 13:30:00+10:00,54.82145808498006
2018-03-14 14:00:00+10:00,51.74885524445452
2018-03-14 14:30:00+10:00,47.65203838266888
2018-03-14 15:00:00+10:00,42.540879345336265
2018-03-14 15:30:00+10:00,36.448563988265505
2018-03-14 16:00:00+10:00,29.45175804320637
2018-03-14 16:30:00+10:00,21.704900746989352
2018-03-14 17:00:00+10:00,13.520893481196236
2018-03-14 17:30:00+10:00,5.606699186075378
2018-03-14 18:00:00+10:00,0.0
2018-03-14 18:30:00+10:00,0.0
2018-03-14 19:00:00+10:00,0.0
2018-03-14 19:30:00+10:00,0.0
2018-03-14 20:00:00+10:00,0.0
2018-03-14 20:30:00+10:00,0.0
2018-03-14 21:00:00+10:00,0.0
2018-03-14 21:30:00+10:00,0.0
2018-03-14 22:00:00+10:00,0.0
2018-03-14 22:30:00+10:00,0.0
2018-03-14 23:00:00+10:00,0.0
2018-03-14 23:30:00+10:00,0.0
2018-03-15 00:00:00+10:00,0.0
2018-03-15 00:30:00+10:00,0.0
2018-03-15 01:00:00+10:00,0.0
2018-03-15 01:30:00+10:00,0.0
2018-03-15 02:00:00+10:00,0.0
2018-03-15 02:30:00+10:00,0.0
2018-03-15 03:00:00+10:00,0.0
2018-03-15 03:30:00+10:00,0.0
2018-03-15 04:00:00+10:00,0.0
2018-03-15 04:30:00+10:00,0.0
2018-03-15 05:00:00+10:00,0.0
2018-03-15 05:30:00+10:00,0.0
2018-03-15 06:00:00+10:00,0.0
2018-03-15 06:30:00+10:00,0.0
2018-03-15 07:00:00+10:00,5.276632413062957
2018-03-15 07:30:00+10:00,12.606929094961753
2018-03-15 08:00:00+10:00,20.184546080732417
2018-03-15 08:30:00+10:00,27.370936503491794
2018-03-15 09:00:00+10:00,33.87717139506836
2018-03-15 09:30:00+10:00,39.555268976813416
2018-03-15 10:00:00+10:00,44.327333466806444
2018-03-15 10:30:00+10:00,48.15446606416988
2018-03-15 11:00:00+10:00,51.02021699300069
2018-03-15 11:30:00+10:00,52.920425278579685
2018-03-15 12:00:00+10:00,53.85507118825775
2018-03-15 12:30:00+10:00,53.825619891318595
2018-03-15 13:00:00+10:00,52.83192060281776
2018-03-15 13:30:00+10:00,50.87240407544639
2018-03-15 14:00:00+10:00,47.946408109162135
2018-03-15 14:30:00+10:00,44.0590093665829
2018-03-15 15:00:00+10:00,39.227333370449344
2018-03-15 15:30:00+10:00,33.49127071451893
2018-03-15 16:00:00+10:00,26.931833855196107
2018-03-15 16:30:00+10:00,19.702798555960218
2018-03-15 17:00:00+10:00,12.106789069154223
2018-03-15 17:30:00+10:00,4.8233092313059505
2018-03-15 18:00:00+10:00,0.0
2018-03-15 18:30:00+10:00,0.0
2018-03-15 19:00:00+10:00,0.0
2018-03-15 19:30:00+10:00,0.0
2018-03-15 20:00:00+10:00,0.0
2018-03-15 20:30:00+10:00,0.0
2018-03-15 21:00:00+10:00,0.0
2018-03-15 21:30:00+10:00,0.0
2018-03-15 22:00:00+10:00,0.0
2018-03-15 22:30:00+10:00,0.0
2018-03-15 23:00:00+10:00,0.0
2018-03-15 23:30:00+10:00,0.0
2018-03-16 00:00:00+10:00,0.0
2018-03-16 00:30:00+10:00,0.0
2018-03-16 01:00:00+10:00,0.0
2018-03-16 01:30:00+10:00,0.0
2018-03-16 02:00:00+10:00,0.0
2018-03-16 02:30:00+10:00,0.0
2018-03-16 03:00:00+10:00,0.0
2018-03-16 03:30:00+10:00,0.0
2018-03-16 04:00:00+10:00,0.0
2018-03-16 04:30:00+10:00,0.0
2018-03-16 05:00:00+10:00,0.0
2018-03-16 05:30:00+10:00,0.0
2018-03-16 06:00:00+10:00,0.0
2018-03-16 06:30:00+10:00,0.0
2018-03-16 07:00:00+10:00,4.306028683217375
2018-03-16 07:30:00+10:00,10.641715132346095
2018-03-16 08:00:00+10:00,17.245052155030482
2018-03-16 08:30:00+10:00,23.548656128407785
2018-03-16 09:00:00+10:00,29.290221287051764
2018-03-16 09:30:00+10:00,34.329434927061634
2018-03-16 10:00:00+10:00,38.58610060208919
2018-03-16 10:30:00+10:00,42.01475404936939
2018-03-16 11:00:00+10:00,44.59036369238872
2018-03-16 11:30:00+10:00,46.300210766586325
2018-03-16 12:00:00+10:00,47.13855886917162
2018-03-16 12:30:00+10:00,47.10364676699468
2018-03-16 13:00:00+10:00,46.19548874820717
2018-03-16 13:30:00+10:00,44.415802997524295
2018-03-16 14:00:00+10:00,41.77072653881887
2018-03-16 14:30:00+10:00,38.27303483506345
2018-03-16 15:00:00+10:00,33.949179274024615
2018-03-16 15:30:00+10:00,28.846354071491188
2018-03-16 16:00:00+10:00,23.04809562604993
2018-03-16 16:30:00+10:00,16.701462909977344
2018-03-16 17:00:00+10:00,10.08410658269607
2018-03-16 17:30:00+10:00,3.809707791485177
2018-03-16 18:00:00+10:00,0.0
2018-03-16 18:30:00+10:00,0.0
2018-03-16 19:00:00+10:00,0.0
2018-03-16 19:30:00+10:00,0.0
2018-03-16 20:00:00+10:00,0.0
2018-03-16 20:30:00+10:00,0.0
2018-03-16 21:00:00+10:00,0.0
2018-03-16 21:30:00+10:00,0.0
2018-03-16 22:00:00+10:00,0.0
2018-03-16 22:30:00+10:00,0.0
2018-03-16 23:00:00+10:00,0.0
2018-03-16 23:30:00+10:00,0.0
2018-03-17 00:00:00+10:00,0.0
2018-03-17 00:30:00+10:00,0.0
2018-03-17 01:00:00+10:00,0.0
2018-03-17 01:30:00+10:00,0.0
2018-03-17 02:00:00+10:00,0.0
2018-03-17 02:30:00+10:00,0.0
2018-03-17 03:00:00+10:00,0.0
2018-03-17 03:30:00+10:00,0.0
2018-03-17 04:00:00+10:00,0.0
2018-03-17 04:30:00+10:00,0.0
2018-03-17 05:00:00+10:00,0.0
2018-03-17 05:30:00+10:00,0.0
2018-03-17 06:00:00+10:00,0.0
2018-03-17 06:30:00+10:00,0.0
2018-03-17 07:00:00+10:00,4.3046671996897965
2018-03-17 07:30:00+10:00,10.794844440140688
2018-03-17 08:00:00+10:00,17.566822607802266
2018-03-17 08:30:00+10:00,24.02480100321306
2018-03-17 09:00:00+10:00,29.89841258413136
2018-03-17 09:30:00+10:00,35.04519079255547
2018-03-17 10:00:00+10:00,39.38565362180415
2018-03-17 10:30:00+10:00,42.87575748143878
2018-03-17 11:00:00+10:00,45.49303935052975
2018-03-17 11:30:00+10:00,47.22636498854395
2018-03-17 12:00:00+10:00,48.0714729978465
2018-03-17 12:30:00+10:00,48.027328824843465
2018-03-17 13:00:00+10:00,47.093924037489984
2018-03-17 13:30:00+10:00,45.27218763488906
2018-03-17 14:00:00+10:00,42.56696555332687
2018-03-17 14:30:00+10:00,38.98933204100536
2018-03-17 15:00:00+10:00,34.563679782763494
2018-03-17 15:30:00+10:00,29.336264404523586
2018-03-17 16:00:00+10:00,23.390965853357716
2018-03-17 16:30:00+10:00,16.878923426347225
2018-03-17 17:00:00+10:00,10.090989413273016
2018-03-17 17:30:00+10:00,3.68438705361078
2018-03-17 18:00:00+10:00,0.0
2018-03-17 18:30:00+10:00,0.0
2018-03-17 19:00:00+10:00,0.0
2018-03-17 19:30:00+10:00,0.0
2018-03-17 20:00:00+10:00,0.0
2018-03-17 20:30:00+10:00,0.0
2018-03-17 21:00:00+10:00,0.0
2018-03-17 21:30:00+10:00,0.0
2018-03-17 22:00:00+10:00,0.0
2018-03-17 22:30:00+10:00,0.0
2018-03-17 23:00:00+10:00,0.0
2018-03-17 23:30:00+10:00,0.0
2018-03-18 00:00:00+10:00,0.0
2018-03-18 00:30:00+10:00,0.0
2018-03-18 01:00:00+10:00,0.0
2018-03-18 01:30:00+10:00,0.0
2018-03-18 02:00:00+10:00,0.0
2018-03-18 02:30:00+10:00,0.0
2018-03-18 03:00:00+10:00,0.0
2018-03-18 03:30:00+10:00,0.0
2018-03-18 04:00:00+10:00,0.0
2018-03-18 04:30:00+10:00,0.0
2018-03-18 05:00:00+10:00,0.0
2018-03-18 05:30:00+10:00,0.0
2018-03-18 06:00:00+10:00,0.0
2018-03-18 06:30:00+10:00,0.0
2018-03-18 07:00:00+10:00,3.744543947346212
2018-03-18 07:30:00+10:00,9.6753164245234
2018-03-18 08:00:00+10:00,15.900185926767843
2018-03-18 08:30:00+10:00,21.86196351404927
2018-03-18 09:00:00+10:00,27.30524877752023
2018-03-18 09:30:00+10:00,32.09191438981018
2018-03-18 10:00:00+10:00,36.14148670879201
2018-03-18 10:30:00+10:00,39.40609359585709
2018-03-18 11:00:00+10:00,41.85819072494805
2018-03-18 11:30:00+10:00,43.48263545690387
2018-03-18 12:00:00+10:00,44.27166248091337
2018-03-18 12:30:00+10:00,44.22211454712163
2018-03-18 13:00:00+10:00,43.334037159553745
2018-03-18 13:30:00+10:00,41.61106751728327
2018-03-18 14:00:00+10:00,39.061202237991935
2018-03-18 14:30:00+10:00,35.70051917795834
2018-03-18 15:00:00+10:00,31.558479297614365
2018-03-18 15:30:00+10:00,26.685516562871964
2018-03-18 16:00:00+10:00,21.167113648528336
2018-03-18 16:30:00+10:00,15.150988381100044
2018-03-18 17:00:00+10:00,8.915093117653543
2018-03-18 17:30:00+10:00,3.0840771749819766
2018-03-18 18:00:00+10:00,0.0
2018-03-18 18:30:00+10:00,0.0
2018-03-18 19:00:00+10:00,0.0
2018-03-18 19:30:00+10:00,0.0
2018-03-18 20:00:00+10:00,0.0
2018-03-18 20:30:00+10:00,0.0
2018-03-18 21:00:00+10:00,0.0
2018-03-18 21:30:00+10:00,0.0
2018-03-18 22:00:00+10:00,0.0
2018-03-18 22:30:00+10:00,0.0
2018-03-18 23:00:00+10:00,0.0
2018-03-18 23:30:00+10:00,0.0
2018-03-19 00:00:00+10:00,0.0
2018-03-19 00:30:00+10:00,0.0
2018-03-19 01:00:00+10:00,0.0
2018-03-19 01:30:00+10:00,0.0
2018-03-19 02:00:00+10:00,0.0
2018-03-19 02:30:00+10:00,0.0
2018-03-19 03:00:00+10:00,0.0
2018-03-19 03:30:00+10:00,0.0
2018-03-19 04:00:00+10:00,0.0
2018-03-19 04:30:00+10:00,0.0
2018-03-19 05:00:00+10:00,0.0
2018-03-19 05:30:00+10:00,0.0
2018-03-19 06:00:00+10:00,0.0
2018-03-19 06:30:00+10:00,0.0
2018-03-19 07:00:00+10:00,4.685153297572611
2018-03-19 07:30:00+10:00,11.977575589795675
2018-03-19 08:00:00+10:00,19.58055785423255
2018-03-19 08:30:00+10:00,26.797737991212887
2018-03-19 09:00:00+10:00,33.32586757306185
2018-03-19 09:30:00+10:00,39.014045040752755
2018-03-19 10:00:00+10:00,43.78490465488499
2018-03-19 10:30:00+10:00,47.60100283959973
2018-03-19 11:00:00+10:00,50.447553895950406
2018-03-19 11:30:00+10:00,52.321414716902815
2018-03-19 12:00:00+10:00,53.224143929671854
2018-03-19 12:30:00+10:00,53.15780263918344
2018-03-19 13:00:00+10:00,52.121348676553694
2018-03-19 13:30:00+10:00,50.113160565952455
2018-03-19 14:00:00+10:00,47.1317900933247
2018-03-19 14:30:00+10:00,43.18118730834129
2018-03-19 15:00:00+10:00,38.2783831270253
2018-03-19 15:30:00+10:00,32.464349562933194
2018-03-19 16:00:00+10:00,25.823888840243942
2018-03-19 16:30:00+10:00,18.52239392727009
2018-03-19 17:00:00+10:00,10.897015048748077
2018-03-19 17:30:00+10:00,3.748235601618429
2018-03-19 18:00:00+10:00,0.0
2018-03-19 18:30:00+10:00,0.0
2018-03-19 19:00:00+10:00,0.0
2018-03-19 19:30:00+10:00,0.0
2018-03-19 20:00:00+10:00,0.0
2018-03-19 20:30:00+10:00,0.0
2018-03-19 21:00:00+10:00,0.0
2018-03-19 21:30:00+10:00,0.0
2018-03-19 22:00:00+10:00,0.0
2018-03-19 22:30:00+10:00,0.0
2018-03-19 23:00:00+10:00,0.0
2018-03-19 23:30:00+10:00,0.0
2018-03-20 00:00:00+10:00,0.0
2018-03-20 00:30:00+10:00,0.0
2018-03-20 01:00:00+10:00,0.0
2018-03-20 01:30:00+10:00,0.0
2018-03-20 02:00:00+10:00,0.0
2018-03-20 02:30:00+10:00,0.0
2018-03-20 03:00:00+10:00,0.0
2018-03-20 03:30:00+10:00,0.0
2018-03-20 04:00:00+10:00,0.0
2018-03-20 04:30:00+10:00,0.0
2018-03-20 05:00:00+10:00,0.0
2018-03-20 05:30:00+10:00,0.0
2018-03-20 06:00:00+10:00,0.0
2018-03-20 06:30:00+10:00,0.0
2018-03-20 07:00:00+10:00,4.49541192194172
2018-03-20 07:30:00+10:00,11.730127508319779
2018-03-20 08:00:00+10:00,19.296548214580593
2018-03-20 08:30:00+10:00,26.487819108133543
2018-03-20 09:00:00+10:00,32.998083886167656
2018-03-20 09:30:00+10:00,38.67453139781617
2018-03-20 10:00:00+10:00,43.438040587818186
2018-03-20 10:30:00+10:00,47.249348377092794
2018-03-20 11:00:00+10:00,50.09183231815838
2018-03-20 11:30:00+10:00,51.96053752406121
2018-03-20 12:00:00+10:00,52.856482288431735
2018-03-20 12:30:00+10:00,52.77999843026551
2018-03-20 13:00:00+10:00,51.73118167776298
2018-03-20 13:30:00+10:00,49.70858304757693
2018-03-20 14:00:00+10:00,46.712374840638134
2018-03-20 14:30:00+10:00,42.74790696532059
2018-03-20 15:00:00+10:00,37.83441953661135
2018-03-20 15:30:00+10:00,32.01557028570925
2018-03-20 16:00:00+10:00,25.379109766911593
2018-03-20 16:30:00+10:00,18.094367664858225
2018-03-20 17:00:00+10:00,10.50709909023407
2018-03-20 17:30:00+10:00,3.4465147567767986
2018-03-20 18:00:00+10:00,0.0
2018-03-20 18:30:00+10:00,0.0
2018-03-20 19:00:00+10:00,0.0
2018-03-20 19:30:00+10:00,0.0
2018-03-20 20:00:00+10:00,0.0
2018-03-20 20:30:00+10:00,0.0
2018-03-20 21:00:00+10:00,0.0
2018-03-20 21:30:00+10:00,0.0
2018-03-20 22:00:00+10:00,0.0
2018-03-20 22:30:00+10:00,0.0
2018-03-20 23:00:00+10:00,0.0
2018-03-20 23:30:00+10:00,0.0
2018-03-21 00:00:00+10:00,0.0
2018-03-21 00:30:00+10:00,0.0
2018-03-21 01:00:00+10:00,0.0
2018-03-21 01:30:00+10:00,0.0
2018-03-21 02:00:00+10:00,0.0
2018-03-21 02:30:00+10:00,0.0
2018-03-21 03:00:00+10:00,0.0
2018-03-21 03:30:00+10:00,0.0
2018-03-21 04:00:00+10:00,0.0
2018-03-21 04:30:00+10:00,0.0
2018-03-21 05:00:00+10:00,0.0
2018-03-21 05:30:00+10:00,0.0
2018-03-21 06:00:00+10:00,0.0
2018-03-21 06:30:00+10:00,0.0
2018-03-21 07:00:00+10:00,3.5434707933172187
2018-03-21 07:30:00+10:00,9.665566142337758
2018-03-21 08:00:00+10:00,16.130622019139956
2018-03-21 08:30:00+10:00,22.32278339260544
2018-03-21 09:00:00+10:00,27.96902672657689
2018-03-21 09:30:00+10:00,32.92549957728669
2018-03-21 10:00:00+10:00,37.11018542816147
2018-03-21 10:30:00+10:00,40.47557209595077
2018-03-21 11:00:00+10:00,42.99503866591182
2018-03-21 11:30:00+10:00,44.654327121889956
2018-03-21 12:00:00+10:00,45.44679794073897
2018-03-21 12:30:00+10:00,45.370058543611805
2018-03-21 13:00:00+10:00,44.42364276239681
2018-03-21 13:30:00+10:00,42.61102912801217
2018-03-21 14:00:00+10:00,39.93971163040062
2018-03-21 14:30:00+10:00,36.425416276160036
2018-03-21 15:00:00+10:00,32.09738992371659
2018-03-21 15:30:00+10:00,27.007776091906933
2018-03-21 16:00:00+10:00,21.246748120557474
2018-03-21 16:30:00+10:00,14.974063251988582
2018-03-21 17:00:00+10:00,8.501013813310006
2018-03-21 17:30:00+10:00,2.563054822653882
2018-03-21 18:00:00+10:00,0.0
2018-03-21 18:30:00+10:00,0.0
2018-03-21 19:00:00+10:00,0.0
2018-03-21 19:30:00+10:00,0.0
2018-03-21 20:00:00+10:00,0.0
2018-03-21 20:30:00+10:00,0.0
2018-03-21 21:00:00+10:00,0.0
2018-03-21 21:30:00+10:00,0.0
2018-03-21 22:00:00+10:00,0.0
2018-03-21 22:30:00+10:00,0.0
2018-03-21 23:00:00+10:00,0.0
2018-03-21 23:30:00+10:00,0.0
2018-03-22 00:00:00+10:00,0.0
2018-03-22 00:30:00+10:00,0.0
2018-03-22 01:00:00+10:00,0.0
2018-03-22 01:30:00+10:00,0.0
2018-03-22 02:00:00+10:00,0.0
2018-03-22 02:30:00+10:00,0.0
2018-03-22 03:00:00+10:00,0.0
2018-03-22 03:30:00+10:00,0.0
2018-03-22 04:00:00+10:00,0.0
2018-03-22 04:30:00+10:00,0.0
2018-03-22 05:00:00+10:00,0.0
2018-03-22 05:30:00+10:00,0.0
2018-03-22 06:00:00+10:00,0.0
2018-03-22 06:30:00+10:00,0.0
2018-03-22 07:00:00+10:00,3.9735587127674132
2018-03-22 07:30:00+10:00,10.862516517752457
2018-03-22 08:00:00+10:00,18.120667411396344
2018-03-22 08:30:00+10:00,25.04054245354144
2018-03-22 09:00:00+10:00,31.31862025032492
2018-03-22 09:30:00+10:00,36.802254877879015
2018-03-22 10:00:00+10:00,41.409980961655684
2018-03-22 10:30:00+10:00,45.099352446716786
2018-03-22 11:00:00+10:00,47.84987701002093
2018-03-22 11:30:00+10:00,49.6539643664054
2018-03-22 12:00:00+10:00,50.50964687155643
2018-03-22 12:30:00+10:00,50.41617020679403
2018-03-22 13:00:00+10:00,49.37378347875191
2018-03-22 13:30:00+10:00,47.382664510763895
2018-03-22 14:00:00+10:00,44.44522657851186
2018-03-22 14:30:00+10:00,40.57128577723067
2018-03-22 15:00:00+10:00,35.784016131619936
2018-03-22 15:30:00+10:00,30.131671354010454
2018-03-22 16:00:00+10:00,23.706092933146124
2018-03-22 16:30:00+10:00,16.680786083374173
2018-03-22 17:00:00+10:00,9.4092267853346
2018-03-22 17:30:00+10:00,2.7583772556836808
2018-03-22 18:00:00+10:00,0.0
2018-03-22 18:30:00+10:00,0.0
2018-03-22 19:00:00+10:00,0.0
2018-03-22 19:30:00+10:00,0.0
2018-03-22 20:00:00+10:00,0.0
2018-03-22 20:30:00+10:00,0.0
2018-03-22 21:00:00+10:00,0.0
2018-03-22 21:30:00+10:00,0.0
2018-03-22 22:00:00+10:00,0.0
2018-03-22 22:30:00+10:00,0.0
2018-03-22 23:00:00+10:00,0.0
2018-03-22 23:30:00+10:00,0.0
2018-03-23 00:00:00+10:00,0.0
2018-03-23 00:30:00+10:00,0.0
2018-03-23 01:00:00+10:00,0.0
2018-03-23 01:30:00+10:00,0.0
2018-03-23 02:00:00+10:00,0.0
2018-03-23 02:30:00+10:00,0.0
2018-03-23 03:00:00+10:00,0.0
2018-03-23 03:30:00+10:00,0.0
2018-03-23 04:00:00+10:00,0.0
2018-03-23 04:30:00+10:00,0.0
2018-03-23 05:00:00+10:00,0.0
2018-03-23 05:30:00+10:00,0.0
2018-03-23 06:00:00+10:00,0.0
2018-03-23 06:30:00+10:00,0.0
2018-03-23 07:00:00+10:00,2.9353250904265753
2018-03-23 07:30:00+10:00,8.507991480777523
2018-03-23 08:00:00+10:00,14.444880830141935
2018-03-23 08:30:00+10:00,20.1539054539539
2018-03-23 09:00:00+10:00,25.37439158638812
2018-03-23 09:30:00+10:00,29.967447476354597
2018-03-23 10:00:00+10:00,33.8520499091263
2018-03-23 10:30:00+10:00,36.97946669001186
2018-03-23 11:00:00+10:00,39.32061579637512
2018-03-23 11:30:00+10:00,40.85891599173848
2018-03-23 12:00:00+10:00,41.58552218590228
2018-03-23 12:30:00+10:00,41.4969398523015
2018-03-23 13:00:00+10:00,40.59351258730201
2018-03-23 13:30:00+10:00,38.87968020050628
2018-03-23 14:00:00+10:00,36.36526655438756
2018-03-23 14:30:00+10:00,33.06887138270251
2018-03-23 15:00:00+10:00,29.02305499269426
2018-03-23 15:30:00+10:00,24.281829934520214
2018-03-23 16:00:00+10:00,18.935750200076452
2018-03-23 16:30:00+10:00,13.142089557870426
2018-03-23 17:00:00+10:00,7.20725750977967
2018-03-23 17:30:00+10:00,1.8708962145841768
2018-03-23 18:00:00+10:00,0.0
2018-03-23 18:30:00+10:00,0.0
2018-03-23 19:00:00+10:00,0.0
2018-03-23 19:30:00+10:00,0.0
2018-03-23 20:00:00+10:00,0.0
2018-03-23 20:30:00+10:00,0.0
2018-03-23 21:00:00+10:00,0.0
2018-03-23 21:30:00+10:00,0.0
2018-03-23 22:00:00+10:00,0.0
2018-03-23 22:30:00+10:00,0.0
2018-03-23 23:00:00+10:00,0.0
2018-03-23 23:30:00+10:00,0.0
2018-03-24 00:00:00+10:00,0.0
2018-03-24 00:30:00+10:00,0.0
2018-03-24 01:00:00+10:00,0.0
2018-03-24 01:30:00+10:00,0.0
2018-03-24 02:00:00+10:00,0.0
2018-03-24 02:30:00+10:00,0.0
2018-03-24 03:00:00+10:00,0.0
2018-03-24 03:30:00+10:00,0.0
2018-03-24 04:00:00+10:00,0.0
2018-03-24 04:30:00+10:00,0.0
2018-03-24 05:00:00+10:00,0.0
2018-03-24 05:30:00+10:00,0.0
2018-03-24 06:00:00+10:00,0.0
2018-03-24 06:30:00+10:00,0.0
2018-03-24 07:00:00+10:00,2.634912196795573
2018-03-24 07:30:00+10:00,7.91943366340071
2018-03-24 08:00:00+10:00,13.576750379471193
2018-03-24 08:30:00+10:00,19.030826999726543
2018-03-24 09:00:00+10:00,24.02862009113555
2018-03-24 09:30:00+10:00,28.433904796966214
2018-03-24 10:00:00+10:00,32.165471298405684
2018-03-24 10:30:00+10:00,35.172976192250474
2018-03-24 11:00:00+10:00,37.425514461441
2018-03-24 11:30:00+10:00,38.904193602834766
2018-03-24 12:00:00+10:00,39.598901828295624
2018-03-24 12:30:00+10:00,39.5052513124151
2018-03-24 13:00:00+10:00,38.62387226860054
2018-03-24 13:30:00+10:00,36.959969093491075
2018-03-24 14:00:00+10:00,34.52537207916268
2018-03-24 14:30:00+10:00,31.34111879657527
2018-03-24 15:00:00+10:00,27.441859969590492
2018-03-24 15:30:00+10:00,22.883634834830886
2018-03-24 16:00:00+10:00,17.757463122832363
2018-03-24 16:30:00+10:00,12.219279147654111
2018-03-24 17:00:00+10:00,6.570824839204076
2018-03-24 17:30:00+10:00,1.5477383309647295
2018-03-24 18:00:00+10:00,0.0
2018-03-24 18:30:00+10:00,0.0
2018-03-24 19:00:00+10:00,0.0
2018-03-24 19:30:00+10:00,0.0
2018-03-24 20:00:00+10:00,0.0
2018-03-24 20:30:00+10:00,0.0
2018-03-24 21:00:00+10:00,0.0
2018-03-24 21:30:00+10:00,0.0
2018-03-24 22:00:00+10:00,0.0
2018-03-24 22:30:00+10:00,0.0
2018-03-24 23:00:00+10:00,0.0
2018-03-24 23:30:00+10:00,0.0
2018-03-25 00:00:00+10:00,0.0
2018-03-25 00:30:00+10:00,0.0
2018-03-25 01:00:00+10:00,0.0
2018-03-25 01:30:00+10:00,0.0
2018-03-25 02:00:00+10:00,0.0
2018-03-25 02:30:00+10:00,0.0
2018-03-25 03:00:00+10:00,0.0
2018-03-25 03:30:00+10:00,0.0
2018-03-25 04:00:00+10:00,0.0
2018-03-25 04:30:00+10:00,0.0
2018-03-25 05:00:00+10:00,0.0
2018-03-25 05:30:00+10:00,0.0
2018-03-25 06:00:00+10:00,0.0
2018-03-25 06:30:00+10:00,0.0
2018-03-25 07:00:00+10:00,3.31986572604692
2018-03-25 07:30:00+10:00,9.80210868066386
2018-03-25 08:00:00+10:00,16.70772278591197
2018-03-25 08:30:00+10:00,23.31807711643605
2018-03-25 09:00:00+10:00,29.33010093031966
2018-03-25 09:30:00+10:00,34.590844469646456
2018-03-25 10:00:00+10:00,39.01670466489456
2018-03-25 10:30:00+10:00,42.56193133268402
2018-03-25 11:00:00+10:00,45.20224622930931
2018-03-25 11:30:00+10:00,46.92658647103356
2018-03-25 12:00:00+10:00,47.73033955622044
2018-03-25 12:30:00+10:00,47.611599792815255
2018-03-25 13:00:00+10:00,46.570849429083175
2018-03-25 13:30:00+10:00,44.609939463155044
2018-03-25 14:00:00+10:00,41.734388754805366
2018-03-25 14:30:00+10:00,37.95804626582242
2018-03-25 15:00:00+10:00,33.30923401597089
2018-03-25 15:30:00+10:00,27.84130925698498
2018-03-25 16:00:00+10:00,21.651374156159914
2018-03-25 16:30:00+10:00,14.919718721670696
2018-03-25 17:00:00+10:00,8.017505264997805
2018-03-25 17:30:00+10:00,1.8893992633710173
2018-03-25 18:00:00+10:00,0.0
2018-03-25 18:30:00+10:00,0.0
2018-03-25 19:00:00+10:00,0.0
2018-03-25 19:30:00+10:00,0.0
2018-03-25 20:00:00+10:00,0.0
2018-03-25 20:30:00+10:00,0.0
2018-03-25 21:00:00+10:00,0.0
2018-03-25 21:30:00+10:00,0.0
2018-03-25 22:00:00+10:00,0.0
2018-03-25 22:30:00+10:00,0.0
2018-03-25 23:00:00+10:00,0.0
2018-03-25 23:30:00+10:00,0.0
2018-03-26 00:00:00+10:00,0.0
2018-03-26 00:30:00+10:00,0.0
2018-03-26 01:00:00+10:00,0.0
2018-03-26 01:30:00+10:00,0.0
2018-03-26 02:00:00+10:00,0.0
2018-03-26 02:30:00+10:00,0.0
2018-03-26 03:00:00+10:00,0.0
2018-03-26 03:30:00+10:00,0.0
2018-03-26 04:00:00+10:00,0.0
2018-03-26 04:30:00+10:00,0.0
2018-03-26 05:00:00+10:00,0.0
2018-03-26 05:30:00+10:00,0.0
2018-03-26 06:00:00+10:00,0.0
2018-03-26 06:30:00+10:00,0.0
2018-03-26 07:00:00+10:00,3.1769316014083864
2018-03-26 07:30:00+10:00,9.625643803872466
2018-03-26 08:00:00+10:00,16.518143362591335
2018-03-26 08:30:00+10:00,23.119252294256555
2018-03-26 09:00:00+10:00,29.122589496765585
2018-03-26 09:30:00+10:00,34.374339590355966
2018-03-26 10:00:00+10:00,38.79094023399779
2018-03-26 10:30:00+10:00,42.32650164542218
2018-03-26 11:00:00+10:00,44.95732536902183
2018-03-26 11:30:00+10:00,46.672060525777866
2018-03-26 12:00:00+10:00,47.466274142077694
2018-03-26 12:30:00+10:00,47.33818463021374
2018-03-26 13:00:00+10:00,46.28820754808596
2018-03-26 13:30:00+10:00,44.31820885254964
2018-03-26 14:00:00+10:00,41.4337860645754
2018-03-26 14:30:00+10:00,37.64886164470917
2018-03-26 15:00:00+10:00,32.99198580488824
2018-03-26 15:30:00+10:00,27.51708427892679
2018-03-26 16:00:00+10:00,21.322600598326243
2018-03-26 16:30:00+10:00,14.59245301552724
2018-03-26 17:00:00+10:00,7.709358326642132
2018-03-26 17:30:00+10:00,1.6647848143126434
2018-03-26 18:00:00+10:00,0.0
2018-03-26 18:30:00+10:00,0.0
2018-03-26 19:00:00+10:00,0.0
2018-03-26 19:30:00+10:00,0.0
2018-03-26 20:00:00+10:00,0.0
2018-03-26 20:30:00+10:00,0.0
2018-03-26 21:00:00+10:00,0.0
2018-03-26 21:30:00+10:00,0.0
2018-03-26 22:00:00+10:00,0.0
2018-03-26 22:30:00+10:00,0.0
2018-03-26 23:00:00+10:00,0.0
2018-03-26 23:30:00+10:00,0.0
2018-03-27 00:00:00+10:00,0.0
2018-03-27 00:30:00+10:00,0.0
2018-03-27 01:00:00+10:00,0.0
2018-03-27 01:30:00+10:00,0.0
2018-03-27 02:00:00+10:00,0.0
2018-03-27 02:30:00+10:00,0.0
2018-03-27 03:00:00+10:00,0.0
2018-03-27 03:30:00+10:00,0.0
2018-03-27 04:00:00+10:00,0.0
2018-03-27 04:30:00+10:00,0.0
2018-03-27 05:00:00+10:00,0.0
2018-03-27 05:30:00+10:00,0.0
2018-03-27 06:00:00+10:00,0.0
2018-03-27 06:30:00+10:00,0.0
2018-03-27 07:00:00+10:00,2.840650005132031
2018-03-27 07:30:00+10:00,8.929764190545914
2018-03-27 08:00:00+10:00,15.473563449815355
2018-03-27 08:30:00+10:00,21.755141822950712
2018-03-27 09:00:00+10:00,27.476782243513703
2018-03-27 09:30:00+10:00,32.48826617588072
2018-03-27 10:00:00+10:00,36.706765121768505
2018-03-27 10:30:00+10:00,40.085768014336985
2018-03-27 11:00:00+10:00,42.600069116327674
2018-03-27 11:30:00+10:00,44.23690950051119
2018-03-27 12:00:00+10:00,44.99040154913302
2018-03-27 12:30:00+10:00,44.85841534745323
2018-03-27 13:00:00+10:00,43.841417563520565
2018-03-27 13:30:00+10:00,41.94192646722982
2018-03-27 14:00:00+10:00,39.167454675943894
2018-03-27 14:30:00+10:00,35.53336435091558
2018-03-27 15:00:00+10:00,31.069901191631665
2018-03-27 15:30:00+10:00,25.83218676598657
2018-03-27 16:00:00+10:00,19.918372604777296
2018-03-27 16:30:00+10:00,13.510145000253926
2018-03-27 17:00:00+10:00,6.985571529171558
2018-03-27 17:30:00+10:00,1.3354387049816154
2018-03-27 18:00:00+10:00,0.0
2018-03-27 18:30:00+10:00,0.0
2018-03-27 19:00:00+10:00,0.0
2018-03-27 19:30:00+10:00,0.0
2018-03-27 20:00:00+10:00,0.0
2018-03-27 20:30:00+10:00,0.0
2018-03-27 21:00:00+10:00,0.0
2018-03-27 21:30:00+10:00,0.0
2018-03-27 22:00:00+10:00,0.0
2018-03-27 22:30:00+10:00,0.0
2018-03-27 23:00:00+10:00,0.0
2018-03-27 23:30:00+10:00,0.0
2018-03-28 00:00:00+10:00,0.0
2018-03-28 00:30:00+10:00,0.0
2018-03-28 01:00:00+10:00,0.0
2018-03-28 01:30:00+10:00,0.0
2018-03-28 02:00:00+10:00,0.0
2018-03-28 02:30:00+10:00,0.0
2018-03-28 03:00:00+10:00,0.0
2018-03-28 03:30:00+10:00,0.0
2018-03-28 04:00:00+10:00,0.0
2018-03-28 04:30:00+10:00,0.0
2018-03-28 05:00:00+10:00,0.0
2018-03-28 05:30:00+10:00,0.0
2018-03-28 06:00:00+10:00,0.0
2018-03-28 06:30:00+10:00,0.0
2018-03-28 07:00:00+10:00,3.339263478371832
2018-03-28 07:30:00+10:00,10.455514341055537
2018-03-28 08:00:00+10:00,18.07821658515642
2018-03-28 08:30:00+10:00,25.35232515548314
2018-03-28 09:00:00+10:00,31.936082720621794
2018-03-28 09:30:00+10:00,37.66680200231581
2018-03-28 10:00:00+10:00,42.46246760740755
2018-03-28 10:30:00+10:00,46.28318761643004
2018-03-28 11:00:00+10:00,49.11230196503183
2018-03-28 11:30:00+10:00,50.94522308375408
2018-03-28 12:00:00+10:00,51.781868596080606
2018-03-28 12:30:00+10:00,51.62370065955658
2018-03-28 13:00:00+10:00,50.46993362784223
2018-03-28 13:30:00+10:00,48.31961697092572
2018-03-28 14:00:00+10:00,45.17345734424867
2018-03-28 14:30:00+10:00,41.038133852536575
2018-03-28 15:00:00+10:00,35.936196051890576
2018-03-28 15:30:00+10:00,29.91825466051959
2018-03-28 16:00:00+10:00,23.085687459566564
2018-03-28 16:30:00+10:00,15.642092041043117
2018-03-28 17:00:00+10:00,8.03514028303043
2018-03-28 17:30:00+10:00,1.4843820819328704
2018-03-28 18:00:00+10:00,0.0
2018-03-28 18:30:00+10:00,0.0
2018-03-28 19:00:00+10:00,0.0
2018-03-28 19:30:00+10:00,0.0
2018-03-28 20:00:00+10:00,0.0
2018-03-28 20:30:00+10:00,0.0
2018-03-28 21:00:00+10:00,0.0
2018-03-28 21:30:00+10:00,0.0
2018-03-28 22:00:00+10:00,0.0
2018-03-28 22:30:00+10:00,0.0
2018-03-28 23:00:00+10:00,0.0
2018-03-28 23:30:00+10:00,0.0
2018-03-29 00:00:00+10:00,0.0
2018-03-29 00:30:00+10:00,0.0
2018-03-29 01:00:00+10:00,0.0
2018-03-29 01:30:00+10:00,0.0
2018-03-29 02:00:00+10:00,0.0
2018-03-29 02:30:00+10:00,0.0
2018-03-29 03:00:00+10:00,0.0
2018-03-29 03:30:00+10:00,0.0
2018-03-29 04:00:00+10:00,0.0
2018-03-29 04:30:00+10:00,0.0
2018-03-29 05:00:00+10:00,0.0
2018-03-29 05:30:00+10:00,0.0
2018-03-29 06:00:00+10:00,0.0
2018-03-29 06:30:00+10:00,0.0
2018-03-29 07:00:00+10:00,2.4760174038085005
2018-03-29 07:30:00+10:00,8.308554709135322
2018-03-29 08:00:00+10:00,14.629629400326063
2018-03-29 08:30:00+10:00,20.714339087841495
2018-03-29 09:00:00+10:00,26.26579037293077
2018-03-29 09:30:00+10:00,31.133962846061202
2018-03-29 10:00:00+10:00,35.234890218016766
2018-03-29 10:30:00+10:00,38.520534729887785
2018-03-29 11:00:00+10:00,40.96325543144016
2018-03-29 11:30:00+10:00,42.54856446749177
2018-03-29 12:00:00+10:00,43.26921725369192
2018-03-29 12:30:00+10:00,43.12239116493753
2018-03-29 13:00:00+10:00,42.1087919444229
2018-03-29 13:30:00+10:00,40.23199522145276
2018-03-29 14:00:00+10:00,37.5013268099756
2018-03-29 14:30:00+10:00,33.9346350010107
2018-03-29 15:00:00+10:00,29.565076049388782
2018-03-29 15:30:00+10:00,24.450633055681074
2018-03-29 16:00:00+10:00,18.692532792854234
2018-03-29 16:30:00+10:00,12.476711307416602
2018-03-29 17:00:00+10:00,6.1943435474213135
2018-03-29 17:30:00+10:00,0.8995021585125539
2018-03-29 18:00:00+10:00,0.0
2018-03-29 18:30:00+10:00,0.0
2018-03-29 19:00:00+10:00,0.0
2018-03-29 19:30:00+10:00,0.0
2018-03-29 20:00:00+10:00,0.0
2018-03-29 20:30:00+10:00,0.0
2018-03-29 21:00:00+10:00,0.0
2018-03-29 21:30:00+10:00,0.0
2018-03-29 22:00:00+10:00,0.0
2018-03-29 22:30:00+10:00,0.0
2018-03-29 23:00:00+10:00,0.0
2018-03-29 23:30:00+10:00,0.0
2018-03-30 00:00:00+10:00,0.0
2018-03-30 00:30:00+10:00,0.0
2018-03-30 01:00:00+10:00,0.0
2018-03-30 01:30:00+10:00,0.0
2018-03-30 02:00:00+10:00,0.0
2018-03-30 02:30:00+10:00,0.0
2018-03-30 03:00:00+10:00,0.0
2018-03-30 03:30:00+10:00,0.0
2018-03-30 04:00:00+10:00,0.0
2018-03-30 04:30:00+10:00,0.0
2018-03-30 05:00:00+10:00,0.0
2018-03-30 05:30:00+10:00,0.0
2018-03-30 06:00:00+10:00,0.0
2018-03-30 06:30:00+10:00,0.0
2018-03-30 07:00:00+10:00,2.692332669350678
2018-03-30 07:30:00+10:00,9.114283314933838
2018-03-30 08:00:00+10:00,16.074056933069837
2018-03-30 08:30:00+10:00,22.754731797571566
2018-03-30 09:00:00+10:00,28.83029770894428
2018-03-30 09:30:00+10:00,34.14103370295324
2018-03-30 10:00:00+10:00,38.601042652776925
2018-03-30 10:30:00+10:00,42.164127407865706
2018-03-30 11:00:00+10:00,44.805603570788875
2018-03-30 11:30:00+10:00,46.51407540119401
2018-03-30 12:00:00+10:00,47.284985896682386
2018-03-30 12:30:00+10:00,47.116484927330056
2018-03-30 13:00:00+10:00,46.0091260491049
2018-03-30 13:30:00+10:00,43.96512685415656
2018-03-30 14:00:00+10:00,40.99065177949729
2018-03-30 14:30:00+10:00,37.10083673706016
2018-03-30 15:00:00+10:00,32.32640418876533
2018-03-30 15:30:00+10:00,26.725247685919058
2018-03-30 16:00:00+10:00,20.403603687717773
2018-03-30 16:30:00+10:00,13.564461078978518
2018-03-30 17:00:00+10:00,6.649467204465634
2018-03-30 17:30:00+10:00,0.8836772553598582
2018-03-30 18:00:00+10:00,0.0
2018-03-30 18:30:00+10:00,0.0
2018-03-30 19:00:00+10:00,0.0
2018-03-30 19:30:00+10:00,0.0
2018-03-30 20:00:00+10:00,0.0
2018-03-30 20:30:00+10:00,0.0
2018-03-30 21:00:00+10:00,0.0
2018-03-30 21:30:00+10:00,0.0
2018-03-30 22:00:00+10:00,0.0
2018-03-30 22:30:00+10:00,0.0
2018-03-30 23:00:00+10:00,0.0
2018-03-30 23:30:00+10:00,0.0
2018-03-31 00:00:00+10:00,0.0
2018-03-31 00:30:00+10:00,0.0
2018-03-31 01:00:00+10:00,0.0
2018-03-31 01:30:00+10:00,0.0
2018-03-31 02:00:00+10:00,0.0
2018-03-31 02:30:00+10:00,0.0
2018-03-31 03:00:00+10:00,0.0
2018-03-31 03:30:00+10:00,0.0
2018-03-31 04:00:00+10:00,0.0
2018-03-31 04:30:00+10:00,0.0
2018-03-31 05:00:00+10:00,0.0
2018-03-31 05:30:00+10:00,0.0
2018-03-31 06:00:00+10:00,0.0
2018-03-31 06:30:00+10:00,0.0
2018-03-31 07:00:00+10:00,2.902472820639264
2018-03-31 07:30:00+10:00,9.92918069861734
2018-03-31 08:00:00+10:00,17.543634517763227
2018-03-31 08:30:00+10:00,24.826119829709754
2018-03-31 09:00:00+10:00,31.42028436759813
2018-03-31 09:30:00+10:00,37.15900372808012
2018-03-31 10:00:00+10:00,41.95826470739063
2018-03-31 10:30:00+10:00,45.77723025552844
2018-03-31 11:00:00+10:00,48.597912433880275
2018-03-31 11:30:00+10:00,50.415112812247045
2018-03-31 12:00:00+10:00,51.22819374803985
2018-03-31 12:30:00+10:00,51.038302842800135
2018-03-31 13:00:00+10:00,49.8446730321252
2018-03-31 13:30:00+10:00,47.64716620430997
2018-03-31 14:00:00+10:00,44.446403347943765
2018-03-31 14:30:00+10:00,40.25149713011869
2018-03-31 15:00:00+10:00,35.08716185170924
2018-03-31 15:30:00+10:00,29.007254386713182
2018-03-31 16:00:00+10:00,22.12036437835849
2018-03-31 16:30:00+10:00,14.645835063021556
2018-03-31 17:00:00+10:00,7.080924776334152
2018-03-31 17:30:00+10:00,0.8506523577585887
2018-03-31 18:00:00+10:00,0.0
2018-03-31 18:30:00+10:00,0.0
2018-03-31 19:00:00+10:00,0.0
2018-03-31 19:30:00+10:00,0.0
2018-03-31 20:00:00+10:00,0.0
2018-03-31 20:30:00+10:00,0.0
2018-03-31 21:00:00+10:00,0.0
2018-03-31 21:30:00+10:00,0.0
2018-03-31 22:00:00+10:00,0.0
2018-03-31 22:30:00+10:00,0.0
2018-03-31 23:00:00+10:00,0.0
2018-03-31 23:30:00+10:00,0.0
2018-04-01 00:00:00+10:00,0.0
2018-04-01 00:30:00+10:00,0.0
2018-04-01 01:00:00+10:00,0.0
2018-04-01 01:30:00+10:00,0.0
2018-04-01 02:00:00+10:00,0.0
2018-04-01 02:30:00+10:00,0.0
2018-04-01 03:00:00+10:00,0.0
2018-04-01 03:30:00+10:00,0.0
2018-04-01 04:00:00+10:00,0.0
2018-04-01 04:30:00+10:00,0.0
2018-04-01 05:00:00+10:00,0.0
2018-04-01 05:30:00+10:00,0.0
2018-04-01 06:00:00+10:00,0.0
2018-04-01 06:30:00+10:00,0.0
2018-04-01 07:00:00+10:00,2.344563480663343
2018-04-01 07:30:00+10:00,8.539591131431475
2018-04-01 08:00:00+10:00,15.316165634843736
2018-04-01 08:30:00+10:00,21.83259307477814
2018-04-01 09:00:00+10:00,27.760048525735577
2018-04-01 09:30:00+10:00,32.93959718613292
2018-04-01 10:00:00+10:00,37.28672006292325
2018-04-01 10:30:00+10:00,40.75559000946672
2018-04-01 11:00:00+10:00,43.32249288875222
2018-04-01 11:30:00+10:00,44.97609690920026
2018-04-01 12:00:00+10:00,45.7119793603694
2018-04-01 12:30:00+10:00,45.52844297594738
2018-04-01 13:00:00+10:00,44.42613941563163
2018-04-01 13:30:00+10:00,42.40677645525263
2018-04-01 14:00:00+10:00,39.477301554602775
2018-04-01 14:30:00+10:00,35.65278243519258
2018-04-01 15:00:00+10:00,30.963849322697556
2018-04-01 15:30:00+10:00,25.46895490090154
2018-04-01 16:00:00+10:00,19.275986301972637
2018-04-01 16:30:00+10:00,12.593447500895294
2018-04-01 17:00:00+10:00,5.886566321134419
2018-04-01 17:30:00+10:00,0.4919088052736128
2018-04-01 18:00:00+10:00,0.0
2018-04-01 18:30:00+10:00,0.0
2018-04-01 19:00:00+10:00,0.0
2018-04-01 19:30:00+10:00,0.0
2018-04-01 20:00:00+10:00,0.0
2018-04-01 20:30:00+10:00,0.0
2018-04-01 21:00:00+10:00,0.0
2018-04-01 21:30:00+10:00,0.0
2018-04-01 22:00:00+10:00,0.0
2018-04-01 22:30:00+10:00,0.0
2018-04-01 23:00:00+10:00,0.0
2018-04-01 23:30:00+10:00,0.0
2018-04-02 00:00:00+10:00,0.0
2018-04-02 00:30:00+10:00,0.0
2018-04-02 01:00:00+10:00,0.0
2018-04-02 01:30:00+10:00,0.0
2018-04-02 02:00:00+10:00,0.0
2018-04-02 02:30:00+10:00,0.0
2018-04-02 03:00:00+10:00,0.0
2018-04-02 03:30:00+10:00,0.0
2018-04-02 04:00:00+10:00,0.0
2018-04-02 04:30:00+10:00,0.0
2018-04-02 05:00:00+10:00,0.0
2018-04-02 05:30:00+10:00,0.0
2018-04-02 06:00:00+10:00,0.0
2018-04-02 06:30:00+10:00,0.0
2018-04-02 07:00:00+10:00,1.7145724918411345
2018-04-02 07:30:00+10:00,6.849787906571475
2018-04-02 08:00:00+10:00,12.528013845801024
2018-04-02 08:30:00+10:00,18.031654760885292
2018-04-02 09:00:00+10:00,23.074333538194285
2018-04-02 09:30:00+10:00,27.510498782962735
2018-04-02 10:00:00+10:00,31.256042366087115
2018-04-02 10:30:00+10:00,34.25988946993312
2018-04-02 11:00:00+10:00,36.49050317923791
2018-04-02 11:30:00+10:00,37.92957651930488
2018-04-02 12:00:00+10:00,38.566772125273445
2018-04-02 12:30:00+10:00,38.39810831636668
2018-04-02 13:00:00+10:00,37.424774847894916
2018-04-02 13:30:00+10:00,35.65263672411111
2018-04-02 14:00:00+10:00,33.09524175212947
2018-04-02 14:30:00+10:00,29.77535112462052
2018-04-02 15:00:00+10:00,25.731442419321926
2018-04-02 15:30:00+10:00,21.02623297118899
2018-04-02 16:00:00+10:00,15.764134973135647
2018-04-02 16:30:00+10:00,10.13433452976803
2018-04-02 17:00:00+10:00,4.543795394861782
2018-04-02 17:30:00+10:00,0.153988007988201
2018-04-02 18:00:00+10:00,0.0
2018-04-02 18:30:00+10:00,0.0
2018-04-02 19:00:00+10:00,0.0
2018-04-02 19:30:00+10:00,0.0
2018-04-02 20:00:00+10:00,0.0
2018-04-02 20:30:00+10:00,0.0
2018-04-02 21:00:00+10:00,0.0
2018-04-02 21:30:00+10:00,0.0
2018-04-02 22:00:00+10:00,0.0
2018-04-02 22:30:00+10:00,0.0
2018-04-02 23:00:00+10:00,0.0
2018-04-02 23:30:00+10:00,0.0
2018-04-03 00:00:00+10:00,0.0
2018-04-03 00:30:00+10:00,0.0
2018-04-03 01:00:00+10:00,0.0
2018-04-03 01:30:00+10:00,0.0
2018-04-03 02:00:00+10:00,0.0
2018-04-03 02:30:00+10:00,0.0
2018-04-03 03:00:00+10:00,0.0
2018-04-03 03:30:00+10:00,0.0
2018-04-03 04:00:00+10:00,0.0
2018-04-03 04:30:00+10:00,0.0
2018-04-03 05:00:00+10:00,0.0
2018-04-03 05:30:00+10:00,0.0
2018-04-03 06:00:00+10:00,0.0
2018-04-03 06:30:00+10:00,0.0
2018-04-03 07:00:00+10:00,2.2608924835148527
2018-04-03 07:30:00+10:00,8.744607859507298
2018-04-03 08:00:00+10:00,15.885548666726137
2018-04-03 08:30:00+10:00,22.751684778966084
2018-04-03 09:00:00+10:00,28.989449273552648
2018-04-03 09:30:00+10:00,34.43174452697061
2018-04-03 10:00:00+10:00,38.99152937584374
2018-04-03 10:30:00+10:00,42.6229874710993
2018-04-03 11:00:00+10:00,45.3034892776342
2018-04-03 11:30:00+10:00,47.02257989943641
2018-04-03 12:00:00+10:00,47.776666234214716
2018-04-03 12:30:00+10:00,47.56500156314238
2018-04-03 13:00:00+10:00,46.38728882469727
2018-04-03 13:30:00+10:00,44.2455476599564
2018-04-03 14:00:00+10:00,41.14533405191587
2018-04-03 14:30:00+10:00,37.101351898855164
2018-04-03 15:00:00+10:00,32.144572252280476
2018-04-03 15:30:00+10:00,26.335645820962327
2018-04-03 16:00:00+10:00,19.78938097805028
2018-04-03 16:30:00+10:00,12.73347349720241
2018-04-03 17:00:00+10:00,5.692750570255505
2018-04-03 17:30:00+10:00,0.2364864370672709
2018-04-03 18:00:00+10:00,0.0
2018-04-03 18:30:00+10:00,0.0
2018-04-03 19:00:00+10:00,0.0
2018-04-03 19:30:00+10:00,0.0
2018-04-03 20:00:00+10:00,0.0
2018-04-03 20:30:00+10:00,0.0
2018-04-03 21:00:00+10:00,0.0
2018-04-03 21:30:00+10:00,0.0
2018-04-03 22:00:00+10:00,0.0
2018-04-03 22:30:00+10:00,0.0
2018-04-03 23:00:00+10:00,0.0
2018-04-03 23:30:00+10:00,0.0
2018-04-04 00:00:00+10:00,0.0
2018-04-04 00:30:00+10:00,0.0
2018-04-04 01:00:00+10:00,0.0
2018-04-04 01:30:00+10:00,0.0
2018-04-04 02:00:00+10:00,0.0
2018-04-04 02:30:00+10:00,0.0
2018-04-04 03:00:00+10:00,0.0
2018-04-04 03:30:00+10:00,0.0
2018-04-04 04:00:00+10:00,0.0
2018-04-04 04:30:00+10:00,0.0
2018-04-04 05:00:00+10:00,0.0
2018-04-04 05:30:00+10:00,0.0
2018-04-04 06:00:00+10:00,0.0
2018-04-04 06:30:00+10:00,0.0
2018-04-04 07:00:00+10:00,2.4522127315664903
2018-04-04 07:30:00+10:00,9.582531098020372
2018-04-04 08:00:00+10:00,17.43801292180223
2018-04-04 08:30:00+10:00,24.962198423118377
2018-04-04 09:00:00+10:00,31.766444598971876
2018-04-04 09:30:00+10:00,37.67555581134577
2018-04-04 10:00:00+10:00,42.60458632493959
2018-04-04 10:30:00+10:00,46.513875550998236
2018-04-04 11:00:00+10:00,49.38824790736933
2018-04-04 11:30:00+10:00,51.22430004652435
2018-04-04 12:00:00+10:00,52.022783990750874
2018-04-04 12:30:00+10:00,51.785725327673546
2018-04-04 13:00:00+10:00,50.5120152647473
2018-04-04 13:30:00+10:00,48.19986856264089
2018-04-04 14:00:00+10:00,44.849785908597745
2018-04-04 14:30:00+10:00,40.46880302508745
2018-04-04 15:00:00+10:00,35.081241949844376
2018-04-04 15:30:00+10:00,28.743696684892615
2018-04-04 16:00:00+10:00,21.57401092355957
2018-04-04 16:30:00+10:00,13.820229668768707
2018-04-04 17:00:00+10:00,6.079395034223801
2018-04-04 17:30:00+10:00,0.18823676341478116
2018-04-04 18:00:00+10:00,0.0
2018-04-04 18:30:00+10:00,0.0
2018-04-04 19:00:00+10:00,0.0
2018-04-04 19:30:00+10:00,0.0
2018-04-04 20:00:00+10:00,0.0
2018-04-04 20:30:00+10:00,0.0
2018-04-04 21:00:00+10:00,0.0
2018-04-04 21:30:00+10:00,0.0
2018-04-04 22:00:00+10:00,0.0
2018-04-04 22:30:00+10:00,0.0
2018-04-04 23:00:00+10:00,0.0
2018-04-04 23:30:00+10:00,0.0
2018-04-05 00:00:00+10:00,0.0
2018-04-05 00:30:00+10:00,0.0
2018-04-05 01:00:00+10:00,0.0
2018-04-05 01:30:00+10:00,0.0
2018-04-05 02:00:00+10:00,0.0
2018-04-05 02:30:00+10:00,0.0
2018-04-05 03:00:00+10:00,0.0
2018-04-05 03:30:00+10:00,0.0
2018-04-05 04:00:00+10:00,0.0
2018-04-05 04:30:00+10:00,0.0
2018-04-05 05:00:00+10:00,0.0
2018-04-05 05:30:00+10:00,0.0
2018-04-05 06:00:00+10:00,0.0
2018-04-05 06:30:00+10:00,0.0
2018-04-05 07:00:00+10:00,1.9581476431655132
2018-04-05 07:30:00+10:00,8.25537510690987
2018-04-05 08:00:00+10:00,15.264604367622844
2018-04-05 08:30:00+10:00,22.016656876118713
2018-04-05 09:00:00+10:00,28.151925513988253
2018-04-05 09:30:00+10:00,33.50301685234779
2018-04-05 10:00:00+10:00,37.98331723257563
2018-04-05 10:30:00+10:00,41.547787733812044
2018-04-05 11:00:00+10:00,44.17353178188585
2018-04-05 11:30:00+10:00,45.85110642364614
2018-04-05 12:00:00+10:00,46.57641819664311
2018-04-05 12:30:00+10:00,46.34891772545204
2018-04-05 13:00:00+10:00,45.16850035530462
2018-04-05 13:30:00+10:00,43.037190042769154
2018-04-05 14:00:00+10:00,39.96069952426412
2018-04-05 14:30:00+10:00,35.953635034748125
2018-04-05 15:00:00+10:00,31.04768511560628
2018-04-05 15:30:00+10:00,25.304322730714805
2018-04-05 16:00:00+10:00,18.841141555179238
2018-04-05 16:30:00+10:00,11.894475746035228
2018-04-05 17:00:00+10:00,5.023585960050624
2018-04-05 17:30:00+10:00,0.0
2018-04-05 18:00:00+10:00,0.0
2018-04-05 18:30:00+10:00,0.0
2018-04-05 19:00:00+10:00,0.0
2018-04-05 19:30:00+10:00,0.0
2018-04-05 20:00:00+10:00,0.0
2018-04-05 20:30:00+10:00,0.0
2018-04-05 21:00:00+10:00,0.0
2018-04-05 21:30:00+10:00,0.0
2018-04-05 22:00:00+10:00,0.0
2018-04-05 22:30:00+10:00,0.0
2018-04-05 23:00:00+10:00,0.0
2018-04-05 23:30:00+10:00,0.0
2018-04-06 00:00:00+10:00,0.0
2018-04-06 00:30:00+10:00,0.0
2018-04-06 01:00:00+10:00,0.0
2018-04-06 01:30:00+10:00,0.0
2018-04-06 02:00:00+10:00,0.0
2018-04-06 02:30:00+10:00,0.0
2018-04-06 03:00:00+10:00,0.0
2018-04-06 03:30:00+10:00,0.0
2018-04-06 04:00:00+10:00,0.0
2018-04-06 04:30:00+10:00,0.0
2018-04-06 05:00:00+10:00,0.0
2018-04-06 05:30:00+10:00,0.0
2018-04-06 06:00:00+10:00,0.0
2018-04-06 06:30:00+10:00,0.0
2018-04-06 07:00:00+10:00,1.8574523703703323
2018-04-06 07:30:00+10:00,8.17546682522182
2018-04-06 08:00:00+10:00,15.24255877354829
2018-04-06 08:30:00+10:00,22.05643269993396
2018-04-06 09:00:00+10:00,28.249150539041047
2018-04-06 09:30:00+10:00,33.65042632079467
2018-04-06 10:00:00+10:00,38.172216443948116
2018-04-06 10:30:00+10:00,41.76840390736295
2018-04-06 11:00:00+10:00,44.4157479939357
2018-04-06 11:30:00+10:00,46.10374489645339
2018-04-06 12:00:00+10:00,46.828632286053484
2018-04-06 12:30:00+10:00,46.58922776237208
2018-04-06 13:00:00+10:00,45.38571436193607
2018-04-06 13:30:00+10:00,43.22029136952285
2018-04-06 14:00:00+10:00,40.09915691818861
2018-04-06 14:30:00+10:00,36.03806878515207
2018-04-06 15:00:00+10:00,31.069567368733708
2018-04-06 15:30:00+10:00,25.257318091778437
2018-04-06 16:00:00+10:00,18.722206631124276
2018-04-06 16:30:00+10:00,11.708819935537655
2018-04-06 17:00:00+10:00,4.802755960876243
2018-04-06 17:30:00+10:00,0.0
2018-04-06 18:00:00+10:00,0.0
2018-04-06 18:30:00+10:00,0.0
2018-04-06 19:00:00+10:00,0.0
2018-04-06 19:30:00+10:00,0.0
2018-04-06 20:00:00+10:00,0.0
2018-04-06 20:30:00+10:00,0.0
2018-04-06 21:00:00+10:00,0.0
2018-04-06 21:30:00+10:00,0.0
2018-04-06 22:00:00+10:00,0.0
2018-04-06 22:30:00+10:00,0.0
2018-04-06 23:00:00+10:00,0.0
2018-04-06 23:30:00+10:00,0.0
2018-04-07 00:00:00+10:00,0.0
2018-04-07 00:30:00+10:00,0.0
2018-04-07 01:00:00+10:00,0.0
2018-04-07 01:30:00+10:00,0.0
2018-04-07 02:00:00+10:00,0.0
2018-04-07 02:30:00+10:00,0.0
2018-04-07 03:00:00+10:00,0.0
2018-04-07 03:30:00+10:00,0.0
2018-04-07 04:00:00+10:00,0.0
2018-04-07 04:30:00+10:00,0.0
2018-04-07 05:00:00+10:00,0.0
2018-04-07 05:30:00+10:00,0.0
2018-04-07 06:00:00+10:00,0.0
2018-04-07 06:30:00+10:00,0.0
2018-04-07 07:00:00+10:00,1.63604671927064
2018-04-07 07:30:00+10:00,7.678473864124482
2018-04-07 08:00:00+10:00,14.487156016437936
2018-04-07 08:30:00+10:00,21.066619648983874
2018-04-07 09:00:00+10:00,27.05390502031028
2018-04-07 09:30:00+10:00,32.28094469141897
2018-04-07 10:00:00+10:00,36.65986568304
2018-04-07 10:30:00+10:00,40.14339451946597
2018-04-07 11:00:00+10:00,42.70730588186092
2018-04-07 11:30:00+10:00,44.3398171045162
2018-04-07 12:00:00+10:00,45.035915121931595
2018-04-07 12:30:00+10:00,44.79418734194083
2018-04-07 13:00:00+10:00,43.61475265569897
2018-04-07 13:30:00+10:00,41.50085697253022
2018-04-07 14:00:00+10:00,38.45990295522191
2018-04-07 14:30:00+10:00,34.509125339678825
2018-04-07 15:00:00+10:00,29.682961058996447
2018-04-07 15:30:00+10:00,24.046051747778225
2018-04-07 16:00:00+10:00,17.719908220542415
2018-04-07 16:30:00+10:00,10.949219312332396
2018-04-07 17:00:00+10:00,4.3238400215983726
2018-04-07 17:30:00+10:00,0.0
2018-04-07 18:00:00+10:00,0.0
2018-04-07 18:30:00+10:00,0.0
2018-04-07 19:00:00+10:00,0.0
2018-04-07 19:30:00+10:00,0.0
2018-04-07 20:00:00+10:00,0.0
2018-04-07 20:30:00+10:00,0.0
2018-04-07 21:00:00+10:00,0.0
2018-04-07 21:30:00+10:00,0.0
2018-04-07 22:00:00+10:00,0.0
2018-04-07 22:30:00+10:00,0.0
2018-04-07 23:00:00+10:00,0.0
2018-04-07 23:30:00+10:00,0.0
2018-04-08 00:00:00+10:00,0.0
2018-04-08 00:30:00+10:00,0.0
2018-04-08 01:00:00+10:00,0.0
2018-04-08 01:30:00+10:00,0.0
2018-04-08 02:00:00+10:00,0.0
2018-04-08 02:30:00+10:00,0.0
2018-04-08 03:00:00+10:00,0.0
2018-04-08 03:30:00+10:00,0.0
2018-04-08 04:00:00+10:00,0.0
2018-04-08 04:30:00+10:00,0.0
2018-04-08 05:00:00+10:00,0.0
2018-04-08 05:30:00+10:00,0.0
2018-04-08 06:00:00+10:00,0.0
2018-04-08 06:30:00+10:00,0.0
2018-04-08 07:00:00+10:00,1.4041974052955881
2018-04-08 07:30:00+10:00,7.110675206036277
2018-04-08 08:00:00+10:00,13.592296247330927
2018-04-08 08:30:00+10:00,19.873564096999687
2018-04-08 09:00:00+10:00,25.60029937639932
2018-04-08 09:30:00+10:00,30.607490253403117
2018-04-08 10:00:00+10:00,34.80725276600043
2018-04-08 10:30:00+10:00,38.15124701334002
2018-04-08 11:00:00+10:00,40.612648498586246
2018-04-08 11:30:00+10:00,42.17799409545993
2018-04-08 12:00:00+10:00,42.84088064059065
2018-04-08 12:30:00+10:00,42.599258720802105
2018-04-08 13:00:00+10:00,41.45357678692307
2018-04-08 13:30:00+10:00,39.40785914250072
2018-04-08 14:00:00+10:00,36.471916886283516
2018-04-08 14:30:00+10:00,32.665014889310484
2018-04-08 15:00:00+10:00,28.02376268776238
2018-04-08 15:30:00+10:00,22.614530331458667
2018-04-08 16:00:00+10:00,16.5588986548548
2018-04-08 16:30:00+10:00,10.09921457905006
2018-04-08 17:00:00+10:00,3.823320606651992
2018-04-08 17:30:00+10:00,0.0
2018-04-08 18:00:00+10:00,0.0
2018-04-08 18:30:00+10:00,0.0
2018-04-08 19:00:00+10:00,0.0
2018-04-08 19:30:00+10:00,0.0
2018-04-08 20:00:00+10:00,0.0
2018-04-08 20:30:00+10:00,0.0
2018-04-08 21:00:00+10:00,0.0
2018-04-08 21:30:00+10:00,0.0
2018-04-08 22:00:00+10:00,0.0
2018-04-08 22:30:00+10:00,0.0
2018-04-08 23:00:00+10:00,0.0
2018-04-08 23:30:00+10:00,0.0
2018-04-09 00:00:00+10:00,0.0
2018-04-09 00:30:00+10:00,0.0
2018-04-09 01:00:00+10:00,0.0
2018-04-09 01:30:00+10:00,0.0
2018-04-09 02:00:00+10:00,0.0
2018-04-09 02:30:00+10:00,0.0
2018-04-09 03:00:00+10:00,0.0
2018-04-09 03:30:00+10:00,0.0
2018-04-09 04:00:00+10:00,0.0
2018-04-09 04:30:00+10:00,0.0
2018-04-09 05:00:00+10:00,0.0
2018-04-09 05:30:00+10:00,0.0
2018-04-09 06:00:00+10:00,0.0
2018-04-09 06:30:00+10:00,0.0
2018-04-09 07:00:00+10:00,1.3632334162282596
2018-04-09 07:30:00+10:00,7.234660815729324
2018-04-09 08:00:00+10:00,13.9370218724796
2018-04-09 08:30:00+10:00,20.432304119962833
2018-04-09 09:00:00+10:00,26.350293802396806
2018-04-09 09:30:00+10:00,31.52050737051651
2018-04-09 10:00:00+10:00,35.853338650955806
2018-04-09 10:30:00+10:00,39.29975212268515
2018-04-09 11:00:00+10:00,41.83343379058387
2018-04-09 11:30:00+10:00,43.44118578672629
2018-04-09 12:00:00+10:00,44.11696881989498
2018-04-09 12:30:00+10:00,43.85862656660614
2018-04-09 13:00:00+10:00,42.667315290166364
2018-04-09 13:30:00+10:00,40.54637793841264
2018-04-09 14:00:00+10:00,37.50502256263288
2018-04-09 14:30:00+10:00,33.563061986990675
2018-04-09 15:00:00+10:00,28.75723996611848
2018-04-09 15:30:00+10:00,23.155694012334703
2018-04-09 16:00:00+10:00,16.884845587123515
2018-04-09 16:30:00+10:00,10.200059918795352
2018-04-09 17:00:00+10:00,3.734023413921096
2018-04-09 17:30:00+10:00,0.0
2018-04-09 18:00:00+10:00,0.0
2018-04-09 18:30:00+10:00,0.0
2018-04-09 19:00:00+10:00,0.0
2018-04-09 19:30:00+10:00,0.0
2018-04-09 20:00:00+10:00,0.0
2018-04-09 20:30:00+10:00,0.0
2018-04-09 21:00:00+10:00,0.0
2018-04-09 21:30:00+10:00,0.0
2018-04-09 22:00:00+10:00,0.0
2018-04-09 22:30:00+10:00,0.0
2018-04-09 23:00:00+10:00,0.0
2018-04-09 23:30:00+10:00,0.0
2018-04-10 00:00:00+10:00,0.0
2018-04-10 00:30:00+10:00,0.0
2018-04-10 01:00:00+10:00,0.0
2018-04-10 01:30:00+10:00,0.0
2018-04-10 02:00:00+10:00,0.0
2018-04-10 02:30:00+10:00,0.0
2018-04-10 03:00:00+10:00,0.0
2018-04-10 03:30:00+10:00,0.0
2018-04-10 04:00:00+10:00,0.0
2018-04-10 04:30:00+10:00,0.0
2018-04-10 05:00:00+10:00,0.0
2018-04-10 05:30:00+10:00,0.0
2018-04-10 06:00:00+10:00,0.0
2018-04-10 06:30:00+10:00,0.0
2018-04-10 07:00:00+10:00,0.7763162969096783
2018-04-10 07:30:00+10:00,5.246421494401684
2018-04-10 08:00:00+10:00,10.432091758061613
2018-04-10 08:30:00+10:00,15.507473546412085
2018-04-10 09:00:00+10:00,20.171403673203386
2018-04-10 09:30:00+10:00,24.27747639423201
2018-04-10 10:00:00+10:00,27.74182105760986
2018-04-10 10:30:00+10:00,30.51285545534389
2018-04-10 11:00:00+10:00,32.5581487905079
2018-04-10 11:30:00+10:00,33.857987891489586
2018-04-10 12:00:00+10:00,34.40138361865166
2018-04-10 12:30:00+10:00,34.1842360718056
2018-04-10 13:00:00+10:00,33.20797435123546
2018-04-10 13:30:00+10:00,31.48051295525792
2018-04-10 14:00:00+10:00,29.01722340444542
2018-04-10 14:30:00+10:00,25.84443956354609
2018-04-10 15:00:00+10:00,22.004135628780467
2018-04-10 15:30:00+10:00,17.564047164169004
2018-04-10 16:00:00+10:00,12.637348635575055
2018-04-10 16:30:00+10:00,7.4393597702054715
2018-04-10 17:00:00+10:00,2.4857896610515144
2018-04-10 17:30:00+10:00,0.0
2018-04-10 18:00:00+10:00,0.0
2018-04-10 18:30:00+10:00,0.0
2018-04-10 19:00:00+10:00,0.0
2018-04-10 19:30:00+10:00,0.0
2018-04-10 20:00:00+10:00,0.0
2018-04-10 20:30:00+10:00,0.0
2018-04-10 21:00:00+10:00,0.0
2018-04-10 21:30:00+10:00,0.0
2018-04-10 22:00:00+10:00,0.0
2018-04-10 22:30:00+10:00,0.0
2018-04-10 23:00:00+10:00,0.0
2018-04-10 23:30:00+10:00,0.0
2018-04-11 00:00:00+10:00,0.0
2018-04-11 00:30:00+10:00,0.0
2018-04-11 01:00:00+10:00,0.0
2018-04-11 01:30:00+10:00,0.0
2018-04-11 02:00:00+10:00,0.0
2018-04-11 02:30:00+10:00,0.0
2018-04-11 03:00:00+10:00,0.0
2018-04-11 03:30:00+10:00,0.0
2018-04-11 04:00:00+10:00,0.0
2018-04-11 04:30:00+10:00,0.0
2018-04-11 05:00:00+10:00,0.0
2018-04-11 05:30:00+10:00,0.0
2018-04-11 06:00:00+10:00,0.0
2018-04-11 06:30:00+10:00,0.0
2018-04-11 07:00:00+10:00,1.0524159525513204
2018-04-11 07:30:00+10:00,6.566646614859706
2018-04-11 08:00:00+10:00,12.958282518897754
2018-04-11 08:30:00+10:00,19.176388051298296
2018-04-11 09:00:00+10:00,24.852616041475137
2018-04-11 09:30:00+10:00,29.81789720095527
2018-04-11 10:00:00+10:00,33.98231353976577
2018-04-11 10:30:00+10:00,37.29550891752786
2018-04-11 11:00:00+10:00,39.7292904473742
2018-04-11 11:30:00+10:00,41.2687925971913
2018-04-11 12:00:00+10:00,41.90674960698769
2018-04-11 12:30:00+10:00,41.640811369022984
2018-04-11 13:00:00+10:00,40.47152103750754
2018-04-11 13:30:00+10:00,38.40429544776892
2018-04-11 14:00:00+10:00,35.449786642359925
2018-04-11 14:30:00+10:00,31.630117929409508
2018-04-11 15:00:00+10:00,26.98453138831063
2018-04-11 15:30:00+10:00,21.583539507264096
2018-04-11 16:00:00+10:00,15.555792065991705
2018-04-11 16:30:00+10:00,9.162095910960304
2018-04-11 17:00:00+10:00,3.0613284095069138
2018-04-11 17:30:00+10:00,0.0
2018-04-11 18:00:00+10:00,0.0
2018-04-11 18:30:00+10:00,0.0
2018-04-11 19:00:00+10:00,0.0
2018-04-11 19:30:00+10:00,0.0
2018-04-11 20:00:00+10:00,0.0
2018-04-11 20:30:00+10:00,0.0
2018-04-11 21:00:00+10:00,0.0
2018-04-11 21:30:00+10:00,0.0
2018-04-11 22:00:00+10:00,0.0
2018-04-11 22:30:00+10:00,0.0
2018-04-11 23:00:00+10:00,0.0
2018-04-11 23:30:00+10:00,0.0
2018-04-12 00:00:00+10:00,0.0
2018-04-12 00:30:00+10:00,0.0
2018-04-12 01:00:00+10:00,0.0
2018-04-12 01:30:00+10:00,0.0
2018-04-12 02:00:00+10:00,0.0
2018-04-12 02:30:00+10:00,0.0
2018-04-12 03:00:00+10:00,0.0
2018-04-12 03:30:00+10:00,0.0
2018-04-12 04:00:00+10:00,0.0
2018-04-12 04:30:00+10:00,0.0
2018-04-12 05:00:00+10:00,0.0
2018-04-12 05:30:00+10:00,0.0
2018-04-12 06:00:00+10:00,0.0
2018-04-12 06:30:00+10:00,0.0
2018-04-12 07:00:00+10:00,1.1398914873151291
2018-04-12 07:30:00+10:00,7.196484569130561
2018-04-12 08:00:00+10:00,14.241011063042585
2018-04-12 08:30:00+10:00,21.073639919557728
2018-04-12 09:00:00+10:00,27.286051908758395
2018-04-12 09:30:00+10:00,32.69821993917012
2018-04-12 10:00:00+10:00,37.21983393776987
2018-04-12 10:30:00+10:00,40.8040685052102
2018-04-12 11:00:00+10:00,43.428265546551856
2018-04-12 11:30:00+10:00,45.0821238956642
2018-04-12 12:00:00+10:00,45.76178717198682
2018-04-12 12:30:00+10:00,45.46639647783645
2018-04-12 13:00:00+10:00,44.19591500373582
2018-04-12 13:30:00+10:00,41.953106818660416
2018-04-12 14:00:00+10:00,38.74474931106691
2018-04-12 14:30:00+10:00,34.58733259892423
2018-04-12 15:00:00+10:00,29.51637659231533
2018-04-12 15:30:00+10:00,23.601328121276666
2018-04-12 16:00:00+10:00,16.97780356147467
2018-04-12 16:30:00+10:00,9.93477459676637
2018-04-12 17:00:00+10:00,3.2313527099504977
2018-04-12 17:30:00+10:00,0.0
2018-04-12 18:00:00+10:00,0.0
2018-04-12 18:30:00+10:00,0.0
2018-04-12 19:00:00+10:00,0.0
2018-04-12 19:30:00+10:00,0.0
2018-04-12 20:00:00+10:00,0.0
2018-04-12 20:30:00+10:00,0.0
2018-04-12 21:00:00+10:00,0.0
2018-04-12 21:30:00+10:00,0.0
2018-04-12 22:00:00+10:00,0.0
2018-04-12 22:30:00+10:00,0.0
2018-04-12 23:00:00+10:00,0.0
2018-04-12 23:30:00+10:00,0.0
2018-04-13 00:00:00+10:00,0.0
2018-04-13 00:30:00+10:00,0.0
2018-04-13 01:00:00+10:00,0.0
2018-04-13 01:30:00+10:00,0.0
2018-04-13 02:00:00+10:00,0.0
2018-04-13 02:30:00+10:00,0.0
2018-04-13 03:00:00+10:00,0.0
2018-04-13 03:30:00+10:00,0.0
2018-04-13 04:00:00+10:00,0.0
2018-04-13 04:30:00+10:00,0.0
2018-04-13 05:00:00+10:00,0.0
2018-04-13 05:30:00+10:00,0.0
2018-04-13 06:00:00+10:00,0.0
2018-04-13 06:30:00+10:00,0.0
2018-04-13 07:00:00+10:00,1.1056876147281254
2018-04-13 07:30:00+10:00,7.370862061502486
2018-04-13 08:00:00+10:00,14.703164255376944
2018-04-13 08:30:00+10:00,21.81035332350326
2018-04-13 09:00:00+10:00,28.261668331412842
2018-04-13 09:30:00+10:00,33.871433862189264
2018-04-13 10:00:00+10:00,38.549291294656626
2018-04-13 10:30:00+10:00,42.2506082789724
2018-04-13 11:00:00+10:00,44.95507471977434
2018-04-13 11:30:00+10:00,46.65486722972651
2018-04-13 12:00:00+10:00,47.34806817662588
2018-04-13 12:30:00+10:00,47.034318485864624
2018-04-13 13:00:00+10:00,45.71379277671937
2018-04-13 13:30:00+10:00,43.38711921236701
2018-04-13 14:00:00+10:00,40.05926236978969
2018-04-13 14:30:00+10:00,35.74459529622315
2018-04-13 15:00:00+10:00,30.476517245911005
2018-04-13 15:30:00+10:00,24.324254805571993
2018-04-13 16:00:00+10:00,17.427863618931568
2018-04-13 16:30:00+10:00,10.093999253917012
2018-04-13 17:00:00+10:00,3.150287841259363
2018-04-13 17:30:00+10:00,0.0
2018-04-13 18:00:00+10:00,0.0
2018-04-13 18:30:00+10:00,0.0
2018-04-13 19:00:00+10:00,0.0
2018-04-13 19:30:00+10:00,0.0
2018-04-13 20:00:00+10:00,0.0
2018-04-13 20:30:00+10:00,0.0
2018-04-13 21:00:00+10:00,0.0
2018-04-13 21:30:00+10:00,0.0
2018-04-13 22:00:00+10:00,0.0
2018-04-13 22:30:00+10:00,0.0
2018-04-13 23:00:00+10:00,0.0
2018-04-13 23:30:00+10:00,0.0
2018-04-14 00:00:00+10:00,0.0
2018-04-14 00:30:00+10:00,0.0
2018-04-14 01:00:00+10:00,0.0
2018-04-14 01:30:00+10:00,0.0
2018-04-14 02:00:00+10:00,0.0
2018-04-14 02:30:00+10:00,0.0
2018-04-14 03:00:00+10:00,0.0
2018-04-14 03:30:00+10:00,0.0
2018-04-14 04:00:00+10:00,0.0
2018-04-14 04:30:00+10:00,0.0
2018-04-14 05:00:00+10:00,0.0
2018-04-14 05:30:00+10:00,0.0
2018-04-14 06:00:00+10:00,0.0
2018-04-14 06:30:00+10:00,0.0
2018-04-14 07:00:00+10:00,0.7774841111419991
2018-04-14 07:30:00+10:00,6.251543016510933
2018-04-14 08:00:00+10:00,12.745797931962747
2018-04-14 08:30:00+10:00,19.080594137221915
2018-04-14 09:00:00+10:00,24.860164456466922
2018-04-14 09:30:00+10:00,29.90868239958576
2018-04-14 10:00:00+10:00,34.13533239654651
2018-04-14 10:30:00+10:00,37.49036738498061
2018-04-14 11:00:00+10:00,39.94707723851651
2018-04-14 11:30:00+10:00,41.49158970433843
2018-04-14 12:00:00+10:00,42.11758147561113
2018-04-14 12:30:00+10:00,41.82305715272039
2018-04-14 13:00:00+10:00,40.60871579702007
2018-04-14 13:30:00+10:00,38.479132134826834
2018-04-14 14:00:00+10:00,35.444652731126205
2018-04-14 14:30:00+10:00,31.52656020506473
2018-04-14 15:00:00+10:00,26.76443538778639
2018-04-14 15:30:00+10:00,21.230902271919998
2018-04-14 16:00:00+10:00,15.062825632539207
2018-04-14 16:30:00+10:00,8.548281758529647
2018-04-14 17:00:00+10:00,2.4577287063351116
2018-04-14 17:30:00+10:00,0.0
2018-04-14 18:00:00+10:00,0.0
2018-04-14 18:30:00+10:00,0.0
2018-04-14 19:00:00+10:00,0.0
2018-04-14 19:30:00+10:00,0.0
2018-04-14 20:00:00+10:00,0.0
2018-04-14 20:30:00+10:00,0.0
2018-04-14 21:00:00+10:00,0.0
2018-04-14 21:30:00+10:00,0.0
2018-04-14 22:00:00+10:00,0.0
2018-04-14 22:30:00+10:00,0.0
2018-04-14 23:00:00+10:00,0.0
2018-04-14 23:30:00+10:00,0.0
2018-04-15 00:00:00+10:00,0.0
2018-04-15 00:30:00+10:00,0.0
2018-04-15 01:00:00+10:00,0.0
2018-04-15 01:30:00+10:00,0.0
2018-04-15 02:00:00+10:00,0.0
2018-04-15 02:30:00+10:00,0.0
2018-04-15 03:00:00+10:00,0.0
2018-04-15 03:30:00+10:00,0.0
2018-04-15 04:00:00+10:00,0.0
2018-04-15 04:30:00+10:00,0.0
2018-04-15 05:00:00+10:00,0.0
2018-04-15 05:30:00+10:00,0.0
2018-04-15 06:00:00+10:00,0.0
2018-04-15 06:30:00+10:00,0.0
2018-04-15 07:00:00+10:00,0.6578058284703421
2018-04-15 07:30:00+10:00,5.9934581995014
2018-04-15 08:00:00+10:00,12.38336620243279
2018-04-15 08:30:00+10:00,18.627690849835794
2018-04-15 09:00:00+10:00,24.328042917420138
2018-04-15 09:30:00+10:00,29.308529427465608
2018-04-15 10:00:00+10:00,33.47834675722975
2018-04-15 10:30:00+10:00,36.78758384529149
2018-04-15 11:00:00+10:00,39.209273286845914
2018-04-15 11:30:00+10:00,40.72920446024786
2018-04-15 12:00:00+10:00,41.34084372719582
2018-04-15 12:30:00+10:00,41.042171270376656
2018-04-15 13:00:00+10:00,39.833873548702776
2018-04-15 13:30:00+10:00,37.720855402993436
2018-04-15 14:00:00+10:00,34.71394050689548
2018-04-15 14:30:00+10:00,30.83472973861007
2018-04-15 15:00:00+10:00,26.123562209844142
2018-04-15 15:30:00+10:00,20.65392204304339
2018-04-15 16:00:00+10:00,14.56395850221017
2018-04-15 16:30:00+10:00,8.14688400180757
2018-04-15 17:00:00+10:00,2.198420957467474
2018-04-15 17:30:00+10:00,0.0
2018-04-15 18:00:00+10:00,0.0
2018-04-15 18:30:00+10:00,0.0
2018-04-15 19:00:00+10:00,0.0
2018-04-15 19:30:00+10:00,0.0
2018-04-15 20:00:00+10:00,0.0
2018-04-15 20:30:00+10:00,0.0
2018-04-15 21:00:00+10:00,0.0
2018-04-15 21:30:00+10:00,0.0
2018-04-15 22:00:00+10:00,0.0
2018-04-15 22:30:00+10:00,0.0
2018-04-15 23:00:00+10:00,0.0
2018-04-15 23:30:00+10:00,0.0
2018-04-16 00:00:00+10:00,0.0
2018-04-16 00:30:00+10:00,0.0
2018-04-16 01:00:00+10:00,0.0
2018-04-16 01:30:00+10:00,0.0
2018-04-16 02:00:00+10:00,0.0
2018-04-16 02:30:00+10:00,0.0
2018-04-16 03:00:00+10:00,0.0
2018-04-16 03:30:00+10:00,0.0
2018-04-16 04:00:00+10:00,0.0
2018-04-16 04:30:00+10:00,0.0
2018-04-16 05:00:00+10:00,0.0
2018-04-16 05:30:00+10:00,0.0
2018-04-16 06:00:00+10:00,0.0
2018-04-16 06:30:00+10:00,0.0
2018-04-16 07:00:00+10:00,0.6232051961353919
2018-04-16 07:30:00+10:00,6.171153575360931
2018-04-16 08:00:00+10:00,12.875449279712111
2018-04-16 08:30:00+10:00,19.42754423219056
2018-04-16 09:00:00+10:00,25.400796554502143
2018-04-16 09:30:00+10:00,30.611161319630124
2018-04-16 10:00:00+10:00,34.9660662310253
2018-04-16 10:30:00+10:00,38.416337863219056
2018-04-16 11:00:00+10:00,40.93656728190956
2018-04-16 11:30:00+10:00,42.51452028504703
2018-04-16 12:00:00+10:00,43.14467090848315
2018-04-16 12:30:00+10:00,42.825687658267185
2018-04-16 13:00:00+10:00,41.55801147392392
2018-04-16 13:30:00+10:00,39.345516669414145
2018-04-16 14:00:00+10:00,36.19757196584858
2018-04-16 14:30:00+10:00,32.13438703846329
2018-04-16 15:00:00+10:00,27.195215938334798
2018-04-16 15:30:00+10:00,21.45504085950383
2018-04-16 16:00:00+10:00,15.058940793700007
2018-04-16 16:30:00+10:00,8.322932391552772
2018-04-16 17:00:00+10:00,2.126126259727803
2018-04-16 17:30:00+10:00,0.0
2018-04-16 18:00:00+10:00,0.0
2018-04-16 18:30:00+10:00,0.0
2018-04-16 19:00:00+10:00,0.0
2018-04-16 19:30:00+10:00,0.0
2018-04-16 20:00:00+10:00,0.0
2018-04-16 20:30:00+10:00,0.0
2018-04-16 21:00:00+10:00,0.0
2018-04-16 21:30:00+10:00,0.0
2018-04-16 22:00:00+10:00,0.0
2018-04-16 22:30:00+10:00,0.0
2018-04-16 23:00:00+10:00,0.0
2018-04-16 23:30:00+10:00,0.0
2018-04-17 00:00:00+10:00,0.0
2018-04-17 00:30:00+10:00,0.0
2018-04-17 01:00:00+10:00,0.0
2018-04-17 01:30:00+10:00,0.0
2018-04-17 02:00:00+10:00,0.0
2018-04-17 02:30:00+10:00,0.0
2018-04-17 03:00:00+10:00,0.0
2018-04-17 03:30:00+10:00,0.0
2018-04-17 04:00:00+10:00,0.0
2018-04-17 04:30:00+10:00,0.0
2018-04-17 05:00:00+10:00,0.0
2018-04-17 05:30:00+10:00,0.0
2018-04-17 06:00:00+10:00,0.0
2018-04-17 06:30:00+10:00,0.0
2018-04-17 07:00:00+10:00,0.5422865332632398
2018-04-17 07:30:00+10:00,6.154631653811703
2018-04-17 08:00:00+10:00,13.01172105692508
2018-04-17 08:30:00+10:00,19.721892797053332
2018-04-17 09:00:00+10:00,25.83794358069162
2018-04-17 09:30:00+10:00,31.16976077913065
2018-04-17 10:00:00+10:00,35.62282775848952
2018-04-17 10:30:00+10:00,39.147921195143944
2018-04-17 11:00:00+10:00,41.71989056575112
2018-04-17 11:30:00+10:00,43.32680104319061
2018-04-17 12:00:00+10:00,43.9641570881869
2018-04-17 12:30:00+10:00,43.630161459721066
2018-04-17 13:00:00+10:00,42.325344353094394
2018-04-17 13:30:00+10:00,40.05355479830379
2018-04-17 14:00:00+10:00,36.82363518446488
2018-04-17 14:30:00+10:00,32.65527640657125
2018-04-17 15:00:00+10:00,27.58851562024136
2018-04-17 15:30:00+10:00,21.700052099767298
2018-04-17 16:00:00+10:00,15.140732882021194
2018-04-17 16:30:00+10:00,8.244713597699043
2018-04-17 17:00:00+10:00,1.9619263172039558
2018-04-17 17:30:00+10:00,0.0
2018-04-17 18:00:00+10:00,0.0
2018-04-17 18:30:00+10:00,0.0
2018-04-17 19:00:00+10:00,0.0
2018-04-17 19:30:00+10:00,0.0
2018-04-17 20:00:00+10:00,0.0
2018-04-17 20:30:00+10:00,0.0
2018-04-17 21:00:00+10:00,0.0
2018-04-17 21:30:00+10:00,0.0
2018-04-17 22:00:00+10:00,0.0
2018-04-17 22:30:00+10:00,0.0
2018-04-17 23:00:00+10:00,0.0
2018-04-17 23:30:00+10:00,0.0
2018-04-18 00:00:00+10:00,0.0
2018-04-18 00:30:00+10:00,0.0
2018-04-18 01:00:00+10:00,0.0
2018-04-18 01:30:00+10:00,0.0
2018-04-18 02:00:00+10:00,0.0
2018-04-18 02:30:00+10:00,0.0
2018-04-18 03:00:00+10:00,0.0
2018-04-18 03:30:00+10:00,0.0
2018-04-18 04:00:00+10:00,0.0
2018-04-18 04:30:00+10:00,0.0
2018-04-18 05:00:00+10:00,0.0
2018-04-18 05:30:00+10:00,0.0
2018-04-18 06:00:00+10:00,0.0
2018-04-18 06:30:00+10:00,0.0
2018-04-18 07:00:00+10:00,0.43400790579647053
2018-04-18 07:30:00+10:00,5.959301616093038
2018-04-18 08:00:00+10:00,12.796124982026313
2018-04-18 08:30:00+10:00,19.501596019311563
2018-04-18 09:00:00+10:00,25.6169656385569
2018-04-18 09:30:00+10:00,30.948953914036775
2018-04-18 10:00:00+10:00,35.40175272328076
2018-04-18 10:30:00+10:00,38.925552998110966
2018-04-18 11:00:00+10:00,41.494736767699486
2018-04-18 11:30:00+10:00,43.09753987350266
2018-04-18 12:00:00+10:00,43.72861240203099
2018-04-18 12:30:00+10:00,43.38657108913201
2018-04-18 13:00:00+10:00,42.072284802117935
2018-04-18 13:30:00+10:00,39.78905737753192
2018-04-18 14:00:00+10:00,36.54637423849626
2018-04-18 14:30:00+10:00,32.3647464453667
2018-04-18 15:00:00+10:00,27.284874176700075
2018-04-18 15:30:00+10:00,21.385239860501322
2018-04-18 16:00:00+10:00,14.820785003094866
2018-04-18 16:30:00+10:00,7.937763114543478
2018-04-18 17:00:00+10:00,1.7366482608255418
2018-04-18 17:30:00+10:00,0.0
2018-04-18 18:00:00+10:00,0.0
2018-04-18 18:30:00+10:00,0.0
2018-04-18 19:00:00+10:00,0.0
2018-04-18 19:30:00+10:00,0.0
2018-04-18 20:00:00+10:00,0.0
2018-04-18 20:30:00+10:00,0.0
2018-04-18 21:00:00+10:00,0.0
2018-04-18 21:30:00+10:00,0.0
2018-04-18 22:00:00+10:00,0.0
2018-04-18 22:30:00+10:00,0.0
2018-04-18 23:00:00+10:00,0.0
2018-04-18 23:30:00+10:00,0.0
2018-04-19 00:00:00+10:00,0.0
2018-04-19 00:30:00+10:00,0.0
2018-04-19 01:00:00+10:00,0.0
2018-04-19 01:30:00+10:00,0.0
2018-04-19 02:00:00+10:00,0.0
2018-04-19 02:30:00+10:00,0.0
2018-04-19 03:00:00+10:00,0.0
2018-04-19 03:30:00+10:00,0.0
2018-04-19 04:00:00+10:00,0.0
2018-04-19 04:30:00+10:00,0.0
2018-04-19 05:00:00+10:00,0.0
2018-04-19 05:30:00+10:00,0.0
2018-04-19 06:00:00+10:00,0.0
2018-04-19 06:30:00+10:00,0.0
2018-04-19 07:00:00+10:00,0.5020264140736544
2018-04-19 07:30:00+10:00,6.779207311970882
2018-04-19 08:00:00+10:00,14.605285197992027
2018-04-19 08:30:00+10:00,22.25212303844335
2018-04-19 09:00:00+10:00,29.18786516189581
2018-04-19 09:30:00+10:00,35.20066390612343
2018-04-19 10:00:00+10:00,40.19487225332106
2018-04-19 10:30:00+10:00,44.12779534488123
2018-04-19 11:00:00+10:00,46.98269024939993
2018-04-19 11:30:00+10:00,48.75597023580409
2018-04-19 12:00:00+10:00,49.44844102431054
2018-04-19 12:30:00+10:00,49.06101839548047
2018-04-19 13:00:00+10:00,47.592945855104404
2018-04-19 13:30:00+10:00,45.04306269810582
2018-04-19 14:00:00+10:00,41.413202932452
2018-04-19 14:30:00+10:00,36.71455570033817
2018-04-19 15:00:00+10:00,30.980645244266135
2018-04-19 15:30:00+10:00,24.28772990998052
2018-04-19 16:00:00+10:00,16.80355905405035
2018-04-19 16:30:00+10:00,8.929696478283255
2018-04-19 17:00:00+10:00,1.8787322681273497
2018-04-19 17:30:00+10:00,0.0
2018-04-19 18:00:00+10:00,0.0
2018-04-19 18:30:00+10:00,0.0
2018-04-19 19:00:00+10:00,0.0
2018-04-19 19:30:00+10:00,0.0
2018-04-19 20:00:00+10:00,0.0
2018-04-19 20:30:00+10:00,0.0
2018-04-19 21:00:00+10:00,0.0
2018-04-19 21:30:00+10:00,0.0
2018-04-19 22:00:00+10:00,0.0
2018-04-19 22:30:00+10:00,0.0
2018-04-19 23:00:00+10:00,0.0
2018-04-19 23:30:00+10:00,0.0
2018-04-20 00:00:00+10:00,0.0
2018-04-20 00:30:00+10:00,0.0
2018-04-20 01:00:00+10:00,0.0
2018-04-20 01:30:00+10:00,0.0
2018-04-20 02:00:00+10:00,0.0
2018-04-20 02:30:00+10:00,0.0
2018-04-20 03:00:00+10:00,0.0
2018-04-20 03:30:00+10:00,0.0
2018-04-20 04:00:00+10:00,0.0
2018-04-20 04:30:00+10:00,0.0
2018-04-20 05:00:00+10:00,0.0
2018-04-20 05:30:00+10:00,0.0
2018-04-20 06:00:00+10:00,0.0
2018-04-20 06:30:00+10:00,0.0
2018-04-20 07:00:00+10:00,0.368103193374454
2018-04-20 07:30:00+10:00,6.41181463558078
2018-04-20 08:00:00+10:00,14.063659513067131
2018-04-20 08:30:00+10:00,21.563319552003907
2018-04-20 09:00:00+10:00,28.37275473641001
2018-04-20 09:30:00+10:00,34.27898540122198
2018-04-20 10:00:00+10:00,39.18561060089721
2018-04-20 10:30:00+10:00,43.04926116085275
2018-04-20 11:00:00+10:00,45.85257517255574
2018-04-20 11:30:00+10:00,47.59127239098341
2018-04-20 12:00:00+10:00,48.26557213327155
2018-04-20 12:30:00+10:00,47.87647376614996
2018-04-20 13:00:00+10:00,46.423448891843286
2018-04-20 13:30:00+10:00,43.905069657142676
2018-04-20 14:00:00+10:00,40.324341201688696
2018-04-20 14:30:00+10:00,35.69340963724017
2018-04-20 15:00:00+10:00,30.046819356549687
2018-04-20 15:30:00+10:00,23.46242589834211
2018-04-20 16:00:00+10:00,16.110776726119745
2018-04-20 16:30:00+10:00,8.402700622784987
2018-04-20 17:00:00+10:00,1.5942347180044079
2018-04-20 17:30:00+10:00,0.0
2018-04-20 18:00:00+10:00,0.0
2018-04-20 18:30:00+10:00,0.0
2018-04-20 19:00:00+10:00,0.0
2018-04-20 19:30:00+10:00,0.0
2018-04-20 20:00:00+10:00,0.0
2018-04-20 20:30:00+10:00,0.0
2018-04-20 21:00:00+10:00,0.0
2018-04-20 21:30:00+10:00,0.0
2018-04-20 22:00:00+10:00,0.0
2018-04-20 22:30:00+10:00,0.0
2018-04-20 23:00:00+10:00,0.0
2018-04-20 23:30:00+10:00,0.0
2018-04-21 00:00:00+10:00,0.0
2018-04-21 00:30:00+10:00,0.0
2018-04-21 01:00:00+10:00,0.0
2018-04-21 01:30:00+10:00,0.0
2018-04-21 02:00:00+10:00,0.0
2018-04-21 02:30:00+10:00,0.0
2018-04-21 03:00:00+10:00,0.0
2018-04-21 03:30:00+10:00,0.0
2018-04-21 04:00:00+10:00,0.0
2018-04-21 04:30:00+10:00,0.0
2018-04-21 05:00:00+10:00,0.0
2018-04-21 05:30:00+10:00,0.0
2018-04-21 06:00:00+10:00,0.0
2018-04-21 06:30:00+10:00,0.0
2018-04-21 07:00:00+10:00,0.015061187597042856
2018-04-21 07:30:00+10:00,4.5166043495328525
2018-04-21 08:00:00+10:00,10.369682788395801
2018-04-21 08:30:00+10:00,16.183743516082
2018-04-21 09:00:00+10:00,21.522294728502413
2018-04-21 09:30:00+10:00,26.19974550174808
2018-04-21 10:00:00+10:00,30.12056933477341
2018-04-21 10:30:00+10:00,33.231120846805034
2018-04-21 11:00:00+10:00,35.500819571634075
2018-04-21 11:30:00+10:00,36.91267488581653
2018-04-21 12:00:00+10:00,37.457934594350974
2018-04-21 12:30:00+10:00,37.13380143407231
2018-04-21 13:00:00+10:00,35.94192658518557
2018-04-21 13:30:00+10:00,33.88911750160678
2018-04-21 14:00:00+10:00,30.989911800349812
2018-04-21 14:30:00+10:00,27.27046414767713
2018-04-21 15:00:00+10:00,22.777253024454915
2018-04-21 15:30:00+10:00,17.592104732132523
2018-04-21 16:00:00+10:00,11.86932612891423
2018-04-21 16:30:00+10:00,5.951387097309448
2018-04-21 17:00:00+10:00,0.8523758228411039
2018-04-21 17:30:00+10:00,0.0
2018-04-21 18:00:00+10:00,0.0
2018-04-21 18:30:00+10:00,0.0
2018-04-21 19:00:00+10:00,0.0
2018-04-21 19:30:00+10:00,0.0
2018-04-21 20:00:00+10:00,0.0
2018-04-21 20:30:00+10:00,0.0
2018-04-21 21:00:00+10:00,0.0
2018-04-21 21:30:00+10:00,0.0
2018-04-21 22:00:00+10:00,0.0
2018-04-21 22:30:00+10:00,0.0
2018-04-21 23:00:00+10:00,0.0
2018-04-21 23:30:00+10:00,0.0
2018-04-22 00:00:00+10:00,0.0
2018-04-22 00:30:00+10:00,0.0
2018-04-22 01:00:00+10:00,0.0
2018-04-22 01:30:00+10:00,0.0
2018-04-22 02:00:00+10:00,0.0
2018-04-22 02:30:00+10:00,0.0
2018-04-22 03:00:00+10:00,0.0
2018-04-22 03:30:00+10:00,0.0
2018-04-22 04:00:00+10:00,0.0
2018-04-22 04:30:00+10:00,0.0
2018-04-22 05:00:00+10:00,0.0
2018-04-22 05:30:00+10:00,0.0
2018-04-22 06:00:00+10:00,0.0
2018-04-22 06:30:00+10:00,0.0
2018-04-22 07:00:00+10:00,0.0
2018-04-22 07:30:00+10:00,3.719301573891705
2018-04-22 08:00:00+10:00,8.867751045357245
2018-04-22 08:30:00+10:00,14.018143966710364
2018-04-22 09:00:00+10:00,18.77027380893794
2018-04-22 09:30:00+10:00,22.95115742982746
2018-04-22 10:00:00+10:00,26.468071678509652
2018-04-22 10:30:00+10:00,29.26597963919948
2018-04-22 11:00:00+10:00,31.31121863525844
2018-04-22 11:30:00+10:00,32.58363381322691
2018-04-22 12:00:00+10:00,33.07230809530798
2018-04-22 12:30:00+10:00,32.77336331611457
2018-04-22 13:00:00+10:00,31.688998948885022
2018-04-22 13:30:00+10:00,29.828389372334012
2018-04-22 14:00:00+10:00,27.20893137888748
2018-04-22 14:30:00+10:00,23.86039536586966
2018-04-22 15:00:00+10:00,19.83147073711715
2018-04-22 15:30:00+10:00,15.203208785821406
2018-04-22 16:00:00+10:00,10.122038616792448
2018-04-22 16:30:00+10:00,4.906646691992548
2018-04-22 17:00:00+10:00,0.5015087395507338
2018-04-22 17:30:00+10:00,0.0
2018-04-22 18:00:00+10:00,0.0
2018-04-22 18:30:00+10:00,0.0
2018-04-22 19:00:00+10:00,0.0
2018-04-22 19:30:00+10:00,0.0
2018-04-22 20:00:00+10:00,0.0
2018-04-22 20:30:00+10:00,0.0
2018-04-22 21:00:00+10:00,0.0
2018-04-22 21:30:00+10:00,0.0
2018-04-22 22:00:00+10:00,0.0
2018-04-22 22:30:00+10:00,0.0
2018-04-22 23:00:00+10:00,0.0
2018-04-22 23:30:00+10:00,0.0
2018-04-23 00:00:00+10:00,0.0
2018-04-23 00:30:00+10:00,0.0
2018-04-23 01:00:00+10:00,0.0
2018-04-23 01:30:00+10:00,0.0
2018-04-23 02:00:00+10:00,0.0
2018-04-23 02:30:00+10:00,0.0
2018-04-23 03:00:00+10:00,0.0
2018-04-23 03:30:00+10:00,0.0
2018-04-23 04:00:00+10:00,0.0
2018-04-23 04:30:00+10:00,0.0
2018-04-23 05:00:00+10:00,0.0
2018-04-23 05:30:00+10:00,0.0
2018-04-23 06:00:00+10:00,0.0
2018-04-23 06:30:00+10:00,0.0
2018-04-23 07:00:00+10:00,0.0
2018-04-23 07:30:00+10:00,4.930742353362406
2018-04-23 08:00:00+10:00,11.592894122286127
2018-04-23 08:30:00+10:00,18.2155852177563
2018-04-23 09:00:00+10:00,24.275988217454657
2018-04-23 09:30:00+10:00,29.564060974438238
2018-04-23 10:00:00+10:00,33.97835542259154
2018-04-23 10:30:00+10:00,37.466403587410944
2018-04-23 11:00:00+10:00,40.00138576744162
2018-04-23 11:30:00+10:00,41.57054381169705
2018-04-23 12:00:00+10:00,42.168202129256635
2018-04-23 12:30:00+10:00,41.79266068967141
2018-04-23 13:00:00+10:00,40.44473780286177
2018-04-23 13:30:00+10:00,38.1291186872399
2018-04-23 14:00:00+10:00,34.8563305609515
2018-04-23 14:30:00+10:00,30.64893696286512
2018-04-23 15:00:00+10:00,25.551945104057427
2018-04-23 15:30:00+10:00,19.652066508077183
2018-04-23 16:00:00+10:00,13.124891149320725
2018-04-23 16:30:00+10:00,6.385560201590833
2018-04-23 17:00:00+10:00,0.729571310949467
2018-04-23 17:30:00+10:00,0.0
2018-04-23 18:00:00+10:00,0.0
2018-04-23 18:30:00+10:00,0.0
2018-04-23 19:00:00+10:00,0.0
2018-04-23 19:30:00+10:00,0.0
2018-04-23 20:00:00+10:00,0.0
2018-04-23 20:30:00+10:00,0.0
2018-04-23 21:00:00+10:00,0.0
2018-04-23 21:30:00+10:00,0.0
2018-04-23 22:00:00+10:00,0.0
2018-04-23 22:30:00+10:00,0.0
2018-04-23 23:00:00+10:00,0.0
2018-04-23 23:30:00+10:00,0.0
2018-04-24 00:00:00+10:00,0.0
2018-04-24 00:30:00+10:00,0.0
2018-04-24 01:00:00+10:00,0.0
2018-04-24 01:30:00+10:00,0.0
2018-04-24 02:00:00+10:00,0.0
2018-04-24 02:30:00+10:00,0.0
2018-04-24 03:00:00+10:00,0.0
2018-04-24 03:30:00+10:00,0.0
2018-04-24 04:00:00+10:00,0.0
2018-04-24 04:30:00+10:00,0.0
2018-04-24 05:00:00+10:00,0.0
2018-04-24 05:30:00+10:00,0.0
2018-04-24 06:00:00+10:00,0.0
2018-04-24 06:30:00+10:00,0.0
2018-04-24 07:00:00+10:00,0.0
2018-04-24 07:30:00+10:00,4.671939157102633
2018-04-24 08:00:00+10:00,11.23346938936221
2018-04-24 08:30:00+10:00,17.7782381420963
2018-04-24 09:00:00+10:00,23.773083338486963
2018-04-24 09:30:00+10:00,29.00549801129959
2018-04-24 10:00:00+10:00,33.373368168939685
2018-04-24 10:30:00+10:00,36.82407280484083
2018-04-24 11:00:00+10:00,39.33062763996069
2018-04-24 11:30:00+10:00,40.87971772059315
2018-04-24 12:00:00+10:00,41.46615122091159
2018-04-24 12:30:00+10:00,41.08793455531409
2018-04-24 13:00:00+10:00,39.74611628009726
2018-04-24 13:30:00+10:00,37.44505001986334
2018-04-24 14:00:00+10:00,34.195913212697775
2018-04-24 14:30:00+10:00,30.021557886394657
2018-04-24 15:00:00+10:00,24.96759696635343
2018-04-24 15:30:00+10:00,19.121882839232722
2018-04-24 16:00:00+10:00,12.663439050194617
2018-04-24 16:30:00+10:00,6.020261758982437
2018-04-24 17:00:00+10:00,0.5467045905055103
2018-04-24 17:30:00+10:00,0.0
2018-04-24 18:00:00+10:00,0.0
2018-04-24 18:30:00+10:00,0.0
2018-04-24 19:00:00+10:00,0.0
2018-04-24 19:30:00+10:00,0.0
2018-04-24 20:00:00+10:00,0.0
2018-04-24 20:30:00+10:00,0.0
2018-04-24 21:00:00+10:00,0.0
2018-04-24 21:30:00+10:00,0.0
2018-04-24 22:00:00+10:00,0.0
2018-04-24 22:30:00+10:00,0.0
2018-04-24 23:00:00+10:00,0.0
2018-04-24 23:30:00+10:00,0.0
2018-04-25 00:00:00+10:00,0.0
2018-04-25 00:30:00+10:00,0.0
2018-04-25 01:00:00+10:00,0.0
2018-04-25 01:30:00+10:00,0.0
2018-04-25 02:00:00+10:00,0.0
2018-04-25 02:30:00+10:00,0.0
2018-04-25 03:00:00+10:00,0.0
2018-04-25 03:30:00+10:00,0.0
2018-04-25 04:00:00+10:00,0.0
2018-04-25 04:30:00+10:00,0.0
2018-04-25 05:00:00+10:00,0.0
2018-04-25 05:30:00+10:00,0.0
2018-04-25 06:00:00+10:00,0.0
2018-04-25 06:30:00+10:00,0.0
2018-04-25 07:00:00+10:00,0.0
2018-04-25 07:30:00+10:00,4.5040807380928065
2018-04-25 08:00:00+10:00,11.062785901759495
2018-04-25 08:30:00+10:00,17.625805822582443
2018-04-25 09:00:00+10:00,23.64257005120092
2018-04-25 09:30:00+10:00,28.895582891697106
2018-04-25 10:00:00+10:00,33.280902236594414
2018-04-25 10:30:00+10:00,36.74493818622121
2018-04-25 11:00:00+10:00,39.25975874813985
2018-04-25 11:30:00+10:00,40.81223604064251
2018-04-25 12:00:00+10:00,41.396322140970106
2018-04-25 12:30:00+10:00,41.01018932160288
2018-04-25 13:00:00+10:00,39.654872286257415
2018-04-25 13:30:00+10:00,37.335211681367774
2018-04-25 14:00:00+10:00,34.06276009746493
2018-04-25 14:30:00+10:00,29.861111221776692
2018-04-25 15:00:00+10:00,24.77713659200079
2018-04-25 15:30:00+10:00,18.90112113235031
2018-04-25 16:00:00+10:00,12.417754953644886
2018-04-25 16:30:00+10:00,5.773097672337998
2018-04-25 17:00:00+10:00,0.39769365868269885
2018-04-25 17:30:00+10:00,0.0
2018-04-25 18:00:00+10:00,0.0
2018-04-25 18:30:00+10:00,0.0
2018-04-25 19:00:00+10:00,0.0
2018-04-25 19:30:00+10:00,0.0
2018-04-25 20:00:00+10:00,0.0
2018-04-25 20:30:00+10:00,0.0
2018-04-25 21:00:00+10:00,0.0
2018-04-25 21:30:00+10:00,0.0
2018-04-25 22:00:00+10:00,0.0
2018-04-25 22:30:00+10:00,0.0
2018-04-25 23:00:00+10:00,0.0
2018-04-25 23:30:00+10:00,0.0
2018-04-26 00:00:00+10:00,0.0
2018-04-26 00:30:00+10:00,0.0
2018-04-26 01:00:00+10:00,0.0
2018-04-26 01:30:00+10:00,0.0
2018-04-26 02:00:00+10:00,0.0
2018-04-26 02:30:00+10:00,0.0
2018-04-26 03:00:00+10:00,0.0
2018-04-26 03:30:00+10:00,0.0
2018-04-26 04:00:00+10:00,0.0
2018-04-26 04:30:00+10:00,0.0
2018-04-26 05:00:00+10:00,0.0
2018-04-26 05:30:00+10:00,0.0
2018-04-26 06:00:00+10:00,0.0
2018-04-26 06:30:00+10:00,0.0
2018-04-26 07:00:00+10:00,0.0
2018-04-26 07:30:00+10:00,3.181062235571788
2018-04-26 08:00:00+10:00,8.299557851860156
2018-04-26 08:30:00+10:00,13.483416464642414
2018-04-26 09:00:00+10:00,18.279251314989835
2018-04-26 09:30:00+10:00,22.49988659858082
2018-04-26 10:00:00+10:00,26.047982291748678
2018-04-26 10:30:00+10:00,28.866802050028674
2018-04-26 11:00:00+10:00,30.922004199977444
2018-04-26 11:30:00+10:00,32.1932062983011
2018-04-26 12:00:00+10:00,32.66948291242214
2018-04-26 12:30:00+10:00,32.34704019528678
2018-04-26 13:00:00+10:00,31.228322188360885
2018-04-26 13:30:00+10:00,29.32279959788673
2018-04-26 14:00:00+10:00,26.648567716677064
2018-04-26 14:30:00+10:00,23.236670171950852
2018-04-26 15:00:00+10:00,19.138410198248522
2018-04-26 15:30:00+10:00,14.440813211676396
2018-04-26 16:00:00+10:00,9.30635727726113
2018-04-26 16:30:00+10:00,4.108649802941106
2018-04-26 17:00:00+10:00,0.0253482764572902
2018-04-26 17:30:00+10:00,0.0
2018-04-26 18:00:00+10:00,0.0
2018-04-26 18:30:00+10:00,0.0
2018-04-26 19:00:00+10:00,0.0
2018-04-26 19:30:00+10:00,0.0
2018-04-26 20:00:00+10:00,0.0
2018-04-26 20:30:00+10:00,0.0
2018-04-26 21:00:00+10:00,0.0
2018-04-26 21:30:00+10:00,0.0
2018-04-26 22:00:00+10:00,0.0
2018-04-26 22:30:00+10:00,0.0
2018-04-26 23:00:00+10:00,0.0
2018-04-26 23:30:00+10:00,0.0
2018-04-27 00:00:00+10:00,0.0
2018-04-27 00:30:00+10:00,0.0
2018-04-27 01:00:00+10:00,0.0
2018-04-27 01:30:00+10:00,0.0
2018-04-27 02:00:00+10:00,0.0
2018-04-27 02:30:00+10:00,0.0
2018-04-27 03:00:00+10:00,0.0
2018-04-27 03:30:00+10:00,0.0
2018-04-27 04:00:00+10:00,0.0
2018-04-27 04:30:00+10:00,0.0
2018-04-27 05:00:00+10:00,0.0
2018-04-27 05:30:00+10:00,0.0
2018-04-27 06:00:00+10:00,0.0
2018-04-27 06:30:00+10:00,0.0
2018-04-27 07:00:00+10:00,0.0
2018-04-27 07:30:00+10:00,4.517655099502053
2018-04-27 08:00:00+10:00,11.51496356065717
2018-04-27 08:30:00+10:00,18.546951390466994
2018-04-27 09:00:00+10:00,24.98835487741329
2018-04-27 09:30:00+10:00,30.601551952670324
2018-04-27 10:00:00+10:00,35.27744573788544
2018-04-27 10:30:00+10:00,38.96273271766564
2018-04-27 11:00:00+10:00,41.63178923884404
2018-04-27 11:30:00+10:00,43.27357132306581
2018-04-27 12:00:00+10:00,43.883613601037005
2018-04-27 12:30:00+10:00,43.46130810787553
2018-04-27 13:00:00+10:00,42.00708078135187
2018-04-27 13:30:00+10:00,39.52435139824617
2018-04-27 14:00:00+10:00,36.02211285346126
2018-04-27 14:30:00+10:00,31.52251342894975
2018-04-27 15:00:00+10:00,26.072337455347107
2018-04-27 15:30:00+10:00,19.76675460504965
2018-04-27 16:00:00+10:00,12.809548305613083
2018-04-27 16:30:00+10:00,5.715453671041122
2018-04-27 17:00:00+10:00,0.19197933665076833
2018-04-27 17:30:00+10:00,0.0
2018-04-27 18:00:00+10:00,0.0
2018-04-27 18:30:00+10:00,0.0
2018-04-27 19:00:00+10:00,0.0
2018-04-27 19:30:00+10:00,0.0
2018-04-27 20:00:00+10:00,0.0
2018-04-27 20:30:00+10:00,0.0
2018-04-27 21:00:00+10:00,0.0
2018-04-27 21:30:00+10:00,0.0
2018-04-27 22:00:00+10:00,0.0
2018-04-27 22:30:00+10:00,0.0
2018-04-27 23:00:00+10:00,0.0
2018-04-27 23:30:00+10:00,0.0
2018-04-28 00:00:00+10:00,0.0
2018-04-28 00:30:00+10:00,0.0
2018-04-28 01:00:00+10:00,0.0
2018-04-28 01:30:00+10:00,0.0
2018-04-28 02:00:00+10:00,0.0
2018-04-28 02:30:00+10:00,0.0
2018-04-28 03:00:00+10:00,0.0
2018-04-28 03:30:00+10:00,0.0
2018-04-28 04:00:00+10:00,0.0
2018-04-28 04:30:00+10:00,0.0
2018-04-28 05:00:00+10:00,0.0
2018-04-28 05:30:00+10:00,0.0
2018-04-28 06:00:00+10:00,0.0
2018-04-28 06:30:00+10:00,0.0
2018-04-28 07:00:00+10:00,0.0
2018-04-28 07:30:00+10:00,3.050175399726933
2018-04-28 08:00:00+10:00,8.321317374644693
2018-04-28 08:30:00+10:00,13.692277952965604
2018-04-28 09:00:00+10:00,18.663602204516472
2018-04-28 09:30:00+10:00,23.03524967822669
2018-04-28 10:00:00+10:00,26.705796054076554
2018-04-28 10:30:00+10:00,29.617721992997286
2018-04-28 11:00:00+10:00,31.73700421697847
2018-04-28 11:30:00+10:00,33.04389891527417
2018-04-28 12:00:00+10:00,33.527954865213644
2018-04-28 12:30:00+10:00,33.185864947005385
2018-04-28 13:00:00+10:00,32.01989579981195
2018-04-28 13:30:00+10:00,30.039055133059044
2018-04-28 14:00:00+10:00,27.261117259010863
2018-04-28 14:30:00+10:00,23.717070923226135
2018-04-28 15:00:00+10:00,19.459303769591592
2018-04-28 15:30:00+10:00,14.579028302161511
2018-04-28 16:00:00+10:00,9.251801285428336
2018-04-28 16:30:00+10:00,3.8951708957902555
2018-04-28 17:00:00+10:00,0.0
2018-04-28 17:30:00+10:00,0.0
2018-04-28 18:00:00+10:00,0.0
2018-04-28 18:30:00+10:00,0.0
2018-04-28 19:00:00+10:00,0.0
2018-04-28 19:30:00+10:00,0.0
2018-04-28 20:00:00+10:00,0.0
2018-04-28 20:30:00+10:00,0.0
2018-04-28 21:00:00+10:00,0.0
2018-04-28 21:30:00+10:00,0.0
2018-04-28 22:00:00+10:00,0.0
2018-04-28 22:30:00+10:00,0.0
2018-04-28 23:00:00+10:00,0.0
2018-04-28 23:30:00+10:00,0.0
2018-04-29 00:00:00+10:00,0.0
2018-04-29 00:30:00+10:00,0.0
2018-04-29 01:00:00+10:00,0.0
2018-04-29 01:30:00+10:00,0.0
2018-04-29 02:00:00+10:00,0.0
2018-04-29 02:30:00+10:00,0.0
2018-04-29 03:00:00+10:00,0.0
2018-04-29 03:30:00+10:00,0.0
2018-04-29 04:00:00+10:00,0.0
2018-04-29 04:30:00+10:00,0.0
2018-04-29 05:00:00+10:00,0.0
2018-04-29 05:30:00+10:00,0.0
2018-04-29 06:00:00+10:00,0.0
2018-04-29 06:30:00+10:00,0.0
2018-04-29 07:00:00+10:00,0.0
2018-04-29 07:30:00+10:00,2.570144891414859
2018-04-29 08:00:00+10:00,7.344542026706488
2018-04-29 08:30:00+10:00,12.242646730390994
2018-04-29 09:00:00+10:00,16.793001792041476
2018-04-29 09:30:00+10:00,20.80566735273266
2018-04-29 10:00:00+10:00,24.182602056745615
2018-04-29 10:30:00+10:00,26.866228384515395
2018-04-29 11:00:00+10:00,28.82141586176405
2018-04-29 11:30:00+10:00,30.027086234401256
2018-04-29 12:00:00+10:00,30.471660861197524
2018-04-29 12:30:00+10:00,30.151260372252008
2018-04-29 13:00:00+10:00,29.068696275222628
2018-04-29 13:30:00+10:00,27.233990163951276
2018-04-29 14:00:00+10:00,24.666481710131354
2018-04-29 14:30:00+10:00,21.39854491254973
2018-04-29 15:00:00+10:00,17.48297240012444
2018-04-29 15:30:00+10:00,13.009047594499071
2018-04-29 16:00:00+10:00,8.145335983622285
2018-04-29 16:30:00+10:00,3.2893839784597025
2018-04-29 17:00:00+10:00,0.0
2018-04-29 17:30:00+10:00,0.0
2018-04-29 18:00:00+10:00,0.0
2018-04-29 18:30:00+10:00,0.0
2018-04-29 19:00:00+10:00,0.0
2018-04-29 19:30:00+10:00,0.0
2018-04-29 20:00:00+10:00,0.0
2018-04-29 20:30:00+10:00,0.0
2018-04-29 21:00:00+10:00,0.0
2018-04-29 21:30:00+10:00,0.0
2018-04-29 22:00:00+10:00,0.0
2018-04-29 22:30:00+10:00,0.0
2018-04-29 23:00:00+10:00,0.0
2018-04-29 23:30:00+10:00,0.0
2018-04-30 00:00:00+10:00,0.0
2018-04-30 00:30:00+10:00,0.0
2018-04-30 01:00:00+10:00,0.0
2018-04-30 01:30:00+10:00,0.0
2018-04-30 02:00:00+10:00,0.0
2018-04-30 02:30:00+10:00,0.0
2018-04-30 03:00:00+10:00,0.0
2018-04-30 03:30:00+10:00,0.0
2018-04-30 04:00:00+10:00,0.0
2018-04-30 04:30:00+10:00,0.0
2018-04-30 05:00:00+10:00,0.0
2018-04-30 05:30:00+10:00,0.0
2018-04-30 06:00:00+10:00,0.0
2018-04-30 06:30:00+10:00,0.0
2018-04-30 07:00:00+10:00,0.0
2018-04-30 07:30:00+10:00,4.1228937890788995
2018-04-30 08:00:00+10:00,11.283691059376125
2018-04-30 08:30:00+10:00,18.554851039732583
2018-04-30 09:00:00+10:00,25.223486869930856
2018-04-30 09:30:00+10:00,31.029758327709793
2018-04-30 10:00:00+10:00,35.859321439751035
2018-04-30 10:30:00+10:00,39.658539515165096
2018-04-30 11:00:00+10:00,42.40348570192814
2018-04-30 11:30:00+10:00,44.08478184002708
2018-04-30 12:00:00+10:00,44.69982709679769
2018-04-30 12:30:00+10:00,44.24837916712315
2018-04-30 13:00:00+10:00,42.73028117182223
2018-04-30 13:30:00+10:00,40.147775302657884
2018-04-30 14:00:00+10:00,36.508592830754004
2018-04-30 14:30:00+10:00,31.83374412633473
2018-04-30 15:00:00+10:00,26.17043572820268
2018-04-30 15:30:00+10:00,19.620202841246893
2018-04-30 16:00:00+10:00,12.409800816592368
2018-04-30 16:30:00+10:00,5.139997896968962
2018-04-30 17:00:00+10:00,0.0
2018-04-30 17:30:00+10:00,0.0
2018-04-30 18:00:00+10:00,0.0
2018-04-30 18:30:00+10:00,0.0
2018-04-30 19:00:00+10:00,0.0
2018-04-30 19:30:00+10:00,0.0
2018-04-30 20:00:00+10:00,0.0
2018-04-30 20:30:00+10:00,0.0
2018-04-30 21:00:00+10:00,0.0
2018-04-30 21:30:00+10:00,0.0
2018-04-30 22:00:00+10:00,0.0
2018-04-30 22:30:00+10:00,0.0
2018-04-30 23:00:00+10:00,0.0
2018-04-30 23:30:00+10:00,0.0
2018-05-01 00:00:00+10:00,0.0
2018-05-01 00:30:00+10:00,0.0
2018-05-01 01:00:00+10:00,0.0
2018-05-01 01:30:00+10:00,0.0
2018-05-01 02:00:00+10:00,0.0
2018-05-01 02:30:00+10:00,0.0
2018-05-01 03:00:00+10:00,0.0
2018-05-01 03:30:00+10:00,0.0
2018-05-01 04:00:00+10:00,0.0
2018-05-01 04:30:00+10:00,0.0
2018-05-01 05:00:00+10:00,0.0
2018-05-01 05:30:00+10:00,0.0
2018-05-01 06:00:00+10:00,0.0
2018-05-01 06:30:00+10:00,0.0
2018-05-01 07:00:00+10:00,0.0
2018-05-01 07:30:00+10:00,3.244131262328879
2018-05-01 08:00:00+10:00,9.369623918119393
2018-05-01 08:30:00+10:00,15.65501679133376
2018-05-01 09:00:00+10:00,21.459802330507976
2018-05-01 09:30:00+10:00,26.543410602667667
2018-05-01 10:00:00+10:00,30.79316028301137
2018-05-01 10:30:00+10:00,34.150198207656636
2018-05-01 11:00:00+10:00,36.58303560073075
2018-05-01 11:30:00+10:00,38.075351106871814
2018-05-01 12:00:00+10:00,38.61948974896269
2018-05-01 12:30:00+10:00,38.213021120616624
2018-05-01 13:00:00+10:00,36.85759268859415
2018-05-01 13:30:00+10:00,34.560140648413594
2018-05-01 14:00:00+10:00,31.33515416797919
2018-05-01 14:30:00+10:00,27.211265456338314
2018-05-01 15:00:00+10:00,22.242069832420917
2018-05-01 15:30:00+10:00,16.529532597731627
2018-05-01 16:00:00+10:00,10.28654325408158
2018-05-01 16:30:00+10:00,4.059202461254729
2018-05-01 17:00:00+10:00,0.0
2018-05-01 17:30:00+10:00,0.0
2018-05-01 18:00:00+10:00,0.0
2018-05-01 18:30:00+10:00,0.0
2018-05-01 19:00:00+10:00,0.0
2018-05-01 19:30:00+10:00,0.0
2018-05-01 20:00:00+10:00,0.0
2018-05-01 20:30:00+10:00,0.0
2018-05-01 21:00:00+10:00,0.0
2018-05-01 21:30:00+10:00,0.0
2018-05-01 22:00:00+10:00,0.0
2018-05-01 22:30:00+10:00,0.0
2018-05-01 23:00:00+10:00,0.0
2018-05-01 23:30:00+10:00,0.0
2018-05-02 00:00:00+10:00,0.0
2018-05-02 00:30:00+10:00,0.0
2018-05-02 01:00:00+10:00,0.0
2018-05-02 01:30:00+10:00,0.0
2018-05-02 02:00:00+10:00,0.0
2018-05-02 02:30:00+10:00,0.0
2018-05-02 03:00:00+10:00,0.0
2018-05-02 03:30:00+10:00,0.0
2018-05-02 04:00:00+10:00,0.0
2018-05-02 04:30:00+10:00,0.0
2018-05-02 05:00:00+10:00,0.0
2018-05-02 05:30:00+10:00,0.0
2018-05-02 06:00:00+10:00,0.0
2018-05-02 06:30:00+10:00,0.0
2018-05-02 07:00:00+10:00,0.0
2018-05-02 07:30:00+10:00,2.915526466981569
2018-05-02 08:00:00+10:00,8.778092078279938
2018-05-02 08:30:00+10:00,14.832138702728908
2018-05-02 09:00:00+10:00,20.43704992937215
2018-05-02 09:30:00+10:00,25.353470009467994
2018-05-02 10:00:00+10:00,29.468324383660573
2018-05-02 10:30:00+10:00,32.721488524835415
2018-05-02 11:00:00+10:00,35.08003276677995
2018-05-02 11:30:00+10:00,36.526228971085786
2018-05-02 12:00:00+10:00,37.05131184235332
2018-05-02 12:30:00+10:00,36.652407795346534
2018-05-02 13:00:00+10:00,35.331979528251125
2018-05-02 13:30:00+10:00,33.09723736693439
2018-05-02 14:00:00+10:00,29.964551182097242
2018-05-02 14:30:00+10:00,25.964108747694926
2018-05-02 15:00:00+10:00,21.151056362052152
2018-05-02 15:30:00+10:00,15.628477488268091
2018-05-02 16:00:00+10:00,9.60963029708079
2018-05-02 16:30:00+10:00,3.645130901381557
2018-05-02 17:00:00+10:00,0.0
2018-05-02 17:30:00+10:00,0.0
2018-05-02 18:00:00+10:00,0.0
2018-05-02 18:30:00+10:00,0.0
2018-05-02 19:00:00+10:00,0.0
2018-05-02 19:30:00+10:00,0.0
2018-05-02 20:00:00+10:00,0.0
2018-05-02 20:30:00+10:00,0.0
2018-05-02 21:00:00+10:00,0.0
2018-05-02 21:30:00+10:00,0.0
2018-05-02 22:00:00+10:00,0.0
2018-05-02 22:30:00+10:00,0.0
2018-05-02 23:00:00+10:00,0.0
2018-05-02 23:30:00+10:00,0.0
2018-05-03 00:00:00+10:00,0.0
2018-05-03 00:30:00+10:00,0.0
2018-05-03 01:00:00+10:00,0.0
2018-05-03 01:30:00+10:00,0.0
2018-05-03 02:00:00+10:00,0.0
2018-05-03 02:30:00+10:00,0.0
2018-05-03 03:00:00+10:00,0.0
2018-05-03 03:30:00+10:00,0.0
2018-05-03 04:00:00+10:00,0.0
2018-05-03 04:30:00+10:00,0.0
2018-05-03 05:00:00+10:00,0.0
2018-05-03 05:30:00+10:00,0.0
2018-05-03 06:00:00+10:00,0.0
2018-05-03 06:30:00+10:00,0.0
2018-05-03 07:00:00+10:00,0.0
2018-05-03 07:30:00+10:00,2.8977319646186612
2018-05-03 08:00:00+10:00,8.945086383260918
2018-05-03 08:30:00+10:00,15.212196724882359
2018-05-03 09:00:00+10:00,21.013129808978224
2018-05-03 09:30:00+10:00,26.096555893704
2018-05-03 10:00:00+10:00,30.346359987734317
2018-05-03 10:30:00+10:00,33.70234083677847
2018-05-03 11:00:00+10:00,36.13261125784074
2018-05-03 11:30:00+10:00,37.62072880823216
2018-05-03 12:00:00+10:00,38.15862325436853
2018-05-03 12:30:00+10:00,37.74416585653781
2018-05-03 13:00:00+10:00,36.37907196866399
2018-05-03 13:30:00+10:00,34.070154262888515
2018-05-03 14:00:00+10:00,30.832428804100775
2018-05-03 14:30:00+10:00,26.695403659461864
2018-05-03 15:00:00+10:00,21.714145264852025
2018-05-03 15:30:00+10:00,15.994663344585645
2018-05-03 16:00:00+10:00,9.761825721994008
2018-05-03 16:30:00+10:00,3.6079381915859456
2018-05-03 17:00:00+10:00,0.0
2018-05-03 17:30:00+10:00,0.0
2018-05-03 18:00:00+10:00,0.0
2018-05-03 18:30:00+10:00,0.0
2018-05-03 19:00:00+10:00,0.0
2018-05-03 19:30:00+10:00,0.0
2018-05-03 20:00:00+10:00,0.0
2018-05-03 20:30:00+10:00,0.0
2018-05-03 21:00:00+10:00,0.0
2018-05-03 21:30:00+10:00,0.0
2018-05-03 22:00:00+10:00,0.0
2018-05-03 22:30:00+10:00,0.0
2018-05-03 23:00:00+10:00,0.0
2018-05-03 23:30:00+10:00,0.0
2018-05-04 00:00:00+10:00,0.0
2018-05-04 00:30:00+10:00,0.0
2018-05-04 01:00:00+10:00,0.0
2018-05-04 01:30:00+10:00,0.0
2018-05-04 02:00:00+10:00,0.0
2018-05-04 02:30:00+10:00,0.0
2018-05-04 03:00:00+10:00,0.0
2018-05-04 03:30:00+10:00,0.0
2018-05-04 04:00:00+10:00,0.0
2018-05-04 04:30:00+10:00,0.0
2018-05-04 05:00:00+10:00,0.0
2018-05-04 05:30:00+10:00,0.0
2018-05-04 06:00:00+10:00,0.0
2018-05-04 06:30:00+10:00,0.0
2018-05-04 07:00:00+10:00,0.0
2018-05-04 07:30:00+10:00,2.948238620307912
2018-05-04 08:00:00+10:00,9.323380388333865
2018-05-04 08:30:00+10:00,15.951564182728307
2018-05-04 09:00:00+10:00,22.08320756657083
2018-05-04 09:30:00+10:00,27.44982067559803
2018-05-04 10:00:00+10:00,31.930357482727544
2018-05-04 10:30:00+10:00,35.46405287892348
2018-05-04 11:00:00+10:00,38.01990024427105
2018-05-04 11:30:00+10:00,39.58253886324069
2018-05-04 12:00:00+10:00,40.14520237567146
2018-05-04 12:30:00+10:00,39.705852611888076
2018-05-04 13:00:00+10:00,38.26585964042798
2018-05-04 13:30:00+10:00,35.83157176709907
2018-05-04 14:00:00+10:00,32.416717746110855
2018-05-04 14:30:00+10:00,28.049617409680927
2018-05-04 15:00:00+10:00,22.786141568421908
2018-05-04 15:30:00+10:00,16.736820688134305
2018-05-04 16:00:00+10:00,10.14270456837196
2018-05-04 16:30:00+10:00,3.654376446730666
2018-05-04 17:00:00+10:00,0.0
2018-05-04 17:30:00+10:00,0.0
2018-05-04 18:00:00+10:00,0.0
2018-05-04 18:30:00+10:00,0.0
2018-05-04 19:00:00+10:00,0.0
2018-05-04 19:30:00+10:00,0.0
2018-05-04 20:00:00+10:00,0.0
2018-05-04 20:30:00+10:00,0.0
2018-05-04 21:00:00+10:00,0.0
2018-05-04 21:30:00+10:00,0.0
2018-05-04 22:00:00+10:00,0.0
2018-05-04 22:30:00+10:00,0.0
2018-05-04 23:00:00+10:00,0.0
2018-05-04 23:30:00+10:00,0.0
2018-05-05 00:00:00+10:00,0.0
2018-05-05 00:30:00+10:00,0.0
2018-05-05 01:00:00+10:00,0.0
2018-05-05 01:30:00+10:00,0.0
2018-05-05 02:00:00+10:00,0.0
2018-05-05 02:30:00+10:00,0.0
2018-05-05 03:00:00+10:00,0.0
2018-05-05 03:30:00+10:00,0.0
2018-05-05 04:00:00+10:00,0.0
2018-05-05 04:30:00+10:00,0.0
2018-05-05 05:00:00+10:00,0.0
2018-05-05 05:30:00+10:00,0.0
2018-05-05 06:00:00+10:00,0.0
2018-05-05 06:30:00+10:00,0.0
2018-05-05 07:00:00+10:00,0.0
2018-05-05 07:30:00+10:00,2.540702735671478
2018-05-05 08:00:00+10:00,8.474736478345609
2018-05-05 08:30:00+10:00,14.694922889067104
2018-05-05 09:00:00+10:00,20.46865628974888
2018-05-05 09:30:00+10:00,25.533420365532717
2018-05-05 10:00:00+10:00,29.76927406357554
2018-05-05 10:30:00+10:00,33.114409289276175
2018-05-05 11:00:00+10:00,35.53581761261654
2018-05-05 11:30:00+10:00,37.01638832154269
2018-05-05 12:00:00+10:00,37.5478095305548
2018-05-05 12:30:00+10:00,37.12764161901617
2018-05-05 13:00:00+10:00,35.75799026055271
2018-05-05 13:30:00+10:00,33.44585249351643
2018-05-05 14:00:00+10:00,30.207286385413912
2018-05-05 14:30:00+10:00,26.072701119190526
2018-05-05 15:00:00+10:00,21.09934802718663
2018-05-05 15:30:00+10:00,15.397536212166637
2018-05-05 16:00:00+10:00,9.20436303703312
2018-05-05 16:30:00+10:00,3.1595698639771435
2018-05-05 17:00:00+10:00,0.0
2018-05-05 17:30:00+10:00,0.0
2018-05-05 18:00:00+10:00,0.0
2018-05-05 18:30:00+10:00,0.0
2018-05-05 19:00:00+10:00,0.0
2018-05-05 19:30:00+10:00,0.0
2018-05-05 20:00:00+10:00,0.0
2018-05-05 20:30:00+10:00,0.0
2018-05-05 21:00:00+10:00,0.0
2018-05-05 21:30:00+10:00,0.0
2018-05-05 22:00:00+10:00,0.0
2018-05-05 22:30:00+10:00,0.0
2018-05-05 23:00:00+10:00,0.0
2018-05-05 23:30:00+10:00,0.0
2018-05-06 00:00:00+10:00,0.0
2018-05-06 00:30:00+10:00,0.0
2018-05-06 01:00:00+10:00,0.0
2018-05-06 01:30:00+10:00,0.0
2018-05-06 02:00:00+10:00,0.0
2018-05-06 02:30:00+10:00,0.0
2018-05-06 03:00:00+10:00,0.0
2018-05-06 03:30:00+10:00,0.0
2018-05-06 04:00:00+10:00,0.0
2018-05-06 04:30:00+10:00,0.0
2018-05-06 05:00:00+10:00,0.0
2018-05-06 05:30:00+10:00,0.0
2018-05-06 06:00:00+10:00,0.0
2018-05-06 06:30:00+10:00,0.0
2018-05-06 07:00:00+10:00,0.0
2018-05-06 07:30:00+10:00,2.8884348050939233
2018-05-06 08:00:00+10:00,9.687310012521298
2018-05-06 08:30:00+10:00,16.815512298206205
2018-05-06 09:00:00+10:00,23.405348940783156
2018-05-06 09:30:00+10:00,29.158619093393856
2018-05-06 10:00:00+10:00,33.948429524616756
2018-05-06 10:30:00+10:00,37.71566543119489
2018-05-06 11:00:00+10:00,40.433282235538236
2018-05-06 11:30:00+10:00,42.09027944463731
2018-05-06 12:00:00+10:00,42.6824893504915
2018-05-06 12:30:00+10:00,42.20934827760677
2018-05-06 13:00:00+10:00,40.67122744447385
2018-05-06 13:30:00+10:00,38.07148798209945
2018-05-06 14:00:00+10:00,34.420271631626655
2018-05-06 14:30:00+10:00,29.7420480597754
2018-05-06 15:00:00+10:00,24.09082574337707
2018-05-06 15:30:00+10:00,17.582705759789025
2018-05-06 16:00:00+10:00,10.486147768553051
2018-05-06 16:30:00+10:00,3.561400770969305
2018-05-06 17:00:00+10:00,0.0
2018-05-06 17:30:00+10:00,0.0
2018-05-06 18:00:00+10:00,0.0
2018-05-06 18:30:00+10:00,0.0
2018-05-06 19:00:00+10:00,0.0
2018-05-06 19:30:00+10:00,0.0
2018-05-06 20:00:00+10:00,0.0
2018-05-06 20:30:00+10:00,0.0
2018-05-06 21:00:00+10:00,0.0
2018-05-06 21:30:00+10:00,0.0
2018-05-06 22:00:00+10:00,0.0
2018-05-06 22:30:00+10:00,0.0
2018-05-06 23:00:00+10:00,0.0
2018-05-06 23:30:00+10:00,0.0
2018-05-07 00:00:00+10:00,0.0
2018-05-07 00:30:00+10:00,0.0
2018-05-07 01:00:00+10:00,0.0
2018-05-07 01:30:00+10:00,0.0
2018-05-07 02:00:00+10:00,0.0
2018-05-07 02:30:00+10:00,0.0
2018-05-07 03:00:00+10:00,0.0
2018-05-07 03:30:00+10:00,0.0
2018-05-07 04:00:00+10:00,0.0
2018-05-07 04:30:00+10:00,0.0
2018-05-07 05:00:00+10:00,0.0
2018-05-07 05:30:00+10:00,0.0
2018-05-07 06:00:00+10:00,0.0
2018-05-07 06:30:00+10:00,0.0
2018-05-07 07:00:00+10:00,0.0
2018-05-07 07:30:00+10:00,2.581599657415833
2018-05-07 08:00:00+10:00,9.090543804538052
2018-05-07 08:30:00+10:00,15.967642053617013
2018-05-07 09:00:00+10:00,22.343523234408107
2018-05-07 09:30:00+10:00,27.920182919348836
2018-05-07 10:00:00+10:00,32.56932035969124
2018-05-07 10:30:00+10:00,36.22969641166679
2018-05-07 11:00:00+10:00,38.8719849863847
2018-05-07 11:30:00+10:00,40.48298723605074
2018-05-07 12:00:00+10:00,41.05763692887477
2018-05-07 12:30:00+10:00,40.594194566516165
2018-05-07 13:00:00+10:00,39.09404252817104
2018-05-07 13:30:00+10:00,36.561511913127994
2018-05-07 14:00:00+10:00,33.00895938327194
2018-05-07 14:30:00+10:00,28.463094664855927
2018-05-07 15:00:00+10:00,22.98037321785938
2018-05-07 15:30:00+10:00,16.678858673901768
2018-05-07 16:00:00+10:00,9.828272546311407
2018-05-07 16:30:00+10:00,3.19393159199641
2018-05-07 17:00:00+10:00,0.0
2018-05-07 17:30:00+10:00,0.0
2018-05-07 18:00:00+10:00,0.0
2018-05-07 18:30:00+10:00,0.0
2018-05-07 19:00:00+10:00,0.0
2018-05-07 19:30:00+10:00,0.0
2018-05-07 20:00:00+10:00,0.0
2018-05-07 20:30:00+10:00,0.0
2018-05-07 21:00:00+10:00,0.0
2018-05-07 21:30:00+10:00,0.0
2018-05-07 22:00:00+10:00,0.0
2018-05-07 22:30:00+10:00,0.0
2018-05-07 23:00:00+10:00,0.0
2018-05-07 23:30:00+10:00,0.0
2018-05-08 00:00:00+10:00,0.0
2018-05-08 00:30:00+10:00,0.0
2018-05-08 01:00:00+10:00,0.0
2018-05-08 01:30:00+10:00,0.0
2018-05-08 02:00:00+10:00,0.0
2018-05-08 02:30:00+10:00,0.0
2018-05-08 03:00:00+10:00,0.0
2018-05-08 03:30:00+10:00,0.0
2018-05-08 04:00:00+10:00,0.0
2018-05-08 04:30:00+10:00,0.0
2018-05-08 05:00:00+10:00,0.0
2018-05-08 05:30:00+10:00,0.0
2018-05-08 06:00:00+10:00,0.0
2018-05-08 06:30:00+10:00,0.0
2018-05-08 07:00:00+10:00,0.0
2018-05-08 07:30:00+10:00,2.2082033514212727
2018-05-08 08:00:00+10:00,8.2685281287841
2018-05-08 08:30:00+10:00,14.729951628933764
2018-05-08 09:00:00+10:00,20.744261077991656
2018-05-08 09:30:00+10:00,26.019071673248657
2018-05-08 10:00:00+10:00,30.426261420069327
2018-05-08 10:30:00+10:00,33.90232467540367
2018-05-08 11:00:00+10:00,36.41462846205009
2018-05-08 11:30:00+10:00,37.94721277633409
2018-05-08 12:00:00+10:00,38.492791214771124
2018-05-08 12:30:00+10:00,38.04916400559282
2018-05-08 13:00:00+10:00,36.61807063448442
2018-05-08 13:30:00+10:00,34.20602665018679
2018-05-08 14:00:00+10:00,30.827924434282238
2018-05-08 14:30:00+10:00,26.514012627561524
2018-05-08 15:00:00+10:00,21.323427546519806
2018-05-08 15:30:00+10:00,15.374781037487972
2018-05-08 16:00:00+10:00,8.933801760726332
2018-05-08 16:30:00+10:00,2.7510170623627666
2018-05-08 17:00:00+10:00,0.0
2018-05-08 17:30:00+10:00,0.0
2018-05-08 18:00:00+10:00,0.0
2018-05-08 18:30:00+10:00,0.0
2018-05-08 19:00:00+10:00,0.0
2018-05-08 19:30:00+10:00,0.0
2018-05-08 20:00:00+10:00,0.0
2018-05-08 20:30:00+10:00,0.0
2018-05-08 21:00:00+10:00,0.0
2018-05-08 21:30:00+10:00,0.0
2018-05-08 22:00:00+10:00,0.0
2018-05-08 22:30:00+10:00,0.0
2018-05-08 23:00:00+10:00,0.0
2018-05-08 23:30:00+10:00,0.0
2018-05-09 00:00:00+10:00,0.0
2018-05-09 00:30:00+10:00,0.0
2018-05-09 01:00:00+10:00,0.0
2018-05-09 01:30:00+10:00,0.0
2018-05-09 02:00:00+10:00,0.0
2018-05-09 02:30:00+10:00,0.0
2018-05-09 03:00:00+10:00,0.0
2018-05-09 03:30:00+10:00,0.0
2018-05-09 04:00:00+10:00,0.0
2018-05-09 04:30:00+10:00,0.0
2018-05-09 05:00:00+10:00,0.0
2018-05-09 05:30:00+10:00,0.0
2018-05-09 06:00:00+10:00,0.0
2018-05-09 06:30:00+10:00,0.0
2018-05-09 07:00:00+10:00,0.0
2018-05-09 07:30:00+10:00,1.5794160524755094
2018-05-09 08:00:00+10:00,6.6067254391827825
2018-05-09 08:30:00+10:00,12.038592527179894
2018-05-09 09:00:00+10:00,17.132200058660736
2018-05-09 09:30:00+10:00,21.625820280731
2018-05-09 10:00:00+10:00,25.399215199943942
2018-05-09 10:30:00+10:00,28.387625973830133
2018-05-09 11:00:00+10:00,30.55431936498109
2018-05-09 11:30:00+10:00,31.878485868916464
2018-05-09 12:00:00+10:00,32.34944596085695
2018-05-09 12:30:00+10:00,31.963762920445486
2018-05-09 13:00:00+10:00,30.724204743356342
2018-05-09 13:30:00+10:00,28.6406047178431
2018-05-09 14:00:00+10:00,25.732503110009507
2018-05-09 14:30:00+10:00,22.034624907910224
2018-05-09 15:00:00+10:00,17.607879082738066
2018-05-09 15:30:00+10:00,12.564683369929913
2018-05-09 16:00:00+10:00,7.144680663494846
2018-05-09 16:30:00+10:00,2.008531321443771
2018-05-09 17:00:00+10:00,0.0
2018-05-09 17:30:00+10:00,0.0
2018-05-09 18:00:00+10:00,0.0
2018-05-09 18:30:00+10:00,0.0
2018-05-09 19:00:00+10:00,0.0
2018-05-09 19:30:00+10:00,0.0
2018-05-09 20:00:00+10:00,0.0
2018-05-09 20:30:00+10:00,0.0
2018-05-09 21:00:00+10:00,0.0
2018-05-09 21:30:00+10:00,0.0
2018-05-09 22:00:00+10:00,0.0
2018-05-09 22:30:00+10:00,0.0
2018-05-09 23:00:00+10:00,0.0
2018-05-09 23:30:00+10:00,0.0
2018-05-10 00:00:00+10:00,0.0
2018-05-10 00:30:00+10:00,0.0
2018-05-10 01:00:00+10:00,0.0
2018-05-10 01:30:00+10:00,0.0
2018-05-10 02:00:00+10:00,0.0
2018-05-10 02:30:00+10:00,0.0
2018-05-10 03:00:00+10:00,0.0
2018-05-10 03:30:00+10:00,0.0
2018-05-10 04:00:00+10:00,0.0
2018-05-10 04:30:00+10:00,0.0
2018-05-10 05:00:00+10:00,0.0
2018-05-10 05:30:00+10:00,0.0
2018-05-10 06:00:00+10:00,0.0
2018-05-10 06:30:00+10:00,0.0
2018-05-10 07:00:00+10:00,0.0
2018-05-10 07:30:00+10:00,1.7209642933103046
2018-05-10 08:00:00+10:00,7.31697240006038
2018-05-10 08:30:00+10:00,13.385580943441228
2018-05-10 09:00:00+10:00,19.065986300873043
2018-05-10 09:30:00+10:00,24.064598363155195
2018-05-10 10:00:00+10:00,28.25124080392373
2018-05-10 10:30:00+10:00,31.559453041177786
2018-05-10 11:00:00+10:00,33.95340958412499
2018-05-10 11:30:00+10:00,35.41414353102994
2018-05-10 12:00:00+10:00,35.93253255945102
2018-05-10 12:30:00+10:00,35.50565948468526
2018-05-10 13:00:00+10:00,34.13585687802026
2018-05-10 13:30:00+10:00,31.83146212438681
2018-05-10 14:00:00+10:00,28.610378780806727
2018-05-10 14:30:00+10:00,24.506105950226818
2018-05-10 15:00:00+10:00,19.58102417437845
2018-05-10 15:30:00+10:00,13.956515062509883
2018-05-10 16:00:00+10:00,7.901069179316201
2018-05-10 16:30:00+10:00,2.1810773690374745
2018-05-10 17:00:00+10:00,0.0
2018-05-10 17:30:00+10:00,0.0
2018-05-10 18:00:00+10:00,0.0
2018-05-10 18:30:00+10:00,0.0
2018-05-10 19:00:00+10:00,0.0
2018-05-10 19:30:00+10:00,0.0
2018-05-10 20:00:00+10:00,0.0
2018-05-10 20:30:00+10:00,0.0
2018-05-10 21:00:00+10:00,0.0
2018-05-10 21:30:00+10:00,0.0
2018-05-10 22:00:00+10:00,0.0
2018-05-10 22:30:00+10:00,0.0
2018-05-10 23:00:00+10:00,0.0
2018-05-10 23:30:00+10:00,0.0
2018-05-11 00:00:00+10:00,0.0
2018-05-11 00:30:00+10:00,0.0
2018-05-11 01:00:00+10:00,0.0
2018-05-11 01:30:00+10:00,0.0
2018-05-11 02:00:00+10:00,0.0
2018-05-11 02:30:00+10:00,0.0
2018-05-11 03:00:00+10:00,0.0
2018-05-11 03:30:00+10:00,0.0
2018-05-11 04:00:00+10:00,0.0
2018-05-11 04:30:00+10:00,0.0
2018-05-11 05:00:00+10:00,0.0
2018-05-11 05:30:00+10:00,0.0
2018-05-11 06:00:00+10:00,0.0
2018-05-11 06:30:00+10:00,0.0
2018-05-11 07:00:00+10:00,0.0
2018-05-11 07:30:00+10:00,1.5798848825812197
2018-05-11 08:00:00+10:00,7.111243132716674
2018-05-11 08:30:00+10:00,13.156471780240917
2018-05-11 09:00:00+10:00,18.824568833372414
2018-05-11 09:30:00+10:00,23.814872187019855
2018-05-11 10:00:00+10:00,27.995049396199022
2018-05-11 10:30:00+10:00,31.29811093605434
2018-05-11 11:00:00+10:00,33.68811047712366
2018-05-11 11:30:00+10:00,35.14597844802744
2018-05-11 12:00:00+10:00,35.66282038691245
2018-05-11 12:30:00+10:00,35.23550319601971
2018-05-11 13:00:00+10:00,33.86646357651522
2018-05-11 13:30:00+10:00,31.56424176947058
2018-05-11 14:00:00+10:00,28.34640465667745
2018-05-11 14:30:00+10:00,24.246820386542918
2018-05-11 15:00:00+10:00,19.328450529121103
2018-05-11 15:30:00+10:00,13.714567920312698
2018-05-11 16:00:00+10:00,7.68060780368127
2018-05-11 16:30:00+10:00,2.021135465422131
2018-05-11 17:00:00+10:00,0.0
2018-05-11 17:30:00+10:00,0.0
2018-05-11 18:00:00+10:00,0.0
2018-05-11 18:30:00+10:00,0.0
2018-05-11 19:00:00+10:00,0.0
2018-05-11 19:30:00+10:00,0.0
2018-05-11 20:00:00+10:00,0.0
2018-05-11 20:30:00+10:00,0.0
2018-05-11 21:00:00+10:00,0.0
2018-05-11 21:30:00+10:00,0.0
2018-05-11 22:00:00+10:00,0.0
2018-05-11 22:30:00+10:00,0.0
2018-05-11 23:00:00+10:00,0.0
2018-05-11 23:30:00+10:00,0.0
2018-05-12 00:00:00+10:00,0.0
2018-05-12 00:30:00+10:00,0.0
2018-05-12 01:00:00+10:00,0.0
2018-05-12 01:30:00+10:00,0.0
2018-05-12 02:00:00+10:00,0.0
2018-05-12 02:30:00+10:00,0.0
2018-05-12 03:00:00+10:00,0.0
2018-05-12 03:30:00+10:00,0.0
2018-05-12 04:00:00+10:00,0.0
2018-05-12 04:30:00+10:00,0.0
2018-05-12 05:00:00+10:00,0.0
2018-05-12 05:30:00+10:00,0.0
2018-05-12 06:00:00+10:00,0.0
2018-05-12 06:30:00+10:00,0.0
2018-05-12 07:00:00+10:00,0.0
2018-05-12 07:30:00+10:00,1.581107283388149
2018-05-12 08:00:00+10:00,7.388447637077629
2018-05-12 08:30:00+10:00,13.774153413908993
2018-05-12 09:00:00+10:00,19.760101686449268
2018-05-12 09:30:00+10:00,25.02258026042197
2018-05-12 10:00:00+10:00,29.423808399769662
2018-05-12 10:30:00+10:00,32.896344814786076
2018-05-12 11:00:00+10:00,35.40586415485329
2018-05-12 11:30:00+10:00,36.93510536549417
2018-05-12 12:00:00+10:00,37.47659283786679
2018-05-12 12:30:00+10:00,37.027632314580394
2018-05-12 13:00:00+10:00,35.59043018579974
2018-05-12 13:30:00+10:00,33.17185838940348
2018-05-12 14:00:00+10:00,29.787967511097523
2018-05-12 14:30:00+10:00,25.470961651405233
2018-05-12 15:00:00+10:00,20.28397024606005
2018-05-12 15:30:00+10:00,14.35508763976948
2018-05-12 16:00:00+10:00,7.980617170039422
2018-05-12 16:30:00+10:00,2.032729580282755
2018-05-12 17:00:00+10:00,0.0
2018-05-12 17:30:00+10:00,0.0
2018-05-12 18:00:00+10:00,0.0
2018-05-12 18:30:00+10:00,0.0
2018-05-12 19:00:00+10:00,0.0
2018-05-12 19:30:00+10:00,0.0
2018-05-12 20:00:00+10:00,0.0
2018-05-12 20:30:00+10:00,0.0
2018-05-12 21:00:00+10:00,0.0
2018-05-12 21:30:00+10:00,0.0
2018-05-12 22:00:00+10:00,0.0
2018-05-12 22:30:00+10:00,0.0
2018-05-12 23:00:00+10:00,0.0
2018-05-12 23:30:00+10:00,0.0
2018-05-13 00:00:00+10:00,0.0
2018-05-13 00:30:00+10:00,0.0
2018-05-13 01:00:00+10:00,0.0
2018-05-13 01:30:00+10:00,0.0
2018-05-13 02:00:00+10:00,0.0
2018-05-13 02:30:00+10:00,0.0
2018-05-13 03:00:00+10:00,0.0
2018-05-13 03:30:00+10:00,0.0
2018-05-13 04:00:00+10:00,0.0
2018-05-13 04:30:00+10:00,0.0
2018-05-13 05:00:00+10:00,0.0
2018-05-13 05:30:00+10:00,0.0
2018-05-13 06:00:00+10:00,0.0
2018-05-13 06:30:00+10:00,0.0
2018-05-13 07:00:00+10:00,0.0
2018-05-13 07:30:00+10:00,1.691811012276698
2018-05-13 08:00:00+10:00,8.086669831869475
2018-05-13 08:30:00+10:00,15.151212352738225
2018-05-13 09:00:00+10:00,21.76127631695778
2018-05-13 09:30:00+10:00,27.556022060556284
2018-05-13 10:00:00+10:00,32.38868394573008
2018-05-13 10:30:00+10:00,36.19209299111778
2018-05-13 11:00:00+10:00,38.93497130218746
2018-05-13 11:30:00+10:00,40.6041152187601
2018-05-13 12:00:00+10:00,41.19418508212022
2018-05-13 12:30:00+10:00,40.70423017925514
2018-05-13 13:00:00+10:00,39.13497445531468
2018-05-13 13:30:00+10:00,36.491021168381245
2018-05-13 14:00:00+10:00,32.78485156278536
2018-05-13 14:30:00+10:00,28.04514812103373
2018-05-13 15:00:00+10:00,22.334427205876946
2018-05-13 15:30:00+10:00,15.788589008252885
2018-05-13 16:00:00+10:00,8.73674158215263
2018-05-13 16:30:00+10:00,2.1805285641792524
2018-05-13 17:00:00+10:00,0.0
2018-05-13 17:30:00+10:00,0.0
2018-05-13 18:00:00+10:00,0.0
2018-05-13 18:30:00+10:00,0.0
2018-05-13 19:00:00+10:00,0.0
2018-05-13 19:30:00+10:00,0.0
2018-05-13 20:00:00+10:00,0.0
2018-05-13 20:30:00+10:00,0.0
2018-05-13 21:00:00+10:00,0.0
2018-05-13 21:30:00+10:00,0.0
2018-05-13 22:00:00+10:00,0.0
2018-05-13 22:30:00+10:00,0.0
2018-05-13 23:00:00+10:00,0.0
2018-05-13 23:30:00+10:00,0.0
2018-05-14 00:00:00+10:00,0.0
2018-05-14 00:30:00+10:00,0.0
2018-05-14 01:00:00+10:00,0.0
2018-05-14 01:30:00+10:00,0.0
2018-05-14 02:00:00+10:00,0.0
2018-05-14 02:30:00+10:00,0.0
2018-05-14 03:00:00+10:00,0.0
2018-05-14 03:30:00+10:00,0.0
2018-05-14 04:00:00+10:00,0.0
2018-05-14 04:30:00+10:00,0.0
2018-05-14 05:00:00+10:00,0.0
2018-05-14 05:30:00+10:00,0.0
2018-05-14 06:00:00+10:00,0.0
2018-05-14 06:30:00+10:00,0.0
2018-05-14 07:00:00+10:00,0.0
2018-05-14 07:30:00+10:00,1.6386981002074898
2018-05-14 08:00:00+10:00,8.236469416208843
2018-05-14 08:30:00+10:00,15.580559058963972
2018-05-14 09:00:00+10:00,22.454212591211707
2018-05-14 09:30:00+10:00,28.474267949375236
2018-05-14 10:00:00+10:00,33.48870364176383
2018-05-14 10:30:00+10:00,37.43077135370353
2018-05-14 11:00:00+10:00,40.27089779048246
2018-05-14 11:30:00+10:00,41.998029820815965
2018-05-14 12:00:00+10:00,42.60834884870558
2018-05-14 12:30:00+10:00,42.10150471130455
2018-05-14 13:00:00+10:00,40.4776894619002
2018-05-14 13:30:00+10:00,37.74011008570502
2018-05-14 14:00:00+10:00,33.899076200466176
2018-05-14 14:30:00+10:00,28.98152058605713
2018-05-14 15:00:00+10:00,23.049368850513467
2018-05-14 15:30:00+10:00,16.242891311779957
2018-05-14 16:00:00+10:00,8.910896574173533
2018-05-14 16:30:00+10:00,2.13648353053233
2018-05-14 17:00:00+10:00,0.0
2018-05-14 17:30:00+10:00,0.0
2018-05-14 18:00:00+10:00,0.0
2018-05-14 18:30:00+10:00,0.0
2018-05-14 19:00:00+10:00,0.0
2018-05-14 19:30:00+10:00,0.0
2018-05-14 20:00:00+10:00,0.0
2018-05-14 20:30:00+10:00,0.0
2018-05-14 21:00:00+10:00,0.0
2018-05-14 21:30:00+10:00,0.0
2018-05-14 22:00:00+10:00,0.0
2018-05-14 22:30:00+10:00,0.0
2018-05-14 23:00:00+10:00,0.0
2018-05-14 23:30:00+10:00,0.0
2018-05-15 00:00:00+10:00,0.0
2018-05-15 00:30:00+10:00,0.0
2018-05-15 01:00:00+10:00,0.0
2018-05-15 01:30:00+10:00,0.0
2018-05-15 02:00:00+10:00,0.0
2018-05-15 02:30:00+10:00,0.0
2018-05-15 03:00:00+10:00,0.0
2018-05-15 03:30:00+10:00,0.0
2018-05-15 04:00:00+10:00,0.0
2018-05-15 04:30:00+10:00,0.0
2018-05-15 05:00:00+10:00,0.0
2018-05-15 05:30:00+10:00,0.0
2018-05-15 06:00:00+10:00,0.0
2018-05-15 06:30:00+10:00,0.0
2018-05-15 07:00:00+10:00,0.0
2018-05-15 07:30:00+10:00,1.1950695643529898
2018-05-15 08:00:00+10:00,6.906614301783886
2018-05-15 08:30:00+10:00,13.3600599680797
2018-05-15 09:00:00+10:00,19.443531822206072
2018-05-15 09:30:00+10:00,24.800333382662405
2018-05-15 10:00:00+10:00,29.28281806004963
2018-05-15 10:30:00+10:00,32.820091550494205
2018-05-15 11:00:00+10:00,35.37644054959973
2018-05-15 11:30:00+10:00,36.9341974215029
2018-05-15 12:00:00+10:00,37.485590384589386
2018-05-15 12:30:00+10:00,37.02810312787555
2018-05-15 13:00:00+10:00,35.56367345725606
2018-05-15 13:30:00+10:00,33.09971571265062
2018-05-15 14:00:00+10:00,29.652529655905003
2018-05-15 14:30:00+10:00,25.255446242856365
2018-05-15 15:00:00+10:00,19.97492524515147
2018-05-15 15:30:00+10:00,13.947992912996968
2018-05-15 16:00:00+10:00,7.500120821499985
2018-05-15 16:30:00+10:00,1.6212294008467225
2018-05-15 17:00:00+10:00,0.0
2018-05-15 17:30:00+10:00,0.0
2018-05-15 18:00:00+10:00,0.0
2018-05-15 18:30:00+10:00,0.0
2018-05-15 19:00:00+10:00,0.0
2018-05-15 19:30:00+10:00,0.0
2018-05-15 20:00:00+10:00,0.0
2018-05-15 20:30:00+10:00,0.0
2018-05-15 21:00:00+10:00,0.0
2018-05-15 21:30:00+10:00,0.0
2018-05-15 22:00:00+10:00,0.0
2018-05-15 22:30:00+10:00,0.0
2018-05-15 23:00:00+10:00,0.0
2018-05-15 23:30:00+10:00,0.0
2018-05-16 00:00:00+10:00,0.0
2018-05-16 00:30:00+10:00,0.0
2018-05-16 01:00:00+10:00,0.0
2018-05-16 01:30:00+10:00,0.0
2018-05-16 02:00:00+10:00,0.0
2018-05-16 02:30:00+10:00,0.0
2018-05-16 03:00:00+10:00,0.0
2018-05-16 03:30:00+10:00,0.0
2018-05-16 04:00:00+10:00,0.0
2018-05-16 04:30:00+10:00,0.0
2018-05-16 05:00:00+10:00,0.0
2018-05-16 05:30:00+10:00,0.0
2018-05-16 06:00:00+10:00,0.0
2018-05-16 06:30:00+10:00,0.0
2018-05-16 07:00:00+10:00,0.0
2018-05-16 07:30:00+10:00,1.2498178714959265
2018-05-16 08:00:00+10:00,7.421575372655983
2018-05-16 08:30:00+10:00,14.43531325917839
2018-05-16 09:00:00+10:00,21.037329430335944
2018-05-16 09:30:00+10:00,26.835848863424257
2018-05-16 10:00:00+10:00,31.67519777665042
2018-05-16 10:30:00+10:00,35.48514358642953
2018-05-16 11:00:00+10:00,38.23357289146732
2018-05-16 11:30:00+10:00,39.90630663697895
2018-05-16 12:00:00+10:00,40.498394440658245
2018-05-16 12:30:00+10:00,40.0083264228218
2018-05-16 13:00:00+10:00,38.43720065375831
2018-05-16 13:30:00+10:00,35.789666542097194
2018-05-16 14:00:00+10:00,32.07873279240913
2018-05-16 14:30:00+10:00,27.33390983543429
2018-05-16 15:00:00+10:00,21.620446188345436
2018-05-16 15:30:00+10:00,15.082155250250226
2018-05-16 16:00:00+10:00,8.074624776841292
2018-05-16 16:30:00+10:00,1.7109521845679339
2018-05-16 17:00:00+10:00,0.0
2018-05-16 17:30:00+10:00,0.0
2018-05-16 18:00:00+10:00,0.0
2018-05-16 18:30:00+10:00,0.0
2018-05-16 19:00:00+10:00,0.0
2018-05-16 19:30:00+10:00,0.0
2018-05-16 20:00:00+10:00,0.0
2018-05-16 20:30:00+10:00,0.0
2018-05-16 21:00:00+10:00,0.0
2018-05-16 21:30:00+10:00,0.0
2018-05-16 22:00:00+10:00,0.0
2018-05-16 22:30:00+10:00,0.0
2018-05-16 23:00:00+10:00,0.0
2018-05-16 23:30:00+10:00,0.0
2018-05-17 00:00:00+10:00,0.0
2018-05-17 00:30:00+10:00,0.0
2018-05-17 01:00:00+10:00,0.0
2018-05-17 01:30:00+10:00,0.0
2018-05-17 02:00:00+10:00,0.0
2018-05-17 02:30:00+10:00,0.0
2018-05-17 03:00:00+10:00,0.0
2018-05-17 03:30:00+10:00,0.0
2018-05-17 04:00:00+10:00,0.0
2018-05-17 04:30:00+10:00,0.0
2018-05-17 05:00:00+10:00,0.0
2018-05-17 05:30:00+10:00,0.0
2018-05-17 06:00:00+10:00,0.0
2018-05-17 06:30:00+10:00,0.0
2018-05-17 07:00:00+10:00,0.0
2018-05-17 07:30:00+10:00,0.8703746197644184
2018-05-17 08:00:00+10:00,6.164988639314542
2018-05-17 08:30:00+10:00,12.268495996229088
2018-05-17 09:00:00+10:00,18.052778764994432
2018-05-17 09:30:00+10:00,23.16015403372781
2018-05-17 10:00:00+10:00,27.442094186914073
2018-05-17 10:30:00+10:00,30.826169434820482
2018-05-17 11:00:00+10:00,33.2748539441971
2018-05-17 11:30:00+10:00,34.76874001186073
2018-05-17 12:00:00+10:00,35.29849750618478
2018-05-17 12:30:00+10:00,34.8615873890961
2018-05-17 13:00:00+10:00,33.46006003394717
2018-05-17 13:30:00+10:00,31.102435205584754
2018-05-17 14:00:00+10:00,27.806798682543604
2018-05-17 14:30:00+10:00,23.608460347106032
2018-05-17 15:00:00+10:00,18.575112946420553
2018-05-17 15:30:00+10:00,12.844448375661447
2018-05-17 16:00:00+10:00,6.742118362093848
2018-05-17 16:30:00+10:00,1.267634639651918
2018-05-17 17:00:00+10:00,0.0
2018-05-17 17:30:00+10:00,0.0
2018-05-17 18:00:00+10:00,0.0
2018-05-17 18:30:00+10:00,0.0
2018-05-17 19:00:00+10:00,0.0
2018-05-17 19:30:00+10:00,0.0
2018-05-17 20:00:00+10:00,0.0
2018-05-17 20:30:00+10:00,0.0
2018-05-17 21:00:00+10:00,0.0
2018-05-17 21:30:00+10:00,0.0
2018-05-17 22:00:00+10:00,0.0
2018-05-17 22:30:00+10:00,0.0
2018-05-17 23:00:00+10:00,0.0
2018-05-17 23:30:00+10:00,0.0
2018-05-18 00:00:00+10:00,0.0
2018-05-18 00:30:00+10:00,0.0
2018-05-18 01:00:00+10:00,0.0
2018-05-18 01:30:00+10:00,0.0
2018-05-18 02:00:00+10:00,0.0
2018-05-18 02:30:00+10:00,0.0
2018-05-18 03:00:00+10:00,0.0
2018-05-18 03:30:00+10:00,0.0
2018-05-18 04:00:00+10:00,0.0
2018-05-18 04:30:00+10:00,0.0
2018-05-18 05:00:00+10:00,0.0
2018-05-18 05:30:00+10:00,0.0
2018-05-18 06:00:00+10:00,0.0
2018-05-18 06:30:00+10:00,0.0
2018-05-18 07:00:00+10:00,0.0
2018-05-18 07:30:00+10:00,1.0399490847140747
2018-05-18 08:00:00+10:00,7.1847415109900865
2018-05-18 08:30:00+10:00,14.291401206690619
2018-05-18 09:00:00+10:00,20.998431732606775
2018-05-18 09:30:00+10:00,26.889752564398943
2018-05-18 10:00:00+10:00,31.804518185061664
2018-05-18 10:30:00+10:00,35.67208072977962
2018-05-18 11:00:00+10:00,38.46112605420127
2018-05-18 11:30:00+10:00,40.15903821648338
2018-05-18 12:00:00+10:00,40.76126418276567
2018-05-18 12:30:00+10:00,40.2668524083516
2018-05-18 13:00:00+10:00,38.67679562409994
2018-05-18 13:30:00+10:00,35.99475766409619
2018-05-18 14:00:00+10:00,32.232275786060036
2018-05-18 14:30:00+10:00,27.418115681463217
2018-05-18 15:00:00+10:00,21.61733094150502
2018-05-18 15:30:00+10:00,14.977650535798476
2018-05-18 16:00:00+10:00,7.8741040428042695
2018-05-18 16:30:00+10:00,1.507918738813628
2018-05-18 17:00:00+10:00,0.0
2018-05-18 17:30:00+10:00,0.0
2018-05-18 18:00:00+10:00,0.0
2018-05-18 18:30:00+10:00,0.0
2018-05-18 19:00:00+10:00,0.0
2018-05-18 19:30:00+10:00,0.0
2018-05-18 20:00:00+10:00,0.0
2018-05-18 20:30:00+10:00,0.0
2018-05-18 21:00:00+10:00,0.0
2018-05-18 21:30:00+10:00,0.0
2018-05-18 22:00:00+10:00,0.0
2018-05-18 22:30:00+10:00,0.0
2018-05-18 23:00:00+10:00,0.0
2018-05-18 23:30:00+10:00,0.0
2018-05-19 00:00:00+10:00,0.0
2018-05-19 00:30:00+10:00,0.0
2018-05-19 01:00:00+10:00,0.0
2018-05-19 01:30:00+10:00,0.0
2018-05-19 02:00:00+10:00,0.0
2018-05-19 02:30:00+10:00,0.0
2018-05-19 03:00:00+10:00,0.0
2018-05-19 03:30:00+10:00,0.0
2018-05-19 04:00:00+10:00,0.0
2018-05-19 04:30:00+10:00,0.0
2018-05-19 05:00:00+10:00,0.0
2018-05-19 05:30:00+10:00,0.0
2018-05-19 06:00:00+10:00,0.0
2018-05-19 06:30:00+10:00,0.0
2018-05-19 07:00:00+10:00,0.0
2018-05-19 07:30:00+10:00,0.39214687358096095
2018-05-19 08:00:00+10:00,4.57738736739879
2018-05-19 08:30:00+10:00,9.529981748913348
2018-05-19 09:00:00+10:00,14.270895458269054
2018-05-19 09:30:00+10:00,18.486294161033943
2018-05-19 10:00:00+10:00,22.040601665441528
2018-05-19 10:30:00+10:00,24.863137331663086
2018-05-19 11:00:00+10:00,26.913432895365546
2018-05-19 11:30:00+10:00,28.16817369290594
2018-05-19 12:00:00+10:00,28.615179714979398
2018-05-19 12:30:00+10:00,28.25045453486648
2018-05-19 13:00:00+10:00,27.07721298259435
2018-05-19 13:30:00+10:00,25.106772170637704
2018-05-19 14:00:00+10:00,22.360985641872688
2018-05-19 14:30:00+10:00,18.87803379056252
2018-05-19 15:00:00+10:00,14.724713503023453
2018-05-19 15:30:00+10:00,10.02661804186563
2018-05-19 16:00:00+10:00,5.0686988371620645
2018-05-19 16:30:00+10:00,0.7132572083899885
2018-05-19 17:00:00+10:00,0.0
2018-05-19 17:30:00+10:00,0.0
2018-05-19 18:00:00+10:00,0.0
2018-05-19 18:30:00+10:00,0.0
2018-05-19 19:00:00+10:00,0.0
2018-05-19 19:30:00+10:00,0.0
2018-05-19 20:00:00+10:00,0.0
2018-05-19 20:30:00+10:00,0.0
2018-05-19 21:00:00+10:00,0.0
2018-05-19 21:30:00+10:00,0.0
2018-05-19 22:00:00+10:00,0.0
2018-05-19 22:30:00+10:00,0.0
2018-05-19 23:00:00+10:00,0.0
2018-05-19 23:30:00+10:00,0.0
2018-05-20 00:00:00+10:00,0.0
2018-05-20 00:30:00+10:00,0.0
2018-05-20 01:00:00+10:00,0.0
2018-05-20 01:30:00+10:00,0.0
2018-05-20 02:00:00+10:00,0.0
2018-05-20 02:30:00+10:00,0.0
2018-05-20 03:00:00+10:00,0.0
2018-05-20 03:30:00+10:00,0.0
2018-05-20 04:00:00+10:00,0.0
2018-05-20 04:30:00+10:00,0.0
2018-05-20 05:00:00+10:00,0.0
2018-05-20 05:30:00+10:00,0.0
2018-05-20 06:00:00+10:00,0.0
2018-05-20 06:30:00+10:00,0.0
2018-05-20 07:00:00+10:00,0.0
2018-05-20 07:30:00+10:00,0.29718631141811525
2018-05-20 08:00:00+10:00,4.394275499835162
2018-05-20 08:30:00+10:00,9.297388971089605
2018-05-20 09:00:00+10:00,14.00138137963671
2018-05-20 09:30:00+10:00,18.187532215628398
2018-05-20 10:00:00+10:00,21.718886708370558
2018-05-20 10:30:00+10:00,24.524365876723387
2018-05-20 11:00:00+10:00,26.563069409345403
2018-05-20 11:30:00+10:00,27.811493151202193
2018-05-20 12:00:00+10:00,28.25726331628599
2018-05-20 12:30:00+10:00,27.89628827832404
2018-05-20 13:00:00+10:00,26.731854253240055
2018-05-20 13:30:00+10:00,24.775361714409755
2018-05-20 14:00:00+10:00,22.04896313006778
2018-05-20 14:30:00+10:00,18.591108828636788
2018-05-20 15:00:00+10:00,14.468727607585777
2018-05-20 15:30:00+10:00,9.808559087676223
2018-05-20 16:00:00+10:00,4.898079463964451
2018-05-20 16:30:00+10:00,0.6186852367970791
2018-05-20 17:00:00+10:00,0.0
2018-05-20 17:30:00+10:00,0.0
2018-05-20 18:00:00+10:00,0.0
2018-05-20 18:30:00+10:00,0.0
2018-05-20 19:00:00+10:00,0.0
2018-05-20 19:30:00+10:00,0.0
2018-05-20 20:00:00+10:00,0.0
2018-05-20 20:30:00+10:00,0.0
2018-05-20 21:00:00+10:00,0.0
2018-05-20 21:30:00+10:00,0.0
2018-05-20 22:00:00+10:00,0.0
2018-05-20 22:30:00+10:00,0.0
2018-05-20 23:00:00+10:00,0.0
2018-05-20 23:30:00+10:00,0.0
2018-05-21 00:00:00+10:00,0.0
2018-05-21 00:30:00+10:00,0.0
2018-05-21 01:00:00+10:00,0.0
2018-05-21 01:30:00+10:00,0.0
2018-05-21 02:00:00+10:00,0.0
2018-05-21 02:30:00+10:00,0.0
2018-05-21 03:00:00+10:00,0.0
2018-05-21 03:30:00+10:00,0.0
2018-05-21 04:00:00+10:00,0.0
2018-05-21 04:30:00+10:00,0.0
2018-05-21 05:00:00+10:00,0.0
2018-05-21 05:30:00+10:00,0.0
2018-05-21 06:00:00+10:00,0.0
2018-05-21 06:30:00+10:00,0.0
2018-05-21 07:00:00+10:00,0.0
2018-05-21 07:30:00+10:00,0.5161155654053409
2018-05-21 08:00:00+10:00,5.732349956643914
2018-05-21 08:30:00+10:00,11.985001838637423
2018-05-21 09:00:00+10:00,17.94889983953168
2018-05-21 09:30:00+10:00,23.22142243913531
2018-05-21 10:00:00+10:00,27.642543334461354
2018-05-21 10:30:00+10:00,31.136750062586323
2018-05-21 11:00:00+10:00,33.66589509847541
2018-05-21 11:30:00+10:00,35.2110440545439
2018-05-21 12:00:00+10:00,35.76318464668609
2018-05-21 12:30:00+10:00,35.31975221716495
2018-05-21 13:00:00+10:00,33.883033928127716
2018-05-21 13:30:00+10:00,31.46071186197102
2018-05-21 14:00:00+10:00,28.070533352801576
2018-05-21 14:30:00+10:00,23.747795630264925
2018-05-21 15:00:00+10:00,18.56230940152419
2018-05-21 15:30:00+10:00,12.660354568987328
2018-05-21 16:00:00+10:00,6.401740135595954
2018-05-21 16:30:00+10:00,0.9382125992093222
2018-05-21 17:00:00+10:00,0.0
2018-05-21 17:30:00+10:00,0.0
2018-05-21 18:00:00+10:00,0.0
2018-05-21 18:30:00+10:00,0.0
2018-05-21 19:00:00+10:00,0.0
2018-05-21 19:30:00+10:00,0.0
2018-05-21 20:00:00+10:00,0.0
2018-05-21 20:30:00+10:00,0.0
2018-05-21 21:00:00+10:00,0.0
2018-05-21 21:30:00+10:00,0.0
2018-05-21 22:00:00+10:00,0.0
2018-05-21 22:30:00+10:00,0.0
2018-05-21 23:00:00+10:00,0.0
2018-05-21 23:30:00+10:00,0.0
2018-05-22 00:00:00+10:00,0.0
2018-05-22 00:30:00+10:00,0.0
2018-05-22 01:00:00+10:00,0.0
2018-05-22 01:30:00+10:00,0.0
2018-05-22 02:00:00+10:00,0.0
2018-05-22 02:30:00+10:00,0.0
2018-05-22 03:00:00+10:00,0.0
2018-05-22 03:30:00+10:00,0.0
2018-05-22 04:00:00+10:00,0.0
2018-05-22 04:30:00+10:00,0.0
2018-05-22 05:00:00+10:00,0.0
2018-05-22 05:30:00+10:00,0.0
2018-05-22 06:00:00+10:00,0.0
2018-05-22 06:30:00+10:00,0.0
2018-05-22 07:00:00+10:00,0.0
2018-05-22 07:30:00+10:00,0.4920909160459608
2018-05-22 08:00:00+10:00,5.913687633180633
2018-05-22 08:30:00+10:00,12.47138507840058
2018-05-22 09:00:00+10:00,18.726937603874326
2018-05-22 09:30:00+10:00,24.25066969945444
2018-05-22 10:00:00+10:00,28.876253419666764
2018-05-22 10:30:00+10:00,32.52781502325162
2018-05-22 11:00:00+10:00,35.16883154025433
2018-05-22 11:30:00+10:00,36.78199460402113
2018-05-22 12:00:00+10:00,37.35978195869407
2018-05-22 12:30:00+10:00,36.90030367818691
2018-05-22 13:00:00+10:00,35.40518013428929
2018-05-22 13:30:00+10:00,32.88083660231677
2018-05-22 14:00:00+10:00,29.34325530824819
2018-05-22 14:30:00+10:00,24.8258663197457
2018-05-22 15:00:00+10:00,19.3983168073274
2018-05-22 15:30:00+10:00,13.211588307905004
2018-05-22 16:00:00+10:00,6.64655718055903
2018-05-22 16:30:00+10:00,0.9443548721295982
2018-05-22 17:00:00+10:00,0.0
2018-05-22 17:30:00+10:00,0.0
2018-05-22 18:00:00+10:00,0.0
2018-05-22 18:30:00+10:00,0.0
2018-05-22 19:00:00+10:00,0.0
2018-05-22 19:30:00+10:00,0.0
2018-05-22 20:00:00+10:00,0.0
2018-05-22 20:30:00+10:00,0.0
2018-05-22 21:00:00+10:00,0.0
2018-05-22 21:30:00+10:00,0.0
2018-05-22 22:00:00+10:00,0.0
2018-05-22 22:30:00+10:00,0.0
2018-05-22 23:00:00+10:00,0.0
2018-05-22 23:30:00+10:00,0.0
2018-05-23 00:00:00+10:00,0.0
2018-05-23 00:30:00+10:00,0.0
2018-05-23 01:00:00+10:00,0.0
2018-05-23 01:30:00+10:00,0.0
2018-05-23 02:00:00+10:00,0.0
2018-05-23 02:30:00+10:00,0.0
2018-05-23 03:00:00+10:00,0.0
2018-05-23 03:30:00+10:00,0.0
2018-05-23 04:00:00+10:00,0.0
2018-05-23 04:30:00+10:00,0.0
2018-05-23 05:00:00+10:00,0.0
2018-05-23 05:30:00+10:00,0.0
2018-05-23 06:00:00+10:00,0.0
2018-05-23 06:30:00+10:00,0.0
2018-05-23 07:00:00+10:00,0.0
2018-05-23 07:30:00+10:00,0.3613974011167869
2018-05-23 08:00:00+10:00,5.525176001560849
2018-05-23 08:30:00+10:00,11.847895046269016
2018-05-23 09:00:00+10:00,17.8997718834989
2018-05-23 09:30:00+10:00,23.2542508710834
2018-05-23 10:00:00+10:00,27.74495647324059
2018-05-23 10:30:00+10:00,31.294768041745797
2018-05-23 11:00:00+10:00,33.8652289870952
2018-05-23 11:30:00+10:00,35.43732167861414
2018-05-23 12:00:00+10:00,36.002341695452294
2018-05-23 12:30:00+10:00,35.55788953134999
2018-05-23 13:00:00+10:00,34.105744861246706
2018-05-23 13:30:00+10:00,31.653757514711746
2018-05-23 14:00:00+10:00,28.219333128519885
2018-05-23 14:30:00+10:00,23.83776862229767
2018-05-23 15:00:00+10:00,18.579899151276262
2018-05-23 15:30:00+10:00,12.596122943282936
2018-05-23 16:00:00+10:00,6.262395619384797
2018-05-23 16:30:00+10:00,0.8048403270585938
2018-05-23 17:00:00+10:00,0.0
2018-05-23 17:30:00+10:00,0.0
2018-05-23 18:00:00+10:00,0.0
2018-05-23 18:30:00+10:00,0.0
2018-05-23 19:00:00+10:00,0.0
2018-05-23 19:30:00+10:00,0.0
2018-05-23 20:00:00+10:00,0.0
2018-05-23 20:30:00+10:00,0.0
2018-05-23 21:00:00+10:00,0.0
2018-05-23 21:30:00+10:00,0.0
2018-05-23 22:00:00+10:00,0.0
2018-05-23 22:30:00+10:00,0.0
2018-05-23 23:00:00+10:00,0.0
2018-05-23 23:30:00+10:00,0.0
2018-05-24 00:00:00+10:00,0.0
2018-05-24 00:30:00+10:00,0.0
2018-05-24 01:00:00+10:00,0.0
2018-05-24 01:30:00+10:00,0.0
2018-05-24 02:00:00+10:00,0.0
2018-05-24 02:30:00+10:00,0.0
2018-05-24 03:00:00+10:00,0.0
2018-05-24 03:30:00+10:00,0.0
2018-05-24 04:00:00+10:00,0.0
2018-05-24 04:30:00+10:00,0.0
2018-05-24 05:00:00+10:00,0.0
2018-05-24 05:30:00+10:00,0.0
2018-05-24 06:00:00+10:00,0.0
2018-05-24 06:30:00+10:00,0.0
2018-05-24 07:00:00+10:00,0.0
2018-05-24 07:30:00+10:00,0.2583353870351187
2018-05-24 08:00:00+10:00,5.273730404718101
2018-05-24 08:30:00+10:00,11.494127155054148
2018-05-24 09:00:00+10:00,17.464123839922134
2018-05-24 09:30:00+10:00,22.752202306254567
2018-05-24 10:00:00+10:00,27.190881783729072
2018-05-24 10:30:00+10:00,30.702022856468503
2018-05-24 11:00:00+10:00,33.24633505495458
2018-05-24 11:30:00+10:00,34.803945320938354
2018-05-24 12:00:00+10:00,35.36587264077131
2018-05-24 12:30:00+10:00,34.92921992818992
2018-05-24 13:00:00+10:00,33.49608868997343
2018-05-24 13:30:00+10:00,31.074815052198613
2018-05-24 14:00:00+10:00,27.683296134168074
2018-05-24 14:30:00+10:00,23.357611765136188
2018-05-24 15:00:00+10:00,18.169205421238956
2018-05-24 15:30:00+10:00,12.269047506533882
2018-05-24 16:00:00+10:00,6.034874635657972
2018-05-24 16:30:00+10:00,0.7040695239751358
2018-05-24 17:00:00+10:00,0.0
2018-05-24 17:30:00+10:00,0.0
2018-05-24 18:00:00+10:00,0.0
2018-05-24 18:30:00+10:00,0.0
2018-05-24 19:00:00+10:00,0.0
2018-05-24 19:30:00+10:00,0.0
2018-05-24 20:00:00+10:00,0.0
2018-05-24 20:30:00+10:00,0.0
2018-05-24 21:00:00+10:00,0.0
2018-05-24 21:30:00+10:00,0.0
2018-05-24 22:00:00+10:00,0.0
2018-05-24 22:30:00+10:00,0.0
2018-05-24 23:00:00+10:00,0.0
2018-05-24 23:30:00+10:00,0.0
2018-05-25 00:00:00+10:00,0.0
2018-05-25 00:30:00+10:00,0.0
2018-05-25 01:00:00+10:00,0.0
2018-05-25 01:30:00+10:00,0.0
2018-05-25 02:00:00+10:00,0.0
2018-05-25 02:30:00+10:00,0.0
2018-05-25 03:00:00+10:00,0.0
2018-05-25 03:30:00+10:00,0.0
2018-05-25 04:00:00+10:00,0.0
2018-05-25 04:30:00+10:00,0.0
2018-05-25 05:00:00+10:00,0.0
2018-05-25 05:30:00+10:00,0.0
2018-05-25 06:00:00+10:00,0.0
2018-05-25 06:30:00+10:00,0.0
2018-05-25 07:00:00+10:00,0.0
2018-05-25 07:30:00+10:00,0.28311107006884656
2018-05-25 08:00:00+10:00,5.731527315587199
2018-05-25 08:30:00+10:00,12.544748451571522
2018-05-25 09:00:00+10:00,19.074396912106565
2018-05-25 09:30:00+10:00,24.84231309208441
2018-05-25 10:00:00+10:00,29.670536587366968
2018-05-25 10:30:00+10:00,33.480842417346544
2018-05-25 11:00:00+10:00,36.237215526546976
2018-05-25 11:30:00+10:00,37.92364695804837
2018-05-25 12:00:00+10:00,38.53370545966392
2018-05-25 12:30:00+10:00,38.06579434340453
2018-05-25 13:00:00+10:00,36.5211335273657
2018-05-25 13:30:00+10:00,33.905370620960625
2018-05-25 14:00:00+10:00,30.232561393442335
2018-05-25 14:30:00+10:00,25.535315512926182
2018-05-25 15:00:00+10:00,19.88400471513683
2018-05-25 15:30:00+10:00,13.437245367736761
2018-05-25 16:00:00+10:00,6.60852131931744
2018-05-25 16:30:00+10:00,0.7862614976130734
2018-05-25 17:00:00+10:00,0.0
2018-05-25 17:30:00+10:00,0.0
2018-05-25 18:00:00+10:00,0.0
2018-05-25 18:30:00+10:00,0.0
2018-05-25 19:00:00+10:00,0.0
2018-05-25 19:30:00+10:00,0.0
2018-05-25 20:00:00+10:00,0.0
2018-05-25 20:30:00+10:00,0.0
2018-05-25 21:00:00+10:00,0.0
2018-05-25 21:30:00+10:00,0.0
2018-05-25 22:00:00+10:00,0.0
2018-05-25 22:30:00+10:00,0.0
2018-05-25 23:00:00+10:00,0.0
2018-05-25 23:30:00+10:00,0.0
2018-05-26 00:00:00+10:00,0.0
2018-05-26 00:30:00+10:00,0.0
2018-05-26 01:00:00+10:00,0.0
2018-05-26 01:30:00+10:00,0.0
2018-05-26 02:00:00+10:00,0.0
2018-05-26 02:30:00+10:00,0.0
2018-05-26 03:00:00+10:00,0.0
2018-05-26 03:30:00+10:00,0.0
2018-05-26 04:00:00+10:00,0.0
2018-05-26 04:30:00+10:00,0.0
2018-05-26 05:00:00+10:00,0.0
2018-05-26 05:30:00+10:00,0.0
2018-05-26 06:00:00+10:00,0.0
2018-05-26 06:30:00+10:00,0.0
2018-05-26 07:00:00+10:00,0.0
2018-05-26 07:30:00+10:00,0.0749909263369773
2018-05-26 08:00:00+10:00,4.748868702474166
2018-05-26 08:30:00+10:00,10.70036715530251
2018-05-26 09:00:00+10:00,16.444645014959224
2018-05-26 09:30:00+10:00,21.545678282563756
2018-05-26 10:00:00+10:00,25.834847481840068
2018-05-26 10:30:00+10:00,29.232881657175096
2018-05-26 11:00:00+10:00,31.699021450915925
2018-05-26 11:30:00+10:00,33.212223278209194
2018-05-26 12:00:00+10:00,33.762468201486186
2018-05-26 12:30:00+10:00,33.34653998409331
2018-05-26 13:00:00+10:00,31.966787502146875
2018-05-26 13:30:00+10:00,29.632217119535255
2018-05-26 14:00:00+10:00,26.36191791972462
2018-05-26 14:30:00+10:00,22.193034447017627
2018-05-26 15:00:00+10:00,17.19764601088571
2018-05-26 15:30:00+10:00,11.526006876327719
2018-05-26 16:00:00+10:00,5.553859795058017
2018-05-26 16:30:00+10:00,0.521410273466837
2018-05-26 17:00:00+10:00,0.0
2018-05-26 17:30:00+10:00,0.0
2018-05-26 18:00:00+10:00,0.0
2018-05-26 18:30:00+10:00,0.0
2018-05-26 19:00:00+10:00,0.0
2018-05-26 19:30:00+10:00,0.0
2018-05-26 20:00:00+10:00,0.0
2018-05-26 20:30:00+10:00,0.0
2018-05-26 21:00:00+10:00,0.0
2018-05-26 21:30:00+10:00,0.0
2018-05-26 22:00:00+10:00,0.0
2018-05-26 22:30:00+10:00,0.0
2018-05-26 23:00:00+10:00,0.0
2018-05-26 23:30:00+10:00,0.0
2018-05-27 00:00:00+10:00,0.0
2018-05-27 00:30:00+10:00,0.0
2018-05-27 01:00:00+10:00,0.0
2018-05-27 01:30:00+10:00,0.0
2018-05-27 02:00:00+10:00,0.0
2018-05-27 02:30:00+10:00,0.0
2018-05-27 03:00:00+10:00,0.0
2018-05-27 03:30:00+10:00,0.0
2018-05-27 04:00:00+10:00,0.0
2018-05-27 04:30:00+10:00,0.0
2018-05-27 05:00:00+10:00,0.0
2018-05-27 05:30:00+10:00,0.0
2018-05-27 06:00:00+10:00,0.0
2018-05-27 06:30:00+10:00,0.0
2018-05-27 07:00:00+10:00,0.0
2018-05-27 07:30:00+10:00,0.012393229864458241
2018-05-27 08:00:00+10:00,4.63986005890546
2018-05-27 08:30:00+10:00,10.610550313487705
2018-05-27 09:00:00+10:00,16.385291264330025
2018-05-27 09:30:00+10:00,21.51579634307138
2018-05-27 10:00:00+10:00,25.83049278182523
2018-05-27 10:30:00+10:00,29.24922484583651
2018-05-27 11:00:00+10:00,31.731322842604975
2018-05-27 11:30:00+10:00,33.25562896166065
2018-05-27 12:00:00+10:00,33.81215543383949
2018-05-27 12:30:00+10:00,33.39792773035563
2018-05-27 13:00:00+10:00,32.01508692965984
2018-05-27 13:30:00+10:00,29.67248151434594
2018-05-27 14:00:00+10:00,26.389165489614637
2018-05-27 14:30:00+10:00,22.202129141736208
2018-05-27 15:00:00+10:00,17.183601849435533
2018-05-27 15:30:00+10:00,11.485531867070119
2018-05-27 16:00:00+10:00,5.4905048313727045
2018-05-27 16:30:00+10:00,0.47127090825047224
2018-05-27 17:00:00+10:00,0.0
2018-05-27 17:30:00+10:00,0.0
2018-05-27 18:00:00+10:00,0.0
2018-05-27 18:30:00+10:00,0.0
2018-05-27 19:00:00+10:00,0.0
2018-05-27 19:30:00+10:00,0.0
2018-05-27 20:00:00+10:00,0.0
2018-05-27 20:30:00+10:00,0.0
2018-05-27 21:00:00+10:00,0.0
2018-05-27 21:30:00+10:00,0.0
2018-05-27 22:00:00+10:00,0.0
2018-05-27 22:30:00+10:00,0.0
2018-05-27 23:00:00+10:00,0.0
2018-05-27 23:30:00+10:00,0.0
2018-05-28 00:00:00+10:00,0.0
2018-05-28 00:30:00+10:00,0.0
2018-05-28 01:00:00+10:00,0.0
2018-05-28 01:30:00+10:00,0.0
2018-05-28 02:00:00+10:00,0.0
2018-05-28 02:30:00+10:00,0.0
2018-05-28 03:00:00+10:00,0.0
2018-05-28 03:30:00+10:00,0.0
2018-05-28 04:00:00+10:00,0.0
2018-05-28 04:30:00+10:00,0.0
2018-05-28 05:00:00+10:00,0.0
2018-05-28 05:30:00+10:00,0.0
2018-05-28 06:00:00+10:00,0.0
2018-05-28 06:30:00+10:00,0.0
2018-05-28 07:00:00+10:00,0.0
2018-05-28 07:30:00+10:00,0.0
2018-05-28 08:00:00+10:00,4.252294843194687
2018-05-28 08:30:00+10:00,9.932371539265562
2018-05-28 09:00:00+10:00,15.447503291117803
2018-05-28 09:30:00+10:00,20.357815493480953
2018-05-28 10:00:00+10:00,24.49427039183084
2018-05-28 10:30:00+10:00,27.776630505876458
2018-05-28 11:00:00+10:00,30.162874234019004
2018-05-28 11:30:00+10:00,31.630801286984035
2018-05-28 12:00:00+10:00,32.16927825461985
2018-05-28 12:30:00+10:00,31.774971557280345
2018-05-28 13:00:00+10:00,30.450357607333657
2018-05-28 13:30:00+10:00,28.20502475634296
2018-05-28 14:00:00+10:00,25.0591677740369
2018-05-28 14:30:00+10:00,21.050848814975627
2018-05-28 15:00:00+10:00,16.25230938469292
2018-05-28 15:30:00+10:00,10.812620512069461
2018-05-28 16:00:00+10:00,5.103942639486668
2018-05-28 16:30:00+10:00,0.3619466637198602
2018-05-28 17:00:00+10:00,0.0
2018-05-28 17:30:00+10:00,0.0
2018-05-28 18:00:00+10:00,0.0
2018-05-28 18:30:00+10:00,0.0
2018-05-28 19:00:00+10:00,0.0
2018-05-28 19:30:00+10:00,0.0
2018-05-28 20:00:00+10:00,0.0
2018-05-28 20:30:00+10:00,0.0
2018-05-28 21:00:00+10:00,0.0
2018-05-28 21:30:00+10:00,0.0
2018-05-28 22:00:00+10:00,0.0
2018-05-28 22:30:00+10:00,0.0
2018-05-28 23:00:00+10:00,0.0
2018-05-28 23:30:00+10:00,0.0
2018-05-29 00:00:00+10:00,0.0
2018-05-29 00:30:00+10:00,0.0
2018-05-29 01:00:00+10:00,0.0
2018-05-29 01:30:00+10:00,0.0
2018-05-29 02:00:00+10:00,0.0
2018-05-29 02:30:00+10:00,0.0
2018-05-29 03:00:00+10:00,0.0
2018-05-29 03:30:00+10:00,0.0
2018-05-29 04:00:00+10:00,0.0
2018-05-29 04:30:00+10:00,0.0
2018-05-29 05:00:00+10:00,0.0
2018-05-29 05:30:00+10:00,0.0
2018-05-29 06:00:00+10:00,0.0
2018-05-29 06:30:00+10:00,0.0
2018-05-29 07:00:00+10:00,0.0
2018-05-29 07:30:00+10:00,0.0
2018-05-29 08:00:00+10:00,4.980403649769732
2018-05-29 08:30:00+10:00,11.599475507516377
2018-05-29 09:00:00+10:00,18.007462847490505
2018-05-29 09:30:00+10:00,23.689490410384145
2018-05-29 10:00:00+10:00,28.45752524620834
2018-05-29 10:30:00+10:00,32.22882238007293
2018-05-29 11:00:00+10:00,34.96411606037678
2018-05-29 11:30:00+10:00,36.64526994884794
2018-05-29 12:00:00+10:00,37.264265897913354
2018-05-29 12:30:00+10:00,36.819086986086944
2018-05-29 13:00:00+10:00,35.311038191362556
2018-05-29 13:30:00+10:00,32.747065099863335
2018-05-29 14:00:00+10:00,29.143100827066203
2018-05-29 14:30:00+10:00,24.533855112947343
2018-05-29 15:00:00+10:00,18.992365438227683
2018-05-29 15:30:00+10:00,12.681442144644963
2018-05-29 16:00:00+10:00,6.030019012883987
2018-05-29 16:30:00+10:00,0.5045756060160502
2018-05-29 17:00:00+10:00,0.0
2018-05-29 17:30:00+10:00,0.0
2018-05-29 18:00:00+10:00,0.0
2018-05-29 18:30:00+10:00,0.0
2018-05-29 19:00:00+10:00,0.0
2018-05-29 19:30:00+10:00,0.0
2018-05-29 20:00:00+10:00,0.0
2018-05-29 20:30:00+10:00,0.0
2018-05-29 21:00:00+10:00,0.0
2018-05-29 21:30:00+10:00,0.0
2018-05-29 22:00:00+10:00,0.0
2018-05-29 22:30:00+10:00,0.0
2018-05-29 23:00:00+10:00,0.0
2018-05-29 23:30:00+10:00,0.0
2018-05-30 00:00:00+10:00,0.0
2018-05-30 00:30:00+10:00,0.0
2018-05-30 01:00:00+10:00,0.0
2018-05-30 01:30:00+10:00,0.0
2018-05-30 02:00:00+10:00,0.0
2018-05-30 02:30:00+10:00,0.0
2018-05-30 03:00:00+10:00,0.0
2018-05-30 03:30:00+10:00,0.0
2018-05-30 04:00:00+10:00,0.0
2018-05-30 04:30:00+10:00,0.0
2018-05-30 05:00:00+10:00,0.0
2018-05-30 05:30:00+10:00,0.0
2018-05-30 06:00:00+10:00,0.0
2018-05-30 06:30:00+10:00,0.0
2018-05-30 07:00:00+10:00,0.0
2018-05-30 07:30:00+10:00,0.0
2018-05-30 08:00:00+10:00,4.810206834874667
2018-05-30 08:30:00+10:00,11.382420561243611
2018-05-30 09:00:00+10:00,17.76108069700697
2018-05-30 09:30:00+10:00,23.42215864824355
2018-05-30 10:00:00+10:00,28.175210810779667
2018-05-30 10:30:00+10:00,31.936511925117973
2018-05-30 11:00:00+10:00,34.6664463630651
2018-05-30 11:30:00+10:00,36.34623800234525
2018-05-30 12:00:00+10:00,36.96783738962676
2018-05-30 12:30:00+10:00,36.52901269087694
2018-05-30 13:00:00+10:00,35.03134163556645
2018-05-30 13:30:00+10:00,32.48163822528004
2018-05-30 14:00:00+10:00,28.896198234520355
2018-05-30 14:30:00+10:00,24.310028252504416
2018-05-30 15:00:00+10:00,18.796401196515845
2018-05-30 15:30:00+10:00,12.51893193135406
2018-05-30 16:00:00+10:00,5.9092594948953625
2018-05-30 16:30:00+10:00,0.45010407506427186
2018-05-30 17:00:00+10:00,0.0
2018-05-30 17:30:00+10:00,0.0
2018-05-30 18:00:00+10:00,0.0
2018-05-30 18:30:00+10:00,0.0
2018-05-30 19:00:00+10:00,0.0
2018-05-30 19:30:00+10:00,0.0
2018-05-30 20:00:00+10:00,0.0
2018-05-30 20:30:00+10:00,0.0
2018-05-30 21:00:00+10:00,0.0
2018-05-30 21:30:00+10:00,0.0
2018-05-30 22:00:00+10:00,0.0
2018-05-30 22:30:00+10:00,0.0
2018-05-30 23:00:00+10:00,0.0
2018-05-30 23:30:00+10:00,0.0
2018-05-31 00:00:00+10:00,0.0
2018-05-31 00:30:00+10:00,0.0
2018-05-31 01:00:00+10:00,0.0
2018-05-31 01:30:00+10:00,0.0
2018-05-31 02:00:00+10:00,0.0
2018-05-31 02:30:00+10:00,0.0
2018-05-31 03:00:00+10:00,0.0
2018-05-31 03:30:00+10:00,0.0
2018-05-31 04:00:00+10:00,0.0
2018-05-31 04:30:00+10:00,0.0
2018-05-31 05:00:00+10:00,0.0
2018-05-31 05:30:00+10:00,0.0
2018-05-31 06:00:00+10:00,0.0
2018-05-31 06:30:00+10:00,0.0
2018-05-31 07:00:00+10:00,0.0
2018-05-31 07:30:00+10:00,0.0
2018-05-31 08:00:00+10:00,4.515649676453356
2018-05-31 08:30:00+10:00,10.89562746185322
2018-05-31 09:00:00+10:00,17.108616425185023
2018-05-31 09:30:00+10:00,22.631085571136513
2018-05-31 10:00:00+10:00,27.27290944703596
2018-05-31 10:30:00+10:00,30.949793900325833
2018-05-31 11:00:00+10:00,33.62131635147506
2018-05-31 11:30:00+10:00,35.267667951724434
2018-05-31 12:00:00+10:00,35.8802841641276
2018-05-31 12:30:00+10:00,35.45642297424019
2018-05-31 13:00:00+10:00,33.997888493016475
2018-05-31 13:30:00+10:00,31.512185640139062
2018-05-31 14:00:00+10:00,28.01631265343548
2018-05-31 14:30:00+10:00,23.545940277327553
2018-05-31 15:00:00+10:00,18.174528958548013
2018-05-31 15:30:00+10:00,12.064185244806007
2018-05-31 16:00:00+10:00,5.641487353929951
2018-05-31 16:30:00+10:00,0.37213534855147284
2018-05-31 17:00:00+10:00,0.0
2018-05-31 17:30:00+10:00,0.0
2018-05-31 18:00:00+10:00,0.0
2018-05-31 18:30:00+10:00,0.0
2018-05-31 19:00:00+10:00,0.0
2018-05-31 19:30:00+10:00,0.0
2018-05-31 20:00:00+10:00,0.0
2018-05-31 20:30:00+10:00,0.0
2018-05-31 21:00:00+10:00,0.0
2018-05-31 21:30:00+10:00,0.0
2018-05-31 22:00:00+10:00,0.0
2018-05-31 22:30:00+10:00,0.0
2018-05-31 23:00:00+10:00,0.0
2018-05-31 23:30:00+10:00,0.0
2018-06-01 00:00:00+10:00,0.0
2018-06-01 00:30:00+10:00,0.0
2018-06-01 01:00:00+10:00,0.0
2018-06-01 01:30:00+10:00,0.0
2018-06-01 02:00:00+10:00,0.0
2018-06-01 02:30:00+10:00,0.0
2018-06-01 03:00:00+10:00,0.0
2018-06-01 03:30:00+10:00,0.0
2018-06-01 04:00:00+10:00,0.0
2018-06-01 04:30:00+10:00,0.0
2018-06-01 05:00:00+10:00,0.0
2018-06-01 05:30:00+10:00,0.0
2018-06-01 06:00:00+10:00,0.0
2018-06-01 06:30:00+10:00,0.0
2018-06-01 07:00:00+10:00,0.0
2018-06-01 07:30:00+10:00,0.0
2018-06-01 08:00:00+10:00,3.484954550255479
2018-06-01 08:30:00+10:00,8.769826564403063
2018-06-01 09:00:00+10:00,13.960815961680586
2018-06-01 09:30:00+10:00,18.605503286937346
2018-06-01 10:00:00+10:00,22.532079308609486
2018-06-01 10:30:00+10:00,25.65799601991847
2018-06-01 11:00:00+10:00,27.9387360771787
2018-06-01 11:30:00+10:00,29.349651245439983
2018-06-01 12:00:00+10:00,29.878093803377766
2018-06-01 12:30:00+10:00,29.519773719289976
2018-06-01 13:00:00+10:00,28.2775718826797
2018-06-01 13:30:00+10:00,26.1623896753357
2018-06-01 14:00:00+10:00,23.196072309911596
2018-06-01 14:30:00+10:00,19.418419445720666
2018-06-01 15:00:00+10:00,14.902345967477679
2018-06-01 15:30:00+10:00,9.794992734207296
2018-06-01 16:00:00+10:00,4.462872566794653
2018-06-01 16:30:00+10:00,0.13742847596371421
2018-06-01 17:00:00+10:00,0.0
2018-06-01 17:30:00+10:00,0.0
2018-06-01 18:00:00+10:00,0.0
2018-06-01 18:30:00+10:00,0.0
2018-06-01 19:00:00+10:00,0.0
2018-06-01 19:30:00+10:00,0.0
2018-06-01 20:00:00+10:00,0.0
2018-06-01 20:30:00+10:00,0.0
2018-06-01 21:00:00+10:00,0.0
2018-06-01 21:30:00+10:00,0.0
2018-06-01 22:00:00+10:00,0.0
2018-06-01 22:30:00+10:00,0.0
2018-06-01 23:00:00+10:00,0.0
2018-06-01 23:30:00+10:00,0.0
2018-06-02 00:00:00+10:00,0.0
2018-06-02 00:30:00+10:00,0.0
2018-06-02 01:00:00+10:00,0.0
2018-06-02 01:30:00+10:00,0.0
2018-06-02 02:00:00+10:00,0.0
2018-06-02 02:30:00+10:00,0.0
2018-06-02 03:00:00+10:00,0.0
2018-06-02 03:30:00+10:00,0.0
2018-06-02 04:00:00+10:00,0.0
2018-06-02 04:30:00+10:00,0.0
2018-06-02 05:00:00+10:00,0.0
2018-06-02 05:30:00+10:00,0.0
2018-06-02 06:00:00+10:00,0.0
2018-06-02 06:30:00+10:00,0.0
2018-06-02 07:00:00+10:00,0.0
2018-06-02 07:30:00+10:00,0.0
2018-06-02 08:00:00+10:00,4.264800414689116
2018-06-02 08:30:00+10:00,10.618317702219471
2018-06-02 09:00:00+10:00,16.836231211622138
2018-06-02 09:30:00+10:00,22.372297119447364
2018-06-02 10:00:00+10:00,27.03058670782445
2018-06-02 10:30:00+10:00,30.724466241218774
2018-06-02 11:00:00+10:00,33.411995394634395
2018-06-02 11:30:00+10:00,35.072710609854276
2018-06-02 12:00:00+10:00,35.697235629507
2018-06-02 12:30:00+10:00,35.28297551824496
2018-06-02 13:00:00+10:00,33.831680594499794
2018-06-02 13:30:00+10:00,31.35101397334476
2018-06-02 14:00:00+10:00,27.85859565071612
2018-06-02 14:30:00+10:00,23.390780175045492
2018-06-02 15:00:00+10:00,18.022046996060155
2018-06-02 15:30:00+10:00,11.916387483170695
2018-06-02 16:00:00+10:00,5.507355107175267
2018-06-02 16:30:00+10:00,0.29772353443755295
2018-06-02 17:00:00+10:00,0.0
2018-06-02 17:30:00+10:00,0.0
2018-06-02 18:00:00+10:00,0.0
2018-06-02 18:30:00+10:00,0.0
2018-06-02 19:00:00+10:00,0.0
2018-06-02 19:30:00+10:00,0.0
2018-06-02 20:00:00+10:00,0.0
2018-06-02 20:30:00+10:00,0.0
2018-06-02 21:00:00+10:00,0.0
2018-06-02 21:30:00+10:00,0.0
2018-06-02 22:00:00+10:00,0.0
2018-06-02 22:30:00+10:00,0.0
2018-06-02 23:00:00+10:00,0.0
2018-06-02 23:30:00+10:00,0.0
2018-06-03 00:00:00+10:00,0.0
2018-06-03 00:30:00+10:00,0.0
2018-06-03 01:00:00+10:00,0.0
2018-06-03 01:30:00+10:00,0.0
2018-06-03 02:00:00+10:00,0.0
2018-06-03 02:30:00+10:00,0.0
2018-06-03 03:00:00+10:00,0.0
2018-06-03 03:30:00+10:00,0.0
2018-06-03 04:00:00+10:00,0.0
2018-06-03 04:30:00+10:00,0.0
2018-06-03 05:00:00+10:00,0.0
2018-06-03 05:30:00+10:00,0.0
2018-06-03 06:00:00+10:00,0.0
2018-06-03 06:30:00+10:00,0.0
2018-06-03 07:00:00+10:00,0.0
2018-06-03 07:30:00+10:00,0.0
2018-06-03 08:00:00+10:00,3.8665766233135592
2018-06-03 08:30:00+10:00,9.865075388862426
2018-06-03 09:00:00+10:00,15.761479748351338
2018-06-03 09:30:00+10:00,21.024814770032883
2018-06-03 10:00:00+10:00,25.462758237610693
2018-06-03 10:30:00+10:00,28.988440152817653
2018-06-03 11:00:00+10:00,31.558113679434292
2018-06-03 11:30:00+10:00,33.1494067342949
2018-06-03 12:00:00+10:00,33.7516552706471
2018-06-03 12:30:00+10:00,33.361340220095265
2018-06-03 13:00:00+10:00,31.980671807022937
2018-06-03 13:30:00+10:00,29.618667703507768
2018-06-03 14:00:00+10:00,26.294639400724417
2018-06-03 14:30:00+10:00,22.046512398072867
2018-06-03 15:00:00+10:00,16.948874184384547
2018-06-03 15:30:00+10:00,11.161797296096596
2018-06-03 16:00:00+10:00,5.102203673849375
2018-06-03 16:30:00+10:00,0.20754895677522067
2018-06-03 17:00:00+10:00,0.0
2018-06-03 17:30:00+10:00,0.0
2018-06-03 18:00:00+10:00,0.0
2018-06-03 18:30:00+10:00,0.0
2018-06-03 19:00:00+10:00,0.0
2018-06-03 19:30:00+10:00,0.0
2018-06-03 20:00:00+10:00,0.0
2018-06-03 20:30:00+10:00,0.0
2018-06-03 21:00:00+10:00,0.0
2018-06-03 21:30:00+10:00,0.0
2018-06-03 22:00:00+10:00,0.0
2018-06-03 22:30:00+10:00,0.0
2018-06-03 23:00:00+10:00,0.0
2018-06-03 23:30:00+10:00,0.0
2018-06-04 00:00:00+10:00,0.0
2018-06-04 00:30:00+10:00,0.0
2018-06-04 01:00:00+10:00,0.0
2018-06-04 01:30:00+10:00,0.0
2018-06-04 02:00:00+10:00,0.0
2018-06-04 02:30:00+10:00,0.0
2018-06-04 03:00:00+10:00,0.0
2018-06-04 03:30:00+10:00,0.0
2018-06-04 04:00:00+10:00,0.0
2018-06-04 04:30:00+10:00,0.0
2018-06-04 05:00:00+10:00,0.0
2018-06-04 05:30:00+10:00,0.0
2018-06-04 06:00:00+10:00,0.0
2018-06-04 06:30:00+10:00,0.0
2018-06-04 07:00:00+10:00,0.0
2018-06-04 07:30:00+10:00,0.0
2018-06-04 08:00:00+10:00,3.962894856673923
2018-06-04 08:30:00+10:00,10.207722619146699
2018-06-04 09:00:00+10:00,16.351791551597376
2018-06-04 09:30:00+10:00,21.832393037622996
2018-06-04 10:00:00+10:00,26.449617967346956
2018-06-04 10:30:00+10:00,30.115264333804596
2018-06-04 11:00:00+10:00,32.786328341082765
2018-06-04 11:30:00+10:00,34.441753482879044
2018-06-04 12:00:00+10:00,35.0716432907757
2018-06-04 12:30:00+10:00,34.672967458371744
2018-06-04 13:00:00+10:00,33.24766227444501
2018-06-04 13:30:00+10:00,30.80381542484001
2018-06-04 14:00:00+10:00,27.35929702764682
2018-06-04 14:30:00+10:00,22.95085479559842
2018-06-04 15:00:00+10:00,17.653164036381238
2018-06-04 15:30:00+10:00,11.630362545087044
2018-06-04 16:00:00+10:00,5.316774337711115
2018-06-04 16:30:00+10:00,0.22727365345174172
2018-06-04 17:00:00+10:00,0.0
2018-06-04 17:30:00+10:00,0.0
2018-06-04 18:00:00+10:00,0.0
2018-06-04 18:30:00+10:00,0.0
2018-06-04 19:00:00+10:00,0.0
2018-06-04 19:30:00+10:00,0.0
2018-06-04 20:00:00+10:00,0.0
2018-06-04 20:30:00+10:00,0.0
2018-06-04 21:00:00+10:00,0.0
2018-06-04 21:30:00+10:00,0.0
2018-06-04 22:00:00+10:00,0.0
2018-06-04 22:30:00+10:00,0.0
2018-06-04 23:00:00+10:00,0.0
2018-06-04 23:30:00+10:00,0.0
2018-06-05 00:00:00+10:00,0.0
2018-06-05 00:30:00+10:00,0.0
2018-06-05 01:00:00+10:00,0.0
2018-06-05 01:30:00+10:00,0.0
2018-06-05 02:00:00+10:00,0.0
2018-06-05 02:30:00+10:00,0.0
2018-06-05 03:00:00+10:00,0.0
2018-06-05 03:30:00+10:00,0.0
2018-06-05 04:00:00+10:00,0.0
2018-06-05 04:30:00+10:00,0.0
2018-06-05 05:00:00+10:00,0.0
2018-06-05 05:30:00+10:00,0.0
2018-06-05 06:00:00+10:00,0.0
2018-06-05 06:30:00+10:00,0.0
2018-06-05 07:00:00+10:00,0.0
2018-06-05 07:30:00+10:00,0.0
2018-06-05 08:00:00+10:00,3.6845495964741786
2018-06-05 08:30:00+10:00,9.696188793117123
2018-06-05 09:00:00+10:00,15.632627073085168
2018-06-05 09:30:00+10:00,20.937603896992254
2018-06-05 10:00:00+10:00,25.413033478773663
2018-06-05 10:30:00+10:00,28.970524096509354
2018-06-05 11:00:00+10:00,31.566193658237037
2018-06-05 11:30:00+10:00,33.17787368656283
2018-06-05 12:00:00+10:00,33.79489733887477
2018-06-05 12:30:00+10:00,33.41389830867102
2018-06-05 13:00:00+10:00,32.036984033333624
2018-06-05 13:30:00+10:00,29.672816455301266
2018-06-05 14:00:00+10:00,26.340134378291957
2018-06-05 14:30:00+10:00,22.076460187873607
2018-06-05 15:00:00+10:00,16.956216451253283
2018-06-05 15:30:00+10:00,11.140369176999547
2018-06-05 16:00:00+10:00,5.053239559514454
2018-06-05 16:30:00+10:00,0.16964880909768046
2018-06-05 17:00:00+10:00,0.0
2018-06-05 17:30:00+10:00,0.0
2018-06-05 18:00:00+10:00,0.0
2018-06-05 18:30:00+10:00,0.0
2018-06-05 19:00:00+10:00,0.0
2018-06-05 19:30:00+10:00,0.0
2018-06-05 20:00:00+10:00,0.0
2018-06-05 20:30:00+10:00,0.0
2018-06-05 21:00:00+10:00,0.0
2018-06-05 21:30:00+10:00,0.0
2018-06-05 22:00:00+10:00,0.0
2018-06-05 22:30:00+10:00,0.0
2018-06-05 23:00:00+10:00,0.0
2018-06-05 23:30:00+10:00,0.0
2018-06-06 00:00:00+10:00,0.0
2018-06-06 00:30:00+10:00,0.0
2018-06-06 01:00:00+10:00,0.0
2018-06-06 01:30:00+10:00,0.0
2018-06-06 02:00:00+10:00,0.0
2018-06-06 02:30:00+10:00,0.0
2018-06-06 03:00:00+10:00,0.0
2018-06-06 03:30:00+10:00,0.0
2018-06-06 04:00:00+10:00,0.0
2018-06-06 04:30:00+10:00,0.0
2018-06-06 05:00:00+10:00,0.0
2018-06-06 05:30:00+10:00,0.0
2018-06-06 06:00:00+10:00,0.0
2018-06-06 06:30:00+10:00,0.0
2018-06-06 07:00:00+10:00,0.0
2018-06-06 07:30:00+10:00,0.0
2018-06-06 08:00:00+10:00,4.0272411257887475
2018-06-06 08:30:00+10:00,10.615106560126247
2018-06-06 09:00:00+10:00,17.114464730398176
2018-06-06 09:30:00+10:00,22.90793489580852
2018-06-06 10:00:00+10:00,27.78335026662028
2018-06-06 10:30:00+10:00,31.65081280196627
2018-06-06 11:00:00+10:00,34.468941439846176
2018-06-06 11:30:00+10:00,36.21876529072436
2018-06-06 12:00:00+10:00,36.8923576304465
2018-06-06 12:30:00+10:00,36.48709882356206
2018-06-06 13:00:00+10:00,35.004475920250634
2018-06-06 13:30:00+10:00,32.45091778627774
2018-06-06 14:00:00+10:00,28.84190129351619
2018-06-06 14:30:00+10:00,24.211664464036687
2018-06-06 15:00:00+10:00,18.634027179677034
2018-06-06 15:30:00+10:00,12.278020030008785
2018-06-06 16:00:00+10:00,5.6045743494331495
2018-06-06 16:30:00+10:00,0.2464092702731335
2018-06-06 17:00:00+10:00,0.0
2018-06-06 17:30:00+10:00,0.0
2018-06-06 18:00:00+10:00,0.0
2018-06-06 18:30:00+10:00,0.0
2018-06-06 19:00:00+10:00,0.0
2018-06-06 19:30:00+10:00,0.0
2018-06-06 20:00:00+10:00,0.0
2018-06-06 20:30:00+10:00,0.0
2018-06-06 21:00:00+10:00,0.0
2018-06-06 21:30:00+10:00,0.0
2018-06-06 22:00:00+10:00,0.0
2018-06-06 22:30:00+10:00,0.0
2018-06-06 23:00:00+10:00,0.0
2018-06-06 23:30:00+10:00,0.0
2018-06-07 00:00:00+10:00,0.0
2018-06-07 00:30:00+10:00,0.0
2018-06-07 01:00:00+10:00,0.0
2018-06-07 01:30:00+10:00,0.0
2018-06-07 02:00:00+10:00,0.0
2018-06-07 02:30:00+10:00,0.0
2018-06-07 03:00:00+10:00,0.0
2018-06-07 03:30:00+10:00,0.0
2018-06-07 04:00:00+10:00,0.0
2018-06-07 04:30:00+10:00,0.0
2018-06-07 05:00:00+10:00,0.0
2018-06-07 05:30:00+10:00,0.0
2018-06-07 06:00:00+10:00,0.0
2018-06-07 06:30:00+10:00,0.0
2018-06-07 07:00:00+10:00,0.0
2018-06-07 07:30:00+10:00,0.0
2018-06-07 08:00:00+10:00,3.4058744370635754
2018-06-07 08:30:00+10:00,9.285183233854562
2018-06-07 09:00:00+10:00,15.123009011219393
2018-06-07 09:30:00+10:00,20.35016219523578
2018-06-07 10:00:00+10:00,24.76573150006336
2018-06-07 10:30:00+10:00,28.280319450998213
2018-06-07 11:00:00+10:00,30.849071982921426
2018-06-07 11:30:00+10:00,32.44903624547232
2018-06-07 12:00:00+10:00,33.06919924933691
2018-06-07 12:30:00+10:00,32.705781111027676
2018-06-07 13:00:00+10:00,31.361160547380663
2018-06-07 13:30:00+10:00,29.043956422125195
2018-06-07 14:00:00+10:00,25.773441409592508
2018-06-07 14:30:00+10:00,21.587261472146693
2018-06-07 15:00:00+10:00,16.559719813104444
2018-06-07 15:30:00+10:00,10.850518878376795
2018-06-07 16:00:00+10:00,4.880564351894162
2018-06-07 16:30:00+10:00,0.11899892673301628
2018-06-07 17:00:00+10:00,0.0
2018-06-07 17:30:00+10:00,0.0
2018-06-07 18:00:00+10:00,0.0
2018-06-07 18:30:00+10:00,0.0
2018-06-07 19:00:00+10:00,0.0
2018-06-07 19:30:00+10:00,0.0
2018-06-07 20:00:00+10:00,0.0
2018-06-07 20:30:00+10:00,0.0
2018-06-07 21:00:00+10:00,0.0
2018-06-07 21:30:00+10:00,0.0
2018-06-07 22:00:00+10:00,0.0
2018-06-07 22:30:00+10:00,0.0
2018-06-07 23:00:00+10:00,0.0
2018-06-07 23:30:00+10:00,0.0
2018-06-08 00:00:00+10:00,0.0
2018-06-08 00:30:00+10:00,0.0
2018-06-08 01:00:00+10:00,0.0
2018-06-08 01:30:00+10:00,0.0
2018-06-08 02:00:00+10:00,0.0
2018-06-08 02:30:00+10:00,0.0
2018-06-08 03:00:00+10:00,0.0
2018-06-08 03:30:00+10:00,0.0
2018-06-08 04:00:00+10:00,0.0
2018-06-08 04:30:00+10:00,0.0
2018-06-08 05:00:00+10:00,0.0
2018-06-08 05:30:00+10:00,0.0
2018-06-08 06:00:00+10:00,0.0
2018-06-08 06:30:00+10:00,0.0
2018-06-08 07:00:00+10:00,0.0
2018-06-08 07:30:00+10:00,0.0
2018-06-08 08:00:00+10:00,3.683369090554542
2018-06-08 08:30:00+10:00,10.063814131163
2018-06-08 09:00:00+10:00,16.395657297351214
2018-06-08 09:30:00+10:00,22.053540302812454
2018-06-08 10:00:00+10:00,26.823201071218854
2018-06-08 10:30:00+10:00,30.6132588246436
2018-06-08 11:00:00+10:00,33.38065303247462
2018-06-08 11:30:00+10:00,35.10478166224133
2018-06-08 12:00:00+10:00,35.77695231341573
2018-06-08 12:30:00+10:00,35.39399014864299
2018-06-08 13:00:00+10:00,33.95758759372766
2018-06-08 13:30:00+10:00,31.474858505380567
2018-06-08 14:00:00+10:00,27.962285847783463
2018-06-08 14:30:00+10:00,23.455132020309534
2018-06-08 15:00:00+10:00,18.027356171834835
2018-06-08 15:30:00+10:00,11.845887791823055
2018-06-08 16:00:00+10:00,5.36375692131082
2018-06-08 16:30:00+10:00,0.18658083555882915
2018-06-08 17:00:00+10:00,0.0
2018-06-08 17:30:00+10:00,0.0
2018-06-08 18:00:00+10:00,0.0
2018-06-08 18:30:00+10:00,0.0
2018-06-08 19:00:00+10:00,0.0
2018-06-08 19:30:00+10:00,0.0
2018-06-08 20:00:00+10:00,0.0
2018-06-08 20:30:00+10:00,0.0
2018-06-08 21:00:00+10:00,0.0
2018-06-08 21:30:00+10:00,0.0
2018-06-08 22:00:00+10:00,0.0
2018-06-08 22:30:00+10:00,0.0
2018-06-08 23:00:00+10:00,0.0
2018-06-08 23:30:00+10:00,0.0
2018-06-09 00:00:00+10:00,0.0
2018-06-09 00:30:00+10:00,0.0
2018-06-09 01:00:00+10:00,0.0
2018-06-09 01:30:00+10:00,0.0
2018-06-09 02:00:00+10:00,0.0
2018-06-09 02:30:00+10:00,0.0
2018-06-09 03:00:00+10:00,0.0
2018-06-09 03:30:00+10:00,0.0
2018-06-09 04:00:00+10:00,0.0
2018-06-09 04:30:00+10:00,0.0
2018-06-09 05:00:00+10:00,0.0
2018-06-09 05:30:00+10:00,0.0
2018-06-09 06:00:00+10:00,0.0
2018-06-09 06:30:00+10:00,0.0
2018-06-09 07:00:00+10:00,0.0
2018-06-09 07:30:00+10:00,0.0
2018-06-09 08:00:00+10:00,4.222080175238594
2018-06-09 08:30:00+10:00,11.482170600914388
2018-06-09 09:00:00+10:00,18.667287219735883
2018-06-09 09:30:00+10:00,25.061051365896166
2018-06-09 10:00:00+10:00,30.42963916453527
2018-06-09 10:30:00+10:00,34.68136901962045
2018-06-09 11:00:00+10:00,37.77855672869486
2018-06-09 11:30:00+10:00,39.70720831081088
2018-06-09 12:00:00+10:00,40.46277070634809
2018-06-09 12:30:00+10:00,40.04449630145476
2018-06-09 13:00:00+10:00,38.45278371702639
2018-06-09 13:30:00+10:00,35.69051206808292
2018-06-09 14:00:00+10:00,31.76836542735452
2018-06-09 14:30:00+10:00,26.714954884244396
2018-06-09 15:00:00+10:00,20.60148905695854
2018-06-09 15:30:00+10:00,13.604508241782653
2018-06-09 16:00:00+10:00,6.22952041695357
2018-06-09 16:30:00+10:00,0.3154415568493263
2018-06-09 17:00:00+10:00,0.0
2018-06-09 17:30:00+10:00,0.0
2018-06-09 18:00:00+10:00,0.0
2018-06-09 18:30:00+10:00,0.0
2018-06-09 19:00:00+10:00,0.0
2018-06-09 19:30:00+10:00,0.0
2018-06-09 20:00:00+10:00,0.0
2018-06-09 20:30:00+10:00,0.0
2018-06-09 21:00:00+10:00,0.0
2018-06-09 21:30:00+10:00,0.0
2018-06-09 22:00:00+10:00,0.0
2018-06-09 22:30:00+10:00,0.0
2018-06-09 23:00:00+10:00,0.0
2018-06-09 23:30:00+10:00,0.0
2018-06-10 00:00:00+10:00,0.0
2018-06-10 00:30:00+10:00,0.0
2018-06-10 01:00:00+10:00,0.0
2018-06-10 01:30:00+10:00,0.0
2018-06-10 02:00:00+10:00,0.0
2018-06-10 02:30:00+10:00,0.0
2018-06-10 03:00:00+10:00,0.0
2018-06-10 03:30:00+10:00,0.0
2018-06-10 04:00:00+10:00,0.0
2018-06-10 04:30:00+10:00,0.0
2018-06-10 05:00:00+10:00,0.0
2018-06-10 05:30:00+10:00,0.0
2018-06-10 06:00:00+10:00,0.0
2018-06-10 06:30:00+10:00,0.0
2018-06-10 07:00:00+10:00,0.0
2018-06-10 07:30:00+10:00,0.0
2018-06-10 08:00:00+10:00,4.167209958629052
2018-06-10 08:30:00+10:00,11.48276262375855
2018-06-10 09:00:00+10:00,18.736409533043968
2018-06-10 09:30:00+10:00,25.19268972496434
2018-06-10 10:00:00+10:00,30.613668025607478
2018-06-10 10:30:00+10:00,34.90717571009988
2018-06-10 11:00:00+10:00,38.03624519741445
2018-06-10 11:30:00+10:00,39.987185139847014
2018-06-10 12:00:00+10:00,40.75626788711148
2018-06-10 12:30:00+10:00,40.34287579344875
2018-06-10 13:00:00+10:00,38.7472489557176
2018-06-10 13:30:00+10:00,35.97188439858995
2018-06-10 14:00:00+10:00,32.026358783296814
2018-06-10 14:30:00+10:00,26.93866258341064
2018-06-10 15:00:00+10:00,20.77899507689318
2018-06-10 15:30:00+10:00,13.724047402659757
2018-06-10 16:00:00+10:00,6.28334442107846
2018-06-10 16:30:00+10:00,0.31898612833305645
2018-06-10 17:00:00+10:00,0.0
2018-06-10 17:30:00+10:00,0.0
2018-06-10 18:00:00+10:00,0.0
2018-06-10 18:30:00+10:00,0.0
2018-06-10 19:00:00+10:00,0.0
2018-06-10 19:30:00+10:00,0.0
2018-06-10 20:00:00+10:00,0.0
2018-06-10 20:30:00+10:00,0.0
2018-06-10 21:00:00+10:00,0.0
2018-06-10 21:30:00+10:00,0.0
2018-06-10 22:00:00+10:00,0.0
2018-06-10 22:30:00+10:00,0.0
2018-06-10 23:00:00+10:00,0.0
2018-06-10 23:30:00+10:00,0.0
2018-06-11 00:00:00+10:00,0.0
2018-06-11 00:30:00+10:00,0.0
2018-06-11 01:00:00+10:00,0.0
2018-06-11 01:30:00+10:00,0.0
2018-06-11 02:00:00+10:00,0.0
2018-06-11 02:30:00+10:00,0.0
2018-06-11 03:00:00+10:00,0.0
2018-06-11 03:30:00+10:00,0.0
2018-06-11 04:00:00+10:00,0.0
2018-06-11 04:30:00+10:00,0.0
2018-06-11 05:00:00+10:00,0.0
2018-06-11 05:30:00+10:00,0.0
2018-06-11 06:00:00+10:00,0.0
2018-06-11 06:30:00+10:00,0.0
2018-06-11 07:00:00+10:00,0.0
2018-06-11 07:30:00+10:00,0.0
2018-06-11 08:00:00+10:00,3.722008408792342
2018-06-11 08:30:00+10:00,10.513109149995634
2018-06-11 09:00:00+10:00,17.28122131791642
2018-06-11 09:30:00+10:00,23.326294742542185
2018-06-11 10:00:00+10:00,28.417399948314078
2018-06-11 10:30:00+10:00,32.4605855100709
2018-06-11 11:00:00+10:00,35.41460212574361
2018-06-11 11:30:00+10:00,37.2616073364232
2018-06-11 12:00:00+10:00,37.994647019584775
2018-06-11 12:30:00+10:00,37.611997420338454
2018-06-11 13:00:00+10:00,36.11445509950808
2018-06-11 13:30:00+10:00,33.50694366337251
2018-06-11 14:00:00+10:00,29.802997603028714
2018-06-11 14:30:00+10:00,25.03438343744942
2018-06-11 15:00:00+10:00,19.273456851149355
2018-06-11 15:30:00+10:00,12.691432513767792
2018-06-11 16:00:00+10:00,5.767931628038689
2018-06-11 16:30:00+10:00,0.23566783400338748
2018-06-11 17:00:00+10:00,0.0
2018-06-11 17:30:00+10:00,0.0
2018-06-11 18:00:00+10:00,0.0
2018-06-11 18:30:00+10:00,0.0
2018-06-11 19:00:00+10:00,0.0
2018-06-11 19:30:00+10:00,0.0
2018-06-11 20:00:00+10:00,0.0
2018-06-11 20:30:00+10:00,0.0
2018-06-11 21:00:00+10:00,0.0
2018-06-11 21:30:00+10:00,0.0
2018-06-11 22:00:00+10:00,0.0
2018-06-11 22:30:00+10:00,0.0
2018-06-11 23:00:00+10:00,0.0
2018-06-11 23:30:00+10:00,0.0
2018-06-12 00:00:00+10:00,0.0
2018-06-12 00:30:00+10:00,0.0
2018-06-12 01:00:00+10:00,0.0
2018-06-12 01:30:00+10:00,0.0
2018-06-12 02:00:00+10:00,0.0
2018-06-12 02:30:00+10:00,0.0
2018-06-12 03:00:00+10:00,0.0
2018-06-12 03:30:00+10:00,0.0
2018-06-12 04:00:00+10:00,0.0
2018-06-12 04:30:00+10:00,0.0
2018-06-12 05:00:00+10:00,0.0
2018-06-12 05:30:00+10:00,0.0
2018-06-12 06:00:00+10:00,0.0
2018-06-12 06:30:00+10:00,0.0
2018-06-12 07:00:00+10:00,0.0
2018-06-12 07:30:00+10:00,0.0
2018-06-12 08:00:00+10:00,2.320083623925689
2018-06-12 08:30:00+10:00,7.1368370177128675
2018-06-12 09:00:00+10:00,12.003741492274697
2018-06-12 09:30:00+10:00,16.400141701431608
2018-06-12 10:00:00+10:00,20.13958358478412
2018-06-12 10:30:00+10:00,23.135213622196584
2018-06-12 11:00:00+10:00,25.3398044885429
2018-06-12 11:30:00+10:00,26.726874609568863
2018-06-12 12:00:00+10:00,27.28241999027061
2018-06-12 12:30:00+10:00,27.00132623526274
2018-06-12 13:00:00+10:00,25.88616482278817
2018-06-12 13:30:00+10:00,23.947737312652112
2018-06-12 14:00:00+10:00,21.207966007183725
2018-06-12 14:30:00+10:00,17.705701368499525
2018-06-12 15:00:00+10:00,13.511560756400776
2018-06-12 15:30:00+10:00,8.767275030751936
2018-06-12 16:00:00+10:00,3.830670120802858
2018-06-12 16:30:00+10:00,0.0
2018-06-12 17:00:00+10:00,0.0
2018-06-12 17:30:00+10:00,0.0
2018-06-12 18:00:00+10:00,0.0
2018-06-12 18:30:00+10:00,0.0
2018-06-12 19:00:00+10:00,0.0
2018-06-12 19:30:00+10:00,0.0
2018-06-12 20:00:00+10:00,0.0
2018-06-12 20:30:00+10:00,0.0
2018-06-12 21:00:00+10:00,0.0
2018-06-12 21:30:00+10:00,0.0
2018-06-12 22:00:00+10:00,0.0
2018-06-12 22:30:00+10:00,0.0
2018-06-12 23:00:00+10:00,0.0
2018-06-12 23:30:00+10:00,0.0
2018-06-13 00:00:00+10:00,0.0
2018-06-13 00:30:00+10:00,0.0
2018-06-13 01:00:00+10:00,0.0
2018-06-13 01:30:00+10:00,0.0
2018-06-13 02:00:00+10:00,0.0
2018-06-13 02:30:00+10:00,0.0
2018-06-13 03:00:00+10:00,0.0
2018-06-13 03:30:00+10:00,0.0
2018-06-13 04:00:00+10:00,0.0
2018-06-13 04:30:00+10:00,0.0
2018-06-13 05:00:00+10:00,0.0
2018-06-13 05:30:00+10:00,0.0
2018-06-13 06:00:00+10:00,0.0
2018-06-13 06:30:00+10:00,0.0
2018-06-13 07:00:00+10:00,0.0
2018-06-13 07:30:00+10:00,0.0
2018-06-13 08:00:00+10:00,3.371426712366711
2018-06-13 08:30:00+10:00,9.870861946539698
2018-06-13 09:00:00+10:00,16.387430544697967
2018-06-13 09:30:00+10:00,22.224473304547278
2018-06-13 10:00:00+10:00,27.15146236473175
2018-06-13 10:30:00+10:00,31.072899768317765
2018-06-13 11:00:00+10:00,33.945153100493876
2018-06-13 11:30:00+10:00,35.74823411387001
2018-06-13 12:00:00+10:00,36.47329781428579
2018-06-13 12:30:00+10:00,36.118017329351915
2018-06-13 13:00:00+10:00,34.68348604861723
2018-06-13 13:30:00+10:00,32.175772851463606
2018-06-13 14:00:00+10:00,28.610168470409615
2018-06-13 14:30:00+10:00,24.020270718937724
2018-06-13 15:00:00+10:00,18.478642712645517
2018-06-13 15:30:00+10:00,12.152706088881157
2018-06-13 16:00:00+10:00,5.503974964181983
2018-06-13 16:30:00+10:00,0.194193565248769
2018-06-13 17:00:00+10:00,0.0
2018-06-13 17:30:00+10:00,0.0
2018-06-13 18:00:00+10:00,0.0
2018-06-13 18:30:00+10:00,0.0
2018-06-13 19:00:00+10:00,0.0
2018-06-13 19:30:00+10:00,0.0
2018-06-13 20:00:00+10:00,0.0
2018-06-13 20:30:00+10:00,0.0
2018-06-13 21:00:00+10:00,0.0
2018-06-13 21:30:00+10:00,0.0
2018-06-13 22:00:00+10:00,0.0
2018-06-13 22:30:00+10:00,0.0
2018-06-13 23:00:00+10:00,0.0
2018-06-13 23:30:00+10:00,0.0
2018-06-14 00:00:00+10:00,0.0
2018-06-14 00:30:00+10:00,0.0
2018-06-14 01:00:00+10:00,0.0
2018-06-14 01:30:00+10:00,0.0
2018-06-14 02:00:00+10:00,0.0
2018-06-14 02:30:00+10:00,0.0
2018-06-14 03:00:00+10:00,0.0
2018-06-14 03:30:00+10:00,0.0
2018-06-14 04:00:00+10:00,0.0
2018-06-14 04:30:00+10:00,0.0
2018-06-14 05:00:00+10:00,0.0
2018-06-14 05:30:00+10:00,0.0
2018-06-14 06:00:00+10:00,0.0
2018-06-14 06:30:00+10:00,0.0
2018-06-14 07:00:00+10:00,0.0
2018-06-14 07:30:00+10:00,0.0
2018-06-14 08:00:00+10:00,3.42887716426047
2018-06-14 08:30:00+10:00,10.121998965606032
2018-06-14 09:00:00+10:00,16.83881276687761
2018-06-14 09:30:00+10:00,22.851786170849266
2018-06-14 10:00:00+10:00,27.923870401744704
2018-06-14 10:30:00+10:00,31.958935676185618
2018-06-14 11:00:00+10:00,34.914381635849736
2018-06-14 11:30:00+10:00,36.771696953022456
2018-06-14 12:00:00+10:00,37.52325098408919
2018-06-14 12:30:00+10:00,37.16692048994882
2018-06-14 13:00:00+10:00,35.703655089441035
2018-06-14 13:30:00+10:00,33.1387079159792
2018-06-14 14:00:00+10:00,29.485715086899155
2018-06-14 14:30:00+10:00,24.77651433165661
2018-06-14 15:00:00+10:00,19.082655448858606
2018-06-14 15:30:00+10:00,12.572866671360778
2018-06-14 16:00:00+10:00,5.719351511563872
2018-06-14 16:30:00+10:00,0.23196587125161933
2018-06-14 17:00:00+10:00,0.0
2018-06-14 17:30:00+10:00,0.0
2018-06-14 18:00:00+10:00,0.0
2018-06-14 18:30:00+10:00,0.0
2018-06-14 19:00:00+10:00,0.0
2018-06-14 19:30:00+10:00,0.0
2018-06-14 20:00:00+10:00,0.0
2018-06-14 20:30:00+10:00,0.0
2018-06-14 21:00:00+10:00,0.0
2018-06-14 21:30:00+10:00,0.0
2018-06-14 22:00:00+10:00,0.0
2018-06-14 22:30:00+10:00,0.0
2018-06-14 23:00:00+10:00,0.0
2018-06-14 23:30:00+10:00,0.0
2018-06-15 00:00:00+10:00,0.0
2018-06-15 00:30:00+10:00,0.0
2018-06-15 01:00:00+10:00,0.0
2018-06-15 01:30:00+10:00,0.0
2018-06-15 02:00:00+10:00,0.0
2018-06-15 02:30:00+10:00,0.0
2018-06-15 03:00:00+10:00,0.0
2018-06-15 03:30:00+10:00,0.0
2018-06-15 04:00:00+10:00,0.0
2018-06-15 04:30:00+10:00,0.0
2018-06-15 05:00:00+10:00,0.0
2018-06-15 05:30:00+10:00,0.0
2018-06-15 06:00:00+10:00,0.0
2018-06-15 06:30:00+10:00,0.0
2018-06-15 07:00:00+10:00,0.0
2018-06-15 07:30:00+10:00,0.0
2018-06-15 08:00:00+10:00,3.050908535504813
2018-06-15 08:30:00+10:00,9.255484394845206
2018-06-15 09:00:00+10:00,15.511756888354716
2018-06-15 09:30:00+10:00,21.130380610227757
2018-06-15 10:00:00+10:00,25.882931066128755
2018-06-15 10:30:00+10:00,29.67329607052058
2018-06-15 11:00:00+10:00,32.45618199585111
2018-06-15 11:30:00+10:00,34.20989721975805
2018-06-15 12:00:00+10:00,34.92445502631032
2018-06-15 12:30:00+10:00,34.59683948215705
2018-06-15 13:00:00+10:00,33.228293794332004
2018-06-15 13:30:00+10:00,30.82591544228625
2018-06-15 14:00:00+10:00,27.406116118339153
2018-06-15 14:30:00+10:00,23.003398037709285
2018-06-15 15:00:00+10:00,17.68999355142237
2018-06-15 15:30:00+10:00,11.627921517741635
2018-06-15 16:00:00+10:00,5.259093313640445
2018-06-15 16:30:00+10:00,0.1659495461303187
2018-06-15 17:00:00+10:00,0.0
2018-06-15 17:30:00+10:00,0.0
2018-06-15 18:00:00+10:00,0.0
2018-06-15 18:30:00+10:00,0.0
2018-06-15 19:00:00+10:00,0.0
2018-06-15 19:30:00+10:00,0.0
2018-06-15 20:00:00+10:00,0.0
2018-06-15 20:30:00+10:00,0.0
2018-06-15 21:00:00+10:00,0.0
2018-06-15 21:30:00+10:00,0.0
2018-06-15 22:00:00+10:00,0.0
2018-06-15 22:30:00+10:00,0.0
2018-06-15 23:00:00+10:00,0.0
2018-06-15 23:30:00+10:00,0.0
2018-06-16 00:00:00+10:00,0.0
2018-06-16 00:30:00+10:00,0.0
2018-06-16 01:00:00+10:00,0.0
2018-06-16 01:30:00+10:00,0.0
2018-06-16 02:00:00+10:00,0.0
2018-06-16 02:30:00+10:00,0.0
2018-06-16 03:00:00+10:00,0.0
2018-06-16 03:30:00+10:00,0.0
2018-06-16 04:00:00+10:00,0.0
2018-06-16 04:30:00+10:00,0.0
2018-06-16 05:00:00+10:00,0.0
2018-06-16 05:30:00+10:00,0.0
2018-06-16 06:00:00+10:00,0.0
2018-06-16 06:30:00+10:00,0.0
2018-06-16 07:00:00+10:00,0.0
2018-06-16 07:30:00+10:00,0.0
2018-06-16 08:00:00+10:00,2.657521086022206
2018-06-16 08:30:00+10:00,8.316306748663536
2018-06-16 09:00:00+10:00,14.049548933074218
2018-06-16 09:30:00+10:00,19.216148323730298
2018-06-16 10:00:00+10:00,23.599474816976855
2018-06-16 10:30:00+10:00,27.104984165542607
2018-06-16 11:00:00+10:00,29.68540023048407
2018-06-16 11:30:00+10:00,31.316308765290657
2018-06-16 12:00:00+10:00,31.98555941449925
2018-06-16 12:30:00+10:00,31.6889625052184
2018-06-16 13:00:00+10:00,30.428268016758093
2018-06-16 13:30:00+10:00,28.212351911594087
2018-06-16 14:00:00+10:00,25.059928006578126
2018-06-16 14:30:00+10:00,21.0077476530109
2018-06-16 15:00:00+10:00,16.127315737711907
2018-06-16 15:30:00+10:00,10.572601229959101
2018-06-16 16:00:00+10:00,4.749202670717621
2018-06-16 16:30:00+10:00,0.09384638835502464
2018-06-16 17:00:00+10:00,0.0
2018-06-16 17:30:00+10:00,0.0
2018-06-16 18:00:00+10:00,0.0
2018-06-16 18:30:00+10:00,0.0
2018-06-16 19:00:00+10:00,0.0
2018-06-16 19:30:00+10:00,0.0
2018-06-16 20:00:00+10:00,0.0
2018-06-16 20:30:00+10:00,0.0
2018-06-16 21:00:00+10:00,0.0
2018-06-16 21:30:00+10:00,0.0
2018-06-16 22:00:00+10:00,0.0
2018-06-16 22:30:00+10:00,0.0
2018-06-16 23:00:00+10:00,0.0
2018-06-16 23:30:00+10:00,0.0
2018-06-17 00:00:00+10:00,0.0
2018-06-17 00:30:00+10:00,0.0
2018-06-17 01:00:00+10:00,0.0
2018-06-17 01:30:00+10:00,0.0
2018-06-17 02:00:00+10:00,0.0
2018-06-17 02:30:00+10:00,0.0
2018-06-17 03:00:00+10:00,0.0
2018-06-17 03:30:00+10:00,0.0
2018-06-17 04:00:00+10:00,0.0
2018-06-17 04:30:00+10:00,0.0
2018-06-17 05:00:00+10:00,0.0
2018-06-17 05:30:00+10:00,0.0
2018-06-17 06:00:00+10:00,0.0
2018-06-17 06:30:00+10:00,0.0
2018-06-17 07:00:00+10:00,0.0
2018-06-17 07:30:00+10:00,0.0
2018-06-17 08:00:00+10:00,2.272098404068746
2018-06-17 08:30:00+10:00,7.373616900053218
2018-06-17 09:00:00+10:00,12.566389003158848
2018-06-17 09:30:00+10:00,17.262074023985143
2018-06-17 10:00:00+10:00,21.258187797171438
2018-06-17 10:30:00+10:00,24.46296366762232
2018-06-17 11:00:00+10:00,26.828190339339564
2018-06-17 11:30:00+10:00,28.32741604638397
2018-06-17 12:00:00+10:00,28.946944004921686
2018-06-17 12:30:00+10:00,28.681644608212313
2018-06-17 13:00:00+10:00,27.53367174936741
2018-06-17 13:30:00+10:00,25.512981510915765
2018-06-17 14:00:00+10:00,22.640212548718313
2018-06-17 14:30:00+10:00,18.953184209693383
2018-06-17 15:00:00+10:00,14.522023205556753
2018-06-17 15:30:00+10:00,9.490461077007092
2018-06-17 16:00:00+10:00,4.227341408569663
2018-06-17 16:30:00+10:00,0.020083715337350143
2018-06-17 17:00:00+10:00,0.0
2018-06-17 17:30:00+10:00,0.0
2018-06-17 18:00:00+10:00,0.0
2018-06-17 18:30:00+10:00,0.0
2018-06-17 19:00:00+10:00,0.0
2018-06-17 19:30:00+10:00,0.0
2018-06-17 20:00:00+10:00,0.0
2018-06-17 20:30:00+10:00,0.0
2018-06-17 21:00:00+10:00,0.0
2018-06-17 21:30:00+10:00,0.0
2018-06-17 22:00:00+10:00,0.0
2018-06-17 22:30:00+10:00,0.0
2018-06-17 23:00:00+10:00,0.0
2018-06-17 23:30:00+10:00,0.0
2018-06-18 00:00:00+10:00,0.0
2018-06-18 00:30:00+10:00,0.0
2018-06-18 01:00:00+10:00,0.0
2018-06-18 01:30:00+10:00,0.0
2018-06-18 02:00:00+10:00,0.0
2018-06-18 02:30:00+10:00,0.0
2018-06-18 03:00:00+10:00,0.0
2018-06-18 03:30:00+10:00,0.0
2018-06-18 04:00:00+10:00,0.0
2018-06-18 04:30:00+10:00,0.0
2018-06-18 05:00:00+10:00,0.0
2018-06-18 05:30:00+10:00,0.0
2018-06-18 06:00:00+10:00,0.0
2018-06-18 06:30:00+10:00,0.0
2018-06-18 07:00:00+10:00,0.0
2018-06-18 07:30:00+10:00,0.0
2018-06-18 08:00:00+10:00,2.257833342202185
2018-06-18 08:30:00+10:00,7.399419612008641
2018-06-18 09:00:00+10:00,12.638785739718795
2018-06-18 09:30:00+10:00,17.377884181655627
2018-06-18 10:00:00+10:00,21.41196367874807
2018-06-18 10:30:00+10:00,24.648506790416963
2018-06-18 11:00:00+10:00,27.03890792068127
2018-06-18 11:30:00+10:00,28.5565676487781
2018-06-18 12:00:00+10:00,29.187599624320548
2018-06-18 12:30:00+10:00,28.92692661828503
2018-06-18 13:00:00+10:00,27.776601279022113
2018-06-18 13:30:00+10:00,25.74653237648411
2018-06-18 14:00:00+10:00,22.857289235145302
2018-06-18 14:30:00+10:00,19.14682911500762
2018-06-18 15:00:00+10:00,14.68490200014226
2018-06-18 15:30:00+10:00,9.615099423123008
2018-06-18 16:00:00+10:00,4.30509863609014
2018-06-18 16:30:00+10:00,0.041396735657226603
2018-06-18 17:00:00+10:00,0.0
2018-06-18 17:30:00+10:00,0.0
2018-06-18 18:00:00+10:00,0.0
2018-06-18 18:30:00+10:00,0.0
2018-06-18 19:00:00+10:00,0.0
2018-06-18 19:30:00+10:00,0.0
2018-06-18 20:00:00+10:00,0.0
2018-06-18 20:30:00+10:00,0.0
2018-06-18 21:00:00+10:00,0.0
2018-06-18 21:30:00+10:00,0.0
2018-06-18 22:00:00+10:00,0.0
2018-06-18 22:30:00+10:00,0.0
2018-06-18 23:00:00+10:00,0.0
2018-06-18 23:30:00+10:00,0.0
2018-06-19 00:00:00+10:00,0.0
2018-06-19 00:30:00+10:00,0.0
2018-06-19 01:00:00+10:00,0.0
2018-06-19 01:30:00+10:00,0.0
2018-06-19 02:00:00+10:00,0.0
2018-06-19 02:30:00+10:00,0.0
2018-06-19 03:00:00+10:00,0.0
2018-06-19 03:30:00+10:00,0.0
2018-06-19 04:00:00+10:00,0.0
2018-06-19 04:30:00+10:00,0.0
2018-06-19 05:00:00+10:00,0.0
2018-06-19 05:30:00+10:00,0.0
2018-06-19 06:00:00+10:00,0.0
2018-06-19 06:30:00+10:00,0.0
2018-06-19 07:00:00+10:00,0.0
2018-06-19 07:30:00+10:00,0.0
2018-06-19 08:00:00+10:00,3.1665681184738927
2018-06-19 08:30:00+10:00,9.859964299495362
2018-06-19 09:00:00+10:00,16.627524262519206
2018-06-19 09:30:00+10:00,22.701041241313604
2018-06-19 10:00:00+10:00,27.83439828391183
2018-06-19 10:30:00+10:00,31.92846609524832
2018-06-19 11:00:00+10:00,34.93920420432616
2018-06-19 11:30:00+10:00,36.84685964990748
2018-06-19 12:00:00+10:00,37.6432791768522
2018-06-19 12:30:00+10:00,37.32605422382181
2018-06-19 13:00:00+10:00,35.89601316342993
2018-06-19 13:30:00+10:00,33.358417724776466
2018-06-19 14:00:00+10:00,29.726977108449404
2018-06-19 14:30:00+10:00,25.032956756189183
2018-06-19 15:00:00+10:00,19.346013250818945
2018-06-19 15:30:00+10:00,12.82909393165704
2018-06-19 16:00:00+10:00,5.936276951998005
2018-06-19 16:30:00+10:00,0.3220341923917674
2018-06-19 17:00:00+10:00,0.0
2018-06-19 17:30:00+10:00,0.0
2018-06-19 18:00:00+10:00,0.0
2018-06-19 18:30:00+10:00,0.0
2018-06-19 19:00:00+10:00,0.0
2018-06-19 19:30:00+10:00,0.0
2018-06-19 20:00:00+10:00,0.0
2018-06-19 20:30:00+10:00,0.0
2018-06-19 21:00:00+10:00,0.0
2018-06-19 21:30:00+10:00,0.0
2018-06-19 22:00:00+10:00,0.0
2018-06-19 22:30:00+10:00,0.0
2018-06-19 23:00:00+10:00,0.0
2018-06-19 23:30:00+10:00,0.0
2018-06-20 00:00:00+10:00,0.0
2018-06-20 00:30:00+10:00,0.0
2018-06-20 01:00:00+10:00,0.0
2018-06-20 01:30:00+10:00,0.0
2018-06-20 02:00:00+10:00,0.0
2018-06-20 02:30:00+10:00,0.0
2018-06-20 03:00:00+10:00,0.0
2018-06-20 03:30:00+10:00,0.0
2018-06-20 04:00:00+10:00,0.0
2018-06-20 04:30:00+10:00,0.0
2018-06-20 05:00:00+10:00,0.0
2018-06-20 05:30:00+10:00,0.0
2018-06-20 06:00:00+10:00,0.0
2018-06-20 06:30:00+10:00,0.0
2018-06-20 07:00:00+10:00,0.0
2018-06-20 07:30:00+10:00,0.0
2018-06-20 08:00:00+10:00,2.910706142299561
2018-06-20 08:30:00+10:00,9.238437317882175
2018-06-20 09:00:00+10:00,15.656028664978797
2018-06-20 09:30:00+10:00,21.42824665335101
2018-06-20 10:00:00+10:00,26.31660479673271
2018-06-20 10:30:00+10:00,30.222594258910167
2018-06-20 11:00:00+10:00,33.10046046633502
2018-06-20 11:30:00+10:00,34.92817335620392
2018-06-20 12:00:00+10:00,35.69618847353372
2018-06-20 12:30:00+10:00,35.401276443325116
2018-06-20 13:00:00+10:00,34.044478039954775
2018-06-20 13:30:00+10:00,31.632176142940526
2018-06-20 14:00:00+10:00,28.179962908740052
2018-06-20 14:30:00+10:00,23.72077227554624
2018-06-20 15:00:00+10:00,18.32417898815861
2018-06-20 15:30:00+10:00,12.147448732299868
2018-06-20 16:00:00+10:00,5.619193991382066
2018-06-20 16:30:00+10:00,0.288678084403663
2018-06-20 17:00:00+10:00,0.0
2018-06-20 17:30:00+10:00,0.0
2018-06-20 18:00:00+10:00,0.0
2018-06-20 18:30:00+10:00,0.0
2018-06-20 19:00:00+10:00,0.0
2018-06-20 19:30:00+10:00,0.0
2018-06-20 20:00:00+10:00,0.0
2018-06-20 20:30:00+10:00,0.0
2018-06-20 21:00:00+10:00,0.0
2018-06-20 21:30:00+10:00,0.0
2018-06-20 22:00:00+10:00,0.0
2018-06-20 22:30:00+10:00,0.0
2018-06-20 23:00:00+10:00,0.0
2018-06-20 23:30:00+10:00,0.0
2018-06-21 00:00:00+10:00,0.0
2018-06-21 00:30:00+10:00,0.0
2018-06-21 01:00:00+10:00,0.0
2018-06-21 01:30:00+10:00,0.0
2018-06-21 02:00:00+10:00,0.0
2018-06-21 02:30:00+10:00,0.0
2018-06-21 03:00:00+10:00,0.0
2018-06-21 03:30:00+10:00,0.0
2018-06-21 04:00:00+10:00,0.0
2018-06-21 04:30:00+10:00,0.0
2018-06-21 05:00:00+10:00,0.0
2018-06-21 05:30:00+10:00,0.0
2018-06-21 06:00:00+10:00,0.0
2018-06-21 06:30:00+10:00,0.0
2018-06-21 07:00:00+10:00,0.0
2018-06-21 07:30:00+10:00,0.0
2018-06-21 08:00:00+10:00,3.238481497096267
2018-06-21 08:30:00+10:00,10.162782892321047
2018-06-21 09:00:00+10:00,17.167325075445994
2018-06-21 09:30:00+10:00,23.44871603906473
2018-06-21 10:00:00+10:00,28.754185833907336
2018-06-21 10:30:00+10:00,32.98450327215996
2018-06-21 11:00:00+10:00,36.096999608631975
2018-06-21 11:30:00+10:00,38.07402364738553
2018-06-21 12:00:00+10:00,38.90902753430463
2018-06-21 12:30:00+10:00,38.60015281366631
2018-06-21 13:00:00+10:00,37.147908773578294
2018-06-21 13:30:00+10:00,34.55619895518202
2018-06-21 14:00:00+10:00,30.836559312885566
2018-06-21 14:30:00+10:00,26.017682592260964
2018-06-21 15:00:00+10:00,20.16655850808655
2018-06-21 15:30:00+10:00,13.44453549858991
2018-06-21 16:00:00+10:00,6.307140572299233
2018-06-21 16:30:00+10:00,0.4277224786350434
2018-06-21 17:00:00+10:00,0.0
2018-06-21 17:30:00+10:00,0.0
2018-06-21 18:00:00+10:00,0.0
2018-06-21 18:30:00+10:00,0.0
2018-06-21 19:00:00+10:00,0.0
2018-06-21 19:30:00+10:00,0.0
2018-06-21 20:00:00+10:00,0.0
2018-06-21 20:30:00+10:00,0.0
2018-06-21 21:00:00+10:00,0.0
2018-06-21 21:30:00+10:00,0.0
2018-06-21 22:00:00+10:00,0.0
2018-06-21 22:30:00+10:00,0.0
2018-06-21 23:00:00+10:00,0.0
2018-06-21 23:30:00+10:00,0.0
2018-06-22 00:00:00+10:00,0.0
2018-06-22 00:30:00+10:00,0.0
2018-06-22 01:00:00+10:00,0.0
2018-06-22 01:30:00+10:00,0.0
2018-06-22 02:00:00+10:00,0.0
2018-06-22 02:30:00+10:00,0.0
2018-06-22 03:00:00+10:00,0.0
2018-06-22 03:30:00+10:00,0.0
2018-06-22 04:00:00+10:00,0.0
2018-06-22 04:30:00+10:00,0.0
2018-06-22 05:00:00+10:00,0.0
2018-06-22 05:30:00+10:00,0.0
2018-06-22 06:00:00+10:00,0.0
2018-06-22 06:30:00+10:00,0.0
2018-06-22 07:00:00+10:00,0.0
2018-06-22 07:30:00+10:00,0.0
2018-06-22 08:00:00+10:00,2.926813310853662
2018-06-22 08:30:00+10:00,9.375807277003345
2018-06-22 09:00:00+10:00,15.922521759772476
2018-06-22 09:30:00+10:00,21.809854336198022
2018-06-22 10:00:00+10:00,26.795535551823633
2018-06-22 10:30:00+10:00,30.780501246717662
2018-06-22 11:00:00+10:00,33.719471955696704
2018-06-22 11:30:00+10:00,35.591329560274765
2018-06-22 12:00:00+10:00,36.38706643088426
2018-06-22 12:30:00+10:00,36.10361709952002
2018-06-22 13:00:00+10:00,34.741945824786015
2018-06-22 13:30:00+10:00,32.30796311789683
2018-06-22 14:00:00+10:00,28.815881213477656
2018-06-22 14:30:00+10:00,24.29734705682441
2018-06-22 15:00:00+10:00,18.82016116365488
2018-06-22 15:30:00+10:00,12.539318752569798
2018-06-22 16:00:00+10:00,5.8791280545949505
2018-06-22 16:30:00+10:00,0.37797522399829186
2018-06-22 17:00:00+10:00,0.0
2018-06-22 17:30:00+10:00,0.0
2018-06-22 18:00:00+10:00,0.0
2018-06-22 18:30:00+10:00,0.0
2018-06-22 19:00:00+10:00,0.0
2018-06-22 19:30:00+10:00,0.0
2018-06-22 20:00:00+10:00,0.0
2018-06-22 20:30:00+10:00,0.0
2018-06-22 21:00:00+10:00,0.0
2018-06-22 21:30:00+10:00,0.0
2018-06-22 22:00:00+10:00,0.0
2018-06-22 22:30:00+10:00,0.0
2018-06-22 23:00:00+10:00,0.0
2018-06-22 23:30:00+10:00,0.0
2018-06-23 00:00:00+10:00,0.0
2018-06-23 00:30:00+10:00,0.0
2018-06-23 01:00:00+10:00,0.0
2018-06-23 01:30:00+10:00,0.0
2018-06-23 02:00:00+10:00,0.0
2018-06-23 02:30:00+10:00,0.0
2018-06-23 03:00:00+10:00,0.0
2018-06-23 03:30:00+10:00,0.0
2018-06-23 04:00:00+10:00,0.0
2018-06-23 04:30:00+10:00,0.0
2018-06-23 05:00:00+10:00,0.0
2018-06-23 05:30:00+10:00,0.0
2018-06-23 06:00:00+10:00,0.0
2018-06-23 06:30:00+10:00,0.0
2018-06-23 07:00:00+10:00,0.0
2018-06-23 07:30:00+10:00,0.0
2018-06-23 08:00:00+10:00,2.6336506849824652
2018-06-23 08:30:00+10:00,8.622289387648966
2018-06-23 09:00:00+10:00,14.72125386392927
2018-06-23 09:30:00+10:00,20.220908578002604
2018-06-23 10:00:00+10:00,24.890096577793752
2018-06-23 10:30:00+10:00,28.6309786599435
2018-06-23 11:00:00+10:00,31.396286180359596
2018-06-23 11:30:00+10:00,33.162284409503314
2018-06-23 12:00:00+10:00,33.917873486936884
2018-06-23 12:30:00+10:00,33.65883199330174
2018-06-23 13:00:00+10:00,32.38667058657165
2018-06-23 13:30:00+10:00,30.108574927042547
2018-06-23 14:00:00+10:00,26.841348982609336
2018-06-23 14:30:00+10:00,22.618587247809934
2018-06-23 15:00:00+10:00,17.508179065066958
2018-06-23 15:30:00+10:00,11.658308200568692
2018-06-23 16:00:00+10:00,5.462607278218753
2018-06-23 16:30:00+10:00,0.3292217738796084
2018-06-23 17:00:00+10:00,0.0
2018-06-23 17:30:00+10:00,0.0
2018-06-23 18:00:00+10:00,0.0
2018-06-23 18:30:00+10:00,0.0
2018-06-23 19:00:00+10:00,0.0
2018-06-23 19:30:00+10:00,0.0
2018-06-23 20:00:00+10:00,0.0
2018-06-23 20:30:00+10:00,0.0
2018-06-23 21:00:00+10:00,0.0
2018-06-23 21:30:00+10:00,0.0
2018-06-23 22:00:00+10:00,0.0
2018-06-23 22:30:00+10:00,0.0
2018-06-23 23:00:00+10:00,0.0
2018-06-23 23:30:00+10:00,0.0
2018-06-24 00:00:00+10:00,0.0
2018-06-24 00:30:00+10:00,0.0
2018-06-24 01:00:00+10:00,0.0
2018-06-24 01:30:00+10:00,0.0
2018-06-24 02:00:00+10:00,0.0
2018-06-24 02:30:00+10:00,0.0
2018-06-24 03:00:00+10:00,0.0
2018-06-24 03:30:00+10:00,0.0
2018-06-24 04:00:00+10:00,0.0
2018-06-24 04:30:00+10:00,0.0
2018-06-24 05:00:00+10:00,0.0
2018-06-24 05:30:00+10:00,0.0
2018-06-24 06:00:00+10:00,0.0
2018-06-24 06:30:00+10:00,0.0
2018-06-24 07:00:00+10:00,0.0
2018-06-24 07:30:00+10:00,0.0
2018-06-24 08:00:00+10:00,2.6561485438802124
2018-06-24 08:30:00+10:00,8.710825187817065
2018-06-24 09:00:00+10:00,14.87724780007732
2018-06-24 09:30:00+10:00,20.43746060377617
2018-06-24 10:00:00+10:00,25.158370576248153
2018-06-24 10:30:00+10:00,28.941669932965965
2018-06-24 11:00:00+10:00,31.739959043713522
2018-06-24 11:30:00+10:00,33.529633958134944
2018-06-24 12:00:00+10:00,34.299489940745254
2018-06-24 12:30:00+10:00,34.045610488850095
2018-06-24 13:00:00+10:00,32.769088936047375
2018-06-24 13:30:00+10:00,30.47721060588362
2018-06-24 14:00:00+10:00,27.18632378575489
2018-06-24 14:30:00+10:00,22.929920825844352
2018-06-24 15:00:00+10:00,17.775237034782815
2018-06-24 15:30:00+10:00,11.869682065828584
2018-06-24 16:00:00+10:00,5.604346242232658
2018-06-24 16:30:00+10:00,0.3794193719383933
2018-06-24 17:00:00+10:00,0.0
2018-06-24 17:30:00+10:00,0.0
2018-06-24 18:00:00+10:00,0.0
2018-06-24 18:30:00+10:00,0.0
2018-06-24 19:00:00+10:00,0.0
2018-06-24 19:30:00+10:00,0.0
2018-06-24 20:00:00+10:00,0.0
2018-06-24 20:30:00+10:00,0.0
2018-06-24 21:00:00+10:00,0.0
2018-06-24 21:30:00+10:00,0.0
2018-06-24 22:00:00+10:00,0.0
2018-06-24 22:30:00+10:00,0.0
2018-06-24 23:00:00+10:00,0.0
2018-06-24 23:30:00+10:00,0.0
2018-06-25 00:00:00+10:00,0.0
2018-06-25 00:30:00+10:00,0.0
2018-06-25 01:00:00+10:00,0.0
2018-06-25 01:30:00+10:00,0.0
2018-06-25 02:00:00+10:00,0.0
2018-06-25 02:30:00+10:00,0.0
2018-06-25 03:00:00+10:00,0.0
2018-06-25 03:30:00+10:00,0.0
2018-06-25 04:00:00+10:00,0.0
2018-06-25 04:30:00+10:00,0.0
2018-06-25 05:00:00+10:00,0.0
2018-06-25 05:30:00+10:00,0.0
2018-06-25 06:00:00+10:00,0.0
2018-06-25 06:30:00+10:00,0.0
2018-06-25 07:00:00+10:00,0.0
2018-06-25 07:30:00+10:00,0.0
2018-06-25 08:00:00+10:00,2.8290298936932188
2018-06-25 08:30:00+10:00,9.196140765842312
2018-06-25 09:00:00+10:00,15.670463837092036
2018-06-25 09:30:00+10:00,21.498559968302224
2018-06-25 10:00:00+10:00,26.439855813441
2018-06-25 10:30:00+10:00,30.395533905681
2018-06-25 11:00:00+10:00,33.32006382591738
2018-06-25 11:30:00+10:00,35.19164172616785
2018-06-25 12:00:00+10:00,36.00073606165396
2018-06-25 12:30:00+10:00,35.7442844385644
2018-06-25 13:00:00+10:00,34.423039260367155
2018-06-25 13:30:00+10:00,32.04294722463189
2018-06-25 14:00:00+10:00,28.618359447185053
2018-06-25 14:30:00+10:00,24.18034919566694
2018-06-25 15:00:00+10:00,18.7946478584525
2018-06-25 15:30:00+10:00,12.609524119960774
2018-06-25 16:00:00+10:00,6.0258439498657
2018-06-25 16:30:00+10:00,0.4898400185421279
2018-06-25 17:00:00+10:00,0.0
2018-06-25 17:30:00+10:00,0.0
2018-06-25 18:00:00+10:00,0.0
2018-06-25 18:30:00+10:00,0.0
2018-06-25 19:00:00+10:00,0.0
2018-06-25 19:30:00+10:00,0.0
2018-06-25 20:00:00+10:00,0.0
2018-06-25 20:30:00+10:00,0.0
2018-06-25 21:00:00+10:00,0.0
2018-06-25 21:30:00+10:00,0.0
2018-06-25 22:00:00+10:00,0.0
2018-06-25 22:30:00+10:00,0.0
2018-06-25 23:00:00+10:00,0.0
2018-06-25 23:30:00+10:00,0.0
2018-06-26 00:00:00+10:00,0.0
2018-06-26 00:30:00+10:00,0.0
2018-06-26 01:00:00+10:00,0.0
2018-06-26 01:30:00+10:00,0.0
2018-06-26 02:00:00+10:00,0.0
2018-06-26 02:30:00+10:00,0.0
2018-06-26 03:00:00+10:00,0.0
2018-06-26 03:30:00+10:00,0.0
2018-06-26 04:00:00+10:00,0.0
2018-06-26 04:30:00+10:00,0.0
2018-06-26 05:00:00+10:00,0.0
2018-06-26 05:30:00+10:00,0.0
2018-06-26 06:00:00+10:00,0.0
2018-06-26 06:30:00+10:00,0.0
2018-06-26 07:00:00+10:00,0.0
2018-06-26 07:30:00+10:00,0.0
2018-06-26 08:00:00+10:00,3.0073762628347604
2018-06-26 08:30:00+10:00,9.689560143808782
2018-06-26 09:00:00+10:00,16.471766994173255
2018-06-26 09:30:00+10:00,22.567210707335384
2018-06-26 10:00:00+10:00,27.727995312861587
2018-06-26 10:30:00+10:00,31.855233100044693
2018-06-26 11:00:00+10:00,34.905138442336835
2018-06-26 11:30:00+10:00,36.85816752849767
2018-06-26 12:00:00+10:00,37.706705544666455
2018-06-26 12:30:00+10:00,37.44821926525753
2018-06-26 13:00:00+10:00,36.08325434859717
2018-06-26 13:30:00+10:00,33.61640963704915
2018-06-26 14:00:00+10:00,30.05987893218257
2018-06-26 14:30:00+10:00,25.44226594312622
2018-06-26 15:00:00+10:00,19.827222709128932
2018-06-26 15:30:00+10:00,13.363597684840858
2018-06-26 16:00:00+10:00,6.4610508851579045
2018-06-26 16:30:00+10:00,0.6072882797790476
2018-06-26 17:00:00+10:00,0.0
2018-06-26 17:30:00+10:00,0.0
2018-06-26 18:00:00+10:00,0.0
2018-06-26 18:30:00+10:00,0.0
2018-06-26 19:00:00+10:00,0.0
2018-06-26 19:30:00+10:00,0.0
2018-06-26 20:00:00+10:00,0.0
2018-06-26 20:30:00+10:00,0.0
2018-06-26 21:00:00+10:00,0.0
2018-06-26 21:30:00+10:00,0.0
2018-06-26 22:00:00+10:00,0.0
2018-06-26 22:30:00+10:00,0.0
2018-06-26 23:00:00+10:00,0.0
2018-06-26 23:30:00+10:00,0.0
2018-06-27 00:00:00+10:00,0.0
2018-06-27 00:30:00+10:00,0.0
2018-06-27 01:00:00+10:00,0.0
2018-06-27 01:30:00+10:00,0.0
2018-06-27 02:00:00+10:00,0.0
2018-06-27 02:30:00+10:00,0.0
2018-06-27 03:00:00+10:00,0.0
2018-06-27 03:30:00+10:00,0.0
2018-06-27 04:00:00+10:00,0.0
2018-06-27 04:30:00+10:00,0.0
2018-06-27 05:00:00+10:00,0.0
2018-06-27 05:30:00+10:00,0.0
2018-06-27 06:00:00+10:00,0.0
2018-06-27 06:30:00+10:00,0.0
2018-06-27 07:00:00+10:00,0.0
2018-06-27 07:30:00+10:00,0.0
2018-06-27 08:00:00+10:00,2.1918712532930957
2018-06-27 08:30:00+10:00,7.477515063119903
2018-06-27 09:00:00+10:00,12.88582348756216
2018-06-27 09:30:00+10:00,17.784081089832185
2018-06-27 10:00:00+10:00,21.960866547565917
2018-06-27 10:30:00+10:00,25.32237409154509
2018-06-27 11:00:00+10:00,27.820017257893255
2018-06-27 11:30:00+10:00,29.427371110506773
2018-06-27 12:00:00+10:00,30.130649643186313
2018-06-27 12:30:00+10:00,29.924635591276367
2018-06-27 13:00:00+10:00,28.81073234501731
2018-06-27 13:30:00+10:00,26.79781127740849
2018-06-27 14:00:00+10:00,23.904563296989238
2018-06-27 14:30:00+10:00,20.16582866919011
2018-06-27 15:00:00+10:00,15.646388368980762
2018-06-27 15:30:00+10:00,10.478103086712087
2018-06-27 16:00:00+10:00,4.993760698246173
2018-06-27 16:30:00+10:00,0.35175605733845355
2018-06-27 17:00:00+10:00,0.0
2018-06-27 17:30:00+10:00,0.0
2018-06-27 18:00:00+10:00,0.0
2018-06-27 18:30:00+10:00,0.0
2018-06-27 19:00:00+10:00,0.0
2018-06-27 19:30:00+10:00,0.0
2018-06-27 20:00:00+10:00,0.0
2018-06-27 20:30:00+10:00,0.0
2018-06-27 21:00:00+10:00,0.0
2018-06-27 21:30:00+10:00,0.0
2018-06-27 22:00:00+10:00,0.0
2018-06-27 22:30:00+10:00,0.0
2018-06-27 23:00:00+10:00,0.0
2018-06-27 23:30:00+10:00,0.0
2018-06-28 00:00:00+10:00,0.0
2018-06-28 00:30:00+10:00,0.0
2018-06-28 01:00:00+10:00,0.0
2018-06-28 01:30:00+10:00,0.0
2018-06-28 02:00:00+10:00,0.0
2018-06-28 02:30:00+10:00,0.0
2018-06-28 03:00:00+10:00,0.0
2018-06-28 03:30:00+10:00,0.0
2018-06-28 04:00:00+10:00,0.0
2018-06-28 04:30:00+10:00,0.0
2018-06-28 05:00:00+10:00,0.0
2018-06-28 05:30:00+10:00,0.0
2018-06-28 06:00:00+10:00,0.0
2018-06-28 06:30:00+10:00,0.0
2018-06-28 07:00:00+10:00,0.0
2018-06-28 07:30:00+10:00,0.0
2018-06-28 08:00:00+10:00,2.6348165213290375
2018-06-28 08:30:00+10:00,8.678320750343184
2018-06-28 09:00:00+10:00,14.832868214662593
2018-06-28 09:30:00+10:00,20.384068617676924
2018-06-28 10:00:00+10:00,25.101092308941425
2018-06-28 10:30:00+10:00,28.886725881506354
2018-06-28 11:00:00+10:00,31.694179716519727
2018-06-28 11:30:00+10:00,33.50003636046048
2018-06-28 12:00:00+10:00,34.29358534790714
2018-06-28 12:30:00+10:00,34.0704995412281
2018-06-28 13:00:00+10:00,32.832017381996515
2018-06-28 13:30:00+10:00,30.584764305871598
2018-06-28 14:00:00+10:00,27.34431092648566
2018-06-28 14:30:00+10:00,23.14235321255879
2018-06-28 15:00:00+10:00,18.04276180483232
2018-06-28 15:30:00+10:00,12.184492233934215
2018-06-28 16:00:00+10:00,5.931559776919346
2018-06-28 16:30:00+10:00,0.5760540078143355
2018-06-28 17:00:00+10:00,0.0
2018-06-28 17:30:00+10:00,0.0
2018-06-28 18:00:00+10:00,0.0
2018-06-28 18:30:00+10:00,0.0
2018-06-28 19:00:00+10:00,0.0
2018-06-28 19:30:00+10:00,0.0
2018-06-28 20:00:00+10:00,0.0
2018-06-28 20:30:00+10:00,0.0
2018-06-28 21:00:00+10:00,0.0
2018-06-28 21:30:00+10:00,0.0
2018-06-28 22:00:00+10:00,0.0
2018-06-28 22:30:00+10:00,0.0
2018-06-28 23:00:00+10:00,0.0
2018-06-28 23:30:00+10:00,0.0
2018-06-29 00:00:00+10:00,0.0
2018-06-29 00:30:00+10:00,0.0
2018-06-29 01:00:00+10:00,0.0
2018-06-29 01:30:00+10:00,0.0
2018-06-29 02:00:00+10:00,0.0
2018-06-29 02:30:00+10:00,0.0
2018-06-29 03:00:00+10:00,0.0
2018-06-29 03:30:00+10:00,0.0
2018-06-29 04:00:00+10:00,0.0
2018-06-29 04:30:00+10:00,0.0
2018-06-29 05:00:00+10:00,0.0
2018-06-29 05:30:00+10:00,0.0
2018-06-29 06:00:00+10:00,0.0
2018-06-29 06:30:00+10:00,0.0
2018-06-29 07:00:00+10:00,0.0
2018-06-29 07:30:00+10:00,0.0
2018-06-29 08:00:00+10:00,2.0208379819137976
2018-06-29 08:30:00+10:00,6.997324837010997
2018-06-29 09:00:00+10:00,12.094533744226299
2018-06-29 09:30:00+10:00,16.719177112218677
2018-06-29 10:00:00+10:00,20.670359081346707
2018-06-29 10:30:00+10:00,23.857052917015427
2018-06-29 11:00:00+10:00,26.230513384442073
2018-06-29 11:30:00+10:00,27.763475630766404
2018-06-29 12:00:00+10:00,28.441388943720934
2018-06-29 12:30:00+10:00,28.258399074890583
2018-06-29 13:00:00+10:00,27.216108103568505
2018-06-29 13:30:00+10:00,25.323724630484435
2018-06-29 14:00:00+10:00,22.600573538622136
2018-06-29 14:30:00+10:00,19.0816244335428
2018-06-29 15:00:00+10:00,14.8295478659037
2018-06-29 15:30:00+10:00,9.968880584855984
2018-06-29 16:00:00+10:00,4.803659510003754
2018-06-29 16:30:00+10:00,0.37754548718047415
2018-06-29 17:00:00+10:00,0.0
2018-06-29 17:30:00+10:00,0.0
2018-06-29 18:00:00+10:00,0.0
2018-06-29 18:30:00+10:00,0.0
2018-06-29 19:00:00+10:00,0.0
2018-06-29 19:30:00+10:00,0.0
2018-06-29 20:00:00+10:00,0.0
2018-06-29 20:30:00+10:00,0.0
2018-06-29 21:00:00+10:00,0.0
2018-06-29 21:30:00+10:00,0.0
2018-06-29 22:00:00+10:00,0.0
2018-06-29 22:30:00+10:00,0.0
2018-06-29 23:00:00+10:00,0.0
2018-06-29 23:30:00+10:00,0.0
2018-06-30 00:00:00+10:00,0.0
2018-06-30 00:30:00+10:00,0.0
2018-06-30 01:00:00+10:00,0.0
2018-06-30 01:30:00+10:00,0.0
2018-06-30 02:00:00+10:00,0.0
2018-06-30 02:30:00+10:00,0.0
2018-06-30 03:00:00+10:00,0.0
2018-06-30 03:30:00+10:00,0.0
2018-06-30 04:00:00+10:00,0.0
2018-06-30 04:30:00+10:00,0.0
2018-06-30 05:00:00+10:00,0.0
2018-06-30 05:30:00+10:00,0.0
2018-06-30 06:00:00+10:00,0.0
2018-06-30 06:30:00+10:00,0.0
2018-06-30 07:00:00+10:00,0.0
2018-06-30 07:30:00+10:00,0.0
2018-06-30 08:00:00+10:00,2.670796670236577
2018-06-30 08:30:00+10:00,8.746816272547884
2018-06-30 09:00:00+10:00,14.926481118356946
2018-06-30 09:30:00+10:00,20.500026421268654
2018-06-30 10:00:00+10:00,25.237984316064804
2018-06-30 10:30:00+10:00,29.043251111726832
2018-06-30 11:00:00+10:00,31.869029301119195
2018-06-30 11:30:00+10:00,33.69183074198176
2018-06-30 12:00:00+10:00,34.5004734663301
2018-06-30 12:30:00+10:00,34.290850090600614
2018-06-30 13:00:00+10:00,33.06411444245677
2018-06-30 13:30:00+10:00,30.826730114302553
2018-06-30 14:00:00+10:00,27.59416933232134
2018-06-30 14:30:00+10:00,23.397549779618174
2018-06-30 15:00:00+10:00,18.299676315758695
2018-06-30 15:30:00+10:00,12.435581760755419
2018-06-30 16:00:00+10:00,6.15645547420522
2018-06-30 16:30:00+10:00,0.700891643355628
2018-06-30 17:00:00+10:00,0.0
2018-06-30 17:30:00+10:00,0.0
2018-06-30 18:00:00+10:00,0.0
2018-06-30 18:30:00+10:00,0.0
2018-06-30 19:00:00+10:00,0.0
2018-06-30 19:30:00+10:00,0.0
2018-06-30 20:00:00+10:00,0.0
2018-06-30 20:30:00+10:00,0.0
2018-06-30 21:00:00+10:00,0.0
2018-06-30 21:30:00+10:00,0.0
2018-06-30 22:00:00+10:00,0.0
2018-06-30 22:30:00+10:00,0.0
2018-06-30 23:00:00+10:00,0.0
2018-06-30 23:30:00+10:00,0.0
2018-07-01 00:00:00+10:00,0.0
2018-07-01 00:30:00+10:00,0.0
2018-07-01 01:00:00+10:00,0.0
2018-07-01 01:30:00+10:00,0.0
2018-07-01 02:00:00+10:00,0.0
2018-07-01 02:30:00+10:00,0.0
2018-07-01 03:00:00+10:00,0.0
2018-07-01 03:30:00+10:00,0.0
2018-07-01 04:00:00+10:00,0.0
2018-07-01 04:30:00+10:00,0.0
2018-07-01 05:00:00+10:00,0.0
2018-07-01 05:30:00+10:00,0.0
2018-07-01 06:00:00+10:00,0.0
2018-07-01 06:30:00+10:00,0.0
2018-07-01 07:00:00+10:00,0.0
2018-07-01 07:30:00+10:00,0.0
2018-07-01 08:00:00+10:00,2.9002479972919213
2018-07-01 08:30:00+10:00,9.33519554065892
2018-07-01 09:00:00+10:00,15.86145999851574
2018-07-01 09:30:00+10:00,21.735571841162553
2018-07-01 10:00:00+10:00,26.720904694689057
2018-07-01 10:30:00+10:00,30.720029892895905
2018-07-01 11:00:00+10:00,33.68786113287466
2018-07-01 11:30:00+10:00,35.603057892645566
2018-07-01 12:00:00+10:00,36.456273930038726
2018-07-01 12:30:00+10:00,36.2441983659448
2018-07-01 13:00:00+10:00,34.9675700589538
2018-07-01 13:30:00+10:00,32.631667083808566
2018-07-01 14:00:00+10:00,29.24989108761229
2018-07-01 14:30:00+10:00,24.850964381190938
2018-07-01 15:00:00+10:00,19.495845323957727
2018-07-01 15:30:00+10:00,13.320269694350287
2018-07-01 16:00:00+10:00,6.68386236445391
2018-07-01 16:30:00+10:00,0.8637955946830511
2018-07-01 17:00:00+10:00,0.0
2018-07-01 17:30:00+10:00,0.0
2018-07-01 18:00:00+10:00,0.0
2018-07-01 18:30:00+10:00,0.0
2018-07-01 19:00:00+10:00,0.0
2018-07-01 19:30:00+10:00,0.0
2018-07-01 20:00:00+10:00,0.0
2018-07-01 20:30:00+10:00,0.0
2018-07-01 21:00:00+10:00,0.0
2018-07-01 21:30:00+10:00,0.0
2018-07-01 22:00:00+10:00,0.0
2018-07-01 22:30:00+10:00,0.0
2018-07-01 23:00:00+10:00,0.0
2018-07-01 23:30:00+10:00,0.0
2018-07-02 00:00:00+10:00,0.0
2018-07-02 00:30:00+10:00,0.0
2018-07-02 01:00:00+10:00,0.0
2018-07-02 01:30:00+10:00,0.0
2018-07-02 02:00:00+10:00,0.0
2018-07-02 02:30:00+10:00,0.0
2018-07-02 03:00:00+10:00,0.0
2018-07-02 03:30:00+10:00,0.0
2018-07-02 04:00:00+10:00,0.0
2018-07-02 04:30:00+10:00,0.0
2018-07-02 05:00:00+10:00,0.0
2018-07-02 05:30:00+10:00,0.0
2018-07-02 06:00:00+10:00,0.0
2018-07-02 06:30:00+10:00,0.0
2018-07-02 07:00:00+10:00,0.0
2018-07-02 07:30:00+10:00,0.0
2018-07-02 08:00:00+10:00,3.395094491191655
2018-07-02 08:30:00+10:00,10.617978869346228
2018-07-02 09:00:00+10:00,17.90257827654585
2018-07-02 09:30:00+10:00,24.429755079468706
2018-07-02 10:00:00+10:00,29.947762164146454
2018-07-02 10:30:00+10:00,34.36004668030937
2018-07-02 11:00:00+10:00,37.62705521289058
2018-07-02 11:30:00+10:00,39.733625338334846
2018-07-02 12:00:00+10:00,40.67523529444647
2018-07-02 12:30:00+10:00,40.45059517352749
2018-07-02 13:00:00+10:00,39.06034275478177
2018-07-02 13:30:00+10:00,36.50589322614556
2018-07-02 14:00:00+10:00,32.795253449349694
2018-07-02 14:30:00+10:00,27.950574716343983
2018-07-02 15:00:00+10:00,22.027841831651028
2018-07-02 15:30:00+10:00,15.164473268295342
2018-07-02 16:00:00+10:00,7.744005625414514
2018-07-02 16:30:00+10:00,1.158817286760102
2018-07-02 17:00:00+10:00,0.0
2018-07-02 17:30:00+10:00,0.0
2018-07-02 18:00:00+10:00,0.0
2018-07-02 18:30:00+10:00,0.0
2018-07-02 19:00:00+10:00,0.0
2018-07-02 19:30:00+10:00,0.0
2018-07-02 20:00:00+10:00,0.0
2018-07-02 20:30:00+10:00,0.0
2018-07-02 21:00:00+10:00,0.0
2018-07-02 21:30:00+10:00,0.0
2018-07-02 22:00:00+10:00,0.0
2018-07-02 22:30:00+10:00,0.0
2018-07-02 23:00:00+10:00,0.0
2018-07-02 23:30:00+10:00,0.0
2018-07-03 00:00:00+10:00,0.0
2018-07-03 00:30:00+10:00,0.0
2018-07-03 01:00:00+10:00,0.0
2018-07-03 01:30:00+10:00,0.0
2018-07-03 02:00:00+10:00,0.0
2018-07-03 02:30:00+10:00,0.0
2018-07-03 03:00:00+10:00,0.0
2018-07-03 03:30:00+10:00,0.0
2018-07-03 04:00:00+10:00,0.0
2018-07-03 04:30:00+10:00,0.0
2018-07-03 05:00:00+10:00,0.0
2018-07-03 05:30:00+10:00,0.0
2018-07-03 06:00:00+10:00,0.0
2018-07-03 06:30:00+10:00,0.0
2018-07-03 07:00:00+10:00,0.0
2018-07-03 07:30:00+10:00,0.0
2018-07-03 08:00:00+10:00,2.9727003687886064
2018-07-03 08:30:00+10:00,9.4434876890096
2018-07-03 09:00:00+10:00,15.990527825462408
2018-07-03 09:30:00+10:00,21.88138998310414
2018-07-03 10:00:00+10:00,26.88169975626018
2018-07-03 10:30:00+10:00,30.89517546649522
2018-07-03 11:00:00+10:00,33.87694395951193
2018-07-03 11:30:00+10:00,35.806105984678396
2018-07-03 12:00:00+10:00,36.67307370545086
2018-07-03 12:30:00+10:00,36.47465540379699
2018-07-03 13:00:00+10:00,35.21161994045817
2018-07-03 13:30:00+10:00,32.88905598372771
2018-07-03 14:00:00+10:00,29.519789272815533
2018-07-03 14:30:00+10:00,25.13195986330354
2018-07-03 15:00:00+10:00,19.784749318647474
2018-07-03 15:30:00+10:00,13.609763453814866
2018-07-03 16:00:00+10:00,6.952107402225851
2018-07-03 16:30:00+10:00,1.0267526994552931
2018-07-03 17:00:00+10:00,0.0
2018-07-03 17:30:00+10:00,0.0
2018-07-03 18:00:00+10:00,0.0
2018-07-03 18:30:00+10:00,0.0
2018-07-03 19:00:00+10:00,0.0
2018-07-03 19:30:00+10:00,0.0
2018-07-03 20:00:00+10:00,0.0
2018-07-03 20:30:00+10:00,0.0
2018-07-03 21:00:00+10:00,0.0
2018-07-03 21:30:00+10:00,0.0
2018-07-03 22:00:00+10:00,0.0
2018-07-03 22:30:00+10:00,0.0
2018-07-03 23:00:00+10:00,0.0
2018-07-03 23:30:00+10:00,0.0
2018-07-04 00:00:00+10:00,0.0
2018-07-04 00:30:00+10:00,0.0
2018-07-04 01:00:00+10:00,0.0
2018-07-04 01:30:00+10:00,0.0
2018-07-04 02:00:00+10:00,0.0
2018-07-04 02:30:00+10:00,0.0
2018-07-04 03:00:00+10:00,0.0
2018-07-04 03:30:00+10:00,0.0
2018-07-04 04:00:00+10:00,0.0
2018-07-04 04:30:00+10:00,0.0
2018-07-04 05:00:00+10:00,0.0
2018-07-04 05:30:00+10:00,0.0
2018-07-04 06:00:00+10:00,0.0
2018-07-04 06:30:00+10:00,0.0
2018-07-04 07:00:00+10:00,0.0
2018-07-04 07:30:00+10:00,0.0
2018-07-04 08:00:00+10:00,1.9892285088593544
2018-07-04 08:30:00+10:00,6.765935034883667
2018-07-04 09:00:00+10:00,11.641296115094914
2018-07-04 09:30:00+10:00,16.06713376455769
2018-07-04 10:00:00+10:00,19.855419847706347
2018-07-04 10:30:00+10:00,22.918432396540062
2018-07-04 11:00:00+10:00,25.208346878099753
2018-07-04 11:30:00+10:00,26.697701824122717
2018-07-04 12:00:00+10:00,27.3714500945637
2018-07-04 12:30:00+10:00,27.22346325467044
2018-07-04 13:00:00+10:00,26.255026046310327
2018-07-04 13:30:00+10:00,24.475277261037267
2018-07-04 14:00:00+10:00,21.90319042430043
2018-07-04 14:30:00+10:00,18.572353853297248
2018-07-04 15:00:00+10:00,14.541653440323717
2018-07-04 15:30:00+10:00,9.923480876791672
2018-07-04 16:00:00+10:00,4.983259929995916
2018-07-04 16:30:00+10:00,0.6011591919880366
2018-07-04 17:00:00+10:00,0.0
2018-07-04 17:30:00+10:00,0.0
2018-07-04 18:00:00+10:00,0.0
2018-07-04 18:30:00+10:00,0.0
2018-07-04 19:00:00+10:00,0.0
2018-07-04 19:30:00+10:00,0.0
2018-07-04 20:00:00+10:00,0.0
2018-07-04 20:30:00+10:00,0.0
2018-07-04 21:00:00+10:00,0.0
2018-07-04 21:30:00+10:00,0.0
2018-07-04 22:00:00+10:00,0.0
2018-07-04 22:30:00+10:00,0.0
2018-07-04 23:00:00+10:00,0.0
2018-07-04 23:30:00+10:00,0.0
2018-07-05 00:00:00+10:00,0.0
2018-07-05 00:30:00+10:00,0.0
2018-07-05 01:00:00+10:00,0.0
2018-07-05 01:30:00+10:00,0.0
2018-07-05 02:00:00+10:00,0.0
2018-07-05 02:30:00+10:00,0.0
2018-07-05 03:00:00+10:00,0.0
2018-07-05 03:30:00+10:00,0.0
2018-07-05 04:00:00+10:00,0.0
2018-07-05 04:30:00+10:00,0.0
2018-07-05 05:00:00+10:00,0.0
2018-07-05 05:30:00+10:00,0.0
2018-07-05 06:00:00+10:00,0.0
2018-07-05 06:30:00+10:00,0.0
2018-07-05 07:00:00+10:00,0.0
2018-07-05 07:30:00+10:00,0.0
2018-07-05 08:00:00+10:00,2.2867391407455955
2018-07-05 08:30:00+10:00,7.509452660036861
2018-07-05 09:00:00+10:00,12.81834182522354
2018-07-05 09:30:00+10:00,17.625086116897553
2018-07-05 10:00:00+10:00,21.730439008525174
2018-07-05 10:30:00+10:00,25.04448099927129
2018-07-05 11:00:00+10:00,27.51961512875144
2018-07-05 11:30:00+10:00,29.129488678581662
2018-07-05 12:00:00+10:00,29.860222068084642
2018-07-05 12:30:00+10:00,29.706132409838524
2018-07-05 13:00:00+10:00,28.668421098534047
2018-07-05 13:30:00+10:00,26.755292638028124
2018-07-05 14:00:00+10:00,23.984386056146413
2018-07-05 14:30:00+10:00,20.388034546320895
2018-07-05 15:00:00+10:00,16.02509967857887
2018-07-05 15:30:00+10:00,11.011759458230864
2018-07-05 16:00:00+10:00,5.626302439735724
2018-07-05 16:30:00+10:00,0.8032486336910407
2018-07-05 17:00:00+10:00,0.0
2018-07-05 17:30:00+10:00,0.0
2018-07-05 18:00:00+10:00,0.0
2018-07-05 18:30:00+10:00,0.0
2018-07-05 19:00:00+10:00,0.0
2018-07-05 19:30:00+10:00,0.0
2018-07-05 20:00:00+10:00,0.0
2018-07-05 20:30:00+10:00,0.0
2018-07-05 21:00:00+10:00,0.0
2018-07-05 21:30:00+10:00,0.0
2018-07-05 22:00:00+10:00,0.0
2018-07-05 22:30:00+10:00,0.0
2018-07-05 23:00:00+10:00,0.0
2018-07-05 23:30:00+10:00,0.0
2018-07-06 00:00:00+10:00,0.0
2018-07-06 00:30:00+10:00,0.0
2018-07-06 01:00:00+10:00,0.0
2018-07-06 01:30:00+10:00,0.0
2018-07-06 02:00:00+10:00,0.0
2018-07-06 02:30:00+10:00,0.0
2018-07-06 03:00:00+10:00,0.0
2018-07-06 03:30:00+10:00,0.0
2018-07-06 04:00:00+10:00,0.0
2018-07-06 04:30:00+10:00,0.0
2018-07-06 05:00:00+10:00,0.0
2018-07-06 05:30:00+10:00,0.0
2018-07-06 06:00:00+10:00,0.0
2018-07-06 06:30:00+10:00,0.0
2018-07-06 07:00:00+10:00,0.0
2018-07-06 07:30:00+10:00,0.0
2018-07-06 08:00:00+10:00,2.787665377187265
2018-07-06 08:30:00+10:00,8.771700715060103
2018-07-06 09:00:00+10:00,14.817749647348494
2018-07-06 09:30:00+10:00,20.26873316853628
2018-07-06 10:00:00+10:00,24.908593639544517
2018-07-06 10:30:00+10:00,28.643943575985652
2018-07-06 11:00:00+10:00,31.42852993282677
2018-07-06 11:30:00+10:00,33.23854804563875
2018-07-06 12:00:00+10:00,34.06251592845484
2018-07-06 12:30:00+10:00,33.89599292271117
2018-07-06 13:00:00+10:00,32.73977334177679
2018-07-06 13:30:00+10:00,30.600366189599633
2018-07-06 14:00:00+10:00,27.492751946767875
2018-07-06 14:30:00+10:00,23.446726358983295
2018-07-06 15:00:00+10:00,18.520485657730426
2018-07-06 15:30:00+10:00,12.835341232821376
2018-07-06 16:00:00+10:00,6.6936670058356045
2018-07-06 16:30:00+10:00,1.1266370661556395
2018-07-06 17:00:00+10:00,0.0
2018-07-06 17:30:00+10:00,0.0
2018-07-06 18:00:00+10:00,0.0
2018-07-06 18:30:00+10:00,0.0
2018-07-06 19:00:00+10:00,0.0
2018-07-06 19:30:00+10:00,0.0
2018-07-06 20:00:00+10:00,0.0
2018-07-06 20:30:00+10:00,0.0
2018-07-06 21:00:00+10:00,0.0
2018-07-06 21:30:00+10:00,0.0
2018-07-06 22:00:00+10:00,0.0
2018-07-06 22:30:00+10:00,0.0
2018-07-06 23:00:00+10:00,0.0
2018-07-06 23:30:00+10:00,0.0
2018-07-07 00:00:00+10:00,0.0
2018-07-07 00:30:00+10:00,0.0
2018-07-07 01:00:00+10:00,0.0
2018-07-07 01:30:00+10:00,0.0
2018-07-07 02:00:00+10:00,0.0
2018-07-07 02:30:00+10:00,0.0
2018-07-07 03:00:00+10:00,0.0
2018-07-07 03:30:00+10:00,0.0
2018-07-07 04:00:00+10:00,0.0
2018-07-07 04:30:00+10:00,0.0
2018-07-07 05:00:00+10:00,0.0
2018-07-07 05:30:00+10:00,0.0
2018-07-07 06:00:00+10:00,0.0
2018-07-07 06:30:00+10:00,0.0
2018-07-07 07:00:00+10:00,0.0
2018-07-07 07:30:00+10:00,0.0
2018-07-07 08:00:00+10:00,2.8616132312098532
2018-07-07 08:30:00+10:00,8.89217433270084
2018-07-07 09:00:00+10:00,14.973042756904507
2018-07-07 09:30:00+10:00,20.452823350078788
2018-07-07 10:00:00+10:00,25.116788923132088
2018-07-07 10:30:00+10:00,28.872016157845433
2018-07-07 11:00:00+10:00,31.672491203831786
2018-07-07 11:30:00+10:00,33.494817619404266
2018-07-07 12:00:00+10:00,34.32737122692549
2018-07-07 12:30:00+10:00,34.16578087202839
2018-07-07 13:00:00+10:00,33.01098388446571
2018-07-07 13:30:00+10:00,30.869217594137034
2018-07-07 14:00:00+10:00,27.75521221618917
2018-07-07 14:30:00+10:00,23.698315550489344
2018-07-07 15:00:00+10:00,18.755889592470698
2018-07-07 15:30:00+10:00,13.047620665421972
2018-07-07 16:00:00+10:00,6.870517670057128
2018-07-07 16:30:00+10:00,1.2303104249648305
2018-07-07 17:00:00+10:00,0.0
2018-07-07 17:30:00+10:00,0.0
2018-07-07 18:00:00+10:00,0.0
2018-07-07 18:30:00+10:00,0.0
2018-07-07 19:00:00+10:00,0.0
2018-07-07 19:30:00+10:00,0.0
2018-07-07 20:00:00+10:00,0.0
2018-07-07 20:30:00+10:00,0.0
2018-07-07 21:00:00+10:00,0.0
2018-07-07 21:30:00+10:00,0.0
2018-07-07 22:00:00+10:00,0.0
2018-07-07 22:30:00+10:00,0.0
2018-07-07 23:00:00+10:00,0.0
2018-07-07 23:30:00+10:00,0.0
2018-07-08 00:00:00+10:00,0.0
2018-07-08 00:30:00+10:00,0.0
2018-07-08 01:00:00+10:00,0.0
2018-07-08 01:30:00+10:00,0.0
2018-07-08 02:00:00+10:00,0.0
2018-07-08 02:30:00+10:00,0.0
2018-07-08 03:00:00+10:00,0.0
2018-07-08 03:30:00+10:00,0.0
2018-07-08 04:00:00+10:00,0.0
2018-07-08 04:30:00+10:00,0.0
2018-07-08 05:00:00+10:00,0.0
2018-07-08 05:30:00+10:00,0.0
2018-07-08 06:00:00+10:00,0.0
2018-07-08 06:30:00+10:00,0.0
2018-07-08 07:00:00+10:00,0.0
2018-07-08 07:30:00+10:00,0.0
2018-07-08 08:00:00+10:00,3.3455885542704262
2018-07-08 08:30:00+10:00,10.058760351809838
2018-07-08 09:00:00+10:00,16.789069412152177
2018-07-08 09:30:00+10:00,22.829958816772162
2018-07-08 10:00:00+10:00,27.954696490810377
2018-07-08 10:30:00+10:00,32.07007503464454
2018-07-08 11:00:00+10:00,35.133425979229884
2018-07-08 11:30:00+10:00,37.12548854331584
2018-07-08 12:00:00+10:00,38.03783637258641
2018-07-08 12:30:00+10:00,37.86792765602034
2018-07-08 13:00:00+10:00,36.61611120184901
2018-07-08 13:30:00+10:00,34.28642235481624
2018-07-08 14:00:00+10:00,30.88996799605893
2018-07-08 14:30:00+10:00,26.451664859157752
2018-07-08 15:00:00+10:00,21.02586042807701
2018-07-08 15:30:00+10:00,14.733776859432298
2018-07-08 16:00:00+10:00,7.888948179243877
2018-07-08 16:30:00+10:00,1.5708972762964162
2018-07-08 17:00:00+10:00,0.0
2018-07-08 17:30:00+10:00,0.0
2018-07-08 18:00:00+10:00,0.0
2018-07-08 18:30:00+10:00,0.0
2018-07-08 19:00:00+10:00,0.0
2018-07-08 19:30:00+10:00,0.0
2018-07-08 20:00:00+10:00,0.0
2018-07-08 20:30:00+10:00,0.0
2018-07-08 21:00:00+10:00,0.0
2018-07-08 21:30:00+10:00,0.0
2018-07-08 22:00:00+10:00,0.0
2018-07-08 22:30:00+10:00,0.0
2018-07-08 23:00:00+10:00,0.0
2018-07-08 23:30:00+10:00,0.0
2018-07-09 00:00:00+10:00,0.0
2018-07-09 00:30:00+10:00,0.0
2018-07-09 01:00:00+10:00,0.0
2018-07-09 01:30:00+10:00,0.0
2018-07-09 02:00:00+10:00,0.0
2018-07-09 02:30:00+10:00,0.0
2018-07-09 03:00:00+10:00,0.0
2018-07-09 03:30:00+10:00,0.0
2018-07-09 04:00:00+10:00,0.0
2018-07-09 04:30:00+10:00,0.0
2018-07-09 05:00:00+10:00,0.0
2018-07-09 05:30:00+10:00,0.0
2018-07-09 06:00:00+10:00,0.0
2018-07-09 06:30:00+10:00,0.0
2018-07-09 07:00:00+10:00,0.0
2018-07-09 07:30:00+10:00,0.0
2018-07-09 08:00:00+10:00,3.109124880618154
2018-07-09 08:30:00+10:00,9.35583699356655
2018-07-09 09:00:00+10:00,15.622647589812086
2018-07-09 09:30:00+10:00,21.260935029752922
2018-07-09 10:00:00+10:00,26.05646146984904
2018-07-09 10:30:00+10:00,29.916855072658805
2018-07-09 11:00:00+10:00,32.79698572966197
2018-07-09 11:30:00+10:00,34.67419570471521
2018-07-09 12:00:00+10:00,35.53756117845937
2018-07-09 12:30:00+10:00,35.3832115969036
2018-07-09 13:00:00+10:00,34.211698216991145
2018-07-09 13:30:00+10:00,32.02882868846551
2018-07-09 14:00:00+10:00,28.84836699900089
2018-07-09 14:30:00+10:00,24.698414140967824
2018-07-09 15:00:00+10:00,19.634717187274184
2018-07-09 15:30:00+10:00,13.774361041526726
2018-07-09 16:00:00+10:00,7.407060321031107
2018-07-09 16:30:00+10:00,1.505225117331077
2018-07-09 17:00:00+10:00,0.0
2018-07-09 17:30:00+10:00,0.0
2018-07-09 18:00:00+10:00,0.0
2018-07-09 18:30:00+10:00,0.0
2018-07-09 19:00:00+10:00,0.0
2018-07-09 19:30:00+10:00,0.0
2018-07-09 20:00:00+10:00,0.0
2018-07-09 20:30:00+10:00,0.0
2018-07-09 21:00:00+10:00,0.0
2018-07-09 21:30:00+10:00,0.0
2018-07-09 22:00:00+10:00,0.0
2018-07-09 22:30:00+10:00,0.0
2018-07-09 23:00:00+10:00,0.0
2018-07-09 23:30:00+10:00,0.0
2018-07-10 00:00:00+10:00,0.0
2018-07-10 00:30:00+10:00,0.0
2018-07-10 01:00:00+10:00,0.0
2018-07-10 01:30:00+10:00,0.0
2018-07-10 02:00:00+10:00,0.0
2018-07-10 02:30:00+10:00,0.0
2018-07-10 03:00:00+10:00,0.0
2018-07-10 03:30:00+10:00,0.0
2018-07-10 04:00:00+10:00,0.0
2018-07-10 04:30:00+10:00,0.0
2018-07-10 05:00:00+10:00,0.0
2018-07-10 05:30:00+10:00,0.0
2018-07-10 06:00:00+10:00,0.0
2018-07-10 06:30:00+10:00,0.0
2018-07-10 07:00:00+10:00,0.0
2018-07-10 07:30:00+10:00,0.0
2018-07-10 08:00:00+10:00,2.928666860424131
2018-07-10 08:30:00+10:00,8.805042057372248
2018-07-10 09:00:00+10:00,14.70103508698141
2018-07-10 09:30:00+10:00,20.013935216498822
2018-07-10 10:00:00+10:00,24.540537520983907
2018-07-10 10:30:00+10:00,28.19060122676451
2018-07-10 11:00:00+10:00,30.918300614208
2018-07-10 11:30:00+10:00,32.699325399237935
2018-07-10 12:00:00+10:00,33.52151801774415
2018-07-10 12:30:00+10:00,33.38004346773848
2018-07-10 13:00:00+10:00,32.27581055742501
2018-07-10 13:30:00+10:00,30.215371320656853
2018-07-10 14:00:00+10:00,27.21387117873737
2018-07-10 14:30:00+10:00,23.300637991572117
2018-07-10 15:00:00+10:00,18.531259799624795
2018-07-10 15:30:00+10:00,13.018095808057945
2018-07-10 16:00:00+10:00,7.031217635208514
2018-07-10 16:30:00+10:00,1.4586161977062182
2018-07-10 17:00:00+10:00,0.0
2018-07-10 17:30:00+10:00,0.0
2018-07-10 18:00:00+10:00,0.0
2018-07-10 18:30:00+10:00,0.0
2018-07-10 19:00:00+10:00,0.0
2018-07-10 19:30:00+10:00,0.0
2018-07-10 20:00:00+10:00,0.0
2018-07-10 20:30:00+10:00,0.0
2018-07-10 21:00:00+10:00,0.0
2018-07-10 21:30:00+10:00,0.0
2018-07-10 22:00:00+10:00,0.0
2018-07-10 22:30:00+10:00,0.0
2018-07-10 23:00:00+10:00,0.0
2018-07-10 23:30:00+10:00,0.0
2018-07-11 00:00:00+10:00,0.0
2018-07-11 00:30:00+10:00,0.0
2018-07-11 01:00:00+10:00,0.0
2018-07-11 01:30:00+10:00,0.0
2018-07-11 02:00:00+10:00,0.0
2018-07-11 02:30:00+10:00,0.0
2018-07-11 03:00:00+10:00,0.0
2018-07-11 03:30:00+10:00,0.0
2018-07-11 04:00:00+10:00,0.0
2018-07-11 04:30:00+10:00,0.0
2018-07-11 05:00:00+10:00,0.0
2018-07-11 05:30:00+10:00,0.0
2018-07-11 06:00:00+10:00,0.0
2018-07-11 06:30:00+10:00,0.0
2018-07-11 07:00:00+10:00,0.0
2018-07-11 07:30:00+10:00,0.0
2018-07-11 08:00:00+10:00,3.0910452015179213
2018-07-11 08:30:00+10:00,9.111558926815066
2018-07-11 09:00:00+10:00,15.13409318826168
2018-07-11 09:30:00+10:00,20.555119785892746
2018-07-11 10:00:00+10:00,25.17119284570227
2018-07-11 10:30:00+10:00,28.89236544576083
2018-07-11 11:00:00+10:00,31.673232691079946
2018-07-11 11:30:00+10:00,33.49003187001747
2018-07-11 12:00:00+10:00,34.33130110506001
2018-07-11 12:30:00+10:00,34.19215649880516
2018-07-11 13:00:00+10:00,33.0735032529795
2018-07-11 13:30:00+10:00,30.981544920697296
2018-07-11 14:00:00+10:00,27.930915920913996
2018-07-11 14:30:00+10:00,23.950126224747425
2018-07-11 15:00:00+10:00,19.093919625290194
2018-07-11 15:30:00+10:00,13.47386620273528
2018-07-11 16:00:00+10:00,7.3578897325585855
2018-07-11 16:30:00+10:00,1.6225115317465015
2018-07-11 17:00:00+10:00,0.0
2018-07-11 17:30:00+10:00,0.0
2018-07-11 18:00:00+10:00,0.0
2018-07-11 18:30:00+10:00,0.0
2018-07-11 19:00:00+10:00,0.0
2018-07-11 19:30:00+10:00,0.0
2018-07-11 20:00:00+10:00,0.0
2018-07-11 20:30:00+10:00,0.0
2018-07-11 21:00:00+10:00,0.0
2018-07-11 21:30:00+10:00,0.0
2018-07-11 22:00:00+10:00,0.0
2018-07-11 22:30:00+10:00,0.0
2018-07-11 23:00:00+10:00,0.0
2018-07-11 23:30:00+10:00,0.0
2018-07-12 00:00:00+10:00,0.0
2018-07-12 00:30:00+10:00,0.0
2018-07-12 01:00:00+10:00,0.0
2018-07-12 01:30:00+10:00,0.0
2018-07-12 02:00:00+10:00,0.0
2018-07-12 02:30:00+10:00,0.0
2018-07-12 03:00:00+10:00,0.0
2018-07-12 03:30:00+10:00,0.0
2018-07-12 04:00:00+10:00,0.0
2018-07-12 04:30:00+10:00,0.0
2018-07-12 05:00:00+10:00,0.0
2018-07-12 05:30:00+10:00,0.0
2018-07-12 06:00:00+10:00,0.0
2018-07-12 06:30:00+10:00,0.0
2018-07-12 07:00:00+10:00,0.0
2018-07-12 07:30:00+10:00,0.0
2018-07-12 08:00:00+10:00,3.4841084555303237
2018-07-12 08:30:00+10:00,9.979584346086954
2018-07-12 09:00:00+10:00,16.445225634383746
2018-07-12 09:30:00+10:00,22.248918502743102
2018-07-12 10:00:00+10:00,27.180154055373308
2018-07-12 10:30:00+10:00,31.1487606987722
2018-07-12 11:00:00+10:00,34.11125641713569
2018-07-12 11:30:00+10:00,36.04630456558283
2018-07-12 12:00:00+10:00,36.9442050436107
2018-07-12 12:30:00+10:00,36.8012012614183
2018-07-12 13:00:00+10:00,35.618011658156924
2018-07-12 13:30:00+10:00,33.39946382723595
2018-07-12 14:00:00+10:00,30.158034887157992
2018-07-12 14:30:00+10:00,25.91957619252253
2018-07-12 15:00:00+10:00,20.73713165826297
2018-07-12 15:30:00+10:00,14.722885204726158
2018-07-12 16:00:00+10:00,8.152365029579773
2018-07-12 16:30:00+10:00,1.9351292787913748
2018-07-12 17:00:00+10:00,0.0
2018-07-12 17:30:00+10:00,0.0
2018-07-12 18:00:00+10:00,0.0
2018-07-12 18:30:00+10:00,0.0
2018-07-12 19:00:00+10:00,0.0
2018-07-12 19:30:00+10:00,0.0
2018-07-12 20:00:00+10:00,0.0
2018-07-12 20:30:00+10:00,0.0
2018-07-12 21:00:00+10:00,0.0
2018-07-12 21:30:00+10:00,0.0
2018-07-12 22:00:00+10:00,0.0
2018-07-12 22:30:00+10:00,0.0
2018-07-12 23:00:00+10:00,0.0
2018-07-12 23:30:00+10:00,0.0
2018-07-13 00:00:00+10:00,0.0
2018-07-13 00:30:00+10:00,0.0
2018-07-13 01:00:00+10:00,0.0
2018-07-13 01:30:00+10:00,0.0
2018-07-13 02:00:00+10:00,0.0
2018-07-13 02:30:00+10:00,0.0
2018-07-13 03:00:00+10:00,0.0
2018-07-13 03:30:00+10:00,0.0
2018-07-13 04:00:00+10:00,0.0
2018-07-13 04:30:00+10:00,0.0
2018-07-13 05:00:00+10:00,0.0
2018-07-13 05:30:00+10:00,0.0
2018-07-13 06:00:00+10:00,0.0
2018-07-13 06:30:00+10:00,0.0
2018-07-13 07:00:00+10:00,0.0
2018-07-13 07:30:00+10:00,0.0
2018-07-13 08:00:00+10:00,3.283968264921402
2018-07-13 08:30:00+10:00,9.374941817801002
2018-07-13 09:00:00+10:00,15.438232345145833
2018-07-13 09:30:00+10:00,20.890420772189866
2018-07-13 10:00:00+10:00,25.532596263465052
2018-07-13 10:30:00+10:00,29.275974749703508
2018-07-13 11:00:00+10:00,32.075506816872156
2018-07-13 11:30:00+10:00,33.907518649537764
2018-07-13 12:00:00+10:00,34.76030585328722
2018-07-13 12:30:00+10:00,34.62947180473303
2018-07-13 13:00:00+10:00,33.51532144644165
2018-07-13 13:30:00+10:00,31.42437837952213
2018-07-13 14:00:00+10:00,28.37086125470271
2018-07-13 14:30:00+10:00,24.382815527024686
2018-07-13 15:00:00+10:00,19.513994971789185
2018-07-13 15:30:00+10:00,13.872680624186037
2018-07-13 16:00:00+10:00,7.715293949562314
2018-07-13 16:30:00+10:00,1.8679653091425195
2018-07-13 17:00:00+10:00,0.0
2018-07-13 17:30:00+10:00,0.0
2018-07-13 18:00:00+10:00,0.0
2018-07-13 18:30:00+10:00,0.0
2018-07-13 19:00:00+10:00,0.0
2018-07-13 19:30:00+10:00,0.0
2018-07-13 20:00:00+10:00,0.0
2018-07-13 20:30:00+10:00,0.0
2018-07-13 21:00:00+10:00,0.0
2018-07-13 21:30:00+10:00,0.0
2018-07-13 22:00:00+10:00,0.0
2018-07-13 22:30:00+10:00,0.0
2018-07-13 23:00:00+10:00,0.0
2018-07-13 23:30:00+10:00,0.0
2018-07-14 00:00:00+10:00,0.0
2018-07-14 00:30:00+10:00,0.0
2018-07-14 01:00:00+10:00,0.0
2018-07-14 01:30:00+10:00,0.0
2018-07-14 02:00:00+10:00,0.0
2018-07-14 02:30:00+10:00,0.0
2018-07-14 03:00:00+10:00,0.0
2018-07-14 03:30:00+10:00,0.0
2018-07-14 04:00:00+10:00,0.0
2018-07-14 04:30:00+10:00,0.0
2018-07-14 05:00:00+10:00,0.0
2018-07-14 05:30:00+10:00,0.0
2018-07-14 06:00:00+10:00,0.0
2018-07-14 06:30:00+10:00,0.0
2018-07-14 07:00:00+10:00,0.0
2018-07-14 07:30:00+10:00,0.0
2018-07-14 08:00:00+10:00,2.9020600215683525
2018-07-14 08:30:00+10:00,8.327894538862692
2018-07-14 09:00:00+10:00,13.736266938164224
2018-07-14 09:30:00+10:00,18.614275689019824
2018-07-14 10:00:00+10:00,22.78034602444713
2018-07-14 10:30:00+10:00,26.149396502184736
2018-07-14 11:00:00+10:00,28.67529383641505
2018-07-14 11:30:00+10:00,30.332150221134054
2018-07-14 12:00:00+10:00,31.10605538706891
2018-07-14 12:30:00+10:00,30.991286776630794
2018-07-14 13:00:00+10:00,29.988762954624864
2018-07-14 13:30:00+10:00,28.105959705533916
2018-07-14 14:00:00+10:00,25.359446708604832
2018-07-14 14:30:00+10:00,21.779311458027724
2018-07-14 15:00:00+10:00,17.41919924929834
2018-07-14 15:30:00+10:00,12.380909196290943
2018-07-14 16:00:00+10:00,6.894301746238396
2018-07-14 16:30:00+10:00,1.6727664944532552
2018-07-14 17:00:00+10:00,0.0
2018-07-14 17:30:00+10:00,0.0
2018-07-14 18:00:00+10:00,0.0
2018-07-14 18:30:00+10:00,0.0
2018-07-14 19:00:00+10:00,0.0
2018-07-14 19:30:00+10:00,0.0
2018-07-14 20:00:00+10:00,0.0
2018-07-14 20:30:00+10:00,0.0
2018-07-14 21:00:00+10:00,0.0
2018-07-14 21:30:00+10:00,0.0
2018-07-14 22:00:00+10:00,0.0
2018-07-14 22:30:00+10:00,0.0
2018-07-14 23:00:00+10:00,0.0
2018-07-14 23:30:00+10:00,0.0
2018-07-15 00:00:00+10:00,0.0
2018-07-15 00:30:00+10:00,0.0
2018-07-15 01:00:00+10:00,0.0
2018-07-15 01:30:00+10:00,0.0
2018-07-15 02:00:00+10:00,0.0
2018-07-15 02:30:00+10:00,0.0
2018-07-15 03:00:00+10:00,0.0
2018-07-15 03:30:00+10:00,0.0
2018-07-15 04:00:00+10:00,0.0
2018-07-15 04:30:00+10:00,0.0
2018-07-15 05:00:00+10:00,0.0
2018-07-15 05:30:00+10:00,0.0
2018-07-15 06:00:00+10:00,0.0
2018-07-15 06:30:00+10:00,0.0
2018-07-15 07:00:00+10:00,0.0
2018-07-15 07:30:00+10:00,0.0
2018-07-15 08:00:00+10:00,3.6260601655485765
2018-07-15 08:30:00+10:00,9.951781736049382
2018-07-15 09:00:00+10:00,16.209855720714618
2018-07-15 09:30:00+10:00,21.825138191135764
2018-07-15 10:00:00+10:00,26.600536635845877
2018-07-15 10:30:00+10:00,30.44878858672735
2018-07-15 11:00:00+10:00,33.3264409447831
2018-07-15 11:30:00+10:00,35.211214540203315
2018-07-15 12:00:00+10:00,36.09254962877315
2018-07-15 12:30:00+10:00,35.966225556201245
2018-07-15 13:00:00+10:00,34.83295260533581
2018-07-15 13:30:00+10:00,32.69805090283834
2018-07-15 14:00:00+10:00,29.574548530804584
2018-07-15 14:30:00+10:00,25.48883119667084
2018-07-15 15:00:00+10:00,20.49243549408845
2018-07-15 15:30:00+10:00,14.690869421414842
2018-07-15 16:00:00+10:00,8.334280610934758
2018-07-15 16:30:00+10:00,2.218805876714521
2018-07-15 17:00:00+10:00,0.0
2018-07-15 17:30:00+10:00,0.0
2018-07-15 18:00:00+10:00,0.0
2018-07-15 18:30:00+10:00,0.0
2018-07-15 19:00:00+10:00,0.0
2018-07-15 19:30:00+10:00,0.0
2018-07-15 20:00:00+10:00,0.0
2018-07-15 20:30:00+10:00,0.0
2018-07-15 21:00:00+10:00,0.0
2018-07-15 21:30:00+10:00,0.0
2018-07-15 22:00:00+10:00,0.0
2018-07-15 22:30:00+10:00,0.0
2018-07-15 23:00:00+10:00,0.0
2018-07-15 23:30:00+10:00,0.0
2018-07-16 00:00:00+10:00,0.0
2018-07-16 00:30:00+10:00,0.0
2018-07-16 01:00:00+10:00,0.0
2018-07-16 01:30:00+10:00,0.0
2018-07-16 02:00:00+10:00,0.0
2018-07-16 02:30:00+10:00,0.0
2018-07-16 03:00:00+10:00,0.0
2018-07-16 03:30:00+10:00,0.0
2018-07-16 04:00:00+10:00,0.0
2018-07-16 04:30:00+10:00,0.0
2018-07-16 05:00:00+10:00,0.0
2018-07-16 05:30:00+10:00,0.0
2018-07-16 06:00:00+10:00,0.0
2018-07-16 06:30:00+10:00,0.0
2018-07-16 07:00:00+10:00,0.0
2018-07-16 07:30:00+10:00,0.0
2018-07-16 08:00:00+10:00,3.8329651434179937
2018-07-16 08:30:00+10:00,10.331957076402237
2018-07-16 09:00:00+10:00,16.744770994005005
2018-07-16 09:30:00+10:00,22.492330648473217
2018-07-16 10:00:00+10:00,27.376472873196782
2018-07-16 10:30:00+10:00,31.31019985089515
2018-07-16 11:00:00+10:00,34.250892359528635
2018-07-16 11:30:00+10:00,36.177376571642775
2018-07-16 12:00:00+10:00,37.07990049755948
2018-07-16 12:30:00+10:00,36.95459907535385
2018-07-16 13:00:00+10:00,35.80213902360563
2018-07-16 13:30:00+10:00,33.627252685362585
2018-07-16 14:00:00+10:00,30.442115939123106
2018-07-16 14:30:00+10:00,26.27179492475674
2018-07-16 15:00:00+10:00,21.16689679086539
2018-07-16 15:30:00+10:00,15.232305327886156
2018-07-16 16:00:00+10:00,8.718135485153528
2018-07-16 16:30:00+10:00,2.4180219888465455
2018-07-16 17:00:00+10:00,0.0
2018-07-16 17:30:00+10:00,0.0
2018-07-16 18:00:00+10:00,0.0
2018-07-16 18:30:00+10:00,0.0
2018-07-16 19:00:00+10:00,0.0
2018-07-16 19:30:00+10:00,0.0
2018-07-16 20:00:00+10:00,0.0
2018-07-16 20:30:00+10:00,0.0
2018-07-16 21:00:00+10:00,0.0
2018-07-16 21:30:00+10:00,0.0
2018-07-16 22:00:00+10:00,0.0
2018-07-16 22:30:00+10:00,0.0
2018-07-16 23:00:00+10:00,0.0
2018-07-16 23:30:00+10:00,0.0
2018-07-17 00:00:00+10:00,0.0
2018-07-17 00:30:00+10:00,0.0
2018-07-17 01:00:00+10:00,0.0
2018-07-17 01:30:00+10:00,0.0
2018-07-17 02:00:00+10:00,0.0
2018-07-17 02:30:00+10:00,0.0
2018-07-17 03:00:00+10:00,0.0
2018-07-17 03:30:00+10:00,0.0
2018-07-17 04:00:00+10:00,0.0
2018-07-17 04:30:00+10:00,0.0
2018-07-17 05:00:00+10:00,0.0
2018-07-17 05:30:00+10:00,0.0
2018-07-17 06:00:00+10:00,0.0
2018-07-17 06:30:00+10:00,0.0
2018-07-17 07:00:00+10:00,0.0
2018-07-17 07:30:00+10:00,0.0
2018-07-17 08:00:00+10:00,3.908027728871096
2018-07-17 08:30:00+10:00,10.416172546938295
2018-07-17 09:00:00+10:00,16.832255462234517
2018-07-17 09:30:00+10:00,22.581857826108205
2018-07-17 10:00:00+10:00,27.467631990656994
2018-07-17 10:30:00+10:00,31.402819298609337
2018-07-17 11:00:00+10:00,34.34510463297208
2018-07-17 11:30:00+10:00,36.27359760127749
2018-07-17 12:00:00+10:00,37.17872636611471
2018-07-17 12:30:00+10:00,37.05680122212846
2018-07-17 13:00:00+10:00,35.90839152645774
2018-07-17 13:30:00+10:00,33.738117202122865
2018-07-17 14:00:00+10:00,30.557792585092415
2018-07-17 14:30:00+10:00,26.392142054323365
2018-07-17 15:00:00+10:00,21.291240004882443
2018-07-17 15:30:00+10:00,15.359095046292593
2018-07-17 16:00:00+10:00,8.843645672122928
2018-07-17 16:30:00+10:00,2.5224309502954974
2018-07-17 17:00:00+10:00,0.0
2018-07-17 17:30:00+10:00,0.0
2018-07-17 18:00:00+10:00,0.0
2018-07-17 18:30:00+10:00,0.0
2018-07-17 19:00:00+10:00,0.0
2018-07-17 19:30:00+10:00,0.0
2018-07-17 20:00:00+10:00,0.0
2018-07-17 20:30:00+10:00,0.0
2018-07-17 21:00:00+10:00,0.0
2018-07-17 21:30:00+10:00,0.0
2018-07-17 22:00:00+10:00,0.0
2018-07-17 22:30:00+10:00,0.0
2018-07-17 23:00:00+10:00,0.0
2018-07-17 23:30:00+10:00,0.0
2018-07-18 00:00:00+10:00,0.0
2018-07-18 00:30:00+10:00,0.0
2018-07-18 01:00:00+10:00,0.0
2018-07-18 01:30:00+10:00,0.0
2018-07-18 02:00:00+10:00,0.0
2018-07-18 02:30:00+10:00,0.0
2018-07-18 03:00:00+10:00,0.0
2018-07-18 03:30:00+10:00,0.0
2018-07-18 04:00:00+10:00,0.0
2018-07-18 04:30:00+10:00,0.0
2018-07-18 05:00:00+10:00,0.0
2018-07-18 05:30:00+10:00,0.0
2018-07-18 06:00:00+10:00,0.0
2018-07-18 06:30:00+10:00,0.0
2018-07-18 07:00:00+10:00,0.0
2018-07-18 07:30:00+10:00,0.0
2018-07-18 08:00:00+10:00,4.597057366376033
2018-07-18 08:30:00+10:00,11.921680677854376
2018-07-18 09:00:00+10:00,19.10253233560857
2018-07-18 09:30:00+10:00,25.50931191337849
2018-07-18 10:00:00+10:00,30.93215531966873
2018-07-18 10:30:00+10:00,35.285186969533285
2018-07-18 11:00:00+10:00,38.53147582256835
2018-07-18 11:30:00+10:00,40.65576099845857
2018-07-18 12:00:00+10:00,41.653226656041916
2018-07-18 12:30:00+10:00,41.52251609494854
2018-07-18 13:00:00+10:00,40.263876994176115
2018-07-18 13:30:00+10:00,37.87906696832308
2018-07-18 14:00:00+10:00,34.37465883278338
2018-07-18 14:30:00+10:00,29.76933506950788
2018-07-18 15:00:00+10:00,24.10839744752125
2018-07-18 15:30:00+10:00,17.496562958337076
2018-07-18 16:00:00+10:00,10.198075644963895
2018-07-18 16:30:00+10:00,3.0638525393476104
2018-07-18 17:00:00+10:00,0.0
2018-07-18 17:30:00+10:00,0.0
2018-07-18 18:00:00+10:00,0.0
2018-07-18 18:30:00+10:00,0.0
2018-07-18 19:00:00+10:00,0.0
2018-07-18 19:30:00+10:00,0.0
2018-07-18 20:00:00+10:00,0.0
2018-07-18 20:30:00+10:00,0.0
2018-07-18 21:00:00+10:00,0.0
2018-07-18 21:30:00+10:00,0.0
2018-07-18 22:00:00+10:00,0.0
2018-07-18 22:30:00+10:00,0.0
2018-07-18 23:00:00+10:00,0.0
2018-07-18 23:30:00+10:00,0.0
2018-07-19 00:00:00+10:00,0.0
2018-07-19 00:30:00+10:00,0.0
2018-07-19 01:00:00+10:00,0.0
2018-07-19 01:30:00+10:00,0.0
2018-07-19 02:00:00+10:00,0.0
2018-07-19 02:30:00+10:00,0.0
2018-07-19 03:00:00+10:00,0.0
2018-07-19 03:30:00+10:00,0.0
2018-07-19 04:00:00+10:00,0.0
2018-07-19 04:30:00+10:00,0.0
2018-07-19 05:00:00+10:00,0.0
2018-07-19 05:30:00+10:00,0.0
2018-07-19 06:00:00+10:00,0.0
2018-07-19 06:30:00+10:00,0.0
2018-07-19 07:00:00+10:00,0.0
2018-07-19 07:30:00+10:00,0.0
2018-07-19 08:00:00+10:00,4.251988430870362
2018-07-19 08:30:00+10:00,11.022091045028361
2018-07-19 09:00:00+10:00,17.67400042604239
2018-07-19 09:30:00+10:00,23.627191559774893
2018-07-19 10:00:00+10:00,28.68126515043943
2018-07-19 10:30:00+10:00,32.749333682985466
2018-07-19 11:00:00+10:00,35.79003532128171
2018-07-19 11:30:00+10:00,37.78388306956994
2018-07-19 12:00:00+10:00,38.72219891102388
2018-07-19 12:30:00+10:00,38.602459353279315
2018-07-19 13:00:00+10:00,37.424536720108584
2018-07-19 13:30:00+10:00,35.19248529111285
2018-07-19 14:00:00+10:00,31.916829490830644
2018-07-19 14:30:00+10:00,27.620727884795926
2018-07-19 15:00:00+10:00,22.353032269747647
2018-07-19 15:30:00+10:00,16.217624861651174
2018-07-19 16:00:00+10:00,9.46319675980692
2018-07-19 16:30:00+10:00,2.8634646777043296
2018-07-19 17:00:00+10:00,0.0
2018-07-19 17:30:00+10:00,0.0
2018-07-19 18:00:00+10:00,0.0
2018-07-19 18:30:00+10:00,0.0
2018-07-19 19:00:00+10:00,0.0
2018-07-19 19:30:00+10:00,0.0
2018-07-19 20:00:00+10:00,0.0
2018-07-19 20:30:00+10:00,0.0
2018-07-19 21:00:00+10:00,0.0
2018-07-19 21:30:00+10:00,0.0
2018-07-19 22:00:00+10:00,0.0
2018-07-19 22:30:00+10:00,0.0
2018-07-19 23:00:00+10:00,0.0
2018-07-19 23:30:00+10:00,0.0
2018-07-20 00:00:00+10:00,0.0
2018-07-20 00:30:00+10:00,0.0
2018-07-20 01:00:00+10:00,0.0
2018-07-20 01:30:00+10:00,0.0
2018-07-20 02:00:00+10:00,0.0
2018-07-20 02:30:00+10:00,0.0
2018-07-20 03:00:00+10:00,0.0
2018-07-20 03:30:00+10:00,0.0
2018-07-20 04:00:00+10:00,0.0
2018-07-20 04:30:00+10:00,0.0
2018-07-20 05:00:00+10:00,0.0
2018-07-20 05:30:00+10:00,0.0
2018-07-20 06:00:00+10:00,0.0
2018-07-20 06:30:00+10:00,0.0
2018-07-20 07:00:00+10:00,0.0
2018-07-20 07:30:00+10:00,0.0
2018-07-20 08:00:00+10:00,4.424428397550936
2018-07-20 08:30:00+10:00,11.305592480208741
2018-07-20 09:00:00+10:00,18.055649825102854
2018-07-20 09:30:00+10:00,24.094388131561868
2018-07-20 10:00:00+10:00,29.220277611917993
2018-07-20 10:30:00+10:00,33.3458595251083
2018-07-20 11:00:00+10:00,36.42984322621252
2018-07-20 11:30:00+10:00,38.45269220465896
2018-07-20 12:00:00+10:00,39.40589041102178
2018-07-20 12:30:00+10:00,39.286952920427446
2018-07-20 13:00:00+10:00,38.09573459389029
2018-07-20 13:30:00+10:00,35.83628021089425
2018-07-20 14:00:00+10:00,32.51880798520821
2018-07-20 14:30:00+10:00,28.166489209476676
2018-07-20 15:00:00+10:00,22.828063364443075
2018-07-20 15:30:00+10:00,16.607741966169712
2018-07-20 16:00:00+10:00,9.754440756599209
2018-07-20 16:30:00+10:00,3.0349701237490776
2018-07-20 17:00:00+10:00,0.0
2018-07-20 17:30:00+10:00,0.0
2018-07-20 18:00:00+10:00,0.0
2018-07-20 18:30:00+10:00,0.0
2018-07-20 19:00:00+10:00,0.0
2018-07-20 19:30:00+10:00,0.0
2018-07-20 20:00:00+10:00,0.0
2018-07-20 20:30:00+10:00,0.0
2018-07-20 21:00:00+10:00,0.0
2018-07-20 21:30:00+10:00,0.0
2018-07-20 22:00:00+10:00,0.0
2018-07-20 22:30:00+10:00,0.0
2018-07-20 23:00:00+10:00,0.0
2018-07-20 23:30:00+10:00,0.0
2018-07-21 00:00:00+10:00,0.0
2018-07-21 00:30:00+10:00,0.0
2018-07-21 01:00:00+10:00,0.0
2018-07-21 01:30:00+10:00,0.0
2018-07-21 02:00:00+10:00,0.0
2018-07-21 02:30:00+10:00,0.0
2018-07-21 03:00:00+10:00,0.0
2018-07-21 03:30:00+10:00,0.0
2018-07-21 04:00:00+10:00,0.0
2018-07-21 04:30:00+10:00,0.0
2018-07-21 05:00:00+10:00,0.0
2018-07-21 05:30:00+10:00,0.0
2018-07-21 06:00:00+10:00,0.0
2018-07-21 06:30:00+10:00,0.0
2018-07-21 07:00:00+10:00,0.0
2018-07-21 07:30:00+10:00,0.0
2018-07-21 08:00:00+10:00,5.162860565706808
2018-07-21 08:30:00+10:00,12.837501092162473
2018-07-21 09:00:00+10:00,20.322124688689875
2018-07-21 09:30:00+10:00,26.988062017679386
2018-07-21 10:00:00+10:00,32.6239257419453
2018-07-21 10:30:00+10:00,37.14439234893004
2018-07-21 11:00:00+10:00,40.514339506806934
2018-07-21 11:30:00+10:00,42.72077340400727
2018-07-21 12:00:00+10:00,43.76037838486824
2018-07-21 12:30:00+10:00,43.63325069577136
2018-07-21 13:00:00+10:00,42.33879598539635
2018-07-21 13:30:00+10:00,39.878017979394734
2018-07-21 14:00:00+10:00,36.25553189446876
2018-07-21 14:30:00+10:00,31.487588018422784
2018-07-21 15:00:00+10:00,25.617252296518895
2018-07-21 15:30:00+10:00,18.74787769237922
2018-07-21 16:00:00+10:00,11.142304478260266
2018-07-21 16:30:00+10:00,3.6296240300213
2018-07-21 17:00:00+10:00,0.0
2018-07-21 17:30:00+10:00,0.0
2018-07-21 18:00:00+10:00,0.0
2018-07-21 18:30:00+10:00,0.0
2018-07-21 19:00:00+10:00,0.0
2018-07-21 19:30:00+10:00,0.0
2018-07-21 20:00:00+10:00,0.0
2018-07-21 20:30:00+10:00,0.0
2018-07-21 21:00:00+10:00,0.0
2018-07-21 21:30:00+10:00,0.0
2018-07-21 22:00:00+10:00,0.0
2018-07-21 22:30:00+10:00,0.0
2018-07-21 23:00:00+10:00,0.0
2018-07-21 23:30:00+10:00,0.0
2018-07-22 00:00:00+10:00,0.0
2018-07-22 00:30:00+10:00,0.0
2018-07-22 01:00:00+10:00,0.0
2018-07-22 01:30:00+10:00,0.0
2018-07-22 02:00:00+10:00,0.0
2018-07-22 02:30:00+10:00,0.0
2018-07-22 03:00:00+10:00,0.0
2018-07-22 03:30:00+10:00,0.0
2018-07-22 04:00:00+10:00,0.0
2018-07-22 04:30:00+10:00,0.0
2018-07-22 05:00:00+10:00,0.0
2018-07-22 05:30:00+10:00,0.0
2018-07-22 06:00:00+10:00,0.0
2018-07-22 06:30:00+10:00,0.0
2018-07-22 07:00:00+10:00,0.0
2018-07-22 07:30:00+10:00,0.0
2018-07-22 08:00:00+10:00,4.474846771832245
2018-07-22 08:30:00+10:00,11.176732307142414
2018-07-22 09:00:00+10:00,17.740251176883866
2018-07-22 09:30:00+10:00,23.615554292175116
2018-07-22 10:00:00+10:00,28.607037579645173
2018-07-22 10:30:00+10:00,32.627875517137
2018-07-22 11:00:00+10:00,35.63592352812499
2018-07-22 11:30:00+10:00,37.611245367687005
2018-07-22 12:00:00+10:00,38.54417134321551
2018-07-22 12:30:00+10:00,38.43187268001817
2018-07-22 13:00:00+10:00,37.27435863169856
2018-07-22 13:30:00+10:00,35.07605576874211
2018-07-22 14:00:00+10:00,31.847942026091104
2018-07-22 14:30:00+10:00,27.61389644241006
2018-07-22 15:00:00+10:00,22.422993092803704
2018-07-22 15:30:00+10:00,16.377589118430592
2018-07-22 16:00:00+10:00,9.716367296562893
2018-07-22 16:30:00+10:00,3.1556029875073195
2018-07-22 17:00:00+10:00,0.0
2018-07-22 17:30:00+10:00,0.0
2018-07-22 18:00:00+10:00,0.0
2018-07-22 18:30:00+10:00,0.0
2018-07-22 19:00:00+10:00,0.0
2018-07-22 19:30:00+10:00,0.0
2018-07-22 20:00:00+10:00,0.0
2018-07-22 20:30:00+10:00,0.0
2018-07-22 21:00:00+10:00,0.0
2018-07-22 21:30:00+10:00,0.0
2018-07-22 22:00:00+10:00,0.0
2018-07-22 22:30:00+10:00,0.0
2018-07-22 23:00:00+10:00,0.0
2018-07-22 23:30:00+10:00,0.0
2018-07-23 00:00:00+10:00,0.0
2018-07-23 00:30:00+10:00,0.0
2018-07-23 01:00:00+10:00,0.0
2018-07-23 01:30:00+10:00,0.0
2018-07-23 02:00:00+10:00,0.0
2018-07-23 02:30:00+10:00,0.0
2018-07-23 03:00:00+10:00,0.0
2018-07-23 03:30:00+10:00,0.0
2018-07-23 04:00:00+10:00,0.0
2018-07-23 04:30:00+10:00,0.0
2018-07-23 05:00:00+10:00,0.0
2018-07-23 05:30:00+10:00,0.0
2018-07-23 06:00:00+10:00,0.0
2018-07-23 06:30:00+10:00,0.0
2018-07-23 07:00:00+10:00,0.0
2018-07-23 07:30:00+10:00,0.0
2018-07-23 08:00:00+10:00,4.680606643214396
2018-07-23 08:30:00+10:00,11.506059578096227
2018-07-23 09:00:00+10:00,18.176870661340576
2018-07-23 09:30:00+10:00,24.144209881460565
2018-07-23 10:00:00+10:00,29.211785857596773
2018-07-23 10:30:00+10:00,33.29268409641156
2018-07-23 11:00:00+10:00,36.34524216639819
2018-07-23 11:30:00+10:00,38.34959138050997
2018-07-23 12:00:00+10:00,39.297058245870076
2018-07-23 12:30:00+10:00,39.184376110737745
2018-07-23 13:00:00+10:00,38.012037980527474
2018-07-23 13:30:00+10:00,35.78391275642376
2018-07-23 14:00:00+10:00,32.510734793350856
2018-07-23 14:30:00+10:00,28.215743305492936
2018-07-23 15:00:00+10:00,22.947654623084578
2018-07-23 15:30:00+10:00,16.80887378256135
2018-07-23 16:00:00+10:00,10.038249450509124
2018-07-23 16:30:00+10:00,3.347290777453751
2018-07-23 17:00:00+10:00,0.0
2018-07-23 17:30:00+10:00,0.0
2018-07-23 18:00:00+10:00,0.0
2018-07-23 18:30:00+10:00,0.0
2018-07-23 19:00:00+10:00,0.0
2018-07-23 19:30:00+10:00,0.0
2018-07-23 20:00:00+10:00,0.0
2018-07-23 20:30:00+10:00,0.0
2018-07-23 21:00:00+10:00,0.0
2018-07-23 21:30:00+10:00,0.0
2018-07-23 22:00:00+10:00,0.0
2018-07-23 22:30:00+10:00,0.0
2018-07-23 23:00:00+10:00,0.0
2018-07-23 23:30:00+10:00,0.0
2018-07-24 00:00:00+10:00,0.0
2018-07-24 00:30:00+10:00,0.0
2018-07-24 01:00:00+10:00,0.0
2018-07-24 01:30:00+10:00,0.0
2018-07-24 02:00:00+10:00,0.0
2018-07-24 02:30:00+10:00,0.0
2018-07-24 03:00:00+10:00,0.0
2018-07-24 03:30:00+10:00,0.0
2018-07-24 04:00:00+10:00,0.0
2018-07-24 04:30:00+10:00,0.0
2018-07-24 05:00:00+10:00,0.0
2018-07-24 05:30:00+10:00,0.0
2018-07-24 06:00:00+10:00,0.0
2018-07-24 06:30:00+10:00,0.0
2018-07-24 07:00:00+10:00,0.0
2018-07-24 07:30:00+10:00,0.0
2018-07-24 08:00:00+10:00,4.211676954015931
2018-07-24 08:30:00+10:00,10.343884283695228
2018-07-24 09:00:00+10:00,16.351293602223528
2018-07-24 09:30:00+10:00,21.743733077218444
2018-07-24 10:00:00+10:00,26.338158340684686
2018-07-24 10:30:00+10:00,30.04889808642571
2018-07-24 11:00:00+10:00,32.8313231585214
2018-07-24 11:30:00+10:00,34.66170017559888
2018-07-24 12:00:00+10:00,35.528283377508764
2018-07-24 12:30:00+10:00,35.42619383317268
2018-07-24 13:00:00+10:00,34.35613080675831
2018-07-24 13:30:00+10:00,32.32393486234608
2018-07-24 14:00:00+10:00,29.343556524882942
2018-07-24 14:30:00+10:00,25.442114336030485
2018-07-24 15:00:00+10:00,20.67067061693778
2018-07-24 15:30:00+10:00,15.128764573860536
2018-07-24 16:00:00+10:00,9.036349660145284
2018-07-24 16:30:00+10:00,3.022823248693365
2018-07-24 17:00:00+10:00,0.0
2018-07-24 17:30:00+10:00,0.0
2018-07-24 18:00:00+10:00,0.0
2018-07-24 18:30:00+10:00,0.0
2018-07-24 19:00:00+10:00,0.0
2018-07-24 19:30:00+10:00,0.0
2018-07-24 20:00:00+10:00,0.0
2018-07-24 20:30:00+10:00,0.0
2018-07-24 21:00:00+10:00,0.0
2018-07-24 21:30:00+10:00,0.0
2018-07-24 22:00:00+10:00,0.0
2018-07-24 22:30:00+10:00,0.0
2018-07-24 23:00:00+10:00,0.0
2018-07-24 23:30:00+10:00,0.0
2018-07-25 00:00:00+10:00,0.0
2018-07-25 00:30:00+10:00,0.0
2018-07-25 01:00:00+10:00,0.0
2018-07-25 01:30:00+10:00,0.0
2018-07-25 02:00:00+10:00,0.0
2018-07-25 02:30:00+10:00,0.0
2018-07-25 03:00:00+10:00,0.0
2018-07-25 03:30:00+10:00,0.0
2018-07-25 04:00:00+10:00,0.0
2018-07-25 04:30:00+10:00,0.0
2018-07-25 05:00:00+10:00,0.0
2018-07-25 05:30:00+10:00,0.0
2018-07-25 06:00:00+10:00,0.0
2018-07-25 06:30:00+10:00,0.0
2018-07-25 07:00:00+10:00,0.0
2018-07-25 07:30:00+10:00,0.0
2018-07-25 08:00:00+10:00,4.734729531958867
2018-07-25 08:30:00+10:00,11.351392629413263
2018-07-25 09:00:00+10:00,17.805820726376773
2018-07-25 09:30:00+10:00,23.583184804333403
2018-07-25 10:00:00+10:00,28.49385619799239
2018-07-25 10:30:00+10:00,32.45189025088574
2018-07-25 11:00:00+10:00,35.4148665111033
2018-07-25 11:30:00+10:00,37.36205731347706
2018-07-25 12:00:00+10:00,38.283361469350076
2018-07-25 12:30:00+10:00,38.17568469720298
2018-07-25 13:00:00+10:00,37.03904502832076
2018-07-25 13:30:00+10:00,34.878173621953785
2018-07-25 14:00:00+10:00,31.704531283597692
2018-07-25 14:30:00+10:00,27.54260310934493
2018-07-25 15:00:00+10:00,22.441459095656796
2018-07-25 15:30:00+10:00,16.501667122346532
2018-07-25 16:00:00+10:00,9.951738432720147
2018-07-25 16:30:00+10:00,3.4525880442162107
2018-07-25 17:00:00+10:00,0.0
2018-07-25 17:30:00+10:00,0.0
2018-07-25 18:00:00+10:00,0.0
2018-07-25 18:30:00+10:00,0.0
2018-07-25 19:00:00+10:00,0.0
2018-07-25 19:30:00+10:00,0.0
2018-07-25 20:00:00+10:00,0.0
2018-07-25 20:30:00+10:00,0.0
2018-07-25 21:00:00+10:00,0.0
2018-07-25 21:30:00+10:00,0.0
2018-07-25 22:00:00+10:00,0.0
2018-07-25 22:30:00+10:00,0.0
2018-07-25 23:00:00+10:00,0.0
2018-07-25 23:30:00+10:00,0.0
2018-07-26 00:00:00+10:00,0.0
2018-07-26 00:30:00+10:00,0.0
2018-07-26 01:00:00+10:00,0.0
2018-07-26 01:30:00+10:00,0.0
2018-07-26 02:00:00+10:00,0.0
2018-07-26 02:30:00+10:00,0.0
2018-07-26 03:00:00+10:00,0.0
2018-07-26 03:30:00+10:00,0.0
2018-07-26 04:00:00+10:00,0.0
2018-07-26 04:30:00+10:00,0.0
2018-07-26 05:00:00+10:00,0.0
2018-07-26 05:30:00+10:00,0.0
2018-07-26 06:00:00+10:00,0.0
2018-07-26 06:30:00+10:00,0.0
2018-07-26 07:00:00+10:00,0.0
2018-07-26 07:30:00+10:00,0.0
2018-07-26 08:00:00+10:00,4.1713431630984665
2018-07-26 08:30:00+10:00,10.015610131064358
2018-07-26 09:00:00+10:00,15.732861344372001
2018-07-26 09:30:00+10:00,20.8709971883657
2018-07-26 10:00:00+10:00,25.255300472203356
2018-07-26 10:30:00+10:00,28.801245252886787
2018-07-26 11:00:00+10:00,31.463315466687447
2018-07-26 11:30:00+10:00,33.21626302667591
2018-07-26 12:00:00+10:00,34.046981192675105
2018-07-26 12:30:00+10:00,33.94999807335499
2018-07-26 13:00:00+10:00,32.92605374830496
2018-07-26 13:30:00+10:00,30.981759413821024
2018-07-26 14:00:00+10:00,28.132572974865422
2018-07-26 14:30:00+10:00,24.40691199236608
2018-07-26 15:00:00+10:00,19.85649293673809
2018-07-26 15:30:00+10:00,14.578792652555405
2018-07-26 16:00:00+10:00,8.781626269284427
2018-07-26 16:30:00+10:00,3.0407409744083864
2018-07-26 17:00:00+10:00,0.0
2018-07-26 17:30:00+10:00,0.0
2018-07-26 18:00:00+10:00,0.0
2018-07-26 18:30:00+10:00,0.0
2018-07-26 19:00:00+10:00,0.0
2018-07-26 19:30:00+10:00,0.0
2018-07-26 20:00:00+10:00,0.0
2018-07-26 20:30:00+10:00,0.0
2018-07-26 21:00:00+10:00,0.0
2018-07-26 21:30:00+10:00,0.0
2018-07-26 22:00:00+10:00,0.0
2018-07-26 22:30:00+10:00,0.0
2018-07-26 23:00:00+10:00,0.0
2018-07-26 23:30:00+10:00,0.0
2018-07-27 00:00:00+10:00,0.0
2018-07-27 00:30:00+10:00,0.0
2018-07-27 01:00:00+10:00,0.0
2018-07-27 01:30:00+10:00,0.0
2018-07-27 02:00:00+10:00,0.0
2018-07-27 02:30:00+10:00,0.0
2018-07-27 03:00:00+10:00,0.0
2018-07-27 03:30:00+10:00,0.0
2018-07-27 04:00:00+10:00,0.0
2018-07-27 04:30:00+10:00,0.0
2018-07-27 05:00:00+10:00,0.0
2018-07-27 05:30:00+10:00,0.0
2018-07-27 06:00:00+10:00,0.0
2018-07-27 06:30:00+10:00,0.0
2018-07-27 07:00:00+10:00,0.0
2018-07-27 07:30:00+10:00,0.01825356818745886
2018-07-27 08:00:00+10:00,5.540978619449018
2018-07-27 08:30:00+10:00,12.7826866114472
2018-07-27 09:00:00+10:00,19.800151738070284
2018-07-27 09:30:00+10:00,26.057407638965085
2018-07-27 10:00:00+10:00,31.35962014932192
2018-07-27 10:30:00+10:00,35.62214809697027
2018-07-27 11:00:00+10:00,38.806335906790565
2018-07-27 11:30:00+10:00,40.89559368290586
2018-07-27 12:00:00+10:00,41.883342963040796
2018-07-27 12:30:00+10:00,41.76822868567982
2018-07-27 13:00:00+10:00,40.549954891681786
2018-07-27 13:30:00+10:00,38.23105492900537
2018-07-27 14:00:00+10:00,34.819784460142856
2018-07-27 14:30:00+10:00,30.33590474733271
2018-07-27 15:00:00+10:00,24.82520881358723
2018-07-27 15:30:00+10:00,18.387811427229405
2018-07-27 16:00:00+10:00,11.260150740760041
2018-07-27 16:30:00+10:00,4.128044437098792
2018-07-27 17:00:00+10:00,0.0
2018-07-27 17:30:00+10:00,0.0
2018-07-27 18:00:00+10:00,0.0
2018-07-27 18:30:00+10:00,0.0
2018-07-27 19:00:00+10:00,0.0
2018-07-27 19:30:00+10:00,0.0
2018-07-27 20:00:00+10:00,0.0
2018-07-27 20:30:00+10:00,0.0
2018-07-27 21:00:00+10:00,0.0
2018-07-27 21:30:00+10:00,0.0
2018-07-27 22:00:00+10:00,0.0
2018-07-27 22:30:00+10:00,0.0
2018-07-27 23:00:00+10:00,0.0
2018-07-27 23:30:00+10:00,0.0
2018-07-28 00:00:00+10:00,0.0
2018-07-28 00:30:00+10:00,0.0
2018-07-28 01:00:00+10:00,0.0
2018-07-28 01:30:00+10:00,0.0
2018-07-28 02:00:00+10:00,0.0
2018-07-28 02:30:00+10:00,0.0
2018-07-28 03:00:00+10:00,0.0
2018-07-28 03:30:00+10:00,0.0
2018-07-28 04:00:00+10:00,0.0
2018-07-28 04:30:00+10:00,0.0
2018-07-28 05:00:00+10:00,0.0
2018-07-28 05:30:00+10:00,0.0
2018-07-28 06:00:00+10:00,0.0
2018-07-28 06:30:00+10:00,0.0
2018-07-28 07:00:00+10:00,0.0
2018-07-28 07:30:00+10:00,0.07159707648188987
2018-07-28 08:00:00+10:00,5.540129410808483
2018-07-28 08:30:00+10:00,12.627062772607367
2018-07-28 09:00:00+10:00,19.488459835789033
2018-07-28 09:30:00+10:00,25.60847001545316
2018-07-28 10:00:00+10:00,30.79685625214163
2018-07-28 10:30:00+10:00,34.969681714383114
2018-07-28 11:00:00+10:00,38.08791791783326
2018-07-28 11:30:00+10:00,40.13432373077932
2018-07-28 12:00:00+10:00,41.10190573865197
2018-07-28 12:30:00+10:00,40.98845959328829
2018-07-28 13:00:00+10:00,39.79435669609921
2018-07-28 13:30:00+10:00,37.5224373021374
2018-07-28 14:00:00+10:00,34.181090261573395
2018-07-28 14:30:00+10:00,29.79117999851717
2018-07-28 15:00:00+10:00,24.398697028211615
2018-07-28 15:30:00+10:00,18.102608021038066
2018-07-28 16:00:00+10:00,11.133074503192358
2018-07-28 16:30:00+10:00,4.1488788875465925
2018-07-28 17:00:00+10:00,0.0
2018-07-28 17:30:00+10:00,0.0
2018-07-28 18:00:00+10:00,0.0
2018-07-28 18:30:00+10:00,0.0
2018-07-28 19:00:00+10:00,0.0
2018-07-28 19:30:00+10:00,0.0
2018-07-28 20:00:00+10:00,0.0
2018-07-28 20:30:00+10:00,0.0
2018-07-28 21:00:00+10:00,0.0
2018-07-28 21:30:00+10:00,0.0
2018-07-28 22:00:00+10:00,0.0
2018-07-28 22:30:00+10:00,0.0
2018-07-28 23:00:00+10:00,0.0
2018-07-28 23:30:00+10:00,0.0
2018-07-29 00:00:00+10:00,0.0
2018-07-29 00:30:00+10:00,0.0
2018-07-29 01:00:00+10:00,0.0
2018-07-29 01:30:00+10:00,0.0
2018-07-29 02:00:00+10:00,0.0
2018-07-29 02:30:00+10:00,0.0
2018-07-29 03:00:00+10:00,0.0
2018-07-29 03:30:00+10:00,0.0
2018-07-29 04:00:00+10:00,0.0
2018-07-29 04:30:00+10:00,0.0
2018-07-29 05:00:00+10:00,0.0
2018-07-29 05:30:00+10:00,0.0
2018-07-29 06:00:00+10:00,0.0
2018-07-29 06:30:00+10:00,0.0
2018-07-29 07:00:00+10:00,0.0
2018-07-29 07:30:00+10:00,0.14700501458970106
2018-07-29 08:00:00+10:00,5.681215384634746
2018-07-29 08:30:00+10:00,12.760321050471832
2018-07-29 09:00:00+10:00,19.602810203684424
2018-07-29 09:30:00+10:00,25.70494113070386
2018-07-29 10:00:00+10:00,30.878349736250126
2018-07-29 10:30:00+10:00,35.039458782438714
2018-07-29 11:00:00+10:00,38.149197954830655
2018-07-29 11:30:00+10:00,40.18984725814263
2018-07-29 12:00:00+10:00,41.154163705854316
2018-07-29 12:30:00+10:00,41.04039734201252
2018-07-29 13:00:00+10:00,39.84828684906227
2018-07-29 13:30:00+10:00,37.580900710816316
2018-07-29 14:00:00+10:00,34.247183605663864
2018-07-29 14:30:00+10:00,29.868175737808755
2018-07-29 15:00:00+10:00,24.489837095163143
2018-07-29 15:30:00+10:00,18.210958197336307
2018-07-29 16:00:00+10:00,11.258908162330979
2018-07-29 16:30:00+10:00,4.276850484040818
2018-07-29 17:00:00+10:00,0.0
2018-07-29 17:30:00+10:00,0.0
2018-07-29 18:00:00+10:00,0.0
2018-07-29 18:30:00+10:00,0.0
2018-07-29 19:00:00+10:00,0.0
2018-07-29 19:30:00+10:00,0.0
2018-07-29 20:00:00+10:00,0.0
2018-07-29 20:30:00+10:00,0.0
2018-07-29 21:00:00+10:00,0.0
2018-07-29 21:30:00+10:00,0.0
2018-07-29 22:00:00+10:00,0.0
2018-07-29 22:30:00+10:00,0.0
2018-07-29 23:00:00+10:00,0.0
2018-07-29 23:30:00+10:00,0.0
2018-07-30 00:00:00+10:00,0.0
2018-07-30 00:30:00+10:00,0.0
2018-07-30 01:00:00+10:00,0.0
2018-07-30 01:30:00+10:00,0.0
2018-07-30 02:00:00+10:00,0.0
2018-07-30 02:30:00+10:00,0.0
2018-07-30 03:00:00+10:00,0.0
2018-07-30 03:30:00+10:00,0.0
2018-07-30 04:00:00+10:00,0.0
2018-07-30 04:30:00+10:00,0.0
2018-07-30 05:00:00+10:00,0.0
2018-07-30 05:30:00+10:00,0.0
2018-07-30 06:00:00+10:00,0.0
2018-07-30 06:30:00+10:00,0.0
2018-07-30 07:00:00+10:00,0.0
2018-07-30 07:30:00+10:00,0.17742260217752379
2018-07-30 08:00:00+10:00,5.495738849046373
2018-07-30 08:30:00+10:00,12.223739735360539
2018-07-30 09:00:00+10:00,18.729247885763773
2018-07-30 09:30:00+10:00,24.540860427055488
2018-07-30 10:00:00+10:00,29.47718251849069
2018-07-30 10:30:00+10:00,33.454117959996466
2018-07-30 11:00:00+10:00,36.43020453576848
2018-07-30 11:30:00+10:00,38.38475021168538
2018-07-30 12:00:00+10:00,39.30861349287928
2018-07-30 12:30:00+10:00,39.19812382834573
2018-07-30 13:00:00+10:00,38.05391157100579
2018-07-30 13:30:00+10:00,35.880279864158496
2018-07-30 14:00:00+10:00,32.688376142630446
2018-07-30 14:30:00+10:00,28.50229624914917
2018-07-30 15:00:00+10:00,23.3704294484387
2018-07-30 15:30:00+10:00,17.391038969429662
2018-07-30 16:00:00+10:00,10.782565503886207
2018-07-30 16:30:00+10:00,4.14426002289953
2018-07-30 17:00:00+10:00,0.0
2018-07-30 17:30:00+10:00,0.0
2018-07-30 18:00:00+10:00,0.0
2018-07-30 18:30:00+10:00,0.0
2018-07-30 19:00:00+10:00,0.0
2018-07-30 19:30:00+10:00,0.0
2018-07-30 20:00:00+10:00,0.0
2018-07-30 20:30:00+10:00,0.0
2018-07-30 21:00:00+10:00,0.0
2018-07-30 21:30:00+10:00,0.0
2018-07-30 22:00:00+10:00,0.0
2018-07-30 22:30:00+10:00,0.0
2018-07-30 23:00:00+10:00,0.0
2018-07-30 23:30:00+10:00,0.0
2018-07-31 00:00:00+10:00,0.0
2018-07-31 00:30:00+10:00,0.0
2018-07-31 01:00:00+10:00,0.0
2018-07-31 01:30:00+10:00,0.0
2018-07-31 02:00:00+10:00,0.0
2018-07-31 02:30:00+10:00,0.0
2018-07-31 03:00:00+10:00,0.0
2018-07-31 03:30:00+10:00,0.0
2018-07-31 04:00:00+10:00,0.0
2018-07-31 04:30:00+10:00,0.0
2018-07-31 05:00:00+10:00,0.0
2018-07-31 05:30:00+10:00,0.0
2018-07-31 06:00:00+10:00,0.0
2018-07-31 06:30:00+10:00,0.0
2018-07-31 07:00:00+10:00,0.0
2018-07-31 07:30:00+10:00,0.5738227877099009
2018-07-31 08:00:00+10:00,7.553092749279084
2018-07-31 08:30:00+10:00,16.17787261284411
2018-07-31 09:00:00+10:00,24.413123289710388
2018-07-31 09:30:00+10:00,31.690547702059174
2018-07-31 10:00:00+10:00,37.811404220548816
2018-07-31 10:30:00+10:00,42.70045295544126
2018-07-31 11:00:00+10:00,46.33260021996475
2018-07-31 11:30:00+10:00,48.7054532981053
2018-07-31 12:00:00+10:00,49.8223737797202
2018-07-31 12:30:00+10:00,49.68687478707063
2018-07-31 13:00:00+10:00,48.29874608587811
2018-07-31 13:30:00+10:00,45.653992478142214
2018-07-31 14:00:00+10:00,41.749196957223425
2018-07-31 14:30:00+10:00,36.59086773504098
2018-07-31 15:00:00+10:00,30.211422841975494
2018-07-31 15:30:00+10:00,22.7044453402253
2018-07-31 16:00:00+10:00,14.316127212765457
2018-07-31 16:30:00+10:00,5.780197656066162
2018-07-31 17:00:00+10:00,0.0
2018-07-31 17:30:00+10:00,0.0
2018-07-31 18:00:00+10:00,0.0
2018-07-31 18:30:00+10:00,0.0
2018-07-31 19:00:00+10:00,0.0
2018-07-31 19:30:00+10:00,0.0
2018-07-31 20:00:00+10:00,0.0
2018-07-31 20:30:00+10:00,0.0
2018-07-31 21:00:00+10:00,0.0
2018-07-31 21:30:00+10:00,0.0
2018-07-31 22:00:00+10:00,0.0
2018-07-31 22:30:00+10:00,0.0
2018-07-31 23:00:00+10:00,0.0
2018-07-31 23:30:00+10:00,0.0
2018-08-01 00:00:00+10:00,0.0
2018-08-01 00:30:00+10:00,0.0
2018-08-01 01:00:00+10:00,0.0
2018-08-01 01:30:00+10:00,0.0
2018-08-01 02:00:00+10:00,0.0
2018-08-01 02:30:00+10:00,0.0
2018-08-01 03:00:00+10:00,0.0
2018-08-01 03:30:00+10:00,0.0
2018-08-01 04:00:00+10:00,0.0
2018-08-01 04:30:00+10:00,0.0
2018-08-01 05:00:00+10:00,0.0
2018-08-01 05:30:00+10:00,0.0
2018-08-01 06:00:00+10:00,0.0
2018-08-01 06:30:00+10:00,0.0
2018-08-01 07:00:00+10:00,0.0
2018-08-01 07:30:00+10:00,0.2540704380338422
2018-08-01 08:00:00+10:00,5.2529658270020105
2018-08-01 08:30:00+10:00,11.441525600693353
2018-08-01 09:00:00+10:00,17.423279901855413
2018-08-01 09:30:00+10:00,22.779462185518778
2018-08-01 10:00:00+10:00,27.34070962550418
2018-08-01 10:30:00+10:00,31.02402335205991
2018-08-01 11:00:00+10:00,33.78514268445441
2018-08-01 11:30:00+10:00,35.60028475655922
2018-08-01 12:00:00+10:00,36.45733391350934
2018-08-01 12:30:00+10:00,36.35140133222462
2018-08-01 13:00:00+10:00,35.28317512225651
2018-08-01 13:30:00+10:00,33.258670669160246
2018-08-01 14:00:00+10:00,30.292426842975047
2018-08-01 14:30:00+10:00,26.41162515242354
2018-08-01 15:00:00+10:00,21.667084480369407
2018-08-01 15:30:00+10:00,16.154940213611997
2018-08-01 16:00:00+10:00,10.077908483948466
2018-08-01 16:30:00+10:00,3.9675018902457255
2018-08-01 17:00:00+10:00,0.0
2018-08-01 17:30:00+10:00,0.0
2018-08-01 18:00:00+10:00,0.0
2018-08-01 18:30:00+10:00,0.0
2018-08-01 19:00:00+10:00,0.0
2018-08-01 19:30:00+10:00,0.0
2018-08-01 20:00:00+10:00,0.0
2018-08-01 20:30:00+10:00,0.0
2018-08-01 21:00:00+10:00,0.0
2018-08-01 21:30:00+10:00,0.0
2018-08-01 22:00:00+10:00,0.0
2018-08-01 22:30:00+10:00,0.0
2018-08-01 23:00:00+10:00,0.0
2018-08-01 23:30:00+10:00,0.0
2018-08-02 00:00:00+10:00,0.0
2018-08-02 00:30:00+10:00,0.0
2018-08-02 01:00:00+10:00,0.0
2018-08-02 01:30:00+10:00,0.0
2018-08-02 02:00:00+10:00,0.0
2018-08-02 02:30:00+10:00,0.0
2018-08-02 03:00:00+10:00,0.0
2018-08-02 03:30:00+10:00,0.0
2018-08-02 04:00:00+10:00,0.0
2018-08-02 04:30:00+10:00,0.0
2018-08-02 05:00:00+10:00,0.0
2018-08-02 05:30:00+10:00,0.0
2018-08-02 06:00:00+10:00,0.0
2018-08-02 06:30:00+10:00,0.0
2018-08-02 07:00:00+10:00,0.0
2018-08-02 07:30:00+10:00,0.49040797279988124
2018-08-02 08:00:00+10:00,6.207752054156418
2018-08-02 08:30:00+10:00,13.170800968221364
2018-08-02 09:00:00+10:00,19.86068227627403
2018-08-02 09:30:00+10:00,25.82379906925511
2018-08-02 10:00:00+10:00,30.882132971323927
2018-08-02 10:30:00+10:00,34.95309792066366
2018-08-02 11:00:00+10:00,37.99602412495079
2018-08-02 11:30:00+10:00,39.99177243724121
2018-08-02 12:00:00+10:00,40.931820159318804
2018-08-02 12:30:00+10:00,40.81335799560538
2018-08-02 13:00:00+10:00,39.63627080286509
2018-08-02 13:30:00+10:00,37.40510298218399
2018-08-02 14:00:00+10:00,34.12978227312827
2018-08-02 14:30:00+10:00,29.8334286890802
2018-08-02 15:00:00+10:00,24.563642677077986
2018-08-02 15:30:00+10:00,18.41803820078287
2018-08-02 16:00:00+10:00,11.612308291913138
2018-08-02 16:30:00+10:00,4.725443664326773
2018-08-02 17:00:00+10:00,0.0
2018-08-02 17:30:00+10:00,0.0
2018-08-02 18:00:00+10:00,0.0
2018-08-02 18:30:00+10:00,0.0
2018-08-02 19:00:00+10:00,0.0
2018-08-02 19:30:00+10:00,0.0
2018-08-02 20:00:00+10:00,0.0
2018-08-02 20:30:00+10:00,0.0
2018-08-02 21:00:00+10:00,0.0
2018-08-02 21:30:00+10:00,0.0
2018-08-02 22:00:00+10:00,0.0
2018-08-02 22:30:00+10:00,0.0
2018-08-02 23:00:00+10:00,0.0
2018-08-02 23:30:00+10:00,0.0
2018-08-03 00:00:00+10:00,0.0
2018-08-03 00:30:00+10:00,0.0
2018-08-03 01:00:00+10:00,0.0
2018-08-03 01:30:00+10:00,0.0
2018-08-03 02:00:00+10:00,0.0
2018-08-03 02:30:00+10:00,0.0
2018-08-03 03:00:00+10:00,0.0
2018-08-03 03:30:00+10:00,0.0
2018-08-03 04:00:00+10:00,0.0
2018-08-03 04:30:00+10:00,0.0
2018-08-03 05:00:00+10:00,0.0
2018-08-03 05:30:00+10:00,0.0
2018-08-03 06:00:00+10:00,0.0
2018-08-03 06:30:00+10:00,0.0
2018-08-03 07:00:00+10:00,0.0
2018-08-03 07:30:00+10:00,0.3533717287708098
2018-08-03 08:00:00+10:00,5.138269845740046
2018-08-03 08:30:00+10:00,10.940134376245533
2018-08-03 09:00:00+10:00,16.540999666707528
2018-08-03 09:30:00+10:00,21.561983488914354
2018-08-03 10:00:00+10:00,25.844328924401534
2018-08-03 10:30:00+10:00,29.307043343615852
2018-08-03 11:00:00+10:00,31.905186636754916
2018-08-03 11:30:00+10:00,33.61340245460714
2018-08-03 12:00:00+10:00,34.41826916438998
2018-08-03 12:30:00+10:00,34.314187724143494
2018-08-03 13:00:00+10:00,33.30198063670276
2018-08-03 13:30:00+10:00,31.388644316063356
2018-08-03 14:00:00+10:00,28.590067752523616
2018-08-03 14:30:00+10:00,24.93525944264586
2018-08-03 15:00:00+10:00,20.475547554393735
2018-08-03 15:30:00+10:00,15.304424782704093
2018-08-03 16:00:00+10:00,9.612041065030025
2018-08-03 16:30:00+10:00,3.878633435230847
2018-08-03 17:00:00+10:00,0.0
2018-08-03 17:30:00+10:00,0.0
2018-08-03 18:00:00+10:00,0.0
2018-08-03 18:30:00+10:00,0.0
2018-08-03 19:00:00+10:00,0.0
2018-08-03 19:30:00+10:00,0.0
2018-08-03 20:00:00+10:00,0.0
2018-08-03 20:30:00+10:00,0.0
2018-08-03 21:00:00+10:00,0.0
2018-08-03 21:30:00+10:00,0.0
2018-08-03 22:00:00+10:00,0.0
2018-08-03 22:30:00+10:00,0.0
2018-08-03 23:00:00+10:00,0.0
2018-08-03 23:30:00+10:00,0.0
2018-08-04 00:00:00+10:00,0.0
2018-08-04 00:30:00+10:00,0.0
2018-08-04 01:00:00+10:00,0.0
2018-08-04 01:30:00+10:00,0.0
2018-08-04 02:00:00+10:00,0.0
2018-08-04 02:30:00+10:00,0.0
2018-08-04 03:00:00+10:00,0.0
2018-08-04 03:30:00+10:00,0.0
2018-08-04 04:00:00+10:00,0.0
2018-08-04 04:30:00+10:00,0.0
2018-08-04 05:00:00+10:00,0.0
2018-08-04 05:30:00+10:00,0.0
2018-08-04 06:00:00+10:00,0.0
2018-08-04 06:30:00+10:00,0.0
2018-08-04 07:00:00+10:00,0.0
2018-08-04 07:30:00+10:00,0.6596325590182932
2018-08-04 08:00:00+10:00,6.309680284507545
2018-08-04 08:30:00+10:00,13.043872599696227
2018-08-04 09:00:00+10:00,19.499381130033054
2018-08-04 09:30:00+10:00,25.25601891507841
2018-08-04 10:00:00+10:00,30.14325911241656
2018-08-04 10:30:00+10:00,34.07923327201467
2018-08-04 11:00:00+10:00,37.022601496059586
2018-08-04 11:30:00+10:00,38.95247183358707
2018-08-04 12:00:00+10:00,39.8590116225286
2018-08-04 12:30:00+10:00,39.73860536988167
2018-08-04 13:00:00+10:00,38.59180918954763
2018-08-04 13:30:00+10:00,36.42332764340095
2018-08-04 14:00:00+10:00,33.24497018723096
2018-08-04 14:30:00+10:00,29.081627684449153
2018-08-04 15:00:00+10:00,23.981833382677927
2018-08-04 15:30:00+10:00,18.042089021322806
2018-08-04 16:00:00+10:00,11.469414479962332
2018-08-04 16:30:00+10:00,4.802152957488745
2018-08-04 17:00:00+10:00,0.0
2018-08-04 17:30:00+10:00,0.0
2018-08-04 18:00:00+10:00,0.0
2018-08-04 18:30:00+10:00,0.0
2018-08-04 19:00:00+10:00,0.0
2018-08-04 19:30:00+10:00,0.0
2018-08-04 20:00:00+10:00,0.0
2018-08-04 20:30:00+10:00,0.0
2018-08-04 21:00:00+10:00,0.0
2018-08-04 21:30:00+10:00,0.0
2018-08-04 22:00:00+10:00,0.0
2018-08-04 22:30:00+10:00,0.0
2018-08-04 23:00:00+10:00,0.0
2018-08-04 23:30:00+10:00,0.0
2018-08-05 00:00:00+10:00,0.0
2018-08-05 00:30:00+10:00,0.0
2018-08-05 01:00:00+10:00,0.0
2018-08-05 01:30:00+10:00,0.0
2018-08-05 02:00:00+10:00,0.0
2018-08-05 02:30:00+10:00,0.0
2018-08-05 03:00:00+10:00,0.0
2018-08-05 03:30:00+10:00,0.0
2018-08-05 04:00:00+10:00,0.0
2018-08-05 04:30:00+10:00,0.0
2018-08-05 05:00:00+10:00,0.0
2018-08-05 05:30:00+10:00,0.0
2018-08-05 06:00:00+10:00,0.0
2018-08-05 06:30:00+10:00,0.0
2018-08-05 07:00:00+10:00,0.0
2018-08-05 07:30:00+10:00,0.8556707049865944
2018-08-05 08:00:00+10:00,6.847818343985458
2018-08-05 08:30:00+10:00,13.90097383515901
2018-08-05 09:00:00+10:00,20.636782184778692
2018-08-05 09:30:00+10:00,26.62891361314988
2018-08-05 10:00:00+10:00,31.705597004340962
2018-08-05 10:30:00+10:00,35.78679284615677
2018-08-05 11:00:00+10:00,38.83380405832833
2018-08-05 11:30:00+10:00,40.82846510272634
2018-08-05 12:00:00+10:00,41.76322213713804
2018-08-05 12:30:00+10:00,41.63539639377449
2018-08-05 13:00:00+10:00,40.445458315897056
2018-08-05 13:30:00+10:00,38.196721887975585
2018-08-05 14:00:00+10:00,34.899011290192114
2018-08-05 14:30:00+10:00,30.574223102490166
2018-08-05 15:00:00+10:00,25.2685561850642
2018-08-05 15:30:00+10:00,19.077796936825543
2018-08-05 16:00:00+10:00,12.211873333565942
2018-08-05 16:30:00+10:00,5.221538409055281
2018-08-05 17:00:00+10:00,0.0
2018-08-05 17:30:00+10:00,0.0
2018-08-05 18:00:00+10:00,0.0
2018-08-05 18:30:00+10:00,0.0
2018-08-05 19:00:00+10:00,0.0
2018-08-05 19:30:00+10:00,0.0
2018-08-05 20:00:00+10:00,0.0
2018-08-05 20:30:00+10:00,0.0
2018-08-05 21:00:00+10:00,0.0
2018-08-05 21:30:00+10:00,0.0
2018-08-05 22:00:00+10:00,0.0
2018-08-05 22:30:00+10:00,0.0
2018-08-05 23:00:00+10:00,0.0
2018-08-05 23:30:00+10:00,0.0
2018-08-06 00:00:00+10:00,0.0
2018-08-06 00:30:00+10:00,0.0
2018-08-06 01:00:00+10:00,0.0
2018-08-06 01:30:00+10:00,0.0
2018-08-06 02:00:00+10:00,0.0
2018-08-06 02:30:00+10:00,0.0
2018-08-06 03:00:00+10:00,0.0
2018-08-06 03:30:00+10:00,0.0
2018-08-06 04:00:00+10:00,0.0
2018-08-06 04:30:00+10:00,0.0
2018-08-06 05:00:00+10:00,0.0
2018-08-06 05:30:00+10:00,0.0
2018-08-06 06:00:00+10:00,0.0
2018-08-06 06:30:00+10:00,0.0
2018-08-06 07:00:00+10:00,0.0
2018-08-06 07:30:00+10:00,0.6669763538777485
2018-08-06 08:00:00+10:00,5.6449393844817095
2018-08-06 08:30:00+10:00,11.482555992220709
2018-08-06 09:00:00+10:00,17.086120102404756
2018-08-06 09:30:00+10:00,22.101524281540136
2018-08-06 10:00:00+10:00,26.37523961242519
2018-08-06 10:30:00+10:00,29.828254747813638
2018-08-06 11:00:00+10:00,32.4164217939354
2018-08-06 11:30:00+10:00,34.11491634399083
2018-08-06 12:00:00+10:00,34.91065421862314
2018-08-06 12:30:00+10:00,34.798302298461266
2018-08-06 13:00:00+10:00,33.77843026495972
2018-08-06 13:30:00+10:00,31.858269627742104
2018-08-06 14:00:00+10:00,29.053371914301017
2018-08-06 14:30:00+10:00,25.392504295321455
2018-08-06 15:00:00+10:00,20.926551127494243
2018-08-06 15:30:00+10:00,15.747994336151946
2018-08-06 16:00:00+10:00,10.041419487656167
2018-08-06 16:30:00+10:00,4.261578819979713
2018-08-06 17:00:00+10:00,0.0
2018-08-06 17:30:00+10:00,0.0
2018-08-06 18:00:00+10:00,0.0
2018-08-06 18:30:00+10:00,0.0
2018-08-06 19:00:00+10:00,0.0
2018-08-06 19:30:00+10:00,0.0
2018-08-06 20:00:00+10:00,0.0
2018-08-06 20:30:00+10:00,0.0
2018-08-06 21:00:00+10:00,0.0
2018-08-06 21:30:00+10:00,0.0
2018-08-06 22:00:00+10:00,0.0
2018-08-06 22:30:00+10:00,0.0
2018-08-06 23:00:00+10:00,0.0
2018-08-06 23:30:00+10:00,0.0
2018-08-07 00:00:00+10:00,0.0
2018-08-07 00:30:00+10:00,0.0
2018-08-07 01:00:00+10:00,0.0
2018-08-07 01:30:00+10:00,0.0
2018-08-07 02:00:00+10:00,0.0
2018-08-07 02:30:00+10:00,0.0
2018-08-07 03:00:00+10:00,0.0
2018-08-07 03:30:00+10:00,0.0
2018-08-07 04:00:00+10:00,0.0
2018-08-07 04:30:00+10:00,0.0
2018-08-07 05:00:00+10:00,0.0
2018-08-07 05:30:00+10:00,0.0
2018-08-07 06:00:00+10:00,0.0
2018-08-07 06:30:00+10:00,0.0
2018-08-07 07:00:00+10:00,0.0
2018-08-07 07:30:00+10:00,0.8445694968581533
2018-08-07 08:00:00+10:00,6.083191968514417
2018-08-07 08:30:00+10:00,12.155400080017165
2018-08-07 09:00:00+10:00,17.966409722949106
2018-08-07 09:30:00+10:00,23.15865962374605
2018-08-07 10:00:00+10:00,27.577291566779905
2018-08-07 10:30:00+10:00,31.14325621938504
2018-08-07 11:00:00+10:00,33.81318403220411
2018-08-07 11:30:00+10:00,35.563217494218634
2018-08-07 12:00:00+10:00,36.38088991312923
2018-08-07 12:30:00+10:00,36.26131146690189
2018-08-07 13:00:00+10:00,35.20534095523264
2018-08-07 13:30:00+10:00,33.219394439428136
2018-08-07 14:00:00+10:00,30.31832850500878
2018-08-07 14:30:00+10:00,26.530187803871712
2018-08-07 15:00:00+10:00,21.90542103861594
2018-08-07 15:30:00+10:00,16.537181908120957
2018-08-07 16:00:00+10:00,10.613273558921179
2018-08-07 16:30:00+10:00,4.595385140556125
2018-08-07 17:00:00+10:00,0.0
2018-08-07 17:30:00+10:00,0.0
2018-08-07 18:00:00+10:00,0.0
2018-08-07 18:30:00+10:00,0.0
2018-08-07 19:00:00+10:00,0.0
2018-08-07 19:30:00+10:00,0.0
2018-08-07 20:00:00+10:00,0.0
2018-08-07 20:30:00+10:00,0.0
2018-08-07 21:00:00+10:00,0.0
2018-08-07 21:30:00+10:00,0.0
2018-08-07 22:00:00+10:00,0.0
2018-08-07 22:30:00+10:00,0.0
2018-08-07 23:00:00+10:00,0.0
2018-08-07 23:30:00+10:00,0.0
2018-08-08 00:00:00+10:00,0.0
2018-08-08 00:30:00+10:00,0.0
2018-08-08 01:00:00+10:00,0.0
2018-08-08 01:30:00+10:00,0.0
2018-08-08 02:00:00+10:00,0.0
2018-08-08 02:30:00+10:00,0.0
2018-08-08 03:00:00+10:00,0.0
2018-08-08 03:30:00+10:00,0.0
2018-08-08 04:00:00+10:00,0.0
2018-08-08 04:30:00+10:00,0.0
2018-08-08 05:00:00+10:00,0.0
2018-08-08 05:30:00+10:00,0.0
2018-08-08 06:00:00+10:00,0.0
2018-08-08 06:30:00+10:00,0.0
2018-08-08 07:00:00+10:00,0.0
2018-08-08 07:30:00+10:00,1.1729773521176345
2018-08-08 08:00:00+10:00,7.075121605737433
2018-08-08 08:30:00+10:00,13.823454186116965
2018-08-08 09:00:00+10:00,20.24594919444389
2018-08-08 09:30:00+10:00,25.96083357678601
2018-08-08 10:00:00+10:00,30.806935125286746
2018-08-08 10:30:00+10:00,34.70562869512874
2018-08-08 11:00:00+10:00,37.61676396355855
2018-08-08 11:30:00+10:00,39.5200823944797
2018-08-08 12:00:00+10:00,40.40632158913468
2018-08-08 12:30:00+10:00,40.27223768699578
2018-08-08 13:00:00+10:00,39.11785112965503
2018-08-08 13:30:00+10:00,36.948480702526574
2018-08-08 14:00:00+10:00,33.775222129555125
2018-08-08 14:30:00+10:00,29.622841225168322
2018-08-08 15:00:00+10:00,24.539133146450908
2018-08-08 15:30:00+10:00,18.61861005758169
2018-08-08 16:00:00+10:00,12.05983121835788
2018-08-08 16:30:00+10:00,5.361076822128035
2018-08-08 17:00:00+10:00,0.15266947823892818
2018-08-08 17:30:00+10:00,0.0
2018-08-08 18:00:00+10:00,0.0
2018-08-08 18:30:00+10:00,0.0
2018-08-08 19:00:00+10:00,0.0
2018-08-08 19:30:00+10:00,0.0
2018-08-08 20:00:00+10:00,0.0
2018-08-08 20:30:00+10:00,0.0
2018-08-08 21:00:00+10:00,0.0
2018-08-08 21:30:00+10:00,0.0
2018-08-08 22:00:00+10:00,0.0
2018-08-08 22:30:00+10:00,0.0
2018-08-08 23:00:00+10:00,0.0
2018-08-08 23:30:00+10:00,0.0
2018-08-09 00:00:00+10:00,0.0
2018-08-09 00:30:00+10:00,0.0
2018-08-09 01:00:00+10:00,0.0
2018-08-09 01:30:00+10:00,0.0
2018-08-09 02:00:00+10:00,0.0
2018-08-09 02:30:00+10:00,0.0
2018-08-09 03:00:00+10:00,0.0
2018-08-09 03:30:00+10:00,0.0
2018-08-09 04:00:00+10:00,0.0
2018-08-09 04:30:00+10:00,0.0
2018-08-09 05:00:00+10:00,0.0
2018-08-09 05:30:00+10:00,0.0
2018-08-09 06:00:00+10:00,0.0
2018-08-09 06:30:00+10:00,0.0
2018-08-09 07:00:00+10:00,0.0
2018-08-09 07:30:00+10:00,0.9606809925160412
2018-08-09 08:00:00+10:00,5.926220922160422
2018-08-09 08:30:00+10:00,11.586600127999894
2018-08-09 09:00:00+10:00,16.997131157799508
2018-08-09 09:30:00+10:00,21.83642819434324
2018-08-09 10:00:00+10:00,25.96022736776078
2018-08-09 10:30:00+10:00,29.29188324048247
2018-08-09 11:00:00+10:00,31.78763992226018
2018-08-09 11:30:00+10:00,33.422478011283374
2018-08-09 12:00:00+10:00,34.18283934292897
2018-08-09 12:30:00+10:00,34.06324855313345
2018-08-09 13:00:00+10:00,33.0644409219288
2018-08-09 13:30:00+10:00,31.193946703646525
2018-08-09 14:00:00+10:00,28.468181044134855
2018-08-09 14:30:00+10:00,24.91628054221256
2018-08-09 15:00:00+10:00,20.5891770977835
2018-08-09 15:30:00+10:00,15.577147721763776
2018-08-09 16:00:00+10:00,10.056028859709816
2018-08-09 16:30:00+10:00,4.442954795775379
2018-08-09 17:00:00+10:00,0.05822830874784766
2018-08-09 17:30:00+10:00,0.0
2018-08-09 18:00:00+10:00,0.0
2018-08-09 18:30:00+10:00,0.0
2018-08-09 19:00:00+10:00,0.0
2018-08-09 19:30:00+10:00,0.0
2018-08-09 20:00:00+10:00,0.0
2018-08-09 20:30:00+10:00,0.0
2018-08-09 21:00:00+10:00,0.0
2018-08-09 21:30:00+10:00,0.0
2018-08-09 22:00:00+10:00,0.0
2018-08-09 22:30:00+10:00,0.0
2018-08-09 23:00:00+10:00,0.0
2018-08-09 23:30:00+10:00,0.0
2018-08-10 00:00:00+10:00,0.0
2018-08-10 00:30:00+10:00,0.0
2018-08-10 01:00:00+10:00,0.0
2018-08-10 01:30:00+10:00,0.0
2018-08-10 02:00:00+10:00,0.0
2018-08-10 02:30:00+10:00,0.0
2018-08-10 03:00:00+10:00,0.0
2018-08-10 03:30:00+10:00,0.0
2018-08-10 04:00:00+10:00,0.0
2018-08-10 04:30:00+10:00,0.0
2018-08-10 05:00:00+10:00,0.0
2018-08-10 05:30:00+10:00,0.0
2018-08-10 06:00:00+10:00,0.0
2018-08-10 06:30:00+10:00,0.0
2018-08-10 07:00:00+10:00,0.0
2018-08-10 07:30:00+10:00,1.9283171049862498
2018-08-10 08:00:00+10:00,9.120640095944642
2018-08-10 08:30:00+10:00,17.13319735633226
2018-08-10 09:00:00+10:00,24.676443395822094
2018-08-10 09:30:00+10:00,31.333384835022564
2018-08-10 10:00:00+10:00,36.9377762779171
2018-08-10 10:30:00+10:00,41.41768071440544
2018-08-10 11:00:00+10:00,44.74390063248615
2018-08-10 11:30:00+10:00,46.907194976449254
2018-08-10 12:00:00+10:00,47.906949629436426
2018-08-10 12:30:00+10:00,47.74335822508544
2018-08-10 13:00:00+10:00,46.416684000347296
2018-08-10 13:30:00+10:00,43.926002212065555
2018-08-10 14:00:00+10:00,40.27406018916651
2018-08-10 14:30:00+10:00,35.474227569752685
2018-08-10 15:00:00+10:00,29.56481144679869
2018-08-10 15:30:00+10:00,22.636926586629063
2018-08-10 16:00:00+10:00,14.903373210911672
2018-08-10 16:30:00+10:00,6.921828736024681
2018-08-10 17:00:00+10:00,0.5285280322786173
2018-08-10 17:30:00+10:00,0.0
2018-08-10 18:00:00+10:00,0.0
2018-08-10 18:30:00+10:00,0.0
2018-08-10 19:00:00+10:00,0.0
2018-08-10 19:30:00+10:00,0.0
2018-08-10 20:00:00+10:00,0.0
2018-08-10 20:30:00+10:00,0.0
2018-08-10 21:00:00+10:00,0.0
2018-08-10 21:30:00+10:00,0.0
2018-08-10 22:00:00+10:00,0.0
2018-08-10 22:30:00+10:00,0.0
2018-08-10 23:00:00+10:00,0.0
2018-08-10 23:30:00+10:00,0.0
2018-08-11 00:00:00+10:00,0.0
2018-08-11 00:30:00+10:00,0.0
2018-08-11 01:00:00+10:00,0.0
2018-08-11 01:30:00+10:00,0.0
2018-08-11 02:00:00+10:00,0.0
2018-08-11 02:30:00+10:00,0.0
2018-08-11 03:00:00+10:00,0.0
2018-08-11 03:30:00+10:00,0.0
2018-08-11 04:00:00+10:00,0.0
2018-08-11 04:30:00+10:00,0.0
2018-08-11 05:00:00+10:00,0.0
2018-08-11 05:30:00+10:00,0.0
2018-08-11 06:00:00+10:00,0.0
2018-08-11 06:30:00+10:00,0.0
2018-08-11 07:00:00+10:00,0.0
2018-08-11 07:30:00+10:00,1.9559361337212144
2018-08-11 08:00:00+10:00,8.827335544857844
2018-08-11 08:30:00+10:00,16.434451528075034
2018-08-11 09:00:00+10:00,23.602422443356357
2018-08-11 09:30:00+10:00,29.94108940790474
2018-08-11 10:00:00+10:00,35.288576388832595
2018-08-11 10:30:00+10:00,39.57108332941109
2018-08-11 11:00:00+10:00,42.75481313700983
2018-08-11 11:30:00+10:00,44.826344305755796
2018-08-11 12:00:00+10:00,45.78103154302448
2018-08-11 12:30:00+10:00,45.618400848678526
2018-08-11 13:00:00+10:00,44.33821874925101
2018-08-11 13:30:00+10:00,41.94227723086164
2018-08-11 14:00:00+10:00,38.43691900331632
2018-08-11 14:30:00+10:00,33.840036954638926
2018-08-11 15:00:00+10:00,28.194492598665775
2018-08-11 15:30:00+10:00,21.59306584013468
2018-08-11 16:00:00+10:00,14.241824955196309
2018-08-11 16:30:00+10:00,6.663830055325608
2018-08-11 17:00:00+10:00,0.5458351661469072
2018-08-11 17:30:00+10:00,0.0
2018-08-11 18:00:00+10:00,0.0
2018-08-11 18:30:00+10:00,0.0
2018-08-11 19:00:00+10:00,0.0
2018-08-11 19:30:00+10:00,0.0
2018-08-11 20:00:00+10:00,0.0
2018-08-11 20:30:00+10:00,0.0
2018-08-11 21:00:00+10:00,0.0
2018-08-11 21:30:00+10:00,0.0
2018-08-11 22:00:00+10:00,0.0
2018-08-11 22:30:00+10:00,0.0
2018-08-11 23:00:00+10:00,0.0
2018-08-11 23:30:00+10:00,0.0
2018-08-12 00:00:00+10:00,0.0
2018-08-12 00:30:00+10:00,0.0
2018-08-12 01:00:00+10:00,0.0
2018-08-12 01:30:00+10:00,0.0
2018-08-12 02:00:00+10:00,0.0
2018-08-12 02:30:00+10:00,0.0
2018-08-12 03:00:00+10:00,0.0
2018-08-12 03:30:00+10:00,0.0
2018-08-12 04:00:00+10:00,0.0
2018-08-12 04:30:00+10:00,0.0
2018-08-12 05:00:00+10:00,0.0
2018-08-12 05:30:00+10:00,0.0
2018-08-12 06:00:00+10:00,0.0
2018-08-12 06:30:00+10:00,0.0
2018-08-12 07:00:00+10:00,0.0
2018-08-12 07:30:00+10:00,1.8679597782961188
2018-08-12 08:00:00+10:00,8.155124378142244
2018-08-12 08:30:00+10:00,15.083618924007514
2018-08-12 09:00:00+10:00,21.62620030098874
2018-08-12 09:30:00+10:00,27.430048783073204
2018-08-12 10:00:00+10:00,32.34147877543851
2018-08-12 10:30:00+10:00,36.28503250092428
2018-08-12 11:00:00+10:00,39.2223260080857
2018-08-12 11:30:00+10:00,41.13518909774227
2018-08-12 12:00:00+10:00,42.01458122312483
2018-08-12 12:30:00+10:00,41.858291077193364
2018-08-12 13:00:00+10:00,40.66625893178907
2018-08-12 13:30:00+10:00,38.44300600336552
2018-08-12 14:00:00+10:00,35.199387719372325
2018-08-12 14:30:00+10:00,30.95876087774973
2018-08-12 15:00:00+10:00,25.76825213456812
2018-08-12 15:30:00+10:00,19.720948218863384
2018-08-12 16:00:00+10:00,13.011095329933761
2018-08-12 16:30:00+10:00,6.111394471726625
2018-08-12 17:00:00+10:00,0.5074756948194008
2018-08-12 17:30:00+10:00,0.0
2018-08-12 18:00:00+10:00,0.0
2018-08-12 18:30:00+10:00,0.0
2018-08-12 19:00:00+10:00,0.0
2018-08-12 19:30:00+10:00,0.0
2018-08-12 20:00:00+10:00,0.0
2018-08-12 20:30:00+10:00,0.0
2018-08-12 21:00:00+10:00,0.0
2018-08-12 21:30:00+10:00,0.0
2018-08-12 22:00:00+10:00,0.0
2018-08-12 22:30:00+10:00,0.0
2018-08-12 23:00:00+10:00,0.0
2018-08-12 23:30:00+10:00,0.0
2018-08-13 00:00:00+10:00,0.0
2018-08-13 00:30:00+10:00,0.0
2018-08-13 01:00:00+10:00,0.0
2018-08-13 01:30:00+10:00,0.0
2018-08-13 02:00:00+10:00,0.0
2018-08-13 02:30:00+10:00,0.0
2018-08-13 03:00:00+10:00,0.0
2018-08-13 03:30:00+10:00,0.0
2018-08-13 04:00:00+10:00,0.0
2018-08-13 04:30:00+10:00,0.0
2018-08-13 05:00:00+10:00,0.0
2018-08-13 05:30:00+10:00,0.0
2018-08-13 06:00:00+10:00,0.0
2018-08-13 06:30:00+10:00,0.0
2018-08-13 07:00:00+10:00,0.0
2018-08-13 07:30:00+10:00,1.9767547678581354
2018-08-13 08:00:00+10:00,8.156649982939161
2018-08-13 08:30:00+10:00,14.917496351611595
2018-08-13 09:00:00+10:00,21.296443262582613
2018-08-13 09:30:00+10:00,26.956037548693846
2018-08-13 10:00:00+10:00,31.746911040011984
2018-08-13 10:30:00+10:00,35.594422643868526
2018-08-13 11:00:00+10:00,38.46010600635442
2018-08-13 11:30:00+10:00,40.32458338482798
2018-08-13 12:00:00+10:00,41.1790692590496
2018-08-13 12:30:00+10:00,41.02020738370909
2018-08-13 13:00:00+10:00,39.84866301876623
2018-08-13 13:30:00+10:00,37.66933096286812
2018-08-13 14:00:00+10:00,34.49341672842569
2018-08-13 14:30:00+10:00,30.345336582883892
2018-08-13 15:00:00+10:00,25.272503890328785
2018-08-13 15:30:00+10:00,19.36720855364202
2018-08-13 16:00:00+10:00,12.818989858553111
2018-08-13 16:30:00+10:00,6.082428399147396
2018-08-13 17:00:00+10:00,0.5645615237680258
2018-08-13 17:30:00+10:00,0.0
2018-08-13 18:00:00+10:00,0.0
2018-08-13 18:30:00+10:00,0.0
2018-08-13 19:00:00+10:00,0.0
2018-08-13 19:30:00+10:00,0.0
2018-08-13 20:00:00+10:00,0.0
2018-08-13 20:30:00+10:00,0.0
2018-08-13 21:00:00+10:00,0.0
2018-08-13 21:30:00+10:00,0.0
2018-08-13 22:00:00+10:00,0.0
2018-08-13 22:30:00+10:00,0.0
2018-08-13 23:00:00+10:00,0.0
2018-08-13 23:30:00+10:00,0.0
2018-08-14 00:00:00+10:00,0.0
2018-08-14 00:30:00+10:00,0.0
2018-08-14 01:00:00+10:00,0.0
2018-08-14 01:30:00+10:00,0.0
2018-08-14 02:00:00+10:00,0.0
2018-08-14 02:30:00+10:00,0.0
2018-08-14 03:00:00+10:00,0.0
2018-08-14 03:30:00+10:00,0.0
2018-08-14 04:00:00+10:00,0.0
2018-08-14 04:30:00+10:00,0.0
2018-08-14 05:00:00+10:00,0.0
2018-08-14 05:30:00+10:00,0.0
2018-08-14 06:00:00+10:00,0.0
2018-08-14 06:30:00+10:00,0.0
2018-08-14 07:00:00+10:00,0.0
2018-08-14 07:30:00+10:00,2.091471307486325
2018-08-14 08:00:00+10:00,8.186455169476448
2018-08-14 08:30:00+10:00,14.809196865222422
2018-08-14 09:00:00+10:00,21.051628343623946
2018-08-14 09:30:00+10:00,26.589964655111746
2018-08-14 10:00:00+10:00,31.278751703519557
2018-08-14 10:30:00+10:00,35.04445512940625
2018-08-14 11:00:00+10:00,37.84843267723694
2018-08-14 11:30:00+10:00,39.67132396146059
2018-08-14 12:00:00+10:00,40.50356986684026
2018-08-14 12:30:00+10:00,40.34184785699376
2018-08-14 13:00:00+10:00,39.186845059562486
2018-08-14 13:30:00+10:00,37.04363969744373
2018-08-14 14:00:00+10:00,33.92423296992024
2018-08-14 14:30:00+10:00,29.85319569816386
2018-08-14 15:00:00+10:00,24.87837320073427
2018-08-14 15:30:00+10:00,19.091032423926496
2018-08-14 16:00:00+10:00,12.676576067253315
2018-08-14 16:30:00+10:00,6.074145904148099
2018-08-14 17:00:00+10:00,0.6232239976833791
2018-08-14 17:30:00+10:00,0.0
2018-08-14 18:00:00+10:00,0.0
2018-08-14 18:30:00+10:00,0.0
2018-08-14 19:00:00+10:00,0.0
2018-08-14 19:30:00+10:00,0.0
2018-08-14 20:00:00+10:00,0.0
2018-08-14 20:30:00+10:00,0.0
2018-08-14 21:00:00+10:00,0.0
2018-08-14 21:30:00+10:00,0.0
2018-08-14 22:00:00+10:00,0.0
2018-08-14 22:30:00+10:00,0.0
2018-08-14 23:00:00+10:00,0.0
2018-08-14 23:30:00+10:00,0.0
2018-08-15 00:00:00+10:00,0.0
2018-08-15 00:30:00+10:00,0.0
2018-08-15 01:00:00+10:00,0.0
2018-08-15 01:30:00+10:00,0.0
2018-08-15 02:00:00+10:00,0.0
2018-08-15 02:30:00+10:00,0.0
2018-08-15 03:00:00+10:00,0.0
2018-08-15 03:30:00+10:00,0.0
2018-08-15 04:00:00+10:00,0.0
2018-08-15 04:30:00+10:00,0.0
2018-08-15 05:00:00+10:00,0.0
2018-08-15 05:30:00+10:00,0.0
2018-08-15 06:00:00+10:00,0.0
2018-08-15 06:30:00+10:00,0.0
2018-08-15 07:00:00+10:00,0.0
2018-08-15 07:30:00+10:00,2.560517002971785
2018-08-15 08:00:00+10:00,9.262587627495426
2018-08-15 08:30:00+10:00,16.466910917384464
2018-08-15 09:00:00+10:00,23.222755667053782
2018-08-15 09:30:00+10:00,29.19283777915993
2018-08-15 10:00:00+10:00,34.22944147225041
2018-08-15 10:30:00+10:00,38.26167004753855
2018-08-15 11:00:00+10:00,41.25572345474085
2018-08-15 11:30:00+10:00,43.19659750622106
2018-08-15 12:00:00+10:00,44.07806397930066
2018-08-15 12:30:00+10:00,43.89905542473696
2018-08-15 13:00:00+10:00,42.659425026528716
2018-08-15 13:30:00+10:00,40.36205315267684
2018-08-15 14:00:00+10:00,37.01516426364643
2018-08-15 14:30:00+10:00,32.6391242141369
2018-08-15 15:00:00+10:00,27.27757585794407
2018-08-15 15:30:00+10:00,21.021236162475525
2018-08-15 16:00:00+10:00,14.062324542447982
2018-08-15 16:30:00+10:00,6.865956165367708
2018-08-15 17:00:00+10:00,0.854113731162128
2018-08-15 17:30:00+10:00,0.0
2018-08-15 18:00:00+10:00,0.0
2018-08-15 18:30:00+10:00,0.0
2018-08-15 19:00:00+10:00,0.0
2018-08-15 19:30:00+10:00,0.0
2018-08-15 20:00:00+10:00,0.0
2018-08-15 20:30:00+10:00,0.0
2018-08-15 21:00:00+10:00,0.0
2018-08-15 21:30:00+10:00,0.0
2018-08-15 22:00:00+10:00,0.0
2018-08-15 22:30:00+10:00,0.0
2018-08-15 23:00:00+10:00,0.0
2018-08-15 23:30:00+10:00,0.0
2018-08-16 00:00:00+10:00,0.0
2018-08-16 00:30:00+10:00,0.0
2018-08-16 01:00:00+10:00,0.0
2018-08-16 01:30:00+10:00,0.0
2018-08-16 02:00:00+10:00,0.0
2018-08-16 02:30:00+10:00,0.0
2018-08-16 03:00:00+10:00,0.0
2018-08-16 03:30:00+10:00,0.0
2018-08-16 04:00:00+10:00,0.0
2018-08-16 04:30:00+10:00,0.0
2018-08-16 05:00:00+10:00,0.0
2018-08-16 05:30:00+10:00,0.0
2018-08-16 06:00:00+10:00,0.0
2018-08-16 06:30:00+10:00,0.0
2018-08-16 07:00:00+10:00,0.0
2018-08-16 07:30:00+10:00,2.8771474279670133
2018-08-16 08:00:00+10:00,9.809878844034916
2018-08-16 08:30:00+10:00,17.198313484787363
2018-08-16 09:00:00+10:00,24.10848842977803
2018-08-16 09:30:00+10:00,30.205511585235893
2018-08-16 10:00:00+10:00,35.34298284732416
2018-08-16 10:30:00+10:00,39.45120921561042
2018-08-16 11:00:00+10:00,42.49820042460624
2018-08-16 11:30:00+10:00,44.46948448118164
2018-08-16 12:00:00+10:00,45.36104650422792
2018-08-16 12:30:00+10:00,45.17132052969222
2018-08-16 13:00:00+10:00,43.90029151346482
2018-08-16 13:30:00+10:00,41.550459832386075
2018-08-16 14:00:00+10:00,38.128937060633284
2018-08-16 14:30:00+10:00,33.65456839846804
2018-08-16 15:00:00+10:00,28.17023580870111
2018-08-16 15:30:00+10:00,21.76627511856289
2018-08-16 16:00:00+10:00,14.635587308263334
2018-08-16 16:30:00+10:00,7.244527423765238
2018-08-16 17:00:00+10:00,1.0092157607851753
2018-08-16 17:30:00+10:00,0.0
2018-08-16 18:00:00+10:00,0.0
2018-08-16 18:30:00+10:00,0.0
2018-08-16 19:00:00+10:00,0.0
2018-08-16 19:30:00+10:00,0.0
2018-08-16 20:00:00+10:00,0.0
2018-08-16 20:30:00+10:00,0.0
2018-08-16 21:00:00+10:00,0.0
2018-08-16 21:30:00+10:00,0.0
2018-08-16 22:00:00+10:00,0.0
2018-08-16 22:30:00+10:00,0.0
2018-08-16 23:00:00+10:00,0.0
2018-08-16 23:30:00+10:00,0.0
2018-08-17 00:00:00+10:00,0.0
2018-08-17 00:30:00+10:00,0.0
2018-08-17 01:00:00+10:00,0.0
2018-08-17 01:30:00+10:00,0.0
2018-08-17 02:00:00+10:00,0.0
2018-08-17 02:30:00+10:00,0.0
2018-08-17 03:00:00+10:00,0.0
2018-08-17 03:30:00+10:00,0.0
2018-08-17 04:00:00+10:00,0.0
2018-08-17 04:30:00+10:00,0.0
2018-08-17 05:00:00+10:00,0.0
2018-08-17 05:30:00+10:00,0.0
2018-08-17 06:00:00+10:00,0.0
2018-08-17 06:30:00+10:00,0.0
2018-08-17 07:00:00+10:00,0.0
2018-08-17 07:30:00+10:00,2.942119808290123
2018-08-17 08:00:00+10:00,9.661739448152657
2018-08-17 08:30:00+10:00,16.784883861716082
2018-08-17 09:00:00+10:00,23.44710635953575
2018-08-17 09:30:00+10:00,29.33144429846867
2018-08-17 10:00:00+10:00,34.29536856459197
2018-08-17 10:30:00+10:00,38.26883458936673
2018-08-17 11:00:00+10:00,41.21685933486001
2018-08-17 11:30:00+10:00,43.123560813675475
2018-08-17 12:00:00+10:00,43.98231681537731
2018-08-17 12:30:00+10:00,43.79086422671447
2018-08-17 13:00:00+10:00,42.54960795089319
2018-08-17 13:30:00+10:00,40.26216212058781
2018-08-17 14:00:00+10:00,36.93781194502933
2018-08-17 14:30:00+10:00,32.5982994673201
2018-08-17 15:00:00+10:00,27.288960525179828
2018-08-17 15:30:00+10:00,21.1002318537533
2018-08-17 16:00:00+10:00,14.220073404767536
2018-08-17 16:30:00+10:00,7.091845348130173
2018-08-17 17:00:00+10:00,1.0394193897178734
2018-08-17 17:30:00+10:00,0.0
2018-08-17 18:00:00+10:00,0.0
2018-08-17 18:30:00+10:00,0.0
2018-08-17 19:00:00+10:00,0.0
2018-08-17 19:30:00+10:00,0.0
2018-08-17 20:00:00+10:00,0.0
2018-08-17 20:30:00+10:00,0.0
2018-08-17 21:00:00+10:00,0.0
2018-08-17 21:30:00+10:00,0.0
2018-08-17 22:00:00+10:00,0.0
2018-08-17 22:30:00+10:00,0.0
2018-08-17 23:00:00+10:00,0.0
2018-08-17 23:30:00+10:00,0.0
2018-08-18 00:00:00+10:00,0.0
2018-08-18 00:30:00+10:00,0.0
2018-08-18 01:00:00+10:00,0.0
2018-08-18 01:30:00+10:00,0.0
2018-08-18 02:00:00+10:00,0.0
2018-08-18 02:30:00+10:00,0.0
2018-08-18 03:00:00+10:00,0.0
2018-08-18 03:30:00+10:00,0.0
2018-08-18 04:00:00+10:00,0.0
2018-08-18 04:30:00+10:00,0.0
2018-08-18 05:00:00+10:00,0.0
2018-08-18 05:30:00+10:00,0.0
2018-08-18 06:00:00+10:00,0.0
2018-08-18 06:30:00+10:00,0.0
2018-08-18 07:00:00+10:00,0.0
2018-08-18 07:30:00+10:00,2.959878988794567
2018-08-18 08:00:00+10:00,9.370862201007181
2018-08-18 08:30:00+10:00,16.133194316470203
2018-08-18 09:00:00+10:00,22.459762885568054
2018-08-18 09:30:00+10:00,28.054378852407208
2018-08-18 10:00:00+10:00,32.77994164191592
2018-08-18 10:30:00+10:00,36.566269399940694
2018-08-18 11:00:00+10:00,39.37718382693425
2018-08-18 11:30:00+10:00,41.19404920668396
2018-08-18 12:00:00+10:00,42.0086793492183
2018-08-18 12:30:00+10:00,41.8179536880359
2018-08-18 13:00:00+10:00,40.62276493585862
2018-08-18 13:30:00+10:00,38.42775192073281
2018-08-18 14:00:00+10:00,35.24439974290468
2018-08-18 14:30:00+10:00,31.09673362940546
2018-08-18 15:00:00+10:00,26.03167462745629
2018-08-18 15:30:00+10:00,20.139236469491234
2018-08-18 16:00:00+10:00,13.600143669371647
2018-08-18 16:30:00+10:00,6.830300052305837
2018-08-18 17:00:00+10:00,1.0476129628856141
2018-08-18 17:30:00+10:00,0.0
2018-08-18 18:00:00+10:00,0.0
2018-08-18 18:30:00+10:00,0.0
2018-08-18 19:00:00+10:00,0.0
2018-08-18 19:30:00+10:00,0.0
2018-08-18 20:00:00+10:00,0.0
2018-08-18 20:30:00+10:00,0.0
2018-08-18 21:00:00+10:00,0.0
2018-08-18 21:30:00+10:00,0.0
2018-08-18 22:00:00+10:00,0.0
2018-08-18 22:30:00+10:00,0.0
2018-08-18 23:00:00+10:00,0.0
2018-08-18 23:30:00+10:00,0.0
2018-08-19 00:00:00+10:00,0.0
2018-08-19 00:30:00+10:00,0.0
2018-08-19 01:00:00+10:00,0.0
2018-08-19 01:30:00+10:00,0.0
2018-08-19 02:00:00+10:00,0.0
2018-08-19 02:30:00+10:00,0.0
2018-08-19 03:00:00+10:00,0.0
2018-08-19 03:30:00+10:00,0.0
2018-08-19 04:00:00+10:00,0.0
2018-08-19 04:30:00+10:00,0.0
2018-08-19 05:00:00+10:00,0.0
2018-08-19 05:30:00+10:00,0.0
2018-08-19 06:00:00+10:00,0.0
2018-08-19 06:30:00+10:00,0.0
2018-08-19 07:00:00+10:00,0.0
2018-08-19 07:30:00+10:00,3.0334770401898288
2018-08-19 08:00:00+10:00,9.274435724868695
2018-08-19 08:30:00+10:00,15.824422298367836
2018-08-19 09:00:00+10:00,21.951807172037306
2018-08-19 09:30:00+10:00,27.37493530402894
2018-08-19 10:00:00+10:00,31.96011393846908
2018-08-19 10:30:00+10:00,35.6368809418767
2018-08-19 11:00:00+10:00,38.36722913157117
2018-08-19 11:30:00+10:00,40.13073298370852
2018-08-19 12:00:00+10:00,40.91781410994068
2018-08-19 12:30:00+10:00,40.724825649105746
2018-08-19 13:00:00+10:00,39.55225471204798
2018-08-19 13:30:00+10:00,37.40657711983395
2018-08-19 14:00:00+10:00,34.30056191937582
2018-08-19 14:30:00+10:00,30.260726521137606
2018-08-19 15:00:00+10:00,25.335616717606346
2018-08-19 15:30:00+10:00,19.61551439261188
2018-08-19 16:00:00+10:00,13.276727394078987
2018-08-19 16:30:00+10:00,6.7165974980447425
2018-08-19 17:00:00+10:00,1.07887885866418
2018-08-19 17:30:00+10:00,0.0
2018-08-19 18:00:00+10:00,0.0
2018-08-19 18:30:00+10:00,0.0
2018-08-19 19:00:00+10:00,0.0
2018-08-19 19:30:00+10:00,0.0
2018-08-19 20:00:00+10:00,0.0
2018-08-19 20:30:00+10:00,0.0
2018-08-19 21:00:00+10:00,0.0
2018-08-19 21:30:00+10:00,0.0
2018-08-19 22:00:00+10:00,0.0
2018-08-19 22:30:00+10:00,0.0
2018-08-19 23:00:00+10:00,0.0
2018-08-19 23:30:00+10:00,0.0
2018-08-20 00:00:00+10:00,0.0
2018-08-20 00:30:00+10:00,0.0
2018-08-20 01:00:00+10:00,0.0
2018-08-20 01:30:00+10:00,0.0
2018-08-20 02:00:00+10:00,0.0
2018-08-20 02:30:00+10:00,0.0
2018-08-20 03:00:00+10:00,0.0
2018-08-20 03:30:00+10:00,0.0
2018-08-20 04:00:00+10:00,0.0
2018-08-20 04:30:00+10:00,0.0
2018-08-20 05:00:00+10:00,0.0
2018-08-20 05:30:00+10:00,0.0
2018-08-20 06:00:00+10:00,0.0
2018-08-20 06:30:00+10:00,0.0
2018-08-20 07:00:00+10:00,0.0
2018-08-20 07:30:00+10:00,3.429211479482848
2018-08-20 08:00:00+10:00,9.95984053905595
2018-08-20 08:30:00+10:00,16.75990297385957
2018-08-20 09:00:00+10:00,23.10102096003835
2018-08-20 09:30:00+10:00,28.70114847983845
2018-08-20 10:00:00+10:00,33.42724107860699
2018-08-20 10:30:00+10:00,37.21053161372242
2018-08-20 11:00:00+10:00,40.01497079932188
2018-08-20 11:30:00+10:00,41.822225450115944
2018-08-20 12:00:00+10:00,42.62396325646601
2018-08-20 12:30:00+10:00,42.417519271114955
2018-08-20 13:00:00+10:00,41.20322029180409
2018-08-20 13:30:00+10:00,38.98600963175192
2018-08-20 14:00:00+10:00,35.77796978532025
2018-08-20 14:30:00+10:00,31.60328410178499
2018-08-20 15:00:00+10:00,26.509156580140903
2018-08-20 15:30:00+10:00,20.585413007156923
2018-08-20 16:00:00+10:00,14.010080780161166
2018-08-20 16:30:00+10:00,7.186826467271393
2018-08-20 17:00:00+10:00,1.2710656392499255
2018-08-20 17:30:00+10:00,0.0
2018-08-20 18:00:00+10:00,0.0
2018-08-20 18:30:00+10:00,0.0
2018-08-20 19:00:00+10:00,0.0
2018-08-20 19:30:00+10:00,0.0
2018-08-20 20:00:00+10:00,0.0
2018-08-20 20:30:00+10:00,0.0
2018-08-20 21:00:00+10:00,0.0
2018-08-20 21:30:00+10:00,0.0
2018-08-20 22:00:00+10:00,0.0
2018-08-20 22:30:00+10:00,0.0
2018-08-20 23:00:00+10:00,0.0
2018-08-20 23:30:00+10:00,0.0
2018-08-21 00:00:00+10:00,0.0
2018-08-21 00:30:00+10:00,0.0
2018-08-21 01:00:00+10:00,0.0
2018-08-21 01:30:00+10:00,0.0
2018-08-21 02:00:00+10:00,0.0
2018-08-21 02:30:00+10:00,0.0
2018-08-21 03:00:00+10:00,0.0
2018-08-21 03:30:00+10:00,0.0
2018-08-21 04:00:00+10:00,0.0
2018-08-21 04:30:00+10:00,0.0
2018-08-21 05:00:00+10:00,0.0
2018-08-21 05:30:00+10:00,0.0
2018-08-21 06:00:00+10:00,0.0
2018-08-21 06:30:00+10:00,0.0
2018-08-21 07:00:00+10:00,0.0
2018-08-21 07:30:00+10:00,2.76727449462856
2018-08-21 08:00:00+10:00,8.047050388780788
2018-08-21 08:30:00+10:00,13.553306821086556
2018-08-21 09:00:00+10:00,18.716469489129057
2018-08-21 09:30:00+10:00,23.30319454098507
2018-08-21 10:00:00+10:00,27.19541574057717
2018-08-21 10:30:00+10:00,30.32557956911182
2018-08-21 11:00:00+10:00,32.65360218798048
2018-08-21 11:30:00+10:00,34.15605839366827
2018-08-21 12:00:00+10:00,34.81995665461921
2018-08-21 12:30:00+10:00,34.640235425434135
2018-08-21 13:00:00+10:00,33.618488549060736
2018-08-21 13:30:00+10:00,31.7625701989508
2018-08-21 14:00:00+10:00,29.08973520490546
2018-08-21 14:30:00+10:00,25.62955274230588
2018-08-21 15:00:00+10:00,21.432097378514666
2018-08-21 15:30:00+10:00,16.582436504277734
2018-08-21 16:00:00+10:00,11.235592266240078
2018-08-21 16:30:00+10:00,5.721037911897525
2018-08-21 17:00:00+10:00,0.9453001308599277
2018-08-21 17:30:00+10:00,0.0
2018-08-21 18:00:00+10:00,0.0
2018-08-21 18:30:00+10:00,0.0
2018-08-21 19:00:00+10:00,0.0
2018-08-21 19:30:00+10:00,0.0
2018-08-21 20:00:00+10:00,0.0
2018-08-21 20:30:00+10:00,0.0
2018-08-21 21:00:00+10:00,0.0
2018-08-21 21:30:00+10:00,0.0
2018-08-21 22:00:00+10:00,0.0
2018-08-21 22:30:00+10:00,0.0
2018-08-21 23:00:00+10:00,0.0
2018-08-21 23:30:00+10:00,0.0
2018-08-22 00:00:00+10:00,0.0
2018-08-22 00:30:00+10:00,0.0
2018-08-22 01:00:00+10:00,0.0
2018-08-22 01:30:00+10:00,0.0
2018-08-22 02:00:00+10:00,0.0
2018-08-22 02:30:00+10:00,0.0
2018-08-22 03:00:00+10:00,0.0
2018-08-22 03:30:00+10:00,0.0
2018-08-22 04:00:00+10:00,0.0
2018-08-22 04:30:00+10:00,0.0
2018-08-22 05:00:00+10:00,0.0
2018-08-22 05:30:00+10:00,0.0
2018-08-22 06:00:00+10:00,0.0
2018-08-22 06:30:00+10:00,0.0
2018-08-22 07:00:00+10:00,0.0
2018-08-22 07:30:00+10:00,4.12078257749929
2018-08-22 08:00:00+10:00,11.026478653134902
2018-08-22 08:30:00+10:00,18.120863526244307
2018-08-22 09:00:00+10:00,24.70152428225554
2018-08-22 09:30:00+10:00,30.49257282640533
2018-08-22 10:00:00+10:00,35.36502902497002
2018-08-22 10:30:00+10:00,39.25424158555811
2018-08-22 11:00:00+10:00,42.128105093381926
2018-08-22 11:30:00+10:00,43.97230817368305
2018-08-22 12:00:00+10:00,44.7805658602436
2018-08-22 12:30:00+10:00,44.551035258879054
2018-08-22 13:00:00+10:00,43.28444756662871
2018-08-22 13:30:00+10:00,40.984177285598896
2018-08-22 14:00:00+10:00,37.659237625564074
2018-08-22 14:30:00+10:00,33.33067079518959
2018-08-22 15:00:00+10:00,28.042658361010748
2018-08-22 15:30:00+10:00,21.88281868379657
2018-08-22 16:00:00+10:00,15.029258504638227
2018-08-22 16:30:00+10:00,7.887207281194685
2018-08-22 17:00:00+10:00,1.6032422650116311
2018-08-22 17:30:00+10:00,0.0
2018-08-22 18:00:00+10:00,0.0
2018-08-22 18:30:00+10:00,0.0
2018-08-22 19:00:00+10:00,0.0
2018-08-22 19:30:00+10:00,0.0
2018-08-22 20:00:00+10:00,0.0
2018-08-22 20:30:00+10:00,0.0
2018-08-22 21:00:00+10:00,0.0
2018-08-22 21:30:00+10:00,0.0
2018-08-22 22:00:00+10:00,0.0
2018-08-22 22:30:00+10:00,0.0
2018-08-22 23:00:00+10:00,0.0
2018-08-22 23:30:00+10:00,0.0
2018-08-23 00:00:00+10:00,0.0
2018-08-23 00:30:00+10:00,0.0
2018-08-23 01:00:00+10:00,0.0
2018-08-23 01:30:00+10:00,0.0
2018-08-23 02:00:00+10:00,0.0
2018-08-23 02:30:00+10:00,0.0
2018-08-23 03:00:00+10:00,0.0
2018-08-23 03:30:00+10:00,0.0
2018-08-23 04:00:00+10:00,0.0
2018-08-23 04:30:00+10:00,0.0
2018-08-23 05:00:00+10:00,0.0
2018-08-23 05:30:00+10:00,0.0
2018-08-23 06:00:00+10:00,0.0
2018-08-23 06:30:00+10:00,0.0
2018-08-23 07:00:00+10:00,0.0
2018-08-23 07:30:00+10:00,4.820095384735306
2018-08-23 08:00:00+10:00,12.330266663560685
2018-08-23 08:30:00+10:00,19.97867553069262
2018-08-23 09:00:00+10:00,27.038867179484065
2018-08-23 09:30:00+10:00,33.22783971038118
2018-08-23 10:00:00+10:00,38.417254621005334
2018-08-23 10:30:00+10:00,42.546383630694805
2018-08-23 11:00:00+10:00,45.588737177466214
2018-08-23 11:30:00+10:00,47.53452029551688
2018-08-23 12:00:00+10:00,48.38133029497458
2018-08-23 12:30:00+10:00,48.12874296561366
2018-08-23 13:00:00+10:00,46.77747078755801
2018-08-23 13:30:00+10:00,44.32775958179343
2018-08-23 14:00:00+10:00,40.78464301319579
2018-08-23 14:30:00+10:00,36.16444263537925
2018-08-23 15:00:00+10:00,30.506962971714476
2018-08-23 15:30:00+10:00,23.897835859805824
2018-08-23 16:00:00+10:00,16.519883556031765
2018-08-23 16:30:00+10:00,8.798028292426679
2018-08-23 17:00:00+10:00,1.9391134587605088
2018-08-23 17:30:00+10:00,0.0
2018-08-23 18:00:00+10:00,0.0
2018-08-23 18:30:00+10:00,0.0
2018-08-23 19:00:00+10:00,0.0
2018-08-23 19:30:00+10:00,0.0
2018-08-23 20:00:00+10:00,0.0
2018-08-23 20:30:00+10:00,0.0
2018-08-23 21:00:00+10:00,0.0
2018-08-23 21:30:00+10:00,0.0
2018-08-23 22:00:00+10:00,0.0
2018-08-23 22:30:00+10:00,0.0
2018-08-23 23:00:00+10:00,0.0
2018-08-23 23:30:00+10:00,0.0
2018-08-24 00:00:00+10:00,0.0
2018-08-24 00:30:00+10:00,0.0
2018-08-24 01:00:00+10:00,0.0
2018-08-24 01:30:00+10:00,0.0
2018-08-24 02:00:00+10:00,0.0
2018-08-24 02:30:00+10:00,0.0
2018-08-24 03:00:00+10:00,0.0
2018-08-24 03:30:00+10:00,0.0
2018-08-24 04:00:00+10:00,0.0
2018-08-24 04:30:00+10:00,0.0
2018-08-24 05:00:00+10:00,0.0
2018-08-24 05:30:00+10:00,0.0
2018-08-24 06:00:00+10:00,0.0
2018-08-24 06:30:00+10:00,0.0
2018-08-24 07:00:00+10:00,0.0
2018-08-24 07:30:00+10:00,4.871148802588353
2018-08-24 08:00:00+10:00,12.121898843686758
2018-08-24 08:30:00+10:00,19.481125010379614
2018-08-24 09:00:00+10:00,26.277106047869225
2018-08-24 09:30:00+10:00,32.241342646415646
2018-08-24 10:00:00+10:00,37.24809862460468
2018-08-24 10:30:00+10:00,41.23584263631696
2018-08-24 11:00:00+10:00,44.17477986585969
2018-08-24 11:30:00+10:00,46.052581839910175
2018-08-24 12:00:00+10:00,46.864859677255595
2018-08-24 12:30:00+10:00,46.61042775001033
2018-08-24 13:00:00+10:00,45.28955889940006
2018-08-24 13:30:00+10:00,42.904781409434705
2018-08-24 14:00:00+10:00,39.463626427241074
2018-08-24 14:30:00+10:00,34.9854151922246
2018-08-24 15:00:00+10:00,29.512583734229477
2018-08-24 15:30:00+10:00,23.131973869502616
2018-08-24 16:00:00+10:00,16.02209426972875
2018-08-24 16:30:00+10:00,8.587457301994386
2018-08-24 17:00:00+10:00,1.955762245964813
2018-08-24 17:30:00+10:00,0.0
2018-08-24 18:00:00+10:00,0.0
2018-08-24 18:30:00+10:00,0.0
2018-08-24 19:00:00+10:00,0.0
2018-08-24 19:30:00+10:00,0.0
2018-08-24 20:00:00+10:00,0.0
2018-08-24 20:30:00+10:00,0.0
2018-08-24 21:00:00+10:00,0.0
2018-08-24 21:30:00+10:00,0.0
2018-08-24 22:00:00+10:00,0.0
2018-08-24 22:30:00+10:00,0.0
2018-08-24 23:00:00+10:00,0.0
2018-08-24 23:30:00+10:00,0.0
2018-08-25 00:00:00+10:00,0.0
2018-08-25 00:30:00+10:00,0.0
2018-08-25 01:00:00+10:00,0.0
2018-08-25 01:30:00+10:00,0.0
2018-08-25 02:00:00+10:00,0.0
2018-08-25 02:30:00+10:00,0.0
2018-08-25 03:00:00+10:00,0.0
2018-08-25 03:30:00+10:00,0.0
2018-08-25 04:00:00+10:00,0.0
2018-08-25 04:30:00+10:00,0.0
2018-08-25 05:00:00+10:00,0.0
2018-08-25 05:30:00+10:00,0.0
2018-08-25 06:00:00+10:00,0.0
2018-08-25 06:30:00+10:00,0.0
2018-08-25 07:00:00+10:00,0.0
2018-08-25 07:30:00+10:00,5.202842989979529
2018-08-25 08:00:00+10:00,12.547210580467164
2018-08-25 08:30:00+10:00,19.962978095838526
2018-08-25 09:00:00+10:00,26.79957431959064
2018-08-25 09:30:00+10:00,32.79388746801284
2018-08-25 10:00:00+10:00,37.822370787823424
2018-08-25 10:30:00+10:00,41.824032970543016
2018-08-25 11:00:00+10:00,44.77046965168965
2018-08-25 11:30:00+10:00,46.64918777648391
2018-08-25 12:00:00+10:00,47.45626311233361
2018-08-25 12:30:00+10:00,47.190537222517335
2018-08-25 13:00:00+10:00,45.85272028173301
2018-08-25 13:30:00+10:00,43.44468533900973
2018-08-25 14:00:00+10:00,39.97391379350743
2018-08-25 14:30:00+10:00,35.4594857126799
2018-08-25 15:00:00+10:00,29.94362174775312
2018-08-25 15:30:00+10:00,23.512936881066214
2018-08-25 16:00:00+10:00,16.34528628705507
2018-08-25 16:30:00+10:00,8.841580901860855
2018-08-25 17:00:00+10:00,2.108677075890686
2018-08-25 17:30:00+10:00,0.0
2018-08-25 18:00:00+10:00,0.0
2018-08-25 18:30:00+10:00,0.0
2018-08-25 19:00:00+10:00,0.0
2018-08-25 19:30:00+10:00,0.0
2018-08-25 20:00:00+10:00,0.0
2018-08-25 20:30:00+10:00,0.0
2018-08-25 21:00:00+10:00,0.0
2018-08-25 21:30:00+10:00,0.0
2018-08-25 22:00:00+10:00,0.0
2018-08-25 22:30:00+10:00,0.0
2018-08-25 23:00:00+10:00,0.0
2018-08-25 23:30:00+10:00,0.0
2018-08-26 00:00:00+10:00,0.0
2018-08-26 00:30:00+10:00,0.0
2018-08-26 01:00:00+10:00,0.0
2018-08-26 01:30:00+10:00,0.0
2018-08-26 02:00:00+10:00,0.0
2018-08-26 02:30:00+10:00,0.0
2018-08-26 03:00:00+10:00,0.0
2018-08-26 03:30:00+10:00,0.0
2018-08-26 04:00:00+10:00,0.0
2018-08-26 04:30:00+10:00,0.0
2018-08-26 05:00:00+10:00,0.0
2018-08-26 05:30:00+10:00,0.0
2018-08-26 06:00:00+10:00,0.0
2018-08-26 06:30:00+10:00,0.0
2018-08-26 07:00:00+10:00,0.03253944583360938
2018-08-26 07:30:00+10:00,5.336233672494146
2018-08-26 08:00:00+10:00,12.542270666530097
2018-08-26 08:30:00+10:00,19.79087407470999
2018-08-26 09:00:00+10:00,26.468921466018934
2018-08-26 09:30:00+10:00,32.32408155345123
2018-08-26 10:00:00+10:00,37.236023465764674
2018-08-26 10:30:00+10:00,41.1445432859389
2018-08-26 11:00:00+10:00,44.02076276306139
2018-08-26 11:30:00+10:00,45.85170930485006
2018-08-26 12:00:00+10:00,46.63285462666787
2018-08-26 12:30:00+10:00,46.362789451595496
2018-08-26 13:00:00+10:00,45.0423328295244
2018-08-26 13:30:00+10:00,42.67386045177411
2018-08-26 14:00:00+10:00,39.26562278687433
2018-08-26 14:30:00+10:00,34.83753845591214
2018-08-26 15:00:00+10:00,29.432342180902083
2018-08-26 15:30:00+10:00,23.136124131590385
2018-08-26 16:00:00+10:00,16.12309426309438
2018-08-26 16:30:00+10:00,8.780844362209955
2018-08-26 17:00:00+10:00,2.165325820459534
2018-08-26 17:30:00+10:00,0.0
2018-08-26 18:00:00+10:00,0.0
2018-08-26 18:30:00+10:00,0.0
2018-08-26 19:00:00+10:00,0.0
2018-08-26 19:30:00+10:00,0.0
2018-08-26 20:00:00+10:00,0.0
2018-08-26 20:30:00+10:00,0.0
2018-08-26 21:00:00+10:00,0.0
2018-08-26 21:30:00+10:00,0.0
2018-08-26 22:00:00+10:00,0.0
2018-08-26 22:30:00+10:00,0.0
2018-08-26 23:00:00+10:00,0.0
2018-08-26 23:30:00+10:00,0.0
2018-08-27 00:00:00+10:00,0.0
2018-08-27 00:30:00+10:00,0.0
2018-08-27 01:00:00+10:00,0.0
2018-08-27 01:30:00+10:00,0.0
2018-08-27 02:00:00+10:00,0.0
2018-08-27 02:30:00+10:00,0.0
2018-08-27 03:00:00+10:00,0.0
2018-08-27 03:30:00+10:00,0.0
2018-08-27 04:00:00+10:00,0.0
2018-08-27 04:30:00+10:00,0.0
2018-08-27 05:00:00+10:00,0.0
2018-08-27 05:30:00+10:00,0.0
2018-08-27 06:00:00+10:00,0.0
2018-08-27 06:30:00+10:00,0.0
2018-08-27 07:00:00+10:00,0.15774975472009883
2018-08-27 07:30:00+10:00,5.544832673414653
2018-08-27 08:00:00+10:00,12.68626621492942
2018-08-27 08:30:00+10:00,19.841829292520018
2018-08-27 09:00:00+10:00,26.429246960789975
2018-08-27 09:30:00+10:00,32.204608037023405
2018-08-27 10:00:00+10:00,37.0496935743201
2018-08-27 10:30:00+10:00,40.90484256170587
2018-08-27 11:00:00+10:00,43.739956229760885
2018-08-27 11:30:00+10:00,45.541613870392624
2018-08-27 12:00:00+10:00,46.304658346693536
2018-08-27 12:30:00+10:00,46.02729416121535
2018-08-27 13:00:00+10:00,44.7106472723106
2018-08-27 13:30:00+10:00,42.35749506558872
2018-08-27 14:00:00+10:00,38.97702980053578
2018-08-27 14:30:00+10:00,34.589982527444036
2018-08-27 15:00:00+10:00,29.24036757290321
2018-08-27 15:30:00+10:00,23.014167540726802
2018-08-27 16:00:00+10:00,16.08351521345491
2018-08-27 16:30:00+10:00,8.825992712319461
2018-08-27 17:00:00+10:00,2.2568001194042666
2018-08-27 17:30:00+10:00,0.0
2018-08-27 18:00:00+10:00,0.0
2018-08-27 18:30:00+10:00,0.0
2018-08-27 19:00:00+10:00,0.0
2018-08-27 19:30:00+10:00,0.0
2018-08-27 20:00:00+10:00,0.0
2018-08-27 20:30:00+10:00,0.0
2018-08-27 21:00:00+10:00,0.0
2018-08-27 21:30:00+10:00,0.0
2018-08-27 22:00:00+10:00,0.0
2018-08-27 22:30:00+10:00,0.0
2018-08-27 23:00:00+10:00,0.0
2018-08-27 23:30:00+10:00,0.0
2018-08-28 00:00:00+10:00,0.0
2018-08-28 00:30:00+10:00,0.0
2018-08-28 01:00:00+10:00,0.0
2018-08-28 01:30:00+10:00,0.0
2018-08-28 02:00:00+10:00,0.0
2018-08-28 02:30:00+10:00,0.0
2018-08-28 03:00:00+10:00,0.0
2018-08-28 03:30:00+10:00,0.0
2018-08-28 04:00:00+10:00,0.0
2018-08-28 04:30:00+10:00,0.0
2018-08-28 05:00:00+10:00,0.0
2018-08-28 05:30:00+10:00,0.0
2018-08-28 06:00:00+10:00,0.0
2018-08-28 06:30:00+10:00,0.0
2018-08-28 07:00:00+10:00,0.26463823068019643
2018-08-28 07:30:00+10:00,5.59469097419361
2018-08-28 08:00:00+10:00,12.515456078698985
2018-08-28 08:30:00+10:00,19.429853091254817
2018-08-28 09:00:00+10:00,25.794762424228963
2018-08-28 09:30:00+10:00,31.37766476995244
2018-08-28 10:00:00+10:00,36.063736457709474
2018-08-28 10:30:00+10:00,39.7929905066458
2018-08-28 11:00:00+10:00,42.53497272795625
2018-08-28 11:30:00+10:00,44.27483381264892
2018-08-28 12:00:00+10:00,45.00619708703266
2018-08-28 12:30:00+10:00,44.727252692455636
2018-08-28 13:00:00+10:00,43.43856250850577
2018-08-28 13:30:00+10:00,41.14432905580737
2018-08-28 14:00:00+10:00,37.85491668042049
2018-08-28 14:30:00+10:00,33.59288241469762
2018-08-28 15:00:00+10:00,28.40298600905598
2018-08-28 15:30:00+10:00,22.37098698871125
2018-08-28 16:00:00+10:00,15.664610405976429
2018-08-28 16:30:00+10:00,8.645800375673483
2018-08-28 17:00:00+10:00,2.2712441230924396
2018-08-28 17:30:00+10:00,0.0
2018-08-28 18:00:00+10:00,0.0
2018-08-28 18:30:00+10:00,0.0
2018-08-28 19:00:00+10:00,0.0
2018-08-28 19:30:00+10:00,0.0
2018-08-28 20:00:00+10:00,0.0
2018-08-28 20:30:00+10:00,0.0
2018-08-28 21:00:00+10:00,0.0
2018-08-28 21:30:00+10:00,0.0
2018-08-28 22:00:00+10:00,0.0
2018-08-28 22:30:00+10:00,0.0
2018-08-28 23:00:00+10:00,0.0
2018-08-28 23:30:00+10:00,0.0
2018-08-29 00:00:00+10:00,0.0
2018-08-29 00:30:00+10:00,0.0
2018-08-29 01:00:00+10:00,0.0
2018-08-29 01:30:00+10:00,0.0
2018-08-29 02:00:00+10:00,0.0
2018-08-29 02:30:00+10:00,0.0
2018-08-29 03:00:00+10:00,0.0
2018-08-29 03:30:00+10:00,0.0
2018-08-29 04:00:00+10:00,0.0
2018-08-29 04:30:00+10:00,0.0
2018-08-29 05:00:00+10:00,0.0
2018-08-29 05:30:00+10:00,0.0
2018-08-29 06:00:00+10:00,0.0
2018-08-29 06:30:00+10:00,0.0
2018-08-29 07:00:00+10:00,0.4048299495939289
2018-08-29 07:30:00+10:00,5.832541198752396
2018-08-29 08:00:00+10:00,12.73857707314662
2018-08-29 08:30:00+10:00,19.612614633782574
2018-08-29 09:00:00+10:00,25.933669212592303
2018-08-29 09:30:00+10:00,31.47564284773594
2018-08-29 10:00:00+10:00,36.12581001884198
2018-08-29 10:30:00+10:00,39.824971399195505
2018-08-29 11:00:00+10:00,42.54233590300706
2018-08-29 11:30:00+10:00,44.263063466917714
2018-08-29 12:00:00+10:00,44.980672428640226
2018-08-29 12:30:00+10:00,44.69302965764937
2018-08-29 13:00:00+10:00,43.40138093425014
2018-08-29 13:30:00+10:00,41.10968478083435
2018-08-29 14:00:00+10:00,37.82867890368685
2018-08-29 14:30:00+10:00,33.58130993029188
2018-08-29 15:00:00+10:00,28.412763934646446
2018-08-29 15:30:00+10:00,22.408610036456185
2018-08-29 16:00:00+10:00,15.73492689599999
2018-08-29 16:30:00+10:00,8.747401846089494
2018-08-29 17:00:00+10:00,2.374330521154667
2018-08-29 17:30:00+10:00,0.0
2018-08-29 18:00:00+10:00,0.0
2018-08-29 18:30:00+10:00,0.0
2018-08-29 19:00:00+10:00,0.0
2018-08-29 19:30:00+10:00,0.0
2018-08-29 20:00:00+10:00,0.0
2018-08-29 20:30:00+10:00,0.0
2018-08-29 21:00:00+10:00,0.0
2018-08-29 21:30:00+10:00,0.0
2018-08-29 22:00:00+10:00,0.0
2018-08-29 22:30:00+10:00,0.0
2018-08-29 23:00:00+10:00,0.0
2018-08-29 23:30:00+10:00,0.0
2018-08-30 00:00:00+10:00,0.0
2018-08-30 00:30:00+10:00,0.0
2018-08-30 01:00:00+10:00,0.0
2018-08-30 01:30:00+10:00,0.0
2018-08-30 02:00:00+10:00,0.0
2018-08-30 02:30:00+10:00,0.0
2018-08-30 03:00:00+10:00,0.0
2018-08-30 03:30:00+10:00,0.0
2018-08-30 04:00:00+10:00,0.0
2018-08-30 04:30:00+10:00,0.0
2018-08-30 05:00:00+10:00,0.0
2018-08-30 05:30:00+10:00,0.0
2018-08-30 06:00:00+10:00,0.0
2018-08-30 06:30:00+10:00,0.0
2018-08-30 07:00:00+10:00,0.4894807694562669
2018-08-30 07:30:00+10:00,5.753703024827913
2018-08-30 08:00:00+10:00,12.34355951933168
2018-08-30 08:30:00+10:00,18.89080104310863
2018-08-30 09:00:00+10:00,24.913821505012535
2018-08-30 09:30:00+10:00,30.199295513039647
2018-08-30 10:00:00+10:00,34.63802252935713
2018-08-30 10:30:00+10:00,38.170827574833346
2018-08-30 11:00:00+10:00,40.765986197999204
2018-08-30 11:30:00+10:00,42.40669298571679
2018-08-30 12:00:00+10:00,43.08592116940175
2018-08-30 12:30:00+10:00,42.80040399432802
2018-08-30 13:00:00+10:00,41.55182125524398
2018-08-30 13:30:00+10:00,39.34510202606536
2018-08-30 14:00:00+10:00,36.192997735772906
2018-08-30 14:30:00+10:00,32.12003912308919
2018-08-30 15:00:00+10:00,27.172537235325443
2018-08-30 15:30:00+10:00,21.435581006061863
2018-08-30 16:00:00+10:00,15.069709437544182
2018-08-30 16:30:00+10:00,8.411485085395809
2018-08-30 17:00:00+10:00,2.3262116753750157
2018-08-30 17:30:00+10:00,0.0
2018-08-30 18:00:00+10:00,0.0
2018-08-30 18:30:00+10:00,0.0
2018-08-30 19:00:00+10:00,0.0
2018-08-30 19:30:00+10:00,0.0
2018-08-30 20:00:00+10:00,0.0
2018-08-30 20:30:00+10:00,0.0
2018-08-30 21:00:00+10:00,0.0
2018-08-30 21:30:00+10:00,0.0
2018-08-30 22:00:00+10:00,0.0
2018-08-30 22:30:00+10:00,0.0
2018-08-30 23:00:00+10:00,0.0
2018-08-30 23:30:00+10:00,0.0
2018-08-31 00:00:00+10:00,0.0
2018-08-31 00:30:00+10:00,0.0
2018-08-31 01:00:00+10:00,0.0
2018-08-31 01:30:00+10:00,0.0
2018-08-31 02:00:00+10:00,0.0
2018-08-31 02:30:00+10:00,0.0
2018-08-31 03:00:00+10:00,0.0
2018-08-31 03:30:00+10:00,0.0
2018-08-31 04:00:00+10:00,0.0
2018-08-31 04:30:00+10:00,0.0
2018-08-31 05:00:00+10:00,0.0
2018-08-31 05:30:00+10:00,0.0
2018-08-31 06:00:00+10:00,0.0
2018-08-31 06:30:00+10:00,0.0
2018-08-31 07:00:00+10:00,0.9841130490786212
2018-08-31 07:30:00+10:00,7.54524147984728
2018-08-31 08:00:00+10:00,15.542174555960258
2018-08-31 08:30:00+10:00,23.391490206016346
2018-08-31 09:00:00+10:00,30.543430895335856
2018-08-31 09:30:00+10:00,36.76546008801987
2018-08-31 10:00:00+10:00,41.949568580310434
2018-08-31 10:30:00+10:00,46.046524675789854
2018-08-31 11:00:00+10:00,49.03718936012296
2018-08-31 11:30:00+10:00,50.91653136833195
2018-08-31 12:00:00+10:00,51.6859814734263
2018-08-31 12:30:00+10:00,51.34629220470283
2018-08-31 13:00:00+10:00,49.896866381440105
2018-08-31 13:30:00+10:00,47.3366683539201
2018-08-31 14:00:00+10:00,43.66778036628741
2018-08-31 14:30:00+10:00,38.90212362983416
2018-08-31 15:00:00+10:00,33.07552890051218
2018-08-31 15:30:00+10:00,26.268297687217228
2018-08-31 16:00:00+10:00,18.652649286978267
2018-08-31 16:30:00+10:00,10.615204866390316
2018-08-31 17:00:00+10:00,3.1766654569108135
2018-08-31 17:30:00+10:00,0.0
2018-08-31 18:00:00+10:00,0.0
2018-08-31 18:30:00+10:00,0.0
2018-08-31 19:00:00+10:00,0.0
2018-08-31 19:30:00+10:00,0.0
2018-08-31 20:00:00+10:00,0.0
2018-08-31 20:30:00+10:00,0.0
2018-08-31 21:00:00+10:00,0.0
2018-08-31 21:30:00+10:00,0.0
2018-08-31 22:00:00+10:00,0.0
2018-08-31 22:30:00+10:00,0.0
2018-08-31 23:00:00+10:00,0.0
2018-08-31 23:30:00+10:00,0.0
2018-09-01 00:00:00+10:00,0.0
2018-09-01 00:30:00+10:00,0.0
2018-09-01 01:00:00+10:00,0.0
2018-09-01 01:30:00+10:00,0.0
2018-09-01 02:00:00+10:00,0.0
2018-09-01 02:30:00+10:00,0.0
2018-09-01 03:00:00+10:00,0.0
2018-09-01 03:30:00+10:00,0.0
2018-09-01 04:00:00+10:00,0.0
2018-09-01 04:30:00+10:00,0.0
2018-09-01 05:00:00+10:00,0.0
2018-09-01 05:30:00+10:00,0.0
2018-09-01 06:00:00+10:00,0.0
2018-09-01 06:30:00+10:00,0.0
2018-09-01 07:00:00+10:00,0.8033035923917042
2018-09-01 07:30:00+10:00,6.185218774296134
2018-09-01 08:00:00+10:00,12.694378856221682
2018-09-01 08:30:00+10:00,19.118089391165643
2018-09-01 09:00:00+10:00,25.015500418219933
2018-09-01 09:30:00+10:00,30.1858650671996
2018-09-01 10:00:00+10:00,34.52432057801694
2018-09-01 10:30:00+10:00,37.973700817828174
2018-09-01 11:00:00+10:00,40.50230608767001
2018-09-01 11:30:00+10:00,42.09410073986556
2018-09-01 12:00:00+10:00,42.74123200735199
2018-09-01 12:30:00+10:00,42.440907513228474
2018-09-01 13:00:00+10:00,41.19467929646052
2018-09-01 13:30:00+10:00,39.00825192873209
2018-09-01 14:00:00+10:00,35.8941074120232
2018-09-01 14:30:00+10:00,31.877378253244498
2018-09-01 15:00:00+10:00,27.00442639005749
2018-09-01 15:30:00+10:00,21.359229908420886
2018-09-01 16:00:00+10:00,15.098518820940566
2018-09-01 16:30:00+10:00,8.545354959907547
2018-09-01 17:00:00+10:00,2.5104727351219647
2018-09-01 17:30:00+10:00,0.0
2018-09-01 18:00:00+10:00,0.0
2018-09-01 18:30:00+10:00,0.0
2018-09-01 19:00:00+10:00,0.0
2018-09-01 19:30:00+10:00,0.0
2018-09-01 20:00:00+10:00,0.0
2018-09-01 20:30:00+10:00,0.0
2018-09-01 21:00:00+10:00,0.0
2018-09-01 21:30:00+10:00,0.0
2018-09-01 22:00:00+10:00,0.0
2018-09-01 22:30:00+10:00,0.0
2018-09-01 23:00:00+10:00,0.0
2018-09-01 23:30:00+10:00,0.0
2018-09-02 00:00:00+10:00,0.0
2018-09-02 00:30:00+10:00,0.0
2018-09-02 01:00:00+10:00,0.0
2018-09-02 01:30:00+10:00,0.0
2018-09-02 02:00:00+10:00,0.0
2018-09-02 02:30:00+10:00,0.0
2018-09-02 03:00:00+10:00,0.0
2018-09-02 03:30:00+10:00,0.0
2018-09-02 04:00:00+10:00,0.0
2018-09-02 04:30:00+10:00,0.0
2018-09-02 05:00:00+10:00,0.0
2018-09-02 05:30:00+10:00,0.0
2018-09-02 06:00:00+10:00,0.0
2018-09-02 06:30:00+10:00,0.0
2018-09-02 07:00:00+10:00,1.1924784381621965
2018-09-02 07:30:00+10:00,7.325164817558109
2018-09-02 08:00:00+10:00,14.598163633769898
2018-09-02 08:30:00+10:00,21.721305358042308
2018-09-02 09:00:00+10:00,28.22571680598917
2018-09-02 09:30:00+10:00,33.9017780891956
2018-09-02 10:00:00+10:00,38.64473030087816
2018-09-02 10:30:00+10:00,42.4010759479281
2018-09-02 11:00:00+10:00,45.144874081074974
2018-09-02 11:30:00+10:00,46.86499838628457
2018-09-02 12:00:00+10:00,47.55699695583961
2018-09-02 12:30:00+10:00,47.22004490666265
2018-09-02 13:00:00+10:00,45.85457414675276
2018-09-02 13:30:00+10:00,43.463774127339164
2018-09-02 14:00:00+10:00,40.05537248768231
2018-09-02 14:30:00+10:00,35.649912977915704
2018-09-02 15:00:00+10:00,30.289459686872743
2018-09-02 15:30:00+10:00,24.057390029229854
2018-09-02 16:00:00+10:00,17.11770087137409
2018-09-02 16:30:00+10:00,9.81843610529015
2018-09-02 17:00:00+10:00,3.042238107972708
2018-09-02 17:30:00+10:00,0.0
2018-09-02 18:00:00+10:00,0.0
2018-09-02 18:30:00+10:00,0.0
2018-09-02 19:00:00+10:00,0.0
2018-09-02 19:30:00+10:00,0.0
2018-09-02 20:00:00+10:00,0.0
2018-09-02 20:30:00+10:00,0.0
2018-09-02 21:00:00+10:00,0.0
2018-09-02 21:30:00+10:00,0.0
2018-09-02 22:00:00+10:00,0.0
2018-09-02 22:30:00+10:00,0.0
2018-09-02 23:00:00+10:00,0.0
2018-09-02 23:30:00+10:00,0.0
2018-09-03 00:00:00+10:00,0.0
2018-09-03 00:30:00+10:00,0.0
2018-09-03 01:00:00+10:00,0.0
2018-09-03 01:30:00+10:00,0.0
2018-09-03 02:00:00+10:00,0.0
2018-09-03 02:30:00+10:00,0.0
2018-09-03 03:00:00+10:00,0.0
2018-09-03 03:30:00+10:00,0.0
2018-09-03 04:00:00+10:00,0.0
2018-09-03 04:30:00+10:00,0.0
2018-09-03 05:00:00+10:00,0.0
2018-09-03 05:30:00+10:00,0.0
2018-09-03 06:00:00+10:00,0.0
2018-09-03 06:30:00+10:00,0.0
2018-09-03 07:00:00+10:00,1.5664987392807554
2018-09-03 07:30:00+10:00,8.250131493336768
2018-09-03 08:00:00+10:00,16.040412420015773
2018-09-03 08:30:00+10:00,23.622728416599887
2018-09-03 09:00:00+10:00,30.51740573543023
2018-09-03 09:30:00+10:00,36.512302001783695
2018-09-03 10:00:00+10:00,41.50556191226028
2018-09-03 10:30:00+10:00,45.44783073652367
2018-09-03 11:00:00+10:00,48.31901336833605
2018-09-03 11:30:00+10:00,50.11180382613287
2018-09-03 12:00:00+10:00,50.825499872923416
2018-09-03 12:30:00+10:00,50.46068654247961
2018-09-03 13:00:00+10:00,49.017101199847794
2018-09-03 13:30:00+10:00,46.49490392978898
2018-09-03 14:00:00+10:00,42.89825602030387
2018-09-03 14:30:00+10:00,38.242798758544325
2018-09-03 15:00:00+10:00,32.5661603751006
2018-09-03 15:30:00+10:00,25.949586783519702
2018-09-03 16:00:00+10:00,18.55997928092327
2018-09-03 16:30:00+10:00,10.759311475736267
2018-09-03 17:00:00+10:00,3.4699670541372387
2018-09-03 17:30:00+10:00,0.0
2018-09-03 18:00:00+10:00,0.0
2018-09-03 18:30:00+10:00,0.0
2018-09-03 19:00:00+10:00,0.0
2018-09-03 19:30:00+10:00,0.0
2018-09-03 20:00:00+10:00,0.0
2018-09-03 20:30:00+10:00,0.0
2018-09-03 21:00:00+10:00,0.0
2018-09-03 21:30:00+10:00,0.0
2018-09-03 22:00:00+10:00,0.0
2018-09-03 22:30:00+10:00,0.0
2018-09-03 23:00:00+10:00,0.0
2018-09-03 23:30:00+10:00,0.0
2018-09-04 00:00:00+10:00,0.0
2018-09-04 00:30:00+10:00,0.0
2018-09-04 01:00:00+10:00,0.0
2018-09-04 01:30:00+10:00,0.0
2018-09-04 02:00:00+10:00,0.0
2018-09-04 02:30:00+10:00,0.0
2018-09-04 03:00:00+10:00,0.0
2018-09-04 03:30:00+10:00,0.0
2018-09-04 04:00:00+10:00,0.0
2018-09-04 04:30:00+10:00,0.0
2018-09-04 05:00:00+10:00,0.0
2018-09-04 05:30:00+10:00,0.0
2018-09-04 06:00:00+10:00,0.0
2018-09-04 06:30:00+10:00,0.0
2018-09-04 07:00:00+10:00,1.9135766133307062
2018-09-04 07:30:00+10:00,8.995589875907255
2018-09-04 08:00:00+10:00,17.12800950857423
2018-09-04 08:30:00+10:00,25.003758078311062
2018-09-04 09:00:00+10:00,32.142836080507955
2018-09-04 09:30:00+10:00,38.334372250571484
2018-09-04 10:00:00+10:00,43.47881838070007
2018-09-04 10:30:00+10:00,47.53188498500204
2018-09-04 11:00:00+10:00,50.47617002254977
2018-09-04 11:30:00+10:00,52.30822547507139
2018-09-04 12:00:00+10:00,53.03020628945865
2018-09-04 12:30:00+10:00,52.64306082833302
2018-09-04 13:00:00+10:00,51.14633688660515
2018-09-04 13:30:00+10:00,48.53792019848274
2018-09-04 14:00:00+10:00,44.81947978445412
2018-09-04 14:30:00+10:00,40.00268973344651
2018-09-04 15:00:00+10:00,34.12232371222799
2018-09-04 15:30:00+10:00,27.25742767331823
2018-09-04 16:00:00+10:00,19.575853569520447
2018-09-04 16:30:00+10:00,11.44654873418832
2018-09-04 17:00:00+10:00,3.80983669136052
2018-09-04 17:30:00+10:00,0.0
2018-09-04 18:00:00+10:00,0.0
2018-09-04 18:30:00+10:00,0.0
2018-09-04 19:00:00+10:00,0.0
2018-09-04 19:30:00+10:00,0.0
2018-09-04 20:00:00+10:00,0.0
2018-09-04 20:30:00+10:00,0.0
2018-09-04 21:00:00+10:00,0.0
2018-09-04 21:30:00+10:00,0.0
2018-09-04 22:00:00+10:00,0.0
2018-09-04 22:30:00+10:00,0.0
2018-09-04 23:00:00+10:00,0.0
2018-09-04 23:30:00+10:00,0.0
2018-09-05 00:00:00+10:00,0.0
2018-09-05 00:30:00+10:00,0.0
2018-09-05 01:00:00+10:00,0.0
2018-09-05 01:30:00+10:00,0.0
2018-09-05 02:00:00+10:00,0.0
2018-09-05 02:30:00+10:00,0.0
2018-09-05 03:00:00+10:00,0.0
2018-09-05 03:30:00+10:00,0.0
2018-09-05 04:00:00+10:00,0.0
2018-09-05 04:30:00+10:00,0.0
2018-09-05 05:00:00+10:00,0.0
2018-09-05 05:30:00+10:00,0.0
2018-09-05 06:00:00+10:00,0.0
2018-09-05 06:30:00+10:00,0.0
2018-09-05 07:00:00+10:00,1.8781181591197607
2018-09-05 07:30:00+10:00,8.377519563545821
2018-09-05 08:00:00+10:00,15.782711680089895
2018-09-05 08:30:00+10:00,22.96534525022711
2018-09-05 09:00:00+10:00,29.497502867674
2018-09-05 09:30:00+10:00,35.1826885991025
2018-09-05 10:00:00+10:00,39.92196187746381
2018-09-05 10:30:00+10:00,43.66553343939932
2018-09-05 11:00:00+10:00,46.38899831843859
2018-09-05 11:30:00+10:00,48.08310291874888
2018-09-05 12:00:00+10:00,48.744315876520176
2018-09-05 12:30:00+10:00,48.37220918303714
2018-09-05 13:00:00+10:00,46.96708620273014
2018-09-05 13:30:00+10:00,44.531207939177754
2018-09-05 14:00:00+10:00,41.07236142814094
2018-09-05 14:30:00+10:00,36.60954572412194
2018-09-05 15:00:00+10:00,31.184017136299136
2018-09-05 15:30:00+10:00,24.878133559375723
2018-09-05 16:00:00+10:00,17.853398670150654
2018-09-05 16:30:00+10:00,10.448261884446238
2018-09-05 17:00:00+10:00,3.499673358205209
2018-09-05 17:30:00+10:00,0.0
2018-09-05 18:00:00+10:00,0.0
2018-09-05 18:30:00+10:00,0.0
2018-09-05 19:00:00+10:00,0.0
2018-09-05 19:30:00+10:00,0.0
2018-09-05 20:00:00+10:00,0.0
2018-09-05 20:30:00+10:00,0.0
2018-09-05 21:00:00+10:00,0.0
2018-09-05 21:30:00+10:00,0.0
2018-09-05 22:00:00+10:00,0.0
2018-09-05 22:30:00+10:00,0.0
2018-09-05 23:00:00+10:00,0.0
2018-09-05 23:30:00+10:00,0.0
2018-09-06 00:00:00+10:00,0.0
2018-09-06 00:30:00+10:00,0.0
2018-09-06 01:00:00+10:00,0.0
2018-09-06 01:30:00+10:00,0.0
2018-09-06 02:00:00+10:00,0.0
2018-09-06 02:30:00+10:00,0.0
2018-09-06 03:00:00+10:00,0.0
2018-09-06 03:30:00+10:00,0.0
2018-09-06 04:00:00+10:00,0.0
2018-09-06 04:30:00+10:00,0.0
2018-09-06 05:00:00+10:00,0.0
2018-09-06 05:30:00+10:00,0.0
2018-09-06 06:00:00+10:00,0.0
2018-09-06 06:30:00+10:00,0.0
2018-09-06 07:00:00+10:00,1.8728507627109634
2018-09-06 07:30:00+10:00,7.9026829683548945
2018-09-06 08:00:00+10:00,14.717019168481125
2018-09-06 08:30:00+10:00,21.330854706053767
2018-09-06 09:00:00+10:00,27.359546108669253
2018-09-06 09:30:00+10:00,32.6199824567477
2018-09-06 10:00:00+10:00,37.01539139425689
2018-09-06 10:30:00+10:00,40.493182213834565
2018-09-06 11:00:00+10:00,43.0257304510907
2018-09-06 11:30:00+10:00,44.59899763808298
2018-09-06 12:00:00+10:00,45.206845148438404
2018-09-06 12:30:00+10:00,44.84755379585017
2018-09-06 13:00:00+10:00,43.522201348447766
2018-09-06 13:30:00+10:00,41.235915771414476
2018-09-06 14:00:00+10:00,38.00004732341049
2018-09-06 14:30:00+10:00,33.838095735638156
2018-09-06 15:00:00+10:00,28.795190846416407
2018-09-06 15:30:00+10:00,22.95424731311488
2018-09-06 16:00:00+10:00,16.469782946036556
2018-09-06 16:30:00+10:00,9.654503511488258
2018-09-06 17:00:00+10:00,3.2613702698377898
2018-09-06 17:30:00+10:00,0.0
2018-09-06 18:00:00+10:00,0.0
2018-09-06 18:30:00+10:00,0.0
2018-09-06 19:00:00+10:00,0.0
2018-09-06 19:30:00+10:00,0.0
2018-09-06 20:00:00+10:00,0.0
2018-09-06 20:30:00+10:00,0.0
2018-09-06 21:00:00+10:00,0.0
2018-09-06 21:30:00+10:00,0.0
2018-09-06 22:00:00+10:00,0.0
2018-09-06 22:30:00+10:00,0.0
2018-09-06 23:00:00+10:00,0.0
2018-09-06 23:30:00+10:00,0.0
2018-09-07 00:00:00+10:00,0.0
2018-09-07 00:30:00+10:00,0.0
2018-09-07 01:00:00+10:00,0.0
2018-09-07 01:30:00+10:00,0.0
2018-09-07 02:00:00+10:00,0.0
2018-09-07 02:30:00+10:00,0.0
2018-09-07 03:00:00+10:00,0.0
2018-09-07 03:30:00+10:00,0.0
2018-09-07 04:00:00+10:00,0.0
2018-09-07 04:30:00+10:00,0.0
2018-09-07 05:00:00+10:00,0.0
2018-09-07 05:30:00+10:00,0.0
2018-09-07 06:00:00+10:00,0.0
2018-09-07 06:30:00+10:00,0.0
2018-09-07 07:00:00+10:00,2.3743645519070182
2018-09-07 07:30:00+10:00,9.039666080349374
2018-09-07 08:00:00+10:00,16.465363989762867
2018-09-07 08:30:00+10:00,23.628707004845584
2018-09-07 09:00:00+10:00,30.129666928705035
2018-09-07 09:30:00+10:00,35.78053171092167
2018-09-07 10:00:00+10:00,40.486066065217
2018-09-07 10:30:00+10:00,44.19712011480391
2018-09-07 11:00:00+10:00,46.89078526319278
2018-09-07 11:30:00+10:00,48.5571117949887
2018-09-07 12:00:00+10:00,49.19349977550221
2018-09-07 12:30:00+10:00,48.79890976435604
2018-09-07 13:00:00+10:00,47.3738921582189
2018-09-07 13:30:00+10:00,44.92079871208776
2018-09-07 14:00:00+10:00,41.44757517668201
2018-09-07 14:30:00+10:00,36.97347085463016
2018-09-07 15:00:00+10:00,31.539935796984842
2018-09-07 15:30:00+10:00,25.22910721866159
2018-09-07 16:00:00+10:00,18.200668826778035
2018-09-07 16:30:00+10:00,10.784989837414349
2018-09-07 17:00:00+10:00,3.7832892684701793
2018-09-07 17:30:00+10:00,0.0
2018-09-07 18:00:00+10:00,0.0
2018-09-07 18:30:00+10:00,0.0
2018-09-07 19:00:00+10:00,0.0
2018-09-07 19:30:00+10:00,0.0
2018-09-07 20:00:00+10:00,0.0
2018-09-07 20:30:00+10:00,0.0
2018-09-07 21:00:00+10:00,0.0
2018-09-07 21:30:00+10:00,0.0
2018-09-07 22:00:00+10:00,0.0
2018-09-07 22:30:00+10:00,0.0
2018-09-07 23:00:00+10:00,0.0
2018-09-07 23:30:00+10:00,0.0
2018-09-08 00:00:00+10:00,0.0
2018-09-08 00:30:00+10:00,0.0
2018-09-08 01:00:00+10:00,0.0
2018-09-08 01:30:00+10:00,0.0
2018-09-08 02:00:00+10:00,0.0
2018-09-08 02:30:00+10:00,0.0
2018-09-08 03:00:00+10:00,0.0
2018-09-08 03:30:00+10:00,0.0
2018-09-08 04:00:00+10:00,0.0
2018-09-08 04:30:00+10:00,0.0
2018-09-08 05:00:00+10:00,0.0
2018-09-08 05:30:00+10:00,0.0
2018-09-08 06:00:00+10:00,0.0
2018-09-08 06:30:00+10:00,0.0
2018-09-08 07:00:00+10:00,2.8816742248077754
2018-09-08 07:30:00+10:00,10.100796322062559
2018-09-08 08:00:00+10:00,18.04041309027414
2018-09-08 08:30:00+10:00,25.656231508314313
2018-09-08 09:00:00+10:00,32.53895885676853
2018-09-08 09:30:00+10:00,38.49990278446896
2018-09-08 10:00:00+10:00,43.44664023130705
2018-09-08 10:30:00+10:00,47.33551440548243
2018-09-08 11:00:00+10:00,50.14949215547412
2018-09-08 11:30:00+10:00,51.883122782597944
2018-09-08 12:00:00+10:00,52.536725494028936
2018-09-08 12:30:00+10:00,52.111284886257
2018-09-08 13:00:00+10:00,50.60648049085903
2018-09-08 13:30:00+10:00,48.02142311731386
2018-09-08 14:00:00+10:00,44.35962609722228
2018-09-08 14:30:00+10:00,39.635744896896284
2018-09-08 15:00:00+10:00,33.88611480259278
2018-09-08 15:30:00+10:00,27.190418000258497
2018-09-08 16:00:00+10:00,19.7107430449338
2018-09-08 16:30:00+10:00,11.790877791216873
2018-09-08 17:00:00+10:00,4.268666083755537
2018-09-08 17:30:00+10:00,0.0
2018-09-08 18:00:00+10:00,0.0
2018-09-08 18:30:00+10:00,0.0
2018-09-08 19:00:00+10:00,0.0
2018-09-08 19:30:00+10:00,0.0
2018-09-08 20:00:00+10:00,0.0
2018-09-08 20:30:00+10:00,0.0
2018-09-08 21:00:00+10:00,0.0
2018-09-08 21:30:00+10:00,0.0
2018-09-08 22:00:00+10:00,0.0
2018-09-08 22:30:00+10:00,0.0
2018-09-08 23:00:00+10:00,0.0
2018-09-08 23:30:00+10:00,0.0
2018-09-09 00:00:00+10:00,0.0
2018-09-09 00:30:00+10:00,0.0
2018-09-09 01:00:00+10:00,0.0
2018-09-09 01:30:00+10:00,0.0
2018-09-09 02:00:00+10:00,0.0
2018-09-09 02:30:00+10:00,0.0
2018-09-09 03:00:00+10:00,0.0
2018-09-09 03:30:00+10:00,0.0
2018-09-09 04:00:00+10:00,0.0
2018-09-09 04:30:00+10:00,0.0
2018-09-09 05:00:00+10:00,0.0
2018-09-09 05:30:00+10:00,0.0
2018-09-09 06:00:00+10:00,0.0
2018-09-09 06:30:00+10:00,0.0
2018-09-09 07:00:00+10:00,2.098307175427611
2018-09-09 07:30:00+10:00,7.485153704865224
2018-09-09 08:00:00+10:00,13.426756745198261
2018-09-09 08:30:00+10:00,19.179548833835934
2018-09-09 09:00:00+10:00,24.433169162337144
2018-09-09 09:30:00+10:00,29.02974364073028
2018-09-09 10:00:00+10:00,32.87972431910321
2018-09-09 10:30:00+10:00,35.929850463573075
2018-09-09 11:00:00+10:00,38.149031084081294
2018-09-09 11:30:00+10:00,39.519128596996985
2018-09-09 12:00:00+10:00,40.03094312225727
2018-09-09 12:30:00+10:00,39.68161645835373
2018-09-09 13:00:00+10:00,38.47329324648352
2018-09-09 13:30:00+10:00,36.41385646423188
2018-09-09 14:00:00+10:00,33.51951293376359
2018-09-09 14:30:00+10:00,29.81865528231887
2018-09-09 15:00:00+10:00,25.35966741839844
2018-09-09 15:30:00+10:00,20.223719246762993
2018-09-09 16:00:00+10:00,14.551950324384752
2018-09-09 16:30:00+10:00,8.613799446692266
2018-09-09 17:00:00+10:00,3.0256069216092527
2018-09-09 17:30:00+10:00,0.0
2018-09-09 18:00:00+10:00,0.0
2018-09-09 18:30:00+10:00,0.0
2018-09-09 19:00:00+10:00,0.0
2018-09-09 19:30:00+10:00,0.0
2018-09-09 20:00:00+10:00,0.0
2018-09-09 20:30:00+10:00,0.0
2018-09-09 21:00:00+10:00,0.0
2018-09-09 21:30:00+10:00,0.0
2018-09-09 22:00:00+10:00,0.0
2018-09-09 22:30:00+10:00,0.0
2018-09-09 23:00:00+10:00,0.0
2018-09-09 23:30:00+10:00,0.0
2018-09-10 00:00:00+10:00,0.0
2018-09-10 00:30:00+10:00,0.0
2018-09-10 01:00:00+10:00,0.0
2018-09-10 01:30:00+10:00,0.0
2018-09-10 02:00:00+10:00,0.0
2018-09-10 02:30:00+10:00,0.0
2018-09-10 03:00:00+10:00,0.0
2018-09-10 03:30:00+10:00,0.0
2018-09-10 04:00:00+10:00,0.0
2018-09-10 04:30:00+10:00,0.0
2018-09-10 05:00:00+10:00,0.0
2018-09-10 05:30:00+10:00,0.0
2018-09-10 06:00:00+10:00,0.0
2018-09-10 06:30:00+10:00,0.0
2018-09-10 07:00:00+10:00,3.05958989440644
2018-09-10 07:30:00+10:00,9.790311261756543
2018-09-10 08:00:00+10:00,17.09350018114
2018-09-10 08:30:00+10:00,24.09389646961491
2018-09-10 09:00:00+10:00,30.43294077649361
2018-09-10 09:30:00+10:00,35.936794522429274
2018-09-10 10:00:00+10:00,40.51444741648339
2018-09-10 10:30:00+10:00,44.11887467282977
2018-09-10 11:00:00+10:00,46.72632800512117
2018-09-10 11:30:00+10:00,48.32672480985746
2018-09-10 12:00:00+10:00,48.91630473483355
2018-09-10 12:30:00+10:00,48.494265558272254
2018-09-10 13:00:00+10:00,47.061661841334086
2018-09-10 13:30:00+10:00,44.621322296536306
2018-09-10 14:00:00+10:00,41.182165164538766
2018-09-10 14:30:00+10:00,36.764994095407204
2018-09-10 15:00:00+10:00,31.412533926683427
2018-09-10 15:30:00+10:00,25.206761329219386
2018-09-10 16:00:00+10:00,18.303450830878795
2018-09-10 16:30:00+10:00,11.017485025634945
2018-09-10 17:00:00+10:00,4.088866264184751
2018-09-10 17:30:00+10:00,0.0
2018-09-10 18:00:00+10:00,0.0
2018-09-10 18:30:00+10:00,0.0
2018-09-10 19:00:00+10:00,0.0
2018-09-10 19:30:00+10:00,0.0
2018-09-10 20:00:00+10:00,0.0
2018-09-10 20:30:00+10:00,0.0
2018-09-10 21:00:00+10:00,0.0
2018-09-10 21:30:00+10:00,0.0
2018-09-10 22:00:00+10:00,0.0
2018-09-10 22:30:00+10:00,0.0
2018-09-10 23:00:00+10:00,0.0
2018-09-10 23:30:00+10:00,0.0
2018-09-11 00:00:00+10:00,0.0
2018-09-11 00:30:00+10:00,0.0
2018-09-11 01:00:00+10:00,0.0
2018-09-11 01:30:00+10:00,0.0
2018-09-11 02:00:00+10:00,0.0
2018-09-11 02:30:00+10:00,0.0
2018-09-11 03:00:00+10:00,0.0
2018-09-11 03:30:00+10:00,0.0
2018-09-11 04:00:00+10:00,0.0
2018-09-11 04:30:00+10:00,0.0
2018-09-11 05:00:00+10:00,0.0
2018-09-11 05:30:00+10:00,0.0
2018-09-11 06:00:00+10:00,0.0
2018-09-11 06:30:00+10:00,0.0
2018-09-11 07:00:00+10:00,3.708894464201287
2018-09-11 07:30:00+10:00,11.10290544733828
2018-09-11 08:00:00+10:00,19.030788353852326
2018-09-11 08:30:00+10:00,26.580520383695195
2018-09-11 09:00:00+10:00,33.38069176982864
2018-09-11 09:30:00+10:00,39.25633184391164
2018-09-11 10:00:00+10:00,44.12172759946692
2018-09-11 10:30:00+10:00,47.936277103464796
2018-09-11 11:00:00+10:00,50.68472169585778
2018-09-11 11:30:00+10:00,52.36397416310983
2018-09-11 12:00:00+10:00,52.973910569035496
2018-09-11 12:30:00+10:00,52.5160212154826
2018-09-11 13:00:00+10:00,50.98988724446162
2018-09-11 13:30:00+10:00,48.39411234108246
2018-09-11 14:00:00+10:00,44.7319469253104
2018-09-11 14:30:00+10:00,40.01646118251963
2018-09-11 15:00:00+10:00,34.28389621931513
2018-09-11 15:30:00+10:00,27.611798744115053
2018-09-11 16:00:00+10:00,20.158438603394103
2018-09-11 16:30:00+10:00,12.25508238816989
2018-09-11 17:00:00+10:00,4.690392913940042
2018-09-11 17:30:00+10:00,0.0
2018-09-11 18:00:00+10:00,0.0
2018-09-11 18:30:00+10:00,0.0
2018-09-11 19:00:00+10:00,0.0
2018-09-11 19:30:00+10:00,0.0
2018-09-11 20:00:00+10:00,0.0
2018-09-11 20:30:00+10:00,0.0
2018-09-11 21:00:00+10:00,0.0
2018-09-11 21:30:00+10:00,0.0
2018-09-11 22:00:00+10:00,0.0
2018-09-11 22:30:00+10:00,0.0
2018-09-11 23:00:00+10:00,0.0
2018-09-11 23:30:00+10:00,0.0
2018-09-12 00:00:00+10:00,0.0
2018-09-12 00:30:00+10:00,0.0
2018-09-12 01:00:00+10:00,0.0
2018-09-12 01:30:00+10:00,0.0
2018-09-12 02:00:00+10:00,0.0
2018-09-12 02:30:00+10:00,0.0
2018-09-12 03:00:00+10:00,0.0
2018-09-12 03:30:00+10:00,0.0
2018-09-12 04:00:00+10:00,0.0
2018-09-12 04:30:00+10:00,0.0
2018-09-12 05:00:00+10:00,0.0
2018-09-12 05:30:00+10:00,0.0
2018-09-12 06:00:00+10:00,0.0
2018-09-12 06:30:00+10:00,0.0
2018-09-12 07:00:00+10:00,2.9506694961997364
2018-09-12 07:30:00+10:00,8.807057893562446
2018-09-12 08:00:00+10:00,15.100400002301212
2018-09-12 08:30:00+10:00,21.141349732927704
2018-09-12 09:00:00+10:00,26.631399361683407
2018-09-12 09:30:00+10:00,31.41685631380992
2018-09-12 10:00:00+10:00,35.410937753120564
2018-09-12 10:30:00+10:00,38.56328151217098
2018-09-12 11:00:00+10:00,40.84509578205564
2018-09-12 11:30:00+10:00,42.240640834645106
2018-09-12 12:00:00+10:00,42.74194141853829
2018-09-12 12:30:00+10:00,42.347145554841426
2018-09-12 13:00:00+10:00,41.05808765554246
2018-09-12 13:30:00+10:00,38.88150756697156
2018-09-12 14:00:00+10:00,35.83246926684486
2018-09-12 14:30:00+10:00,31.93786834271752
2018-09-12 15:00:00+10:00,27.245326192437467
2018-09-12 15:30:00+10:00,21.836172200343213
2018-09-12 16:00:00+10:00,15.853846782143105
2018-09-12 16:30:00+10:00,9.571336233574163
2018-09-12 17:00:00+10:00,3.6027907580778833
2018-09-12 17:30:00+10:00,0.0
2018-09-12 18:00:00+10:00,0.0
2018-09-12 18:30:00+10:00,0.0
2018-09-12 19:00:00+10:00,0.0
2018-09-12 19:30:00+10:00,0.0
2018-09-12 20:00:00+10:00,0.0
2018-09-12 20:30:00+10:00,0.0
2018-09-12 21:00:00+10:00,0.0
2018-09-12 21:30:00+10:00,0.0
2018-09-12 22:00:00+10:00,0.0
2018-09-12 22:30:00+10:00,0.0
2018-09-12 23:00:00+10:00,0.0
2018-09-12 23:30:00+10:00,0.0
2018-09-13 00:00:00+10:00,0.0
2018-09-13 00:30:00+10:00,0.0
2018-09-13 01:00:00+10:00,0.0
2018-09-13 01:30:00+10:00,0.0
2018-09-13 02:00:00+10:00,0.0
2018-09-13 02:30:00+10:00,0.0
2018-09-13 03:00:00+10:00,0.0
2018-09-13 03:30:00+10:00,0.0
2018-09-13 04:00:00+10:00,0.0
2018-09-13 04:30:00+10:00,0.0
2018-09-13 05:00:00+10:00,0.0
2018-09-13 05:30:00+10:00,0.0
2018-09-13 06:00:00+10:00,0.0
2018-09-13 06:30:00+10:00,0.0
2018-09-13 07:00:00+10:00,3.7523224656203653
2018-09-13 07:30:00+10:00,10.47668966744535
2018-09-13 08:00:00+10:00,17.617380856014538
2018-09-13 08:30:00+10:00,24.422478008098263
2018-09-13 09:00:00+10:00,30.570340479789127
2018-09-13 09:30:00+10:00,35.90033752345094
2018-09-13 10:00:00+10:00,40.32714440179956
2018-09-13 10:30:00+10:00,43.80519244081301
2018-09-13 11:00:00+10:00,46.31192766247217
2018-09-13 11:30:00+10:00,47.83726614681968
2018-09-13 12:00:00+10:00,48.377645074429246
2018-09-13 12:30:00+10:00,47.93172357358226
2018-09-13 13:00:00+10:00,46.50079387250046
2018-09-13 13:30:00+10:00,44.08797984978099
2018-09-13 14:00:00+10:00,40.70331282359225
2018-09-13 14:30:00+10:00,36.36774627033758
2018-09-13 15:00:00+10:00,31.124172482886753
2018-09-13 15:30:00+10:00,25.053374052055176
2018-09-13 16:00:00+10:00,18.306477635055824
2018-09-13 16:30:00+10:00,11.18266417150067
2018-09-13 17:00:00+10:00,4.365378706186252
2018-09-13 17:30:00+10:00,0.0
2018-09-13 18:00:00+10:00,0.0
2018-09-13 18:30:00+10:00,0.0
2018-09-13 19:00:00+10:00,0.0
2018-09-13 19:30:00+10:00,0.0
2018-09-13 20:00:00+10:00,0.0
2018-09-13 20:30:00+10:00,0.0
2018-09-13 21:00:00+10:00,0.0
2018-09-13 21:30:00+10:00,0.0
2018-09-13 22:00:00+10:00,0.0
2018-09-13 22:30:00+10:00,0.0
2018-09-13 23:00:00+10:00,0.0
2018-09-13 23:30:00+10:00,0.0
2018-09-14 00:00:00+10:00,0.0
2018-09-14 00:30:00+10:00,0.0
2018-09-14 01:00:00+10:00,0.0
2018-09-14 01:30:00+10:00,0.0
2018-09-14 02:00:00+10:00,0.0
2018-09-14 02:30:00+10:00,0.0
2018-09-14 03:00:00+10:00,0.0
2018-09-14 03:30:00+10:00,0.0
2018-09-14 04:00:00+10:00,0.0
2018-09-14 04:30:00+10:00,0.0
2018-09-14 05:00:00+10:00,0.0
2018-09-14 05:30:00+10:00,0.0
2018-09-14 06:00:00+10:00,0.0
2018-09-14 06:30:00+10:00,0.0
2018-09-14 07:00:00+10:00,5.017787668240471
2018-09-14 07:30:00+10:00,13.10791500936099
2018-09-14 08:00:00+10:00,21.57131122354509
2018-09-14 08:30:00+10:00,29.552271372610782
2018-09-14 09:00:00+10:00,36.694576608841786
2018-09-14 09:30:00+10:00,42.832513841288225
2018-09-14 10:00:00+10:00,47.889245781887965
2018-09-14 10:30:00+10:00,51.83298230549097
2018-09-14 11:00:00+10:00,54.65695304121753
2018-09-14 11:30:00+10:00,56.363787497239926
2018-09-14 12:00:00+10:00,56.95841963665815
2018-09-14 12:30:00+10:00,56.44346097002227
2018-09-14 13:00:00+10:00,54.81675467099113
2018-09-14 13:30:00+10:00,52.0736402239183
2018-09-14 14:00:00+10:00,48.21108264891292
2018-09-14 14:30:00+10:00,43.23551521852088
2018-09-14 15:00:00+10:00,37.17639489260895
2018-09-14 15:30:00+10:00,30.106539090194318
2018-09-14 16:00:00+10:00,22.18335829319856
2018-09-14 16:30:00+10:00,13.742804798037996
2018-09-14 17:00:00+10:00,5.579935003792398
2018-09-14 17:30:00+10:00,0.0
2018-09-14 18:00:00+10:00,0.0
2018-09-14 18:30:00+10:00,0.0
2018-09-14 19:00:00+10:00,0.0
2018-09-14 19:30:00+10:00,0.0
2018-09-14 20:00:00+10:00,0.0
2018-09-14 20:30:00+10:00,0.0
2018-09-14 21:00:00+10:00,0.0
2018-09-14 21:30:00+10:00,0.0
2018-09-14 22:00:00+10:00,0.0
2018-09-14 22:30:00+10:00,0.0
2018-09-14 23:00:00+10:00,0.0
2018-09-14 23:30:00+10:00,0.0
2018-09-15 00:00:00+10:00,0.0
2018-09-15 00:30:00+10:00,0.0
2018-09-15 01:00:00+10:00,0.0
2018-09-15 01:30:00+10:00,0.0
2018-09-15 02:00:00+10:00,0.0
2018-09-15 02:30:00+10:00,0.0
2018-09-15 03:00:00+10:00,0.0
2018-09-15 03:30:00+10:00,0.0
2018-09-15 04:00:00+10:00,0.0
2018-09-15 04:30:00+10:00,0.0
2018-09-15 05:00:00+10:00,0.0
2018-09-15 05:30:00+10:00,0.0
2018-09-15 06:00:00+10:00,0.0
2018-09-15 06:30:00+10:00,0.0
2018-09-15 07:00:00+10:00,3.2270086435082272
2018-09-15 07:30:00+10:00,8.622449594463024
2018-09-15 08:00:00+10:00,14.326361643916693
2018-09-15 08:30:00+10:00,19.788024761847232
2018-09-15 09:00:00+10:00,24.754556930777206
2018-09-15 09:30:00+10:00,29.089006413157314
2018-09-15 10:00:00+10:00,32.71000584773516
2018-09-15 10:30:00+10:00,35.56760466508076
2018-09-15 11:00:00+10:00,37.631445015364044
2018-09-15 11:30:00+10:00,38.88369931648895
2018-09-15 12:00:00+10:00,39.31500840765146
2018-09-15 12:30:00+10:00,38.92286609648083
2018-09-15 13:00:00+10:00,37.70986242029389
2018-09-15 13:30:00+10:00,35.684814165660974
2018-09-15 14:00:00+10:00,32.865213498479456
2018-09-15 14:30:00+10:00,29.28112057367489
2018-09-15 15:00:00+10:00,24.981290809824593
2018-09-15 15:30:00+10:00,20.045379267489555
2018-09-15 16:00:00+10:00,14.60702047506908
2018-09-15 16:30:00+10:00,8.910263429542246
2018-09-15 17:00:00+10:00,3.481322757664772
2018-09-15 17:30:00+10:00,0.0
2018-09-15 18:00:00+10:00,0.0
2018-09-15 18:30:00+10:00,0.0
2018-09-15 19:00:00+10:00,0.0
2018-09-15 19:30:00+10:00,0.0
2018-09-15 20:00:00+10:00,0.0
2018-09-15 20:30:00+10:00,0.0
2018-09-15 21:00:00+10:00,0.0
2018-09-15 21:30:00+10:00,0.0
2018-09-15 22:00:00+10:00,0.0
2018-09-15 22:30:00+10:00,0.0
2018-09-15 23:00:00+10:00,0.0
2018-09-15 23:30:00+10:00,0.0
2018-09-16 00:00:00+10:00,0.0
2018-09-16 00:30:00+10:00,0.0
2018-09-16 01:00:00+10:00,0.0
2018-09-16 01:30:00+10:00,0.0
2018-09-16 02:00:00+10:00,0.0
2018-09-16 02:30:00+10:00,0.0
2018-09-16 03:00:00+10:00,0.0
2018-09-16 03:30:00+10:00,0.0
2018-09-16 04:00:00+10:00,0.0
2018-09-16 04:30:00+10:00,0.0
2018-09-16 05:00:00+10:00,0.0
2018-09-16 05:30:00+10:00,0.0
2018-09-16 06:00:00+10:00,0.0
2018-09-16 06:30:00+10:00,0.0
2018-09-16 07:00:00+10:00,3.975720382982565
2018-09-16 07:30:00+10:00,10.047664346585242
2018-09-16 08:00:00+10:00,16.40161680628207
2018-09-16 08:30:00+10:00,22.45165563724621
2018-09-16 09:00:00+10:00,27.930168707033715
2018-09-16 09:30:00+10:00,32.693863208288114
2018-09-16 10:00:00+10:00,36.66040888674419
2018-09-16 10:30:00+10:00,39.78098337857775
2018-09-16 11:00:00+10:00,42.02781822270004
2018-09-16 11:30:00+10:00,43.38501915256744
2018-09-16 12:00:00+10:00,43.84533388753337
2018-09-16 12:30:00+10:00,43.40649610536267
2018-09-16 13:00:00+10:00,42.07079876531889
2018-09-16 13:30:00+10:00,39.845533639140065
2018-09-16 14:00:00+10:00,36.74646402732698
2018-09-16 14:30:00+10:00,32.80122118552509
2018-09-16 15:00:00+10:00,28.058138376087733
2018-09-16 15:30:00+10:00,22.598833566582936
2018-09-16 16:00:00+10:00,16.56455476049792
2018-09-16 16:30:00+10:00,10.218336274309312
2018-09-16 17:00:00+10:00,4.131328096179239
2018-09-16 17:30:00+10:00,0.0
2018-09-16 18:00:00+10:00,0.0
2018-09-16 18:30:00+10:00,0.0
2018-09-16 19:00:00+10:00,0.0
2018-09-16 19:30:00+10:00,0.0
2018-09-16 20:00:00+10:00,0.0
2018-09-16 20:30:00+10:00,0.0
2018-09-16 21:00:00+10:00,0.0
2018-09-16 21:30:00+10:00,0.0
2018-09-16 22:00:00+10:00,0.0
2018-09-16 22:30:00+10:00,0.0
2018-09-16 23:00:00+10:00,0.0
2018-09-16 23:30:00+10:00,0.0
2018-09-17 00:00:00+10:00,0.0
2018-09-17 00:30:00+10:00,0.0
2018-09-17 01:00:00+10:00,0.0
2018-09-17 01:30:00+10:00,0.0
2018-09-17 02:00:00+10:00,0.0
2018-09-17 02:30:00+10:00,0.0
2018-09-17 03:00:00+10:00,0.0
2018-09-17 03:30:00+10:00,0.0
2018-09-17 04:00:00+10:00,0.0
2018-09-17 04:30:00+10:00,0.0
2018-09-17 05:00:00+10:00,0.0
2018-09-17 05:30:00+10:00,0.0
2018-09-17 06:00:00+10:00,0.0
2018-09-17 06:30:00+10:00,0.13870659450751593
2018-09-17 07:00:00+10:00,6.227435976897621
2018-09-17 07:30:00+10:00,14.620207005896122
2018-09-17 08:00:00+10:00,23.2292205584922
2018-09-17 08:30:00+10:00,31.295172160471544
2018-09-17 09:00:00+10:00,38.49075470829817
2018-09-17 09:30:00+10:00,44.66093785557535
2018-09-17 10:00:00+10:00,49.73361621881314
2018-09-17 10:30:00+10:00,53.679507141710225
2018-09-17 11:00:00+10:00,56.493026736779996
2018-09-17 11:30:00+10:00,58.177477426333155
2018-09-17 12:00:00+10:00,58.73828340572079
2018-09-17 12:30:00+10:00,58.177195528602525
2018-09-17 13:00:00+10:00,56.492641269238916
2018-09-17 13:30:00+10:00,53.67938842315695
2018-09-17 14:00:00+10:00,49.73435213208084
2018-09-17 14:30:00+10:00,44.66336962504924
2018-09-17 15:00:00+10:00,38.49600816436548
2018-09-17 15:30:00+10:00,31.304667322387775
2018-09-17 16:00:00+10:00,23.24457694043808
2018-09-17 16:30:00+10:00,14.642689702708086
2018-09-17 17:00:00+10:00,6.255342247335932
2018-09-17 17:30:00+10:00,0.1550829309640163
2018-09-17 18:00:00+10:00,0.0
2018-09-17 18:30:00+10:00,0.0
2018-09-17 19:00:00+10:00,0.0
2018-09-17 19:30:00+10:00,0.0
2018-09-17 20:00:00+10:00,0.0
2018-09-17 20:30:00+10:00,0.0
2018-09-17 21:00:00+10:00,0.0
2018-09-17 21:30:00+10:00,0.0
2018-09-17 22:00:00+10:00,0.0
2018-09-17 22:30:00+10:00,0.0
2018-09-17 23:00:00+10:00,0.0
2018-09-17 23:30:00+10:00,0.0
2018-09-18 00:00:00+10:00,0.0
2018-09-18 00:30:00+10:00,0.0
2018-09-18 01:00:00+10:00,0.0
2018-09-18 01:30:00+10:00,0.0
2018-09-18 02:00:00+10:00,0.0
2018-09-18 02:30:00+10:00,0.0
2018-09-18 03:00:00+10:00,0.0
2018-09-18 03:30:00+10:00,0.0
2018-09-18 04:00:00+10:00,0.0
2018-09-18 04:30:00+10:00,0.0
2018-09-18 05:00:00+10:00,0.0
2018-09-18 05:30:00+10:00,0.0
2018-09-18 06:00:00+10:00,0.0
2018-09-18 06:30:00+10:00,0.0
2018-09-18 07:00:00+10:00,4.436500608255129
2018-09-18 07:30:00+10:00,10.489723191152855
2018-09-18 08:00:00+10:00,16.751796424382075
2018-09-18 08:30:00+10:00,22.690902521696103
2018-09-18 09:00:00+10:00,28.058098571793426
2018-09-18 09:30:00+10:00,32.71813357902267
2018-09-18 10:00:00+10:00,36.59274741501341
2018-09-18 10:30:00+10:00,39.63541923737436
2018-09-18 11:00:00+10:00,41.81975530125668
2018-09-18 11:30:00+10:00,43.13064436235
2018-09-18 12:00:00+10:00,43.56130731562992
2018-09-18 12:30:00+10:00,43.10968010236177
2018-09-18 13:00:00+10:00,41.778098302922956
2018-09-18 13:30:00+10:00,39.57383793315907
2018-09-18 14:00:00+10:00,36.51180398131516
2018-09-18 14:30:00+10:00,32.61969111647582
2018-09-18 15:00:00+10:00,27.944287953490072
2018-09-18 15:30:00+10:00,22.56534937042445
2018-09-18 16:00:00+10:00,16.619819993745768
2018-09-18 16:30:00+10:00,10.360580230524851
2018-09-18 17:00:00+10:00,4.3276380515963355
2018-09-18 17:30:00+10:00,0.0
2018-09-18 18:00:00+10:00,0.0
2018-09-18 18:30:00+10:00,0.0
2018-09-18 19:00:00+10:00,0.0
2018-09-18 19:30:00+10:00,0.0
2018-09-18 20:00:00+10:00,0.0
2018-09-18 20:30:00+10:00,0.0
2018-09-18 21:00:00+10:00,0.0
2018-09-18 21:30:00+10:00,0.0
2018-09-18 22:00:00+10:00,0.0
2018-09-18 22:30:00+10:00,0.0
2018-09-18 23:00:00+10:00,0.0
2018-09-18 23:30:00+10:00,0.0
2018-09-19 00:00:00+10:00,0.0
2018-09-19 00:30:00+10:00,0.0
2018-09-19 01:00:00+10:00,0.0
2018-09-19 01:30:00+10:00,0.0
2018-09-19 02:00:00+10:00,0.0
2018-09-19 02:30:00+10:00,0.0
2018-09-19 03:00:00+10:00,0.0
2018-09-19 03:30:00+10:00,0.0
2018-09-19 04:00:00+10:00,0.0
2018-09-19 04:30:00+10:00,0.0
2018-09-19 05:00:00+10:00,0.0
2018-09-19 05:30:00+10:00,0.0
2018-09-19 06:00:00+10:00,0.0
2018-09-19 06:30:00+10:00,0.3730983790951194
2018-09-19 07:00:00+10:00,6.199350125021172
2018-09-19 07:30:00+10:00,13.861732185114692
2018-09-19 08:00:00+10:00,21.67199975469766
2018-09-19 08:30:00+10:00,28.996128683134593
2018-09-19 09:00:00+10:00,35.54795557865677
2018-09-19 09:30:00+10:00,41.18360907526545
2018-09-19 10:00:00+10:00,45.82957522303792
2018-09-19 10:30:00+10:00,49.450247607308825
2018-09-19 11:00:00+10:00,52.031941046723084
2018-09-19 11:30:00+10:00,53.57039645436961
2018-09-19 12:00:00+10:00,54.06663138066582
2018-09-19 12:30:00+10:00,53.52096429865084
2018-09-19 13:00:00+10:00,51.932411882078796
2018-09-19 13:30:00+10:00,49.30181278855966
2018-09-19 14:00:00+10:00,45.6325633801432
2018-09-19 14:30:00+10:00,40.940556716505284
2018-09-19 15:00:00+10:00,35.262133442107135
2018-09-19 15:30:00+10:00,28.67398829222004
2018-09-19 16:00:00+10:00,21.324573712953978
2018-09-19 16:30:00+10:00,13.51001026672168
2018-09-19 17:00:00+10:00,5.888409205273849
2018-09-19 17:30:00+10:00,0.21957785746093594
2018-09-19 18:00:00+10:00,0.0
2018-09-19 18:30:00+10:00,0.0
2018-09-19 19:00:00+10:00,0.0
2018-09-19 19:30:00+10:00,0.0
2018-09-19 20:00:00+10:00,0.0
2018-09-19 20:30:00+10:00,0.0
2018-09-19 21:00:00+10:00,0.0
2018-09-19 21:30:00+10:00,0.0
2018-09-19 22:00:00+10:00,0.0
2018-09-19 22:30:00+10:00,0.0
2018-09-19 23:00:00+10:00,0.0
2018-09-19 23:30:00+10:00,0.0
2018-09-20 00:00:00+10:00,0.0
2018-09-20 00:30:00+10:00,0.0
2018-09-20 01:00:00+10:00,0.0
2018-09-20 01:30:00+10:00,0.0
2018-09-20 02:00:00+10:00,0.0
2018-09-20 02:30:00+10:00,0.0
2018-09-20 03:00:00+10:00,0.0
2018-09-20 03:30:00+10:00,0.0
2018-09-20 04:00:00+10:00,0.0
2018-09-20 04:30:00+10:00,0.0
2018-09-20 05:00:00+10:00,0.0
2018-09-20 05:30:00+10:00,0.0
2018-09-20 06:00:00+10:00,0.0
2018-09-20 06:30:00+10:00,0.6594468738505854
2018-09-20 07:00:00+10:00,7.057270545996455
2018-09-20 07:30:00+10:00,15.253592205710149
2018-09-20 08:00:00+10:00,23.53682904625607
2018-09-20 08:30:00+10:00,31.261878368112768
2018-09-20 09:00:00+10:00,38.14030131594938
2018-09-20 09:30:00+10:00,44.03175074542619
2018-09-20 10:00:00+10:00,48.86928315093199
2018-09-20 10:30:00+10:00,52.62551236067632
2018-09-20 11:00:00+10:00,55.293565784630935
2018-09-20 11:30:00+10:00,56.87624867000521
2018-09-20 12:00:00+10:00,57.37712841568619
2018-09-20 12:30:00+10:00,56.79855953966335
2018-09-20 13:00:00+10:00,55.13840721682688
2018-09-20 13:30:00+10:00,52.39269864858309
2018-09-20 14:00:00+10:00,48.5596660875714
2018-09-20 14:30:00+10:00,43.647092245809084
2018-09-20 15:00:00+10:00,37.685226456975265
2018-09-20 15:30:00+10:00,30.744840725865647
2018-09-20 16:00:00+10:00,22.973915750929557
2018-09-20 16:30:00+10:00,14.676400206488104
2018-09-20 17:00:00+10:00,6.536837417548901
2018-09-20 17:30:00+10:00,0.3856996204930054
2018-09-20 18:00:00+10:00,0.0
2018-09-20 18:30:00+10:00,0.0
2018-09-20 19:00:00+10:00,0.0
2018-09-20 19:30:00+10:00,0.0
2018-09-20 20:00:00+10:00,0.0
2018-09-20 20:30:00+10:00,0.0
2018-09-20 21:00:00+10:00,0.0
2018-09-20 21:30:00+10:00,0.0
2018-09-20 22:00:00+10:00,0.0
2018-09-20 22:30:00+10:00,0.0
2018-09-20 23:00:00+10:00,0.0
2018-09-20 23:30:00+10:00,0.0
2018-09-21 00:00:00+10:00,0.0
2018-09-21 00:30:00+10:00,0.0
2018-09-21 01:00:00+10:00,0.0
2018-09-21 01:30:00+10:00,0.0
2018-09-21 02:00:00+10:00,0.0
2018-09-21 02:30:00+10:00,0.0
2018-09-21 03:00:00+10:00,0.0
2018-09-21 03:30:00+10:00,0.0
2018-09-21 04:00:00+10:00,0.0
2018-09-21 04:30:00+10:00,0.0
2018-09-21 05:00:00+10:00,0.0
2018-09-21 05:30:00+10:00,0.0
2018-09-21 06:00:00+10:00,0.0
2018-09-21 06:30:00+10:00,0.5682493509717798
2018-09-21 07:00:00+10:00,5.936041013979702
2018-09-21 07:30:00+10:00,12.728333960181153
2018-09-21 08:00:00+10:00,19.62017649679587
2018-09-21 08:30:00+10:00,26.093931677499356
2018-09-21 09:00:00+10:00,31.903855924258316
2018-09-21 09:30:00+10:00,36.91852573659693
2018-09-21 10:00:00+10:00,41.065000476059794
2018-09-21 10:30:00+10:00,44.30282208903471
2018-09-21 11:00:00+10:00,46.61147641661116
2018-09-21 11:30:00+10:00,47.981085770439144
2018-09-21 12:00:00+10:00,48.40783087346575
2018-09-21 12:30:00+10:00,47.89076037404512
2018-09-21 13:00:00+10:00,46.431212187789114
2018-09-21 13:30:00+10:00,44.033884290788826
2018-09-21 14:00:00+10:00,40.70889921277878
2018-09-21 14:30:00+10:00,36.47916132472446
2018-09-21 15:00:00+10:00,31.387515056706405
2018-09-21 15:30:00+10:00,25.511252460080424
2018-09-21 16:00:00+10:00,18.98969298917676
2018-09-21 16:30:00+10:00,12.08470579190589
2018-09-21 17:00:00+10:00,5.354752500932455
2018-09-21 17:30:00+10:00,0.25031702647046866
2018-09-21 18:00:00+10:00,0.0
2018-09-21 18:30:00+10:00,0.0
2018-09-21 19:00:00+10:00,0.0
2018-09-21 19:30:00+10:00,0.0
2018-09-21 20:00:00+10:00,0.0
2018-09-21 20:30:00+10:00,0.0
2018-09-21 21:00:00+10:00,0.0
2018-09-21 21:30:00+10:00,0.0
2018-09-21 22:00:00+10:00,0.0
2018-09-21 22:30:00+10:00,0.0
2018-09-21 23:00:00+10:00,0.0
2018-09-21 23:30:00+10:00,0.0
2018-09-22 00:00:00+10:00,0.0
2018-09-22 00:30:00+10:00,0.0
2018-09-22 01:00:00+10:00,0.0
2018-09-22 01:30:00+10:00,0.0
2018-09-22 02:00:00+10:00,0.0
2018-09-22 02:30:00+10:00,0.0
2018-09-22 03:00:00+10:00,0.0
2018-09-22 03:30:00+10:00,0.0
2018-09-22 04:00:00+10:00,0.0
2018-09-22 04:30:00+10:00,0.0
2018-09-22 05:00:00+10:00,0.0
2018-09-22 05:30:00+10:00,0.0
2018-09-22 06:00:00+10:00,0.0
2018-09-22 06:30:00+10:00,1.1032740846482683
2018-09-22 07:00:00+10:00,7.853409983292936
2018-09-22 07:30:00+10:00,16.16270421009178
2018-09-22 08:00:00+10:00,24.48200419670571
2018-09-22 08:30:00+10:00,32.213555910405915
2018-09-22 09:00:00+10:00,39.0849684362656
2018-09-22 09:30:00+10:00,44.96241277377517
2018-09-22 10:00:00+10:00,49.781964111742475
2018-09-22 10:30:00+10:00,53.517727923488145
2018-09-22 11:00:00+10:00,56.163567924618654
2018-09-22 11:30:00+10:00,57.72262338841069
2018-09-22 12:00:00+10:00,58.1984855046056
2018-09-22 12:30:00+10:00,57.59352368645917
2018-09-22 13:00:00+10:00,55.9054703060242
2018-09-22 13:30:00+10:00,53.13027081338446
2018-09-22 14:00:00+10:00,49.26612298909659
2018-09-22 14:30:00+10:00,44.32097725958572
2018-09-22 15:00:00+10:00,38.32413881459454
2018-09-22 15:30:00+10:00,31.34662943540622
2018-09-22 16:00:00+10:00,23.533848156607355
2018-09-22 16:30:00+10:00,15.182855345106047
2018-09-22 17:00:00+10:00,6.953553505161518
2018-09-22 17:30:00+10:00,0.5837679915229458
2018-09-22 18:00:00+10:00,0.0
2018-09-22 18:30:00+10:00,0.0
2018-09-22 19:00:00+10:00,0.0
2018-09-22 19:30:00+10:00,0.0
2018-09-22 20:00:00+10:00,0.0
2018-09-22 20:30:00+10:00,0.0
2018-09-22 21:00:00+10:00,0.0
2018-09-22 21:30:00+10:00,0.0
2018-09-22 22:00:00+10:00,0.0
2018-09-22 22:30:00+10:00,0.0
2018-09-22 23:00:00+10:00,0.0
2018-09-22 23:30:00+10:00,0.0
2018-09-23 00:00:00+10:00,0.0
2018-09-23 00:30:00+10:00,0.0
2018-09-23 01:00:00+10:00,0.0
2018-09-23 01:30:00+10:00,0.0
2018-09-23 02:00:00+10:00,0.0
2018-09-23 02:30:00+10:00,0.0
2018-09-23 03:00:00+10:00,0.0
2018-09-23 03:30:00+10:00,0.0
2018-09-23 04:00:00+10:00,0.0
2018-09-23 04:30:00+10:00,0.0
2018-09-23 05:00:00+10:00,0.0
2018-09-23 05:30:00+10:00,0.0
2018-09-23 06:00:00+10:00,0.0
2018-09-23 06:30:00+10:00,1.2109561458167133
2018-09-23 07:00:00+10:00,7.668211764188716
2018-09-23 07:30:00+10:00,15.50072352078968
2018-09-23 08:00:00+10:00,23.330817564645976
2018-09-23 08:30:00+10:00,30.615446399284252
2018-09-23 09:00:00+10:00,37.10074000396066
2018-09-23 09:30:00+10:00,42.65813329644433
2018-09-23 10:00:00+10:00,47.22252701843955
2018-09-23 10:30:00+10:00,50.76412648772981
2018-09-23 11:00:00+10:00,53.27246232234515
2018-09-23 11:30:00+10:00,54.74693598965546
2018-09-23 12:00:00+10:00,55.18913066640899
2018-09-23 12:30:00+10:00,54.59963075987717
2018-09-23 13:00:00+10:00,52.97731668159563
2018-09-23 13:30:00+10:00,50.32163601043855
2018-09-23 14:00:00+10:00,46.63417967435578
2018-09-23 14:30:00+10:00,41.92774586891031
2018-09-23 15:00:00+10:00,36.2360455549085
2018-09-23 15:30:00+10:00,29.631325439173967
2018-09-23 16:00:00+10:00,22.255570905992382
2018-09-23 16:30:00+10:00,14.389196650859104
2018-09-23 17:00:00+10:00,6.642151276910163
2018-09-23 17:30:00+10:00,0.5969875493643716
2018-09-23 18:00:00+10:00,0.0
2018-09-23 18:30:00+10:00,0.0
2018-09-23 19:00:00+10:00,0.0
2018-09-23 19:30:00+10:00,0.0
2018-09-23 20:00:00+10:00,0.0
2018-09-23 20:30:00+10:00,0.0
2018-09-23 21:00:00+10:00,0.0
2018-09-23 21:30:00+10:00,0.0
2018-09-23 22:00:00+10:00,0.0
2018-09-23 22:30:00+10:00,0.0
2018-09-23 23:00:00+10:00,0.0
2018-09-23 23:30:00+10:00,0.0
2018-09-24 00:00:00+10:00,0.0
2018-09-24 00:30:00+10:00,0.0
2018-09-24 01:00:00+10:00,0.0
2018-09-24 01:30:00+10:00,0.0
2018-09-24 02:00:00+10:00,0.0
2018-09-24 02:30:00+10:00,0.0
2018-09-24 03:00:00+10:00,0.0
2018-09-24 03:30:00+10:00,0.0
2018-09-24 04:00:00+10:00,0.0
2018-09-24 04:30:00+10:00,0.0
2018-09-24 05:00:00+10:00,0.0
2018-09-24 05:30:00+10:00,0.0
2018-09-24 06:00:00+10:00,0.0
2018-09-24 06:30:00+10:00,1.287008026762428
2018-09-24 07:00:00+10:00,7.409248283293385
2018-09-24 07:30:00+10:00,14.739325017140919
2018-09-24 08:00:00+10:00,22.062165079414648
2018-09-24 08:30:00+10:00,28.88778486539241
2018-09-24 09:00:00+10:00,34.98016761095582
2018-09-24 09:30:00+10:00,40.214103603138746
2018-09-24 10:00:00+10:00,44.522924847527264
2018-09-24 10:30:00+10:00,47.87173884939845
2018-09-24 11:00:00+10:00,50.244984764297186
2018-09-24 11:30:00+10:00,51.63693797430761
2018-09-24 12:00:00+10:00,52.04655292519791
2018-09-24 12:30:00+10:00,51.473424031168456
2018-09-24 13:00:00+10:00,49.91774822196901
2018-09-24 13:30:00+10:00,47.38201621455401
2018-09-24 14:00:00+10:00,43.873112771901965
2018-09-24 14:30:00+10:00,39.4091857374142
2018-09-24 15:00:00+10:00,34.029531015986066
2018-09-24 15:30:00+10:00,27.80883567774215
2018-09-24 16:00:00+10:00,20.885774137923086
2018-09-24 16:30:00+10:00,13.524255111112723
2018-09-24 17:00:00+10:00,6.283479589440081
2018-09-24 17:30:00+10:00,0.5907852072458195
2018-09-24 18:00:00+10:00,0.0
2018-09-24 18:30:00+10:00,0.0
2018-09-24 19:00:00+10:00,0.0
2018-09-24 19:30:00+10:00,0.0
2018-09-24 20:00:00+10:00,0.0
2018-09-24 20:30:00+10:00,0.0
2018-09-24 21:00:00+10:00,0.0
2018-09-24 21:30:00+10:00,0.0
2018-09-24 22:00:00+10:00,0.0
2018-09-24 22:30:00+10:00,0.0
2018-09-24 23:00:00+10:00,0.0
2018-09-24 23:30:00+10:00,0.0
2018-09-25 00:00:00+10:00,0.0
2018-09-25 00:30:00+10:00,0.0
2018-09-25 01:00:00+10:00,0.0
2018-09-25 01:30:00+10:00,0.0
2018-09-25 02:00:00+10:00,0.0
2018-09-25 02:30:00+10:00,0.0
2018-09-25 03:00:00+10:00,0.0
2018-09-25 03:30:00+10:00,0.0
2018-09-25 04:00:00+10:00,0.0
2018-09-25 04:30:00+10:00,0.0
2018-09-25 05:00:00+10:00,0.0
2018-09-25 05:30:00+10:00,0.0
2018-09-25 06:00:00+10:00,0.0
2018-09-25 06:30:00+10:00,1.3682355190375155
2018-09-25 07:00:00+10:00,7.23224520270906
2018-09-25 07:30:00+10:00,14.168946675345792
2018-09-25 08:00:00+10:00,21.092385355665836
2018-09-25 08:30:00+10:00,27.555101093670604
2018-09-25 09:00:00+10:00,33.335594389251824
2018-09-25 09:30:00+10:00,38.312388064036725
2018-09-25 10:00:00+10:00,42.41689310810129
2018-09-25 10:30:00+10:00,45.61125723401821
2018-09-25 11:00:00+10:00,47.87560983872265
2018-09-25 11:30:00+10:00,49.200719044029064
2018-09-25 12:00:00+10:00,49.582954488873234
2018-09-25 12:30:00+10:00,49.021480486884954
2018-09-25 13:00:00+10:00,47.51775970998971
2018-09-25 13:30:00+10:00,45.07665831400152
2018-09-25 14:00:00+10:00,41.70894539718814
2018-09-25 14:30:00+10:00,37.43731634016039
2018-09-25 15:00:00+10:00,32.30462577830805
2018-09-25 15:30:00+10:00,26.38776212505246
2018-09-25 16:00:00+10:00,19.82218644469133
2018-09-25 16:30:00+10:00,12.858178690453315
2018-09-25 17:00:00+10:00,6.014214350973994
2018-09-25 17:30:00+10:00,0.5928657774459503
2018-09-25 18:00:00+10:00,0.0
2018-09-25 18:30:00+10:00,0.0
2018-09-25 19:00:00+10:00,0.0
2018-09-25 19:30:00+10:00,0.0
2018-09-25 20:00:00+10:00,0.0
2018-09-25 20:30:00+10:00,0.0
2018-09-25 21:00:00+10:00,0.0
2018-09-25 21:30:00+10:00,0.0
2018-09-25 22:00:00+10:00,0.0
2018-09-25 22:30:00+10:00,0.0
2018-09-25 23:00:00+10:00,0.0
2018-09-25 23:30:00+10:00,0.0
2018-09-26 00:00:00+10:00,0.0
2018-09-26 00:30:00+10:00,0.0
2018-09-26 01:00:00+10:00,0.0
2018-09-26 01:30:00+10:00,0.0
2018-09-26 02:00:00+10:00,0.0
2018-09-26 02:30:00+10:00,0.0
2018-09-26 03:00:00+10:00,0.0
2018-09-26 03:30:00+10:00,0.0
2018-09-26 04:00:00+10:00,0.0
2018-09-26 04:30:00+10:00,0.0
2018-09-26 05:00:00+10:00,0.0
2018-09-26 05:30:00+10:00,0.0
2018-09-26 06:00:00+10:00,0.0
2018-09-26 06:30:00+10:00,2.349681084852973
2018-09-26 07:00:00+10:00,10.163784993613993
2018-09-26 07:30:00+10:00,19.175876812397963
2018-09-26 08:00:00+10:00,28.02700331775279
2018-09-26 08:30:00+10:00,36.17200152820759
2018-09-26 09:00:00+10:00,43.359764045722784
2018-09-26 09:30:00+10:00,49.47017455217034
2018-09-26 10:00:00+10:00,54.451476904113164
2018-09-26 10:30:00+10:00,58.288532972574146
2018-09-26 11:00:00+10:00,60.98437376060263
2018-09-26 11:30:00+10:00,62.548493637875815
2018-09-26 12:00:00+10:00,62.98911163793718
2018-09-26 12:30:00+10:00,62.309342195963005
2018-09-26 13:00:00+10:00,60.50555893707228
2018-09-26 13:30:00+10:00,57.56833013531991
2018-09-26 14:00:00+10:00,53.48900698261716
2018-09-26 14:30:00+10:00,48.267564095397574
2018-09-26 15:00:00+10:00,41.92577356796628
2018-09-26 15:30:00+10:00,34.527142606051356
2018-09-26 16:00:00+10:00,26.21243909419991
2018-09-26 16:30:00+10:00,17.27576791297953
2018-09-26 17:00:00+10:00,8.366322752476412
2018-09-26 17:30:00+10:00,1.1561881344782854
2018-09-26 18:00:00+10:00,0.0
2018-09-26 18:30:00+10:00,0.0
2018-09-26 19:00:00+10:00,0.0
2018-09-26 19:30:00+10:00,0.0
2018-09-26 20:00:00+10:00,0.0
2018-09-26 20:30:00+10:00,0.0
2018-09-26 21:00:00+10:00,0.0
2018-09-26 21:30:00+10:00,0.0
2018-09-26 22:00:00+10:00,0.0
2018-09-26 22:30:00+10:00,0.0
2018-09-26 23:00:00+10:00,0.0
2018-09-26 23:30:00+10:00,0.0
2018-09-27 00:00:00+10:00,0.0
2018-09-27 00:30:00+10:00,0.0
2018-09-27 01:00:00+10:00,0.0
2018-09-27 01:30:00+10:00,0.0
2018-09-27 02:00:00+10:00,0.0
2018-09-27 02:30:00+10:00,0.0
2018-09-27 03:00:00+10:00,0.0
2018-09-27 03:30:00+10:00,0.0
2018-09-27 04:00:00+10:00,0.0
2018-09-27 04:30:00+10:00,0.0
2018-09-27 05:00:00+10:00,0.0
2018-09-27 05:30:00+10:00,0.0
2018-09-27 06:00:00+10:00,0.0
2018-09-27 06:30:00+10:00,2.0906373859217604
2018-09-27 07:00:00+10:00,8.744353574667622
2018-09-27 07:30:00+10:00,16.382842243975034
2018-09-27 08:00:00+10:00,23.91799710891981
2018-09-27 08:30:00+10:00,30.896523568227646
2018-09-27 09:00:00+10:00,37.09674256634204
2018-09-27 09:30:00+10:00,42.40244689841796
2018-09-27 10:00:00+10:00,46.75336011245615
2018-09-27 10:30:00+10:00,50.1208328328237
2018-09-27 11:00:00+10:00,52.493738186282215
2018-09-27 11:30:00+10:00,53.869858870061236
2018-09-27 12:00:00+10:00,54.25019585260552
2018-09-27 12:30:00+10:00,53.63498248575432
2018-09-27 13:00:00+10:00,52.0238150759323
2018-09-27 13:30:00+10:00,49.416277390405575
2018-09-27 14:00:00+10:00,45.81670896187898
2018-09-27 14:30:00+10:00,41.23912876105022
2018-09-27 15:00:00+10:00,35.7189173656644
2018-09-27 15:30:00+10:00,29.3268028230638
2018-09-27 16:00:00+10:00,22.19816701806104
2018-09-27 16:30:00+10:00,14.59243264596855
2018-09-27 17:00:00+10:00,7.0550618507947345
2018-09-27 17:30:00+10:00,0.9484594866127518
2018-09-27 18:00:00+10:00,0.0
2018-09-27 18:30:00+10:00,0.0
2018-09-27 19:00:00+10:00,0.0
2018-09-27 19:30:00+10:00,0.0
2018-09-27 20:00:00+10:00,0.0
2018-09-27 20:30:00+10:00,0.0
2018-09-27 21:00:00+10:00,0.0
2018-09-27 21:30:00+10:00,0.0
2018-09-27 22:00:00+10:00,0.0
2018-09-27 22:30:00+10:00,0.0
2018-09-27 23:00:00+10:00,0.0
2018-09-27 23:30:00+10:00,0.0
2018-09-28 00:00:00+10:00,0.0
2018-09-28 00:30:00+10:00,0.0
2018-09-28 01:00:00+10:00,0.0
2018-09-28 01:30:00+10:00,0.0
2018-09-28 02:00:00+10:00,0.0
2018-09-28 02:30:00+10:00,0.0
2018-09-28 03:00:00+10:00,0.0
2018-09-28 03:30:00+10:00,0.0
2018-09-28 04:00:00+10:00,0.0
2018-09-28 04:30:00+10:00,0.0
2018-09-28 05:00:00+10:00,0.0
2018-09-28 05:30:00+10:00,0.0
2018-09-28 06:00:00+10:00,0.0
2018-09-28 06:30:00+10:00,2.5141268412113473
2018-09-28 07:00:00+10:00,9.607354899846813
2018-09-28 07:30:00+10:00,17.639886237038187
2018-09-28 08:00:00+10:00,25.52374096100449
2018-09-28 08:30:00+10:00,32.80256592963988
2018-09-28 09:00:00+10:00,39.25388945382448
2018-09-28 09:30:00+10:00,44.76269807269866
2018-09-28 10:00:00+10:00,49.27081448407407
2018-09-28 10:30:00+10:00,52.75270955844336
2018-09-28 11:00:00+10:00,55.200112266962954
2018-09-28 11:30:00+10:00,56.613960253702935
2018-09-28 12:00:00+10:00,56.9958682556633
2018-09-28 12:30:00+10:00,56.346954648330275
2018-09-28 13:00:00+10:00,54.66598876052371
2018-09-28 13:30:00+10:00,51.95109938177378
2018-09-28 14:00:00+10:00,48.20346031551167
2018-09-28 14:30:00+10:00,43.43535472363883
2018-09-28 15:00:00+10:00,37.67919024763914
2018-09-28 15:30:00+10:00,31.004821564822187
2018-09-28 16:00:00+10:00,23.548909004032726
2018-09-28 16:30:00+10:00,15.576747872704155
2018-09-28 17:00:00+10:00,7.646913298772337
2018-09-28 17:30:00+10:00,1.1512431740677778
2018-09-28 18:00:00+10:00,0.0
2018-09-28 18:30:00+10:00,0.0
2018-09-28 19:00:00+10:00,0.0
2018-09-28 19:30:00+10:00,0.0
2018-09-28 20:00:00+10:00,0.0
2018-09-28 20:30:00+10:00,0.0
2018-09-28 21:00:00+10:00,0.0
2018-09-28 21:30:00+10:00,0.0
2018-09-28 22:00:00+10:00,0.0
2018-09-28 22:30:00+10:00,0.0
2018-09-28 23:00:00+10:00,0.0
2018-09-28 23:30:00+10:00,0.0
2018-09-29 00:00:00+10:00,0.0
2018-09-29 00:30:00+10:00,0.0
2018-09-29 01:00:00+10:00,0.0
2018-09-29 01:30:00+10:00,0.0
2018-09-29 02:00:00+10:00,0.0
2018-09-29 02:30:00+10:00,0.0
2018-09-29 03:00:00+10:00,0.0
2018-09-29 03:30:00+10:00,0.0
2018-09-29 04:00:00+10:00,0.0
2018-09-29 04:30:00+10:00,0.0
2018-09-29 05:00:00+10:00,0.0
2018-09-29 05:30:00+10:00,0.0
2018-09-29 06:00:00+10:00,0.0
2018-09-29 06:30:00+10:00,2.7635221171348983
2018-09-29 07:00:00+10:00,9.892339978577704
2018-09-29 07:30:00+10:00,17.882826355791963
2018-09-29 08:00:00+10:00,25.706015245609247
2018-09-29 08:30:00+10:00,32.923742900819335
2018-09-29 09:00:00+10:00,39.319683050411264
2018-09-29 09:30:00+10:00,44.78088023699473
2018-09-29 10:00:00+10:00,49.249321130540544
2018-09-29 10:30:00+10:00,52.69944782150018
2018-09-29 11:00:00+10:00,55.122062284915685
2018-09-29 11:30:00+10:00,56.51663726351502
2018-09-29 12:00:00+10:00,56.88469010061019
2018-09-29 12:30:00+10:00,56.228046393277445
2018-09-29 13:00:00+10:00,54.5441359140102
2018-09-29 13:30:00+10:00,51.832987692510756
2018-09-29 14:00:00+10:00,48.0963536618811
2018-09-29 14:30:00+10:00,43.3472927465966
2018-09-29 15:00:00+10:00,37.61926940402978
2018-09-29 15:30:00+10:00,30.982779423320707
2018-09-29 16:00:00+10:00,23.573648989253606
2018-09-29 16:30:00+10:00,15.65274694191129
2018-09-29 17:00:00+10:00,7.764443904418481
2018-09-29 17:30:00+10:00,1.2509195334242713
2018-09-29 18:00:00+10:00,0.0
2018-09-29 18:30:00+10:00,0.0
2018-09-29 19:00:00+10:00,0.0
2018-09-29 19:30:00+10:00,0.0
2018-09-29 20:00:00+10:00,0.0
2018-09-29 20:30:00+10:00,0.0
2018-09-29 21:00:00+10:00,0.0
2018-09-29 21:30:00+10:00,0.0
2018-09-29 22:00:00+10:00,0.0
2018-09-29 22:30:00+10:00,0.0
2018-09-29 23:00:00+10:00,0.0
2018-09-29 23:30:00+10:00,0.0
2018-09-30 00:00:00+10:00,0.0
2018-09-30 00:30:00+10:00,0.0
2018-09-30 01:00:00+10:00,0.0
2018-09-30 01:30:00+10:00,0.0
2018-09-30 02:00:00+10:00,0.0
2018-09-30 02:30:00+10:00,0.0
2018-09-30 03:00:00+10:00,0.0
2018-09-30 03:30:00+10:00,0.0
2018-09-30 04:00:00+10:00,0.0
2018-09-30 04:30:00+10:00,0.0
2018-09-30 05:00:00+10:00,0.0
2018-09-30 05:30:00+10:00,0.0
2018-09-30 06:00:00+10:00,0.0
2018-09-30 06:30:00+10:00,2.4834281024679985
2018-09-30 07:00:00+10:00,8.672273538779224
2018-09-30 07:30:00+10:00,15.587197458764903
2018-09-30 08:00:00+10:00,22.38224939934029
2018-09-30 08:30:00+10:00,28.684657779665574
2018-09-30 09:00:00+10:00,34.30103143950275
2018-09-30 09:30:00+10:00,39.122400687811755
2018-09-30 10:00:00+10:00,43.08636294931718
2018-09-30 10:30:00+10:00,46.1583715896671
2018-09-30 11:00:00+10:00,48.32010057916358
2018-09-30 11:30:00+10:00,49.56341103993924
2018-09-30 12:00:00+10:00,49.884615078607276
2018-09-30 12:30:00+10:00,49.283567188558955
2018-09-30 13:00:00+10:00,47.76122978802084
2018-09-30 13:30:00+10:00,45.3225395652725
2018-09-30 14:00:00+10:00,41.97893404060403
2018-09-30 14:30:00+10:00,37.75220854741578
2018-09-30 15:00:00+10:00,32.684924087956524
2018-09-30 15:30:00+10:00,26.85097983344656
2018-09-30 16:00:00+10:00,20.379645838106576
2018-09-30 16:30:00+10:00,13.503827079965228
2018-09-30 17:00:00+10:00,6.689134573793643
2018-09-30 17:30:00+10:00,1.0545907850061158
2018-09-30 18:00:00+10:00,0.0
2018-09-30 18:30:00+10:00,0.0
2018-09-30 19:00:00+10:00,0.0
2018-09-30 19:30:00+10:00,0.0
2018-09-30 20:00:00+10:00,0.0
2018-09-30 20:30:00+10:00,0.0
2018-09-30 21:00:00+10:00,0.0
2018-09-30 21:30:00+10:00,0.0
2018-09-30 22:00:00+10:00,0.0
2018-09-30 22:30:00+10:00,0.0
2018-09-30 23:00:00+10:00,0.0
2018-09-30 23:30:00+10:00,0.0
2018-10-01 00:00:00+10:00,0.0
2018-10-01 00:30:00+10:00,0.0
2018-10-01 01:00:00+10:00,0.0
2018-10-01 01:30:00+10:00,0.0
2018-10-01 02:00:00+10:00,0.0
2018-10-01 02:30:00+10:00,0.0
2018-10-01 03:00:00+10:00,0.0
2018-10-01 03:30:00+10:00,0.0
2018-10-01 04:00:00+10:00,0.0
2018-10-01 04:30:00+10:00,0.0
2018-10-01 05:00:00+10:00,0.0
2018-10-01 05:30:00+10:00,0.0
2018-10-01 06:00:00+10:00,0.0
2018-10-01 06:30:00+10:00,3.4120398292158503
2018-10-01 07:00:00+10:00,10.851669906829988
2018-10-01 07:30:00+10:00,19.02927279294157
2018-10-01 08:00:00+10:00,26.981344628823013
2018-10-01 08:30:00+10:00,34.28996867563674
2018-10-01 09:00:00+10:00,40.74803821322121
2018-10-01 09:30:00+10:00,46.24809857307149
2018-10-01 10:00:00+10:00,50.7377527624116
2018-10-01 10:30:00+10:00,54.19438199755652
2018-10-01 11:00:00+10:00,56.61228701312182
2018-10-01 11:30:00+10:00,57.99437065246741
2018-10-01 12:00:00+10:00,58.342329716474495
2018-10-01 12:30:00+10:00,57.65816413752446
2018-10-01 13:00:00+10:00,55.94037323115843
2018-10-01 13:30:00+10:00,53.18521703520239
2018-10-01 14:00:00+10:00,49.39310385808139
2018-10-01 14:30:00+10:00,44.574136412566354
2018-10-01 15:00:00+10:00,38.75880106882681
2018-10-01 15:30:00+10:00,32.01489012867911
2018-10-01 16:00:00+10:00,24.475486285382715
2018-10-01 16:30:00+10:00,16.398217568946947
2018-10-01 17:00:00+10:00,8.318212453323724
2018-10-01 17:30:00+10:00,1.5380185230796857
2018-10-01 18:00:00+10:00,0.0
2018-10-01 18:30:00+10:00,0.0
2018-10-01 19:00:00+10:00,0.0
2018-10-01 19:30:00+10:00,0.0
2018-10-01 20:00:00+10:00,0.0
2018-10-01 20:30:00+10:00,0.0
2018-10-01 21:00:00+10:00,0.0
2018-10-01 21:30:00+10:00,0.0
2018-10-01 22:00:00+10:00,0.0
2018-10-01 22:30:00+10:00,0.0
2018-10-01 23:00:00+10:00,0.0
2018-10-01 23:30:00+10:00,0.0
2018-10-02 00:00:00+10:00,0.0
2018-10-02 00:30:00+10:00,0.0
2018-10-02 01:00:00+10:00,0.0
2018-10-02 01:30:00+10:00,0.0
2018-10-02 02:00:00+10:00,0.0
2018-10-02 02:30:00+10:00,0.0
2018-10-02 03:00:00+10:00,0.0
2018-10-02 03:30:00+10:00,0.0
2018-10-02 04:00:00+10:00,0.0
2018-10-02 04:30:00+10:00,0.0
2018-10-02 05:00:00+10:00,0.0
2018-10-02 05:30:00+10:00,0.0
2018-10-02 06:00:00+10:00,0.0
2018-10-02 06:30:00+10:00,3.120337041436945
2018-10-02 07:00:00+10:00,9.66039187632767
2018-10-02 07:30:00+10:00,16.829067026445593
2018-10-02 08:00:00+10:00,23.82120031305675
2018-10-02 08:30:00+10:00,30.27587674114714
2018-10-02 09:00:00+10:00,36.00587337960666
2018-10-02 09:30:00+10:00,40.907666568979366
2018-10-02 10:00:00+10:00,44.92436976429171
2018-10-02 10:30:00+10:00,48.02608403915257
2018-10-02 11:00:00+10:00,50.199528507959265
2018-10-02 11:30:00+10:00,51.43938769034886
2018-10-02 12:00:00+10:00,51.74483010519857
2018-10-02 12:30:00+10:00,51.11489564655329
2018-10-02 13:00:00+10:00,49.55131550782647
2018-10-02 13:30:00+10:00,47.055503498502645
2018-10-02 14:00:00+10:00,43.63556082752786
2018-10-02 14:30:00+10:00,39.30964160491197
2018-10-02 15:00:00+10:00,34.115887903750426
2018-10-02 15:30:00+10:00,28.124756495855053
2018-10-02 16:00:00+10:00,21.463225114831364
2018-10-02 16:30:00+10:00,14.363478953279957
2018-10-02 17:00:00+10:00,7.290158958061303
2018-10-02 17:30:00+10:00,1.346004812049278
2018-10-02 18:00:00+10:00,0.0
2018-10-02 18:30:00+10:00,0.0
2018-10-02 19:00:00+10:00,0.0
2018-10-02 19:30:00+10:00,0.0
2018-10-02 20:00:00+10:00,0.0
2018-10-02 20:30:00+10:00,0.0
2018-10-02 21:00:00+10:00,0.0
2018-10-02 21:30:00+10:00,0.0
2018-10-02 22:00:00+10:00,0.0
2018-10-02 22:30:00+10:00,0.0
2018-10-02 23:00:00+10:00,0.0
2018-10-02 23:30:00+10:00,0.0
2018-10-03 00:00:00+10:00,0.0
2018-10-03 00:30:00+10:00,0.0
2018-10-03 01:00:00+10:00,0.0
2018-10-03 01:30:00+10:00,0.0
2018-10-03 02:00:00+10:00,0.0
2018-10-03 02:30:00+10:00,0.0
2018-10-03 03:00:00+10:00,0.0
2018-10-03 03:30:00+10:00,0.0
2018-10-03 04:00:00+10:00,0.0
2018-10-03 04:30:00+10:00,0.0
2018-10-03 05:00:00+10:00,0.0
2018-10-03 05:30:00+10:00,0.0
2018-10-03 06:00:00+10:00,0.0
2018-10-03 06:30:00+10:00,4.099871927901959
2018-10-03 07:00:00+10:00,11.801195174692634
2018-10-03 07:30:00+10:00,20.119342372955273
2018-10-03 08:00:00+10:00,28.155266019155096
2018-10-03 08:30:00+10:00,35.511938065525776
2018-10-03 09:00:00+10:00,41.99216239989848
2018-10-03 09:30:00+10:00,47.49585413102262
2018-10-03 10:00:00+10:00,51.975712685224686
2018-10-03 10:30:00+10:00,55.414713870549946
2018-10-03 11:00:00+10:00,57.81097626979028
2018-10-03 11:30:00+10:00,59.16970574988204
2018-10-03 12:00:00+10:00,59.49560852986896
2018-10-03 12:30:00+10:00,58.78978431159098
2018-10-03 13:00:00+10:00,57.04972717311877
2018-10-03 13:30:00+10:00,54.27099512064218
2018-10-03 14:00:00+10:00,50.44953446450477
2018-10-03 14:30:00+10:00,45.59250771047601
2018-10-03 15:00:00+10:00,39.72603683512494
2018-10-03 15:30:00+10:00,32.91384089369718
2018-10-03 16:00:00+10:00,25.285102002192705
2018-10-03 16:30:00+10:00,17.092706243947895
2018-10-03 17:00:00+10:00,8.860379704790427
2018-10-03 17:30:00+10:00,1.8458503620924624
2018-10-03 18:00:00+10:00,0.0
2018-10-03 18:30:00+10:00,0.0
2018-10-03 19:00:00+10:00,0.0
2018-10-03 19:30:00+10:00,0.0
2018-10-03 20:00:00+10:00,0.0
2018-10-03 20:30:00+10:00,0.0
2018-10-03 21:00:00+10:00,0.0
2018-10-03 21:30:00+10:00,0.0
2018-10-03 22:00:00+10:00,0.0
2018-10-03 22:30:00+10:00,0.0
2018-10-03 23:00:00+10:00,0.0
2018-10-03 23:30:00+10:00,0.0
2018-10-04 00:00:00+10:00,0.0
2018-10-04 00:30:00+10:00,0.0
2018-10-04 01:00:00+10:00,0.0
2018-10-04 01:30:00+10:00,0.0
2018-10-04 02:00:00+10:00,0.0
2018-10-04 02:30:00+10:00,0.0
2018-10-04 03:00:00+10:00,0.0
2018-10-04 03:30:00+10:00,0.0
2018-10-04 04:00:00+10:00,0.0
2018-10-04 04:30:00+10:00,0.0
2018-10-04 05:00:00+10:00,0.0
2018-10-04 05:30:00+10:00,0.0
2018-10-04 06:00:00+10:00,0.0
2018-10-04 06:30:00+10:00,4.313886525040115
2018-10-04 07:00:00+10:00,11.936719020864917
2018-10-04 07:30:00+10:00,20.117895738883234
2018-10-04 08:00:00+10:00,28.01200879358314
2018-10-04 08:30:00+10:00,35.2399309636049
2018-10-04 09:00:00+10:00,41.61020515426378
2018-10-04 09:30:00+10:00,47.02371101120138
2018-10-04 10:00:00+10:00,51.43236425223561
2018-10-04 10:30:00+10:00,54.81692035729399
2018-10-04 11:00:00+10:00,57.17349864701181
2018-10-04 11:30:00+10:00,58.50597686706267
2018-10-04 12:00:00+10:00,58.81727866086513
2018-10-04 12:30:00+10:00,58.109259906943
2018-10-04 13:00:00+10:00,56.37889428183166
2018-10-04 13:30:00+10:00,53.622985211398735
2018-10-04 14:00:00+10:00,49.840606577351444
2018-10-04 14:30:00+10:00,45.04031062824629
2018-10-04 15:00:00+10:00,39.25079360537223
2018-10-04 15:30:00+10:00,32.53721022510411
2018-10-04 16:00:00+10:00,25.028176868728625
2018-10-04 16:30:00+10:00,16.970983961291093
2018-10-04 17:00:00+10:00,8.871316651401113
2018-10-04 17:30:00+10:00,1.929342703708693
2018-10-04 18:00:00+10:00,0.0
2018-10-04 18:30:00+10:00,0.0
2018-10-04 19:00:00+10:00,0.0
2018-10-04 19:30:00+10:00,0.0
2018-10-04 20:00:00+10:00,0.0
2018-10-04 20:30:00+10:00,0.0
2018-10-04 21:00:00+10:00,0.0
2018-10-04 21:30:00+10:00,0.0
2018-10-04 22:00:00+10:00,0.0
2018-10-04 22:30:00+10:00,0.0
2018-10-04 23:00:00+10:00,0.0
2018-10-04 23:30:00+10:00,0.0
2018-10-05 00:00:00+10:00,0.0
2018-10-05 00:30:00+10:00,0.0
2018-10-05 01:00:00+10:00,0.0
2018-10-05 01:30:00+10:00,0.0
2018-10-05 02:00:00+10:00,0.0
2018-10-05 02:30:00+10:00,0.0
2018-10-05 03:00:00+10:00,0.0
2018-10-05 03:30:00+10:00,0.0
2018-10-05 04:00:00+10:00,0.0
2018-10-05 04:30:00+10:00,0.0
2018-10-05 05:00:00+10:00,0.0
2018-10-05 05:30:00+10:00,0.0
2018-10-05 06:00:00+10:00,0.0
2018-10-05 06:30:00+10:00,4.04549450537834
2018-10-05 07:00:00+10:00,10.94660232417864
2018-10-05 07:30:00+10:00,18.33854634035183
2018-10-05 08:00:00+10:00,25.488383951175603
2018-10-05 08:30:00+10:00,32.057858655270735
2018-10-05 09:00:00+10:00,37.86964044445663
2018-10-05 09:30:00+10:00,42.826399809628576
2018-10-05 10:00:00+10:00,46.87552651343486
2018-10-05 10:30:00+10:00,49.99174948074297
2018-10-05 11:00:00+10:00,52.16428754728529
2018-10-05 11:30:00+10:00,53.390178360977046
2018-10-05 12:00:00+10:00,53.66949561616534
2018-10-05 12:30:00+10:00,53.002667822074415
2018-10-05 13:00:00+10:00,51.38960960940408
2018-10-05 13:30:00+10:00,48.83122756431917
2018-10-05 14:00:00+10:00,45.33278408262911
2018-10-05 14:30:00+10:00,40.91046510341453
2018-10-05 15:00:00+10:00,35.599502858001244
2018-10-05 15:30:00+10:00,29.46820399963006
2018-10-05 16:00:00+10:00,22.641022626890667
2018-10-05 16:30:00+10:00,15.34618898009867
2018-10-05 17:00:00+10:00,8.036562585531149
2018-10-05 17:30:00+10:00,1.7627157307461534
2018-10-05 18:00:00+10:00,0.0
2018-10-05 18:30:00+10:00,0.0
2018-10-05 19:00:00+10:00,0.0
2018-10-05 19:30:00+10:00,0.0
2018-10-05 20:00:00+10:00,0.0
2018-10-05 20:30:00+10:00,0.0
2018-10-05 21:00:00+10:00,0.0
2018-10-05 21:30:00+10:00,0.0
2018-10-05 22:00:00+10:00,0.0
2018-10-05 22:30:00+10:00,0.0
2018-10-05 23:00:00+10:00,0.0
2018-10-05 23:30:00+10:00,0.0
2018-10-06 00:00:00+10:00,0.0
2018-10-06 00:30:00+10:00,0.0
2018-10-06 01:00:00+10:00,0.0
2018-10-06 01:30:00+10:00,0.0
2018-10-06 02:00:00+10:00,0.0
2018-10-06 02:30:00+10:00,0.0
2018-10-06 03:00:00+10:00,0.0
2018-10-06 03:30:00+10:00,0.0
2018-10-06 04:00:00+10:00,0.0
2018-10-06 04:30:00+10:00,0.0
2018-10-06 05:00:00+10:00,0.0
2018-10-06 05:30:00+10:00,0.0
2018-10-06 06:00:00+10:00,0.0
2018-10-06 06:30:00+10:00,4.274181696302178
2018-10-06 07:00:00+10:00,11.143373882701756
2018-10-06 07:30:00+10:00,18.45606962055767
2018-10-06 08:00:00+10:00,25.515661354170227
2018-10-06 08:30:00+10:00,31.99688792565558
2018-10-06 09:00:00+10:00,37.72793221728881
2018-10-06 09:30:00+10:00,42.61361102575537
2018-10-06 10:00:00+10:00,46.60306210394376
2018-10-06 10:30:00+10:00,49.67079470514439
2018-10-06 11:00:00+10:00,51.806905486665435
2018-10-06 11:30:00+10:00,53.00785813514839
2018-10-06 12:00:00+10:00,53.27432530672026
2018-10-06 12:30:00+10:00,52.606214587532094
2018-10-06 13:00:00+10:00,51.00362831282551
2018-10-06 13:30:00+10:00,48.46752834165039
2018-10-06 14:00:00+10:00,45.003238042602774
2018-10-06 14:30:00+10:00,40.626897899237655
2018-10-06 15:00:00+10:00,35.373474418715055
2018-10-06 15:30:00+10:00,29.3104332444306
2018-10-06 16:00:00+10:00,22.560386269664807
2018-10-06 16:30:00+10:00,15.346949118770429
2018-10-06 17:00:00+10:00,8.110138833756428
2018-10-06 17:30:00+10:00,1.8616433664112697
2018-10-06 18:00:00+10:00,0.0
2018-10-06 18:30:00+10:00,0.0
2018-10-06 19:00:00+10:00,0.0
2018-10-06 19:30:00+10:00,0.0
2018-10-06 20:00:00+10:00,0.0
2018-10-06 20:30:00+10:00,0.0
2018-10-06 21:00:00+10:00,0.0
2018-10-06 21:30:00+10:00,0.0
2018-10-06 22:00:00+10:00,0.0
2018-10-06 22:30:00+10:00,0.0
2018-10-06 23:00:00+10:00,0.0
2018-10-06 23:30:00+10:00,0.0
2018-10-07 00:00:00+10:00,0.0
2018-10-07 00:30:00+10:00,0.0
2018-10-07 01:00:00+10:00,0.0
2018-10-07 01:30:00+10:00,0.0
2018-10-07 02:00:00+10:00,0.0
2018-10-07 02:30:00+10:00,0.0
2018-10-07 03:00:00+10:00,0.0
2018-10-07 03:30:00+10:00,0.0
2018-10-07 04:00:00+10:00,0.0
2018-10-07 04:30:00+10:00,0.0
2018-10-07 05:00:00+10:00,0.0
2018-10-07 05:30:00+10:00,0.0
2018-10-07 06:00:00+10:00,0.0
2018-10-07 06:30:00+10:00,4.584167825751757
2018-10-07 07:00:00+10:00,11.55973881114235
2018-10-07 07:30:00+10:00,18.94350736794689
2018-10-07 08:00:00+10:00,26.061751413681744
2018-10-07 08:30:00+10:00,32.5953849986328
2018-10-07 09:00:00+10:00,38.37395778368619
2018-10-07 09:30:00+10:00,43.30171944979391
2018-10-07 10:00:00+10:00,47.32622816290766
2018-10-07 10:30:00+10:00,50.42058229350845
2018-10-07 11:00:00+10:00,52.57345081784057
2018-10-07 11:30:00+10:00,53.78017647422435
2018-10-07 12:00:00+10:00,54.041102150020805
2018-10-07 12:30:00+10:00,53.35542635375562
2018-10-07 13:00:00+10:00,51.72363237182434
2018-10-07 13:30:00+10:00,49.148176922123724
2018-10-07 14:00:00+10:00,45.63548204025001
2018-10-07 14:30:00+10:00,41.20333220500984
2018-10-07 15:00:00+10:00,35.889099679386554
2018-10-07 15:30:00+10:00,29.761997901428522
2018-10-07 16:00:00+10:00,22.945904865762028
2018-10-07 16:30:00+10:00,15.664292116764425
2018-10-07 17:00:00+10:00,8.352597384363825
2018-10-07 17:30:00+10:00,2.001219862333605
2018-10-07 18:00:00+10:00,0.0
2018-10-07 18:30:00+10:00,0.0
2018-10-07 19:00:00+10:00,0.0
2018-10-07 19:30:00+10:00,0.0
2018-10-07 20:00:00+10:00,0.0
2018-10-07 20:30:00+10:00,0.0
2018-10-07 21:00:00+10:00,0.0
2018-10-07 21:30:00+10:00,0.0
2018-10-07 22:00:00+10:00,0.0
2018-10-07 22:30:00+10:00,0.0
2018-10-07 23:00:00+10:00,0.0
2018-10-07 23:30:00+10:00,0.0
2018-10-08 00:00:00+10:00,0.0
2018-10-08 00:30:00+10:00,0.0
2018-10-08 01:00:00+10:00,0.0
2018-10-08 01:30:00+10:00,0.0
2018-10-08 02:00:00+10:00,0.0
2018-10-08 02:30:00+10:00,0.0
2018-10-08 03:00:00+10:00,0.0
2018-10-08 03:30:00+10:00,0.0
2018-10-08 04:00:00+10:00,0.0
2018-10-08 04:30:00+10:00,0.0
2018-10-08 05:00:00+10:00,0.0
2018-10-08 05:30:00+10:00,0.0
2018-10-08 06:00:00+10:00,0.0
2018-10-08 06:30:00+10:00,5.739245340414962
2018-10-08 07:00:00+10:00,13.787617280896832
2018-10-08 07:30:00+10:00,22.203998476483626
2018-10-08 08:00:00+10:00,30.246377935346775
2018-10-08 08:30:00+10:00,37.569697930409255
2018-10-08 09:00:00+10:00,43.99819605551383
2018-10-08 09:30:00+10:00,49.441629561395125
2018-10-08 10:00:00+10:00,53.858542183702276
2018-10-08 10:30:00+10:00,57.23519933698247
2018-10-08 11:00:00+10:00,59.57187899687405
2018-10-08 11:30:00+10:00,60.87405763747077
2018-10-08 12:00:00+10:00,61.147174075390296
2018-10-08 12:30:00+10:00,60.39219843575666
2018-10-08 13:00:00+10:00,58.60673351511386
2018-10-08 13:30:00+10:00,55.784176313231804
2018-10-08 14:00:00+10:00,51.921523750184406
2018-10-08 14:30:00+10:00,47.02359149134388
2018-10-08 15:00:00+10:00,41.115637802103535
2018-10-08 15:30:00+10:00,34.259045396356285
2018-10-08 16:00:00+10:00,26.577888096566415
2018-10-08 16:30:00+10:00,18.311733919409093
2018-10-08 17:00:00+10:00,9.943524100423176
2018-10-08 17:30:00+10:00,2.5858577227302093
2018-10-08 18:00:00+10:00,0.0
2018-10-08 18:30:00+10:00,0.0
2018-10-08 19:00:00+10:00,0.0
2018-10-08 19:30:00+10:00,0.0
2018-10-08 20:00:00+10:00,0.0
2018-10-08 20:30:00+10:00,0.0
2018-10-08 21:00:00+10:00,0.0
2018-10-08 21:30:00+10:00,0.0
2018-10-08 22:00:00+10:00,0.0
2018-10-08 22:30:00+10:00,0.0
2018-10-08 23:00:00+10:00,0.0
2018-10-08 23:30:00+10:00,0.0
2018-10-09 00:00:00+10:00,0.0
2018-10-09 00:30:00+10:00,0.0
2018-10-09 01:00:00+10:00,0.0
2018-10-09 01:30:00+10:00,0.0
2018-10-09 02:00:00+10:00,0.0
2018-10-09 02:30:00+10:00,0.0
2018-10-09 03:00:00+10:00,0.0
2018-10-09 03:30:00+10:00,0.0
2018-10-09 04:00:00+10:00,0.0
2018-10-09 04:30:00+10:00,0.0
2018-10-09 05:00:00+10:00,0.0
2018-10-09 05:30:00+10:00,0.0
2018-10-09 06:00:00+10:00,0.0
2018-10-09 06:30:00+10:00,5.338691265391325
2018-10-09 07:00:00+10:00,12.61439863700252
2018-10-09 07:30:00+10:00,20.221368966346866
2018-10-09 08:00:00+10:00,27.513998308132308
2018-10-09 08:30:00+10:00,34.18254772632387
2018-10-09 09:00:00+10:00,40.061719148507564
2018-10-09 09:30:00+10:00,45.061188951027766
2018-10-09 10:00:00+10:00,49.13271806585409
2018-10-09 10:30:00+10:00,52.25413562905724
2018-10-09 11:00:00+10:00,54.417648447799074
2018-10-09 11:30:00+10:00,55.62145804126851
2018-10-09 12:00:00+10:00,55.86692297894974
2018-10-09 12:30:00+10:00,55.15502359957806
2018-10-09 13:00:00+10:00,53.484207781274996
2018-10-09 13:30:00+10:00,50.85456915199098
2018-10-09 14:00:00+10:00,47.270455369370254
2018-10-09 14:30:00+10:00,42.7457062318745
2018-10-09 15:00:00+10:00,37.313908901090514
2018-10-09 15:30:00+10:00,31.041282363263257
2018-10-09 16:00:00+10:00,24.04956611892047
2018-10-09 16:30:00+10:00,16.560798238334147
2018-10-09 17:00:00+10:00,9.00776154727329
2018-10-09 17:30:00+10:00,2.3634421432686743
2018-10-09 18:00:00+10:00,0.0
2018-10-09 18:30:00+10:00,0.0
2018-10-09 19:00:00+10:00,0.0
2018-10-09 19:30:00+10:00,0.0
2018-10-09 20:00:00+10:00,0.0
2018-10-09 20:30:00+10:00,0.0
2018-10-09 21:00:00+10:00,0.0
2018-10-09 21:30:00+10:00,0.0
2018-10-09 22:00:00+10:00,0.0
2018-10-09 22:30:00+10:00,0.0
2018-10-09 23:00:00+10:00,0.0
2018-10-09 23:30:00+10:00,0.0
2018-10-10 00:00:00+10:00,0.0
2018-10-10 00:30:00+10:00,0.0
2018-10-10 01:00:00+10:00,0.0
2018-10-10 01:30:00+10:00,0.0
2018-10-10 02:00:00+10:00,0.0
2018-10-10 02:30:00+10:00,0.0
2018-10-10 03:00:00+10:00,0.0
2018-10-10 03:30:00+10:00,0.0
2018-10-10 04:00:00+10:00,0.0
2018-10-10 04:30:00+10:00,0.0
2018-10-10 05:00:00+10:00,0.0
2018-10-10 05:30:00+10:00,0.0
2018-10-10 06:00:00+10:00,0.0
2018-10-10 06:30:00+10:00,4.615038948255867
2018-10-10 07:00:00+10:00,10.81098627895584
2018-10-10 07:30:00+10:00,17.30325552032333
2018-10-10 08:00:00+10:00,23.562724440096577
2018-10-10 08:30:00+10:00,29.324715242635975
2018-10-10 09:00:00+10:00,34.43913939829756
2018-10-10 09:30:00+10:00,38.81587053677304
2018-10-10 10:00:00+10:00,42.400390779324496
2018-10-10 10:30:00+10:00,45.16090257972443
2018-10-10 11:00:00+10:00,47.07896548231591
2018-10-10 11:30:00+10:00,48.1458919162646
2018-10-10 12:00:00+10:00,48.35779676334049
2018-10-10 12:30:00+10:00,47.71365325806013
2018-10-10 13:00:00+10:00,46.21600079854302
2018-10-10 13:30:00+10:00,43.87126105079967
2018-10-10 14:00:00+10:00,40.692888755654984
2018-10-10 14:30:00+10:00,36.70518224798726
2018-10-10 15:00:00+10:00,31.950700882726917
2018-10-10 15:30:00+10:00,26.499830098570555
2018-10-10 16:00:00+10:00,20.46885028638703
2018-10-10 16:30:00+10:00,14.055318467061332
2018-10-10 17:00:00+10:00,7.625286821260854
2018-10-10 17:30:00+10:00,1.9776498626715409
2018-10-10 18:00:00+10:00,0.0
2018-10-10 18:30:00+10:00,0.0
2018-10-10 19:00:00+10:00,0.0
2018-10-10 19:30:00+10:00,0.0
2018-10-10 20:00:00+10:00,0.0
2018-10-10 20:30:00+10:00,0.0
2018-10-10 21:00:00+10:00,0.0
2018-10-10 21:30:00+10:00,0.0
2018-10-10 22:00:00+10:00,0.0
2018-10-10 22:30:00+10:00,0.0
2018-10-10 23:00:00+10:00,0.0
2018-10-10 23:30:00+10:00,0.0
2018-10-11 00:00:00+10:00,0.0
2018-10-11 00:30:00+10:00,0.0
2018-10-11 01:00:00+10:00,0.0
2018-10-11 01:30:00+10:00,0.0
2018-10-11 02:00:00+10:00,0.0
2018-10-11 02:30:00+10:00,0.0
2018-10-11 03:00:00+10:00,0.0
2018-10-11 03:30:00+10:00,0.0
2018-10-11 04:00:00+10:00,0.0
2018-10-11 04:30:00+10:00,0.0
2018-10-11 05:00:00+10:00,0.0
2018-10-11 05:30:00+10:00,0.0
2018-10-11 06:00:00+10:00,0.2651912568500855
2018-10-11 06:30:00+10:00,5.798974335515828
2018-10-11 07:00:00+10:00,13.026692710389007
2018-10-11 07:30:00+10:00,20.519889100148227
2018-10-11 08:00:00+10:00,27.686200925967725
2018-10-11 08:30:00+10:00,34.234959733629
2018-10-11 09:00:00+10:00,40.00823654822719
2018-10-11 09:30:00+10:00,44.91724668898997
2018-10-11 10:00:00+10:00,48.91493148873444
2018-10-11 10:30:00+10:00,51.97732114964646
2018-10-11 11:00:00+10:00,54.09564990317622
2018-10-11 11:30:00+10:00,55.2677805001749
2018-10-11 12:00:00+10:00,55.49328617137007
2018-10-11 12:30:00+10:00,54.77289366731796
2018-10-11 13:00:00+10:00,53.106475690243336
2018-10-11 13:30:00+10:00,50.494888511614135
2018-10-11 14:00:00+10:00,46.94329239246583
2018-10-11 14:30:00+10:00,42.46774007773693
2018-10-11 15:00:00+10:00,37.102937463209074
2018-10-11 15:30:00+10:00,30.915747579786988
2018-10-11 16:00:00+10:00,24.025962749822355
2018-10-11 16:30:00+10:00,16.64903202558884
2018-10-11 17:00:00+10:00,9.196998222976404
2018-10-11 17:30:00+10:00,2.5790905153134225
2018-10-11 18:00:00+10:00,0.0
2018-10-11 18:30:00+10:00,0.0
2018-10-11 19:00:00+10:00,0.0
2018-10-11 19:30:00+10:00,0.0
2018-10-11 20:00:00+10:00,0.0
2018-10-11 20:30:00+10:00,0.0
2018-10-11 21:00:00+10:00,0.0
2018-10-11 21:30:00+10:00,0.0
2018-10-11 22:00:00+10:00,0.0
2018-10-11 22:30:00+10:00,0.0
2018-10-11 23:00:00+10:00,0.0
2018-10-11 23:30:00+10:00,0.0
2018-10-12 00:00:00+10:00,0.0
2018-10-12 00:30:00+10:00,0.0
2018-10-12 01:00:00+10:00,0.0
2018-10-12 01:30:00+10:00,0.0
2018-10-12 02:00:00+10:00,0.0
2018-10-12 02:30:00+10:00,0.0
2018-10-12 03:00:00+10:00,0.0
2018-10-12 03:30:00+10:00,0.0
2018-10-12 04:00:00+10:00,0.0
2018-10-12 04:30:00+10:00,0.0
2018-10-12 05:00:00+10:00,0.0
2018-10-12 05:30:00+10:00,0.0
2018-10-12 06:00:00+10:00,0.5204111712768021
2018-10-12 06:30:00+10:00,6.633346489179767
2018-10-12 07:00:00+10:00,14.44623006281148
2018-10-12 07:30:00+10:00,22.483304404471333
2018-10-12 08:00:00+10:00,30.12993314005694
2018-10-12 08:30:00+10:00,37.086527446497904
2018-10-12 09:00:00+10:00,43.19387503614552
2018-10-12 09:30:00+10:00,48.3674270042598
2018-10-12 10:00:00+10:00,52.56526838422708
2018-10-12 10:30:00+10:00,55.77048921830758
2018-10-12 11:00:00+10:00,57.980597177723624
2018-10-12 11:30:00+10:00,59.19749646430327
2018-10-12 12:00:00+10:00,59.42483194526736
2018-10-12 12:30:00+10:00,58.66303341105035
2018-10-12 13:00:00+10:00,56.91087892819128
2018-10-12 13:30:00+10:00,54.16430528274206
2018-10-12 14:00:00+10:00,50.423793342127745
2018-10-12 14:30:00+10:00,45.69860529738058
2018-10-12 15:00:00+10:00,40.0178879116089
2018-10-12 15:30:00+10:00,33.44397552584743
2018-10-12 16:00:00+10:00,26.09664199167762
2018-10-12 16:30:00+10:00,18.19835124814004
2018-10-12 17:00:00+10:00,10.181588691760151
2018-10-12 17:30:00+10:00,3.0027184674405074
2018-10-12 18:00:00+10:00,0.0
2018-10-12 18:30:00+10:00,0.0
2018-10-12 19:00:00+10:00,0.0
2018-10-12 19:30:00+10:00,0.0
2018-10-12 20:00:00+10:00,0.0
2018-10-12 20:30:00+10:00,0.0
2018-10-12 21:00:00+10:00,0.0
2018-10-12 21:30:00+10:00,0.0
2018-10-12 22:00:00+10:00,0.0
2018-10-12 22:30:00+10:00,0.0
2018-10-12 23:00:00+10:00,0.0
2018-10-12 23:30:00+10:00,0.0
2018-10-13 00:00:00+10:00,0.0
2018-10-13 00:30:00+10:00,0.0
2018-10-13 01:00:00+10:00,0.0
2018-10-13 01:30:00+10:00,0.0
2018-10-13 02:00:00+10:00,0.0
2018-10-13 02:30:00+10:00,0.0
2018-10-13 03:00:00+10:00,0.0
2018-10-13 03:30:00+10:00,0.0
2018-10-13 04:00:00+10:00,0.0
2018-10-13 04:30:00+10:00,0.0
2018-10-13 05:00:00+10:00,0.0
2018-10-13 05:30:00+10:00,0.0
2018-10-13 06:00:00+10:00,0.6812118289776072
2018-10-13 06:30:00+10:00,6.869815155962492
2018-10-13 07:00:00+10:00,14.652754724929306
2018-10-13 07:30:00+10:00,22.63323890597459
2018-10-13 08:00:00+10:00,30.222085561667335
2018-10-13 08:30:00+10:00,37.12815111134159
2018-10-13 09:00:00+10:00,43.194624369102755
2018-10-13 09:30:00+10:00,48.33646170383378
2018-10-13 10:00:00+10:00,52.51047330475293
2018-10-13 10:30:00+10:00,55.698187041993606
2018-10-13 11:00:00+10:00,57.89453029485785
2018-10-13 11:30:00+10:00,59.10128878599987
2018-10-13 12:00:00+10:00,59.32002436826424
2018-10-13 12:30:00+10:00,58.551760390382924
2018-10-13 13:00:00+10:00,56.79483507343362
2018-10-13 13:30:00+10:00,54.047261634907265
2018-10-13 14:00:00+10:00,50.31117408037626
2018-10-13 14:30:00+10:00,45.59781223022262
2018-10-13 15:00:00+10:00,39.938082848664976
2018-10-13 15:30:00+10:00,33.396593933408184
2018-10-13 16:00:00+10:00,26.09307895449569
2018-10-13 16:30:00+10:00,18.24723760121634
2018-10-13 17:00:00+10:00,10.281215009815083
2018-10-13 17:30:00+10:00,3.118939235489312
2018-10-13 18:00:00+10:00,0.0
2018-10-13 18:30:00+10:00,0.0
2018-10-13 19:00:00+10:00,0.0
2018-10-13 19:30:00+10:00,0.0
2018-10-13 20:00:00+10:00,0.0
2018-10-13 20:30:00+10:00,0.0
2018-10-13 21:00:00+10:00,0.0
2018-10-13 21:30:00+10:00,0.0
2018-10-13 22:00:00+10:00,0.0
2018-10-13 22:30:00+10:00,0.0
2018-10-13 23:00:00+10:00,0.0
2018-10-13 23:30:00+10:00,0.0
2018-10-14 00:00:00+10:00,0.0
2018-10-14 00:30:00+10:00,0.0
2018-10-14 01:00:00+10:00,0.0
2018-10-14 01:30:00+10:00,0.0
2018-10-14 02:00:00+10:00,0.0
2018-10-14 02:30:00+10:00,0.0
2018-10-14 03:00:00+10:00,0.0
2018-10-14 03:30:00+10:00,0.0
2018-10-14 04:00:00+10:00,0.0
2018-10-14 04:30:00+10:00,0.0
2018-10-14 05:00:00+10:00,0.0
2018-10-14 05:30:00+10:00,0.0
2018-10-14 06:00:00+10:00,1.053965348441899
2018-10-14 06:30:00+10:00,8.047138014041101
2018-10-14 07:00:00+10:00,16.66681913299362
2018-10-14 07:30:00+10:00,25.42221884408649
2018-10-14 08:00:00+10:00,33.68519594415696
2018-10-14 08:30:00+10:00,41.15165939901219
2018-10-14 09:00:00+10:00,47.666322807923976
2018-10-14 09:30:00+10:00,53.15312742869168
2018-10-14 10:00:00+10:00,57.58047501191468
2018-10-14 10:30:00+10:00,60.94386378987896
2018-10-14 11:00:00+10:00,63.2504850025549
2018-10-14 11:30:00+10:00,64.51079614785978
2018-10-14 12:00:00+10:00,64.73201399864749
2018-10-14 12:30:00+10:00,63.91646410903957
2018-10-14 13:00:00+10:00,62.05857816024613
2018-10-14 13:30:00+10:00,59.14870993449689
2018-10-14 14:00:00+10:00,55.178099100536656
2018-10-14 14:30:00+10:00,50.1453655114759
2018-10-14 15:00:00+10:00,44.06868505085214
2018-10-14 15:30:00+10:00,37.00251258367409
2018-10-14 16:00:00+10:00,29.062874138386935
2018-10-14 16:30:00+10:00,20.47739167610388
2018-10-14 17:00:00+10:00,11.698728613401295
2018-10-14 17:30:00+10:00,3.727917060029102
2018-10-14 18:00:00+10:00,0.0
2018-10-14 18:30:00+10:00,0.0
2018-10-14 19:00:00+10:00,0.0
2018-10-14 19:30:00+10:00,0.0
2018-10-14 20:00:00+10:00,0.0
2018-10-14 20:30:00+10:00,0.0
2018-10-14 21:00:00+10:00,0.0
2018-10-14 21:30:00+10:00,0.0
2018-10-14 22:00:00+10:00,0.0
2018-10-14 22:30:00+10:00,0.0
2018-10-14 23:00:00+10:00,0.0
2018-10-14 23:30:00+10:00,0.0
2018-10-15 00:00:00+10:00,0.0
2018-10-15 00:30:00+10:00,0.0
2018-10-15 01:00:00+10:00,0.0
2018-10-15 01:30:00+10:00,0.0
2018-10-15 02:00:00+10:00,0.0
2018-10-15 02:30:00+10:00,0.0
2018-10-15 03:00:00+10:00,0.0
2018-10-15 03:30:00+10:00,0.0
2018-10-15 04:00:00+10:00,0.0
2018-10-15 04:30:00+10:00,0.0
2018-10-15 05:00:00+10:00,0.0
2018-10-15 05:30:00+10:00,0.0
2018-10-15 06:00:00+10:00,1.2008915256381234
2018-10-15 06:30:00+10:00,8.083896612273342
2018-10-15 07:00:00+10:00,16.462950292369037
2018-10-15 07:30:00+10:00,24.955037453425554
2018-10-15 08:00:00+10:00,32.96906142995657
2018-10-15 08:30:00+10:00,40.21486147659217
2018-10-15 09:00:00+10:00,46.54163586033558
2018-10-15 09:30:00+10:00,51.87425341114966
2018-10-15 10:00:00+10:00,56.18006781187026
2018-10-15 10:30:00+10:00,59.45199300330739
2018-10-15 11:00:00+10:00,61.694757485174044
2018-10-15 11:30:00+10:00,62.91714656423323
2018-10-15 12:00:00+10:00,63.12533955777659
2018-10-15 12:30:00+10:00,62.32093001768938
2018-10-15 13:00:00+10:00,60.499586231464576
2018-10-15 13:30:00+10:00,57.653513379289876
2018-10-15 14:00:00+10:00,53.77537839809371
2018-10-15 14:30:00+10:00,48.86696100635151
2018-10-15 15:00:00+10:00,42.948176368529275
2018-10-15 15:30:00+10:00,36.07443801651609
2018-10-15 16:00:00+10:00,28.360639305833722
2018-10-15 16:30:00+10:00,20.02754282179505
2018-10-15 17:00:00+10:00,11.50843222651082
2018-10-15 17:30:00+10:00,3.750660181879178
2018-10-15 18:00:00+10:00,0.0
2018-10-15 18:30:00+10:00,0.0
2018-10-15 19:00:00+10:00,0.0
2018-10-15 19:30:00+10:00,0.0
2018-10-15 20:00:00+10:00,0.0
2018-10-15 20:30:00+10:00,0.0
2018-10-15 21:00:00+10:00,0.0
2018-10-15 21:30:00+10:00,0.0
2018-10-15 22:00:00+10:00,0.0
2018-10-15 22:30:00+10:00,0.0
2018-10-15 23:00:00+10:00,0.0
2018-10-15 23:30:00+10:00,0.0
2018-10-16 00:00:00+10:00,0.0
2018-10-16 00:30:00+10:00,0.0
2018-10-16 01:00:00+10:00,0.0
2018-10-16 01:30:00+10:00,0.0
2018-10-16 02:00:00+10:00,0.0
2018-10-16 02:30:00+10:00,0.0
2018-10-16 03:00:00+10:00,0.0
2018-10-16 03:30:00+10:00,0.0
2018-10-16 04:00:00+10:00,0.0
2018-10-16 04:30:00+10:00,0.0
2018-10-16 05:00:00+10:00,0.0
2018-10-16 05:30:00+10:00,0.0
2018-10-16 06:00:00+10:00,0.4796191916106865
2018-10-16 06:30:00+10:00,4.501692796552359
2018-10-16 07:00:00+10:00,9.441217754215216
2018-10-16 07:30:00+10:00,14.54063798537952
2018-10-16 08:00:00+10:00,19.454387159710883
2018-10-16 08:30:00+10:00,23.992875578389505
2018-10-16 09:00:00+10:00,28.039119396497203
2018-10-16 09:30:00+10:00,31.516328596326776
2018-10-16 10:00:00+10:00,34.37300566500605
2018-10-16 10:30:00+10:00,36.57494346554575
2018-10-16 11:00:00+10:00,38.10003392199439
2018-10-16 11:30:00+10:00,38.9351324086731
2018-10-16 12:00:00+10:00,39.073429442924315
2018-10-16 12:30:00+10:00,38.514392055920126
2018-10-16 13:00:00+10:00,37.2620707181361
2018-10-16 13:30:00+10:00,35.3272117281607
2018-10-16 14:00:00+10:00,32.7282952072644
2018-10-16 14:30:00+10:00,29.49424487989339
2018-10-16 15:00:00+10:00,25.669182065274747
2018-10-16 15:30:00+10:00,21.318738961485252
2018-10-16 16:00:00+10:00,16.5414649214759
2018-10-16 16:30:00+10:00,11.492129527335013
2018-10-16 17:00:00+10:00,6.436424420461739
2018-10-16 17:30:00+10:00,1.911357187252743
2018-10-16 18:00:00+10:00,0.0
2018-10-16 18:30:00+10:00,0.0
2018-10-16 19:00:00+10:00,0.0
2018-10-16 19:30:00+10:00,0.0
2018-10-16 20:00:00+10:00,0.0
2018-10-16 20:30:00+10:00,0.0
2018-10-16 21:00:00+10:00,0.0
2018-10-16 21:30:00+10:00,0.0
2018-10-16 22:00:00+10:00,0.0
2018-10-16 22:30:00+10:00,0.0
2018-10-16 23:00:00+10:00,0.0
2018-10-16 23:30:00+10:00,0.0
2018-10-17 00:00:00+10:00,0.0
2018-10-17 00:30:00+10:00,0.0
2018-10-17 01:00:00+10:00,0.0
2018-10-17 01:30:00+10:00,0.0
2018-10-17 02:00:00+10:00,0.0
2018-10-17 02:30:00+10:00,0.0
2018-10-17 03:00:00+10:00,0.0
2018-10-17 03:30:00+10:00,0.0
2018-10-17 04:00:00+10:00,0.0
2018-10-17 04:30:00+10:00,0.0
2018-10-17 05:00:00+10:00,0.0
2018-10-17 05:30:00+10:00,0.0
2018-10-17 06:00:00+10:00,1.555467074786398
2018-10-17 06:30:00+10:00,8.473953037789498
2018-10-17 07:00:00+10:00,16.70857956412944
2018-10-17 07:30:00+10:00,25.019187135079008
2018-10-17 08:00:00+10:00,32.86008962702595
2018-10-17 08:30:00+10:00,39.95660904840646
2018-10-17 09:00:00+10:00,46.161795800869385
2018-10-17 09:30:00+10:00,51.39902381981402
2018-10-17 10:00:00+10:00,55.63295598323268
2018-10-17 10:30:00+10:00,58.85144421838926
2018-10-17 11:00:00+10:00,61.056030857444554
2018-10-17 11:30:00+10:00,62.251935111263776
2018-10-17 12:00:00+10:00,62.444011802702036
2018-10-17 12:30:00+10:00,61.63243755373231
2018-10-17 13:00:00+10:00,59.81487002860051
2018-10-17 13:30:00+10:00,56.98592333104606
2018-10-17 14:00:00+10:00,53.14192930342947
2018-10-17 14:30:00+10:00,48.28921427195055
2018-10-17 15:00:00+10:00,42.45286753448812
2018-10-17 15:30:00+10:00,35.691576868360116
2018-10-17 16:00:00+10:00,28.12080341645974
2018-10-17 16:30:00+10:00,19.955928843433757
2018-10-17 17:00:00+10:00,11.609366733445984
2018-10-17 17:30:00+10:00,3.9618621302017405
2018-10-17 18:00:00+10:00,0.0
2018-10-17 18:30:00+10:00,0.0
2018-10-17 19:00:00+10:00,0.0
2018-10-17 19:30:00+10:00,0.0
2018-10-17 20:00:00+10:00,0.0
2018-10-17 20:30:00+10:00,0.0
2018-10-17 21:00:00+10:00,0.0
2018-10-17 21:30:00+10:00,0.0
2018-10-17 22:00:00+10:00,0.0
2018-10-17 22:30:00+10:00,0.0
2018-10-17 23:00:00+10:00,0.0
2018-10-17 23:30:00+10:00,0.0
2018-10-18 00:00:00+10:00,0.0
2018-10-18 00:30:00+10:00,0.0
2018-10-18 01:00:00+10:00,0.0
2018-10-18 01:30:00+10:00,0.0
2018-10-18 02:00:00+10:00,0.0
2018-10-18 02:30:00+10:00,0.0
2018-10-18 03:00:00+10:00,0.0
2018-10-18 03:30:00+10:00,0.0
2018-10-18 04:00:00+10:00,0.0
2018-10-18 04:30:00+10:00,0.0
2018-10-18 05:00:00+10:00,0.0
2018-10-18 05:30:00+10:00,0.0
2018-10-18 06:00:00+10:00,1.7481139600509337
2018-10-18 06:30:00+10:00,8.709513077534387
2018-10-18 07:00:00+10:00,16.913515486367952
2018-10-18 07:30:00+10:00,25.16920348424968
2018-10-18 08:00:00+10:00,32.94752595328057
2018-10-18 08:30:00+10:00,39.980499035691146
2018-10-18 09:00:00+10:00,46.12503364250374
2018-10-18 09:30:00+10:00,51.307315766363814
2018-10-18 10:00:00+10:00,55.4928992572831
2018-10-18 10:30:00+10:00,58.67214846874285
2018-10-18 11:00:00+10:00,60.847000489832126
2018-10-18 11:30:00+10:00,62.02378463920696
2018-10-18 12:00:00+10:00,62.206611456719685
2018-10-18 12:30:00+10:00,61.397427895572
2018-10-18 13:00:00+10:00,59.591833150439925
2018-10-18 13:30:00+10:00,56.78509848096059
2018-10-18 14:00:00+10:00,52.9725406105239
2018-10-18 14:30:00+10:00,48.15909506868966
2018-10-18 15:00:00+10:00,42.36853007638301
2018-10-18 15:30:00+10:00,35.65805984008156
2018-10-18 16:00:00+10:00,28.141000346747692
2018-10-18 16:30:00+10:00,20.029286134122238
2018-10-18 17:00:00+10:00,11.727590748891743
2018-10-18 17:30:00+10:00,4.095105632524171
2018-10-18 18:00:00+10:00,0.0
2018-10-18 18:30:00+10:00,0.0
2018-10-18 19:00:00+10:00,0.0
2018-10-18 19:30:00+10:00,0.0
2018-10-18 20:00:00+10:00,0.0
2018-10-18 20:30:00+10:00,0.0
2018-10-18 21:00:00+10:00,0.0
2018-10-18 21:30:00+10:00,0.0
2018-10-18 22:00:00+10:00,0.0
2018-10-18 22:30:00+10:00,0.0
2018-10-18 23:00:00+10:00,0.0
2018-10-18 23:30:00+10:00,0.0
2018-10-19 00:00:00+10:00,0.0
2018-10-19 00:30:00+10:00,0.0
2018-10-19 01:00:00+10:00,0.0
2018-10-19 01:30:00+10:00,0.0
2018-10-19 02:00:00+10:00,0.0
2018-10-19 02:30:00+10:00,0.0
2018-10-19 03:00:00+10:00,0.0
2018-10-19 03:30:00+10:00,0.0
2018-10-19 04:00:00+10:00,0.0
2018-10-19 04:30:00+10:00,0.0
2018-10-19 05:00:00+10:00,0.0
2018-10-19 05:30:00+10:00,0.0
2018-10-19 06:00:00+10:00,1.7761811226730853
2018-10-19 06:30:00+10:00,8.352544018901105
2018-10-19 07:00:00+10:00,16.052265683673667
2018-10-19 07:30:00+10:00,23.80255291921831
2018-10-19 08:00:00+10:00,31.11804791624011
2018-10-19 08:30:00+10:00,37.74778835126889
2018-10-19 09:00:00+10:00,43.55364531000492
2018-10-19 09:30:00+10:00,48.4608081329197
2018-10-19 10:00:00+10:00,52.43211676935001
2018-10-19 10:30:00+10:00,55.4528119650406
2018-10-19 11:00:00+10:00,57.520569069659224
2018-10-19 11:30:00+10:00,58.636947162910744
2018-10-19 12:00:00+10:00,58.80581988796196
2018-10-19 12:30:00+10:00,58.026810767820194
2018-10-19 13:00:00+10:00,56.299000388345064
2018-10-19 13:30:00+10:00,53.61877387265459
2018-10-19 14:00:00+10:00,49.98702912636049
2018-10-19 14:30:00+10:00,45.41326694020878
2018-10-19 15:00:00+10:00,39.92571971844234
2018-10-19 15:30:00+10:00,33.58412571534161
2018-10-19 16:00:00+10:00,26.49989720197581
2018-10-19 16:30:00+10:00,18.875105405575134
2018-10-19 17:00:00+10:00,11.087156543073586
2018-10-19 17:30:00+10:00,3.9234026152229906
2018-10-19 18:00:00+10:00,0.0
2018-10-19 18:30:00+10:00,0.0
2018-10-19 19:00:00+10:00,0.0
2018-10-19 19:30:00+10:00,0.0
2018-10-19 20:00:00+10:00,0.0
2018-10-19 20:30:00+10:00,0.0
2018-10-19 21:00:00+10:00,0.0
2018-10-19 21:30:00+10:00,0.0
2018-10-19 22:00:00+10:00,0.0
2018-10-19 22:30:00+10:00,0.0
2018-10-19 23:00:00+10:00,0.0
2018-10-19 23:30:00+10:00,0.0
2018-10-20 00:00:00+10:00,0.0
2018-10-20 00:30:00+10:00,0.0
2018-10-20 01:00:00+10:00,0.0
2018-10-20 01:30:00+10:00,0.0
2018-10-20 02:00:00+10:00,0.0
2018-10-20 02:30:00+10:00,0.0
2018-10-20 03:00:00+10:00,0.0
2018-10-20 03:30:00+10:00,0.0
2018-10-20 04:00:00+10:00,0.0
2018-10-20 04:30:00+10:00,0.0
2018-10-20 05:00:00+10:00,0.0
2018-10-20 05:30:00+10:00,0.0
2018-10-20 06:00:00+10:00,1.8167278057386427
2018-10-20 06:30:00+10:00,8.092686684223183
2018-10-20 07:00:00+10:00,15.392845162698379
2018-10-20 07:30:00+10:00,22.74530055646428
2018-10-20 08:00:00+10:00,29.701244779398532
2018-10-20 08:30:00+10:00,36.02286290783515
2018-10-20 09:00:00+10:00,41.57514257622883
2018-10-20 09:30:00+10:00,46.2810798119953
2018-10-20 10:00:00+10:00,50.098717407167534
2018-10-20 10:30:00+10:00,53.00811698620045
2018-10-20 11:00:00+10:00,55.00115288924244
2018-10-20 11:30:00+10:00,56.075866873598336
2018-10-20 12:00:00+10:00,56.233711692317634
2018-10-20 12:30:00+10:00,55.47393987707133
2018-10-20 13:00:00+10:00,53.79702713843555
2018-10-20 13:30:00+10:00,51.203237036798335
2018-10-20 14:00:00+10:00,47.69821056442628
2018-10-20 14:30:00+10:00,43.29701174570841
2018-10-20 15:00:00+10:00,38.03362664827467
2018-10-20 15:30:00+10:00,31.970859835450177
2018-10-20 16:00:00+10:00,25.220596217610424
2018-10-20 16:30:00+10:00,17.977446045210392
2018-10-20 17:00:00+10:00,10.596149988108705
2018-10-20 17:30:00+10:00,3.801835800852033
2018-10-20 18:00:00+10:00,0.0
2018-10-20 18:30:00+10:00,0.0
2018-10-20 19:00:00+10:00,0.0
2018-10-20 19:30:00+10:00,0.0
2018-10-20 20:00:00+10:00,0.0
2018-10-20 20:30:00+10:00,0.0
2018-10-20 21:00:00+10:00,0.0
2018-10-20 21:30:00+10:00,0.0
2018-10-20 22:00:00+10:00,0.0
2018-10-20 22:30:00+10:00,0.0
2018-10-20 23:00:00+10:00,0.0
2018-10-20 23:30:00+10:00,0.0
2018-10-21 00:00:00+10:00,0.0
2018-10-21 00:30:00+10:00,0.0
2018-10-21 01:00:00+10:00,0.0
2018-10-21 01:30:00+10:00,0.0
2018-10-21 02:00:00+10:00,0.0
2018-10-21 02:30:00+10:00,0.0
2018-10-21 03:00:00+10:00,0.0
2018-10-21 03:30:00+10:00,0.0
2018-10-21 04:00:00+10:00,0.0
2018-10-21 04:30:00+10:00,0.0
2018-10-21 05:00:00+10:00,0.0
2018-10-21 05:30:00+10:00,0.0
2018-10-21 06:00:00+10:00,1.2917112308216303
2018-10-21 06:30:00+10:00,6.06149462044573
2018-10-21 07:00:00+10:00,11.62640815347753
2018-10-21 07:30:00+10:00,17.281551509846395
2018-10-21 08:00:00+10:00,22.688254280175233
2018-10-21 08:30:00+10:00,27.65587110560116
2018-10-21 09:00:00+10:00,32.06578062519257
2018-10-21 09:30:00+10:00,35.84068222153573
2018-10-21 10:00:00+10:00,38.93026972052542
2018-10-21 10:30:00+10:00,41.301454561707736
2018-10-21 11:00:00+10:00,42.93383916506995
2018-10-21 11:30:00+10:00,43.815890848544996
2018-10-21 12:00:00+10:00,43.941572868431756
2018-10-21 12:30:00+10:00,43.31073208018101
2018-10-21 13:00:00+10:00,41.9272460034793
2018-10-21 13:30:00+10:00,39.80059909280047
2018-10-21 14:00:00+10:00,36.94862901099164
2018-10-21 14:30:00+10:00,33.39938784149329
2018-10-21 15:00:00+10:00,29.197135547172486
2018-10-21 15:30:00+10:00,24.40915992514879
2018-10-21 16:00:00+10:00,19.13803420925117
2018-10-21 16:30:00+10:00,13.545015248746298
2018-10-21 17:00:00+10:00,7.904618565887665
2018-10-21 17:30:00+10:00,2.7525686479057265
2018-10-21 18:00:00+10:00,0.0
2018-10-21 18:30:00+10:00,0.0
2018-10-21 19:00:00+10:00,0.0
2018-10-21 19:30:00+10:00,0.0
2018-10-21 20:00:00+10:00,0.0
2018-10-21 20:30:00+10:00,0.0
2018-10-21 21:00:00+10:00,0.0
2018-10-21 21:30:00+10:00,0.0
2018-10-21 22:00:00+10:00,0.0
2018-10-21 22:30:00+10:00,0.0
2018-10-21 23:00:00+10:00,0.0
2018-10-21 23:30:00+10:00,0.0
2018-10-22 00:00:00+10:00,0.0
2018-10-22 00:30:00+10:00,0.0
2018-10-22 01:00:00+10:00,0.0
2018-10-22 01:30:00+10:00,0.0
2018-10-22 02:00:00+10:00,0.0
2018-10-22 02:30:00+10:00,0.0
2018-10-22 03:00:00+10:00,0.0
2018-10-22 03:30:00+10:00,0.0
2018-10-22 04:00:00+10:00,0.0
2018-10-22 04:30:00+10:00,0.0
2018-10-22 05:00:00+10:00,0.0
2018-10-22 05:30:00+10:00,0.0
2018-10-22 06:00:00+10:00,1.7871625259667963
2018-10-22 06:30:00+10:00,7.34846621123584
2018-10-22 07:00:00+10:00,13.75399539676587
2018-10-22 07:30:00+10:00,20.21555774206475
2018-10-22 08:00:00+10:00,26.355088400637268
2018-10-22 08:30:00+10:00,31.96364047751742
2018-10-22 09:00:00+10:00,36.9155343328938
2018-10-22 09:30:00+10:00,41.13348182523242
2018-10-22 10:00:00+10:00,44.56989912357028
2018-10-22 10:30:00+10:00,47.19703140204606
2018-10-22 11:00:00+10:00,48.99908405069876
2018-10-22 11:30:00+10:00,49.969303510318994
2018-10-22 12:00:00+10:00,50.10345778266776
2018-10-22 12:30:00+10:00,49.40197340451122
2018-10-22 13:00:00+10:00,47.86725668252975
2018-10-22 13:30:00+10:00,45.50490136466837
2018-10-22 14:00:00+10:00,42.32822418687853
2018-10-22 14:30:00+10:00,38.36016263567536
2018-10-22 15:00:00+10:00,33.64161945573551
2018-10-22 15:30:00+10:00,28.23881273185237
2018-10-22 16:00:00+10:00,22.259353546261153
2018-10-22 16:30:00+10:00,15.879507585472755
2018-10-22 17:00:00+10:00,9.40595319333814
2018-10-22 17:30:00+10:00,3.444286104645976
2018-10-22 18:00:00+10:00,0.0
2018-10-22 18:30:00+10:00,0.0
2018-10-22 19:00:00+10:00,0.0
2018-10-22 19:30:00+10:00,0.0
2018-10-22 20:00:00+10:00,0.0
2018-10-22 20:30:00+10:00,0.0
2018-10-22 21:00:00+10:00,0.0
2018-10-22 21:30:00+10:00,0.0
2018-10-22 22:00:00+10:00,0.0
2018-10-22 22:30:00+10:00,0.0
2018-10-22 23:00:00+10:00,0.0
2018-10-22 23:30:00+10:00,0.0
2018-10-23 00:00:00+10:00,0.0
2018-10-23 00:30:00+10:00,0.0
2018-10-23 01:00:00+10:00,0.0
2018-10-23 01:30:00+10:00,0.0
2018-10-23 02:00:00+10:00,0.0
2018-10-23 02:30:00+10:00,0.0
2018-10-23 03:00:00+10:00,0.0
2018-10-23 03:30:00+10:00,0.0
2018-10-23 04:00:00+10:00,0.0
2018-10-23 04:30:00+10:00,0.0
2018-10-23 05:00:00+10:00,0.0
2018-10-23 05:30:00+10:00,0.0
2018-10-23 06:00:00+10:00,2.2038122431599882
2018-10-23 06:30:00+10:00,8.325147858240845
2018-10-23 07:00:00+10:00,15.30287829460852
2018-10-23 07:30:00+10:00,22.30433686154923
2018-10-23 08:00:00+10:00,28.930234462308086
2018-10-23 08:30:00+10:00,34.961346326047796
2018-10-23 09:00:00+10:00,40.268722196264015
2018-10-23 09:30:00+10:00,44.77542098438248
2018-10-23 10:00:00+10:00,48.436976073836796
2018-10-23 10:30:00+10:00,51.22908422329149
2018-10-23 11:00:00+10:00,53.14032576367542
2018-10-23 11:30:00+10:00,54.16543123639015
2018-10-23 12:00:00+10:00,54.30372290138775
2018-10-23 12:30:00+10:00,53.554555195381305
2018-10-23 13:00:00+10:00,51.91944727507348
2018-10-23 13:30:00+10:00,49.40169814687195
2018-10-23 14:00:00+10:00,46.01098735238395
2018-10-23 14:30:00+10:00,41.76670365048382
2018-10-23 15:00:00+10:00,36.70657358119816
2018-10-23 15:30:00+10:00,30.896034086557606
2018-10-23 16:00:00+10:00,24.44507978224848
2018-10-23 16:30:00+10:00,17.538259744466444
2018-10-23 17:00:00+10:00,10.501651772979816
2018-10-23 17:30:00+10:00,3.980645525183334
2018-10-23 18:00:00+10:00,0.0
2018-10-23 18:30:00+10:00,0.0
2018-10-23 19:00:00+10:00,0.0
2018-10-23 19:30:00+10:00,0.0
2018-10-23 20:00:00+10:00,0.0
2018-10-23 20:30:00+10:00,0.0
2018-10-23 21:00:00+10:00,0.0
2018-10-23 21:30:00+10:00,0.0
2018-10-23 22:00:00+10:00,0.0
2018-10-23 22:30:00+10:00,0.0
2018-10-23 23:00:00+10:00,0.0
2018-10-23 23:30:00+10:00,0.0
2018-10-24 00:00:00+10:00,0.0
2018-10-24 00:30:00+10:00,0.0
2018-10-24 01:00:00+10:00,0.0
2018-10-24 01:30:00+10:00,0.0
2018-10-24 02:00:00+10:00,0.0
2018-10-24 02:30:00+10:00,0.0
2018-10-24 03:00:00+10:00,0.0
2018-10-24 03:30:00+10:00,0.0
2018-10-24 04:00:00+10:00,0.0
2018-10-24 04:30:00+10:00,0.0
2018-10-24 05:00:00+10:00,0.0
2018-10-24 05:30:00+10:00,0.0
2018-10-24 06:00:00+10:00,3.056701424928072
2018-10-24 06:30:00+10:00,10.492721035917203
2018-10-24 07:00:00+10:00,18.843124996365354
2018-10-24 07:30:00+10:00,27.129010125288932
2018-10-24 08:00:00+10:00,34.88837357982996
2018-10-24 08:30:00+10:00,41.87893515833743
2018-10-24 09:00:00+10:00,47.969832814592
2018-10-24 09:30:00+10:00,53.0938829774271
2018-10-24 10:00:00+10:00,57.22161156327198
2018-10-24 10:30:00+10:00,60.34692557397256
2018-10-24 11:00:00+10:00,62.4727821915021
2018-10-24 11:30:00+10:00,63.60730853339588
2018-10-24 12:00:00+10:00,63.756157235363
2018-10-24 12:30:00+10:00,62.91952463021408
2018-10-24 13:00:00+10:00,61.09432828173236
2018-10-24 13:30:00+10:00,58.27289557761212
2018-10-24 14:00:00+10:00,54.45018978153215
2018-10-24 14:30:00+10:00,49.62847403827427
2018-10-24 15:00:00+10:00,43.82997855976761
2018-10-24 15:30:00+10:00,37.108032539104514
2018-10-24 16:00:00+10:00,29.5712163164851
2018-10-24 16:30:00+10:00,21.420415261277444
2018-10-24 17:00:00+10:00,13.030964199878724
2018-10-24 17:30:00+10:00,5.165150687489972
2018-10-24 18:00:00+10:00,0.0
2018-10-24 18:30:00+10:00,0.0
2018-10-24 19:00:00+10:00,0.0
2018-10-24 19:30:00+10:00,0.0
2018-10-24 20:00:00+10:00,0.0
2018-10-24 20:30:00+10:00,0.0
2018-10-24 21:00:00+10:00,0.0
2018-10-24 21:30:00+10:00,0.0
2018-10-24 22:00:00+10:00,0.0
2018-10-24 22:30:00+10:00,0.0
2018-10-24 23:00:00+10:00,0.0
2018-10-24 23:30:00+10:00,0.0
2018-10-25 00:00:00+10:00,0.0
2018-10-25 00:30:00+10:00,0.0
2018-10-25 01:00:00+10:00,0.0
2018-10-25 01:30:00+10:00,0.0
2018-10-25 02:00:00+10:00,0.0
2018-10-25 02:30:00+10:00,0.0
2018-10-25 03:00:00+10:00,0.0
2018-10-25 03:30:00+10:00,0.0
2018-10-25 04:00:00+10:00,0.0
2018-10-25 04:30:00+10:00,0.0
2018-10-25 05:00:00+10:00,0.0
2018-10-25 05:30:00+10:00,0.0
2018-10-25 06:00:00+10:00,2.3648306496205995
2018-10-25 06:30:00+10:00,8.21266577409865
2018-10-25 07:00:00+10:00,14.808948667062863
2018-10-25 07:30:00+10:00,21.41632995950938
2018-10-25 08:00:00+10:00,27.67170798756672
2018-10-25 08:30:00+10:00,33.37141433958856
2018-10-25 09:00:00+10:00,38.39307814098552
2018-10-25 09:30:00+10:00,42.66173413419549
2018-10-25 10:00:00+10:00,46.1330110053083
2018-10-25 10:30:00+10:00,48.7809106871051
2018-10-25 11:00:00+10:00,50.592514882705316
2018-10-25 11:30:00+10:00,51.56137873452382
2018-10-25 12:00:00+10:00,51.68546642005435
2018-10-25 12:30:00+10:00,50.964361764943774
2018-10-25 13:00:00+10:00,49.39994980862939
2018-10-25 13:30:00+10:00,46.99735395715038
2018-10-25 14:00:00+10:00,43.76746897170097
2018-10-25 14:30:00+10:00,39.73201247516086
2018-10-25 15:00:00+10:00,34.929344575748296
2018-10-25 15:30:00+10:00,29.424174376579852
2018-10-25 16:00:00+10:00,23.322701777184495
2018-10-25 16:30:00+10:00,16.799212457614733
2018-10-25 17:00:00+10:00,10.155537067638742
2018-10-25 17:30:00+10:00,3.975410031428054
2018-10-25 18:00:00+10:00,0.0
2018-10-25 18:30:00+10:00,0.0
2018-10-25 19:00:00+10:00,0.0
2018-10-25 19:30:00+10:00,0.0
2018-10-25 20:00:00+10:00,0.0
2018-10-25 20:30:00+10:00,0.0
2018-10-25 21:00:00+10:00,0.0
2018-10-25 21:30:00+10:00,0.0
2018-10-25 22:00:00+10:00,0.0
2018-10-25 22:30:00+10:00,0.0
2018-10-25 23:00:00+10:00,0.0
2018-10-25 23:30:00+10:00,0.0
2018-10-26 00:00:00+10:00,0.0
2018-10-26 00:30:00+10:00,0.0
2018-10-26 01:00:00+10:00,0.0
2018-10-26 01:30:00+10:00,0.0
2018-10-26 02:00:00+10:00,0.0
2018-10-26 02:30:00+10:00,0.0
2018-10-26 03:00:00+10:00,0.0
2018-10-26 03:30:00+10:00,0.0
2018-10-26 04:00:00+10:00,0.0
2018-10-26 04:30:00+10:00,0.0
2018-10-26 05:00:00+10:00,0.0
2018-10-26 05:30:00+10:00,0.0
2018-10-26 06:00:00+10:00,2.3649596864542297
2018-10-26 06:30:00+10:00,7.983529548256758
2018-10-26 07:00:00+10:00,14.297940031664671
2018-10-26 07:30:00+10:00,20.62729860344266
2018-10-26 08:00:00+10:00,26.63072068438281
2018-10-26 08:30:00+10:00,32.113266796345584
2018-10-26 09:00:00+10:00,36.95484684028315
2018-10-26 09:30:00+10:00,41.079664479696476
2018-10-26 10:00:00+10:00,44.44012311744177
2018-10-26 10:30:00+10:00,47.00760240940765
2018-10-26 11:00:00+10:00,48.765608708391746
2018-10-26 11:30:00+10:00,49.70506111075706
2018-10-26 12:00:00+10:00,49.8226875176346
2018-10-26 12:30:00+10:00,49.11760840455644
2018-10-26 13:00:00+10:00,47.59357816977973
2018-10-26 13:30:00+10:00,45.25706053088794
2018-10-26 14:00:00+10:00,42.122626317197636
2018-10-26 14:30:00+10:00,38.21507522800915
2018-10-26 15:00:00+10:00,33.57599433528815
2018-10-26 15:30:00+10:00,28.27232109266787
2018-10-26 16:00:00+10:00,22.409132957615025
2018-10-26 16:30:00+10:00,16.155002849155526
2018-10-26 17:00:00+10:00,9.796116214861831
2018-10-26 17:30:00+10:00,3.8773743608823734
2018-10-26 18:00:00+10:00,0.0
2018-10-26 18:30:00+10:00,0.0
2018-10-26 19:00:00+10:00,0.0
2018-10-26 19:30:00+10:00,0.0
2018-10-26 20:00:00+10:00,0.0
2018-10-26 20:30:00+10:00,0.0
2018-10-26 21:00:00+10:00,0.0
2018-10-26 21:30:00+10:00,0.0
2018-10-26 22:00:00+10:00,0.0
2018-10-26 22:30:00+10:00,0.0
2018-10-26 23:00:00+10:00,0.0
2018-10-26 23:30:00+10:00,0.0
2018-10-27 00:00:00+10:00,0.0
2018-10-27 00:30:00+10:00,0.0
2018-10-27 01:00:00+10:00,0.0
2018-10-27 01:30:00+10:00,0.0
2018-10-27 02:00:00+10:00,0.0
2018-10-27 02:30:00+10:00,0.0
2018-10-27 03:00:00+10:00,0.0
2018-10-27 03:30:00+10:00,0.0
2018-10-27 04:00:00+10:00,0.0
2018-10-27 04:30:00+10:00,0.0
2018-10-27 05:00:00+10:00,0.0
2018-10-27 05:30:00+10:00,0.0
2018-10-27 06:00:00+10:00,3.347266443835971
2018-10-27 06:30:00+10:00,10.355074842469724
2018-10-27 07:00:00+10:00,18.120198840904045
2018-10-27 07:30:00+10:00,25.820545662940663
2018-10-27 08:00:00+10:00,33.0510957061419
2018-10-27 08:30:00+10:00,39.5904134130275
2018-10-27 09:00:00+10:00,45.31166234439719
2018-10-27 09:30:00+10:00,50.14353383054364
2018-10-27 10:00:00+10:00,54.04987202504123
2018-10-27 10:30:00+10:00,57.01427657462018
2018-10-27 11:00:00+10:00,59.03305302603171
2018-10-27 11:30:00+10:00,60.10694842019194
2018-10-27 12:00:00+10:00,60.23844016992472
2018-10-27 12:30:00+10:00,59.42706704606812
2018-10-27 13:00:00+10:00,57.67259316093063
2018-10-27 13:30:00+10:00,54.972662707237774
2018-10-27 14:00:00+10:00,51.33015910688692
2018-10-27 14:30:00+10:00,46.75659991572601
2018-10-27 15:00:00+10:00,41.28282505784331
2018-10-27 15:30:00+10:00,34.968681305499565
2018-10-27 16:00:00+10:00,27.922371428670097
2018-10-27 16:30:00+10:00,20.333200827722823
2018-10-27 17:00:00+10:00,12.539124558955987
2018-10-27 17:30:00+10:00,5.20006813072039
2018-10-27 18:00:00+10:00,0.0
2018-10-27 18:30:00+10:00,0.0
2018-10-27 19:00:00+10:00,0.0
2018-10-27 19:30:00+10:00,0.0
2018-10-27 20:00:00+10:00,0.0
2018-10-27 20:30:00+10:00,0.0
2018-10-27 21:00:00+10:00,0.0
2018-10-27 21:30:00+10:00,0.0
2018-10-27 22:00:00+10:00,0.0
2018-10-27 22:30:00+10:00,0.0
2018-10-27 23:00:00+10:00,0.0
2018-10-27 23:30:00+10:00,0.0
2018-10-28 00:00:00+10:00,0.0
2018-10-28 00:30:00+10:00,0.0
2018-10-28 01:00:00+10:00,0.0
2018-10-28 01:30:00+10:00,0.0
2018-10-28 02:00:00+10:00,0.0
2018-10-28 02:30:00+10:00,0.0
2018-10-28 03:00:00+10:00,0.0
2018-10-28 03:30:00+10:00,0.0
2018-10-28 04:00:00+10:00,0.0
2018-10-28 04:30:00+10:00,0.0
2018-10-28 05:00:00+10:00,0.0
2018-10-28 05:30:00+10:00,0.0
2018-10-28 06:00:00+10:00,3.7199822738971404
2018-10-28 06:30:00+10:00,11.054069888131794
2018-10-28 07:00:00+10:00,19.126473785243544
2018-10-28 07:30:00+10:00,27.102837377518963
2018-10-28 08:00:00+10:00,34.57148850871772
2018-10-28 08:30:00+10:00,41.308854757794926
2018-10-28 09:00:00+10:00,47.189154681763355
2018-10-28 09:30:00+10:00,52.144427118768334
2018-10-28 10:00:00+10:00,56.141992635164826
2018-10-28 10:30:00+10:00,59.17030804117167
2018-10-28 11:00:00+10:00,61.22892345628584
2018-10-28 11:30:00+10:00,62.32219525182883
2018-10-28 12:00:00+10:00,62.45291414390487
2018-10-28 12:30:00+10:00,61.622600238529515
2018-10-28 13:00:00+10:00,59.82767834152772
2018-10-28 13:30:00+10:00,57.065390179214845
2018-10-28 14:00:00+10:00,53.33362525761203
2018-10-28 14:30:00+10:00,48.64075696065229
2018-10-28 15:00:00+10:00,43.012717912973066
2018-10-28 15:30:00+10:00,36.50656122160175
2018-10-28 16:00:00+10:00,29.229479756873666
2018-10-28 16:30:00+10:00,21.372223168519653
2018-10-28 17:00:00+10:00,13.279349703649771
2018-10-28 17:30:00+10:00,5.6244328559191
2018-10-28 18:00:00+10:00,0.0
2018-10-28 18:30:00+10:00,0.0
2018-10-28 19:00:00+10:00,0.0
2018-10-28 19:30:00+10:00,0.0
2018-10-28 20:00:00+10:00,0.0
2018-10-28 20:30:00+10:00,0.0
2018-10-28 21:00:00+10:00,0.0
2018-10-28 21:30:00+10:00,0.0
2018-10-28 22:00:00+10:00,0.0
2018-10-28 22:30:00+10:00,0.0
2018-10-28 23:00:00+10:00,0.0
2018-10-28 23:30:00+10:00,0.0
2018-10-29 00:00:00+10:00,0.0
2018-10-29 00:30:00+10:00,0.0
2018-10-29 01:00:00+10:00,0.0
2018-10-29 01:30:00+10:00,0.0
2018-10-29 02:00:00+10:00,0.0
2018-10-29 02:30:00+10:00,0.0
2018-10-29 03:00:00+10:00,0.0
2018-10-29 03:30:00+10:00,0.0
2018-10-29 04:00:00+10:00,0.0
2018-10-29 04:30:00+10:00,0.0
2018-10-29 05:00:00+10:00,0.0
2018-10-29 05:30:00+10:00,0.0
2018-10-29 06:00:00+10:00,4.7087353363904345
2018-10-29 06:30:00+10:00,13.258242159221762
2018-10-29 07:00:00+10:00,22.549281017372145
2018-10-29 07:30:00+10:00,31.63326498596431
2018-10-29 08:00:00+10:00,40.0517932479037
2018-10-29 08:30:00+10:00,47.56820410023385
2018-10-29 09:00:00+10:00,54.06270221867129
2018-10-29 09:30:00+10:00,59.48285580427285
2018-10-29 10:00:00+10:00,63.81789741801378
2018-10-29 10:30:00+10:00,67.07699815638782
2018-10-29 11:00:00+10:00,69.27910387810807
2018-10-29 11:30:00+10:00,70.44283602196559
2018-10-29 12:00:00+10:00,70.57999708467429
2018-10-29 12:30:00+10:00,69.69155923077233
2018-10-29 13:00:00+10:00,67.76868116732363
2018-10-29 13:30:00+10:00,64.79577153257317
2018-10-29 14:00:00+10:00,60.75223121901859
2018-10-29 14:30:00+10:00,55.62596477474033
2018-10-29 15:00:00+10:00,49.42136991663425
2018-10-29 15:30:00+10:00,42.17778489883126
2018-10-29 16:00:00+10:00,33.994027887762286
2018-10-29 16:30:00+10:00,25.068091249546743
2018-10-29 17:00:00+10:00,15.78111434006882
2018-10-29 17:30:00+10:00,6.8994965248348885
2018-10-29 18:00:00+10:00,0.10422921883814329
2018-10-29 18:30:00+10:00,0.0
2018-10-29 19:00:00+10:00,0.0
2018-10-29 19:30:00+10:00,0.0
2018-10-29 20:00:00+10:00,0.0
2018-10-29 20:30:00+10:00,0.0
2018-10-29 21:00:00+10:00,0.0
2018-10-29 21:30:00+10:00,0.0
2018-10-29 22:00:00+10:00,0.0
2018-10-29 22:30:00+10:00,0.0
2018-10-29 23:00:00+10:00,0.0
2018-10-29 23:30:00+10:00,0.0
2018-10-30 00:00:00+10:00,0.0
2018-10-30 00:30:00+10:00,0.0
2018-10-30 01:00:00+10:00,0.0
2018-10-30 01:30:00+10:00,0.0
2018-10-30 02:00:00+10:00,0.0
2018-10-30 02:30:00+10:00,0.0
2018-10-30 03:00:00+10:00,0.0
2018-10-30 03:30:00+10:00,0.0
2018-10-30 04:00:00+10:00,0.0
2018-10-30 04:30:00+10:00,0.0
2018-10-30 05:00:00+10:00,0.0
2018-10-30 05:30:00+10:00,0.0
2018-10-30 06:00:00+10:00,4.092090407733864
2018-10-30 06:30:00+10:00,11.45977016159339
2018-10-30 07:00:00+10:00,19.496077506198002
2018-10-30 07:30:00+10:00,27.41060155038568
2018-10-30 08:00:00+10:00,34.807628303888386
2018-10-30 08:30:00+10:00,41.47093790929329
2018-10-30 09:00:00+10:00,47.27969383074601
2018-10-30 09:30:00+10:00,52.16900577778295
2018-10-30 10:00:00+10:00,56.10932854447138
2018-10-30 10:30:00+10:00,59.09109374657731
2018-10-30 11:00:00+10:00,61.11550133591803
2018-10-30 11:30:00+10:00,62.18814075404141
2018-10-30 12:00:00+10:00,62.312308868702246
2018-10-30 12:30:00+10:00,61.48968709314181
2018-10-30 13:00:00+10:00,59.71663626044591
2018-10-30 13:30:00+10:00,56.987906693493485
2018-10-30 14:00:00+10:00,53.30166861198175
2018-10-30 14:30:00+10:00,48.66342753929499
2018-10-30 15:00:00+10:00,43.09674159302664
2018-10-30 15:30:00+10:00,36.656387475757946
2018-10-30 16:00:00+10:00,29.4453691251513
2018-10-30 16:30:00+10:00,21.64932178608726
2018-10-30 17:00:00+10:00,13.602121369196333
2018-10-30 17:30:00+10:00,5.949575564718608
2018-10-30 18:00:00+10:00,0.07715237829693594
2018-10-30 18:30:00+10:00,0.0
2018-10-30 19:00:00+10:00,0.0
2018-10-30 19:30:00+10:00,0.0
2018-10-30 20:00:00+10:00,0.0
2018-10-30 20:30:00+10:00,0.0
2018-10-30 21:00:00+10:00,0.0
2018-10-30 21:30:00+10:00,0.0
2018-10-30 22:00:00+10:00,0.0
2018-10-30 22:30:00+10:00,0.0
2018-10-30 23:00:00+10:00,0.0
2018-10-30 23:30:00+10:00,0.0
2018-10-31 00:00:00+10:00,0.0
2018-10-31 00:30:00+10:00,0.0
2018-10-31 01:00:00+10:00,0.0
2018-10-31 01:30:00+10:00,0.0
2018-10-31 02:00:00+10:00,0.0
2018-10-31 02:30:00+10:00,0.0
2018-10-31 03:00:00+10:00,0.0
2018-10-31 03:30:00+10:00,0.0
2018-10-31 04:00:00+10:00,0.0
2018-10-31 04:30:00+10:00,0.0
2018-10-31 05:00:00+10:00,0.0
2018-10-31 05:30:00+10:00,0.0
2018-10-31 06:00:00+10:00,3.7862221957497435
2018-10-31 06:30:00+10:00,10.479319931852409
2018-10-31 07:00:00+10:00,17.78440843904288
2018-10-31 07:30:00+10:00,25.00735824830016
2018-10-31 08:00:00+10:00,31.79166245225093
2018-10-31 08:30:00+10:00,37.93563604019241
2018-10-31 09:00:00+10:00,43.319900410906115
2018-10-31 09:30:00+10:00,47.8748032695434
2018-10-31 10:00:00+10:00,51.562112421397146
2018-10-31 10:30:00+10:00,54.36262295005585
2018-10-31 11:00:00+10:00,56.269679259741714
2018-10-31 11:30:00+10:00,57.28098327167254
2018-10-31 12:00:00+10:00,57.396798267000214
2018-10-31 12:30:00+10:00,56.61786470095734
2018-10-31 13:00:00+10:00,54.944032215262126
2018-10-31 13:30:00+10:00,52.375804783367464
2018-10-31 14:00:00+10:00,48.91925703898708
2018-10-31 14:30:00+10:00,44.58997833179274
2018-10-31 15:00:00+10:00,39.420238775213996
2018-10-31 15:30:00+10:00,33.47074594344138
2018-10-31 16:00:00+10:00,26.845630322775964
2018-10-31 16:30:00+10:00,19.720414969637467
2018-10-31 17:00:00+10:00,12.398874215957102
2018-10-31 17:30:00+10:00,5.4532138997201685
2018-10-31 18:00:00+10:00,0.0874253178991254
2018-10-31 18:30:00+10:00,0.0
2018-10-31 19:00:00+10:00,0.0
2018-10-31 19:30:00+10:00,0.0
2018-10-31 20:00:00+10:00,0.0
2018-10-31 20:30:00+10:00,0.0
2018-10-31 21:00:00+10:00,0.0
2018-10-31 21:30:00+10:00,0.0
2018-10-31 22:00:00+10:00,0.0
2018-10-31 22:30:00+10:00,0.0
2018-10-31 23:00:00+10:00,0.0
2018-10-31 23:30:00+10:00,0.0
2018-11-01 00:00:00+10:00,0.0
2018-11-01 00:30:00+10:00,0.0
2018-11-01 01:00:00+10:00,0.0
2018-11-01 01:30:00+10:00,0.0
2018-11-01 02:00:00+10:00,0.0
2018-11-01 02:30:00+10:00,0.0
2018-11-01 03:00:00+10:00,0.0
2018-11-01 03:30:00+10:00,0.0
2018-11-01 04:00:00+10:00,0.0
2018-11-01 04:30:00+10:00,0.0
2018-11-01 05:00:00+10:00,0.0
2018-11-01 05:30:00+10:00,0.0
2018-11-01 06:00:00+10:00,3.4919396692115017
2018-11-01 06:30:00+10:00,9.567706919853542
2018-11-01 07:00:00+10:00,16.20038837457386
2018-11-01 07:30:00+10:00,22.775475591639886
2018-11-01 08:00:00+10:00,28.9715177666415
2018-11-01 08:30:00+10:00,34.60199373307274
2018-11-01 09:00:00+10:00,39.55300568038791
2018-11-01 09:30:00+10:00,43.75470046390704
2018-11-01 10:00:00+10:00,47.165384091016485
2018-11-01 10:30:00+10:00,49.761845918395395
2018-11-01 11:00:00+10:00,51.53262695975869
2018-11-01 11:30:00+10:00,52.47226067991111
2018-11-01 12:00:00+10:00,52.57929801793391
2018-11-01 12:30:00+10:00,51.85336346216028
2018-11-01 13:00:00+10:00,50.29622595584039
2018-11-01 13:30:00+10:00,47.91166517025651
2018-11-01 14:00:00+10:00,44.71038340119566
2018-11-01 14:30:00+10:00,40.711636296203764
2018-11-01 15:00:00+10:00,35.951983494129294
2018-11-01 15:30:00+10:00,30.49302128001224
2018-11-01 16:00:00+10:00,24.435495423704158
2018-11-01 16:30:00+10:00,17.943061650924776
2018-11-01 17:00:00+10:00,11.291821391512697
2018-11-01 17:30:00+10:00,4.991320607515428
2018-11-01 18:00:00+10:00,0.09761865069663862
2018-11-01 18:30:00+10:00,0.0
2018-11-01 19:00:00+10:00,0.0
2018-11-01 19:30:00+10:00,0.0
2018-11-01 20:00:00+10:00,0.0
2018-11-01 20:30:00+10:00,0.0
2018-11-01 21:00:00+10:00,0.0
2018-11-01 21:30:00+10:00,0.0
2018-11-01 22:00:00+10:00,0.0
2018-11-01 22:30:00+10:00,0.0
2018-11-01 23:00:00+10:00,0.0
2018-11-01 23:30:00+10:00,0.0
2018-11-02 00:00:00+10:00,0.0
2018-11-02 00:30:00+10:00,0.0
2018-11-02 01:00:00+10:00,0.0
2018-11-02 01:30:00+10:00,0.0
2018-11-02 02:00:00+10:00,0.0
2018-11-02 02:30:00+10:00,0.0
2018-11-02 03:00:00+10:00,0.0
2018-11-02 03:30:00+10:00,0.0
2018-11-02 04:00:00+10:00,0.0
2018-11-02 04:30:00+10:00,0.0
2018-11-02 05:00:00+10:00,0.0
2018-11-02 05:30:00+10:00,0.0
2018-11-02 06:00:00+10:00,2.7791651923443754
2018-11-02 06:30:00+10:00,7.717302659081465
2018-11-02 07:00:00+10:00,13.129836694643416
2018-11-02 07:30:00+10:00,18.533480241249258
2018-11-02 08:00:00+10:00,23.666668465448137
2018-11-02 08:30:00+10:00,28.3698183944041
2018-11-02 09:00:00+10:00,32.53861255962923
2018-11-02 09:30:00+10:00,36.10285757833517
2018-11-02 10:00:00+10:00,39.01522507031899
2018-11-02 10:30:00+10:00,41.24453813377465
2018-11-02 11:00:00+10:00,42.771114255674384
2018-11-02 11:30:00+10:00,43.58317779172249
2018-11-02 12:00:00+10:00,43.67518587045508
2018-11-02 12:30:00+10:00,43.046402603448065
2018-11-02 13:00:00+10:00,41.70183328925042
2018-11-02 13:30:00+10:00,39.65098017120508
2018-11-02 14:00:00+10:00,36.91183482215264
2018-11-02 14:30:00+10:00,33.51265845307665
2018-11-02 15:00:00+10:00,29.496015168628347
2018-11-02 15:30:00+10:00,24.925637094604603
2018-11-02 16:00:00+10:00,19.895817988448197
2018-11-02 16:30:00+10:00,14.548800153678071
2018-11-02 17:00:00+10:00,9.111911210886355
2018-11-02 17:30:00+10:00,3.989613482349144
2018-11-02 18:00:00+10:00,0.0001803778512867875
2018-11-02 18:30:00+10:00,0.0
2018-11-02 19:00:00+10:00,0.0
2018-11-02 19:30:00+10:00,0.0
2018-11-02 20:00:00+10:00,0.0
2018-11-02 20:30:00+10:00,0.0
2018-11-02 21:00:00+10:00,0.0
2018-11-02 21:30:00+10:00,0.0
2018-11-02 22:00:00+10:00,0.0
2018-11-02 22:30:00+10:00,0.0
2018-11-02 23:00:00+10:00,0.0
2018-11-02 23:30:00+10:00,0.0
2018-11-03 00:00:00+10:00,0.0
2018-11-03 00:30:00+10:00,0.0
2018-11-03 01:00:00+10:00,0.0
2018-11-03 01:30:00+10:00,0.0
2018-11-03 02:00:00+10:00,0.0
2018-11-03 02:30:00+10:00,0.0
2018-11-03 03:00:00+10:00,0.0
2018-11-03 03:30:00+10:00,0.0
2018-11-03 04:00:00+10:00,0.0
2018-11-03 04:30:00+10:00,0.0
2018-11-03 05:00:00+10:00,0.0
2018-11-03 05:30:00+10:00,0.0
2018-11-03 06:00:00+10:00,4.627847913549805
2018-11-03 06:30:00+10:00,11.83550711559028
2018-11-03 07:00:00+10:00,19.600453170845874
2018-11-03 07:30:00+10:00,27.233817791003972
2018-11-03 08:00:00+10:00,34.376994871361
2018-11-03 08:30:00+10:00,40.82646995495427
2018-11-03 09:00:00+10:00,46.46389705309807
2018-11-03 09:30:00+10:00,51.22167111965082
2018-11-03 10:00:00+10:00,55.06514576445731
2018-11-03 10:30:00+10:00,57.97892205940101
2018-11-03 11:00:00+10:00,59.960098366760086
2018-11-03 11:30:00+10:00,61.008491871058
2018-11-03 12:00:00+10:00,61.126841322311606
2018-11-03 12:30:00+10:00,60.314841690885665
2018-11-03 13:00:00+10:00,58.572063192058835
2018-11-03 13:30:00+10:00,55.89637173195883
2018-11-03 14:00:00+10:00,52.29024066686421
2018-11-03 14:30:00+10:00,47.76588263142432
2018-11-03 15:00:00+10:00,42.35221358985562
2018-11-03 15:30:00+10:00,36.10710094617158
2018-11-03 16:00:00+10:00,29.133935122902198
2018-11-03 16:30:00+10:00,21.609756681789495
2018-11-03 17:00:00+10:00,13.841966133409498
2018-11-03 17:30:00+10:00,6.4029230276535305
2018-11-03 18:00:00+10:00,0.4696243845310104
2018-11-03 18:30:00+10:00,0.0
2018-11-03 19:00:00+10:00,0.0
2018-11-03 19:30:00+10:00,0.0
2018-11-03 20:00:00+10:00,0.0
2018-11-03 20:30:00+10:00,0.0
2018-11-03 21:00:00+10:00,0.0
2018-11-03 21:30:00+10:00,0.0
2018-11-03 22:00:00+10:00,0.0
2018-11-03 22:30:00+10:00,0.0
2018-11-03 23:00:00+10:00,0.0
2018-11-03 23:30:00+10:00,0.0
2018-11-04 00:00:00+10:00,0.0
2018-11-04 00:30:00+10:00,0.0
2018-11-04 01:00:00+10:00,0.0
2018-11-04 01:30:00+10:00,0.0
2018-11-04 02:00:00+10:00,0.0
2018-11-04 02:30:00+10:00,0.0
2018-11-04 03:00:00+10:00,0.0
2018-11-04 03:30:00+10:00,0.0
2018-11-04 04:00:00+10:00,0.0
2018-11-04 04:30:00+10:00,0.0
2018-11-04 05:00:00+10:00,0.0
2018-11-04 05:30:00+10:00,0.0
2018-11-04 06:00:00+10:00,4.721084734589853
2018-11-04 06:30:00+10:00,11.84766201243486
2018-11-04 07:00:00+10:00,19.50390326307448
2018-11-04 07:30:00+10:00,27.023439206743493
2018-11-04 08:00:00+10:00,34.05677526947934
2018-11-04 08:30:00+10:00,40.40525565189192
2018-11-04 09:00:00+10:00,45.95258635115279
2018-11-04 09:30:00+10:00,50.63367806034158
2018-11-04 10:00:00+10:00,54.41426357953753
2018-11-04 10:30:00+10:00,57.28009706657912
2018-11-04 11:00:00+10:00,59.227830487017805
2018-11-04 11:30:00+10:00,60.25893203017304
2018-11-04 12:00:00+10:00,60.3750928053416
2018-11-04 12:30:00+10:00,59.577049443430816
2018-11-04 13:00:00+10:00,57.86299789126124
2018-11-04 13:30:00+10:00,55.23174224206768
2018-11-04 14:00:00+10:00,51.68529085925334
2018-11-04 14:30:00+10:00,47.23437628121936
2018-11-04 15:00:00+10:00,41.90720617865838
2018-11-04 15:30:00+10:00,35.76067614066234
2018-11-04 16:00:00+10:00,28.895370998656777
2018-11-04 16:30:00+10:00,21.484439127408766
2018-11-04 17:00:00+10:00,13.827749528226196
2018-11-04 17:30:00+10:00,6.480291962766168
2018-11-04 18:00:00+10:00,0.5731440431451357
2018-11-04 18:30:00+10:00,0.0
2018-11-04 19:00:00+10:00,0.0
2018-11-04 19:30:00+10:00,0.0
2018-11-04 20:00:00+10:00,0.0
2018-11-04 20:30:00+10:00,0.0
2018-11-04 21:00:00+10:00,0.0
2018-11-04 21:30:00+10:00,0.0
2018-11-04 22:00:00+10:00,0.0
2018-11-04 22:30:00+10:00,0.0
2018-11-04 23:00:00+10:00,0.0
2018-11-04 23:30:00+10:00,0.0
2018-11-05 00:00:00+10:00,0.0
2018-11-05 00:30:00+10:00,0.0
2018-11-05 01:00:00+10:00,0.0
2018-11-05 01:30:00+10:00,0.0
2018-11-05 02:00:00+10:00,0.0
2018-11-05 02:30:00+10:00,0.0
2018-11-05 03:00:00+10:00,0.0
2018-11-05 03:30:00+10:00,0.0
2018-11-05 04:00:00+10:00,0.0
2018-11-05 04:30:00+10:00,0.0
2018-11-05 05:00:00+10:00,0.0
2018-11-05 05:30:00+10:00,0.0
2018-11-05 06:00:00+10:00,5.066614365707877
2018-11-05 06:30:00+10:00,12.441828356576822
2018-11-05 07:00:00+10:00,20.333504710972626
2018-11-05 07:30:00+10:00,28.067853314455547
2018-11-05 08:00:00+10:00,35.29108996372665
2018-11-05 08:30:00+10:00,41.80222531145454
2018-11-05 09:00:00+10:00,47.4850581169898
2018-11-05 09:30:00+10:00,52.275145826593395
2018-11-05 10:00:00+10:00,56.140335486142234
2018-11-05 10:30:00+10:00,59.06795079560842
2018-11-05 11:00:00+10:00,61.056398547830085
2018-11-05 11:30:00+10:00,62.10907856380559
2018-11-05 12:00:00+10:00,62.22835000245387
2018-11-05 12:30:00+10:00,61.41441983120352
2018-11-05 13:00:00+10:00,59.66565768243854
2018-11-05 13:30:00+10:00,56.97891009206371
2018-11-05 14:00:00+10:00,53.35476057777131
2018-11-05 14:30:00+10:00,48.802063644443095
2018-11-05 15:00:00+10:00,43.34737916679022
2018-11-05 15:30:00+10:00,37.04607832104675
2018-11-05 16:00:00+10:00,29.9986090551191
2018-11-05 16:30:00+10:00,22.379562316964854
2018-11-05 17:00:00+10:00,14.492396445071023
2018-11-05 17:30:00+10:00,6.898726500632367
2018-11-05 18:00:00+10:00,0.7362926202621592
2018-11-05 18:30:00+10:00,0.0
2018-11-05 19:00:00+10:00,0.0
2018-11-05 19:30:00+10:00,0.0
2018-11-05 20:00:00+10:00,0.0
2018-11-05 20:30:00+10:00,0.0
2018-11-05 21:00:00+10:00,0.0
2018-11-05 21:30:00+10:00,0.0
2018-11-05 22:00:00+10:00,0.0
2018-11-05 22:30:00+10:00,0.0
2018-11-05 23:00:00+10:00,0.0
2018-11-05 23:30:00+10:00,0.0
2018-11-06 00:00:00+10:00,0.0
2018-11-06 00:30:00+10:00,0.0
2018-11-06 01:00:00+10:00,0.0
2018-11-06 01:30:00+10:00,0.0
2018-11-06 02:00:00+10:00,0.0
2018-11-06 02:30:00+10:00,0.0
2018-11-06 03:00:00+10:00,0.0
2018-11-06 03:30:00+10:00,0.0
2018-11-06 04:00:00+10:00,0.0
2018-11-06 04:30:00+10:00,0.0
2018-11-06 05:00:00+10:00,0.0
2018-11-06 05:30:00+10:00,0.0
2018-11-06 06:00:00+10:00,4.523305261671048
2018-11-06 06:30:00+10:00,11.069614395656224
2018-11-06 07:00:00+10:00,18.09102281527001
2018-11-06 07:30:00+10:00,25.00337267271619
2018-11-06 08:00:00+10:00,31.49191686048321
2018-11-06 08:30:00+10:00,37.371730535808055
2018-11-06 09:00:00+10:00,42.530190957448724
2018-11-06 09:30:00+10:00,46.899614950840714
2018-11-06 10:00:00+10:00,50.440776410996094
2018-11-06 10:30:00+10:00,53.13308351593924
2018-11-06 11:00:00+10:00,54.967123329490455
2018-11-06 11:30:00+10:00,55.940012496517035
2018-11-06 12:00:00+10:00,56.051114296957714
2018-11-06 12:30:00+10:00,55.29998490240507
2018-11-06 13:00:00+10:00,53.687945631848244
2018-11-06 13:30:00+10:00,51.21701523736897
2018-11-06 14:00:00+10:00,47.8947444861879
2018-11-06 14:30:00+10:00,43.73877728532824
2018-11-06 15:00:00+10:00,38.78256933810979
2018-11-06 15:30:00+10:00,33.08591725691771
2018-11-06 16:00:00+10:00,26.74771420535041
2018-11-06 16:30:00+10:00,19.930386345321217
2018-11-06 17:00:00+10:00,12.905515790187488
2018-11-06 17:30:00+10:00,6.162207061281439
2018-11-06 18:00:00+10:00,0.6737606834486883
2018-11-06 18:30:00+10:00,0.0
2018-11-06 19:00:00+10:00,0.0
2018-11-06 19:30:00+10:00,0.0
2018-11-06 20:00:00+10:00,0.0
2018-11-06 20:30:00+10:00,0.0
2018-11-06 21:00:00+10:00,0.0
2018-11-06 21:30:00+10:00,0.0
2018-11-06 22:00:00+10:00,0.0
2018-11-06 22:30:00+10:00,0.0
2018-11-06 23:00:00+10:00,0.0
2018-11-06 23:30:00+10:00,0.0
2018-11-07 00:00:00+10:00,0.0
2018-11-07 00:30:00+10:00,0.0
2018-11-07 01:00:00+10:00,0.0
2018-11-07 01:30:00+10:00,0.0
2018-11-07 02:00:00+10:00,0.0
2018-11-07 02:30:00+10:00,0.0
2018-11-07 03:00:00+10:00,0.0
2018-11-07 03:30:00+10:00,0.0
2018-11-07 04:00:00+10:00,0.0
2018-11-07 04:30:00+10:00,0.0
2018-11-07 05:00:00+10:00,0.0
2018-11-07 05:30:00+10:00,0.0
2018-11-07 06:00:00+10:00,4.376771778360642
2018-11-07 06:30:00+10:00,10.61059630147433
2018-11-07 07:00:00+10:00,17.295913912772008
2018-11-07 07:30:00+10:00,23.88733298959371
2018-11-07 08:00:00+10:00,30.087616724058602
2018-11-07 08:30:00+10:00,35.71898323771222
2018-11-07 09:00:00+10:00,40.670801009257964
2018-11-07 09:30:00+10:00,44.87394557817427
2018-11-07 10:00:00+10:00,48.287466308794976
2018-11-07 10:30:00+10:00,50.88690018176012
2018-11-07 11:00:00+10:00,52.660609757593036
2018-11-07 11:30:00+10:00,53.60258598987446
2018-11-07 12:00:00+10:00,53.711230421354806
2018-11-07 12:30:00+10:00,52.98600541323712
2018-11-07 13:00:00+10:00,51.4289939884201
2018-11-07 13:30:00+10:00,49.04447826806284
2018-11-07 14:00:00+10:00,45.84303340981101
2018-11-07 14:30:00+10:00,41.84498511092542
2018-11-07 15:00:00+10:00,37.08664594848122
2018-11-07 15:30:00+10:00,31.629238617130767
2018-11-07 16:00:00+10:00,25.57054884614476
2018-11-07 16:30:00+10:00,19.06719461962882
2018-11-07 17:00:00+10:00,12.376578108713364
2018-11-07 17:30:00+10:00,5.955563001315551
2018-11-07 18:00:00+10:00,0.7029350353074221
2018-11-07 18:30:00+10:00,0.0
2018-11-07 19:00:00+10:00,0.0
2018-11-07 19:30:00+10:00,0.0
2018-11-07 20:00:00+10:00,0.0
2018-11-07 20:30:00+10:00,0.0
2018-11-07 21:00:00+10:00,0.0
2018-11-07 21:30:00+10:00,0.0
2018-11-07 22:00:00+10:00,0.0
2018-11-07 22:30:00+10:00,0.0
2018-11-07 23:00:00+10:00,0.0
2018-11-07 23:30:00+10:00,0.0
2018-11-08 00:00:00+10:00,0.0
2018-11-08 00:30:00+10:00,0.0
2018-11-08 01:00:00+10:00,0.0
2018-11-08 01:30:00+10:00,0.0
2018-11-08 02:00:00+10:00,0.0
2018-11-08 02:30:00+10:00,0.0
2018-11-08 03:00:00+10:00,0.0
2018-11-08 03:30:00+10:00,0.0
2018-11-08 04:00:00+10:00,0.0
2018-11-08 04:30:00+10:00,0.0
2018-11-08 05:00:00+10:00,0.0
2018-11-08 05:30:00+10:00,0.0
2018-11-08 06:00:00+10:00,5.232542972623984
2018-11-08 06:30:00+10:00,12.303934874313716
2018-11-08 07:00:00+10:00,19.830859138095576
2018-11-08 07:30:00+10:00,27.207497934747828
2018-11-08 08:00:00+10:00,34.10694208389157
2018-11-08 08:30:00+10:00,40.33909473939356
2018-11-08 09:00:00+10:00,45.79062498413361
2018-11-08 09:30:00+10:00,50.39592111456928
2018-11-08 10:00:00+10:00,54.11962132906963
2018-11-08 10:30:00+10:00,56.94601518398679
2018-11-08 11:00:00+10:00,58.86935047674632
2018-11-08 11:30:00+10:00,59.89021078816473
2018-11-08 12:00:00+10:00,60.00889310456793
2018-11-08 12:30:00+10:00,59.22687351692182
2018-11-08 13:00:00+10:00,57.542336536196416
2018-11-08 13:30:00+10:00,54.95548788174895
2018-11-08 14:00:00+10:00,51.46954521378636
2018-11-08 14:30:00+10:00,47.09782437914026
2018-11-08 15:00:00+10:00,41.86935337311849
2018-11-08 15:30:00+10:00,35.84096824426378
2018-11-08 16:00:00+10:00,29.111211277742257
2018-11-08 16:30:00+10:00,21.845735568957306
2018-11-08 17:00:00+10:00,14.32535788310621
2018-11-08 17:30:00+10:00,7.055979614528986
2018-11-08 18:00:00+10:00,1.0341871194069179
2018-11-08 18:30:00+10:00,0.0
2018-11-08 19:00:00+10:00,0.0
2018-11-08 19:30:00+10:00,0.0
2018-11-08 20:00:00+10:00,0.0
2018-11-08 20:30:00+10:00,0.0
2018-11-08 21:00:00+10:00,0.0
2018-11-08 21:30:00+10:00,0.0
2018-11-08 22:00:00+10:00,0.0
2018-11-08 22:30:00+10:00,0.0
2018-11-08 23:00:00+10:00,0.0
2018-11-08 23:30:00+10:00,0.0
2018-11-09 00:00:00+10:00,0.0
2018-11-09 00:30:00+10:00,0.0
2018-11-09 01:00:00+10:00,0.0
2018-11-09 01:30:00+10:00,0.0
2018-11-09 02:00:00+10:00,0.0
2018-11-09 02:30:00+10:00,0.0
2018-11-09 03:00:00+10:00,0.0
2018-11-09 03:30:00+10:00,0.0
2018-11-09 04:00:00+10:00,0.0
2018-11-09 04:30:00+10:00,0.0
2018-11-09 05:00:00+10:00,0.0
2018-11-09 05:30:00+10:00,0.0
2018-11-09 06:00:00+10:00,5.452830628209454
2018-11-09 06:30:00+10:00,12.623382624846405
2018-11-09 07:00:00+10:00,20.23587233484508
2018-11-09 07:30:00+10:00,27.687930493190144
2018-11-09 08:00:00+10:00,34.653131753586145
2018-11-09 08:30:00+10:00,40.94123950902019
2018-11-09 09:00:00+10:00,46.439606109957374
2018-11-09 09:30:00+10:00,51.082364869582655
2018-11-09 10:00:00+10:00,54.83583212985992
2018-11-09 10:30:00+10:00,57.684246282643144
2018-11-09 11:00:00+10:00,59.622880610829945
2018-11-09 11:30:00+10:00,60.65251850291039
2018-11-09 12:00:00+10:00,60.774212375863854
2018-11-09 12:30:00+10:00,59.989166305452066
2018-11-09 13:00:00+10:00,58.295460876390095
2018-11-09 13:30:00+10:00,55.692766809167274
2018-11-09 14:00:00+10:00,52.183655353302115
2018-11-09 14:30:00+10:00,47.78067483294336
2018-11-09 15:00:00+10:00,42.512022802494954
2018-11-09 15:30:00+10:00,36.43387096955255
2018-11-09 16:00:00+10:00,29.644184038201548
2018-11-09 16:30:00+10:00,22.30806107113866
2018-11-09 17:00:00+10:00,14.705269372886365
2018-11-09 17:30:00+10:00,7.338318527031677
2018-11-09 18:00:00+10:00,1.1897883113070946
2018-11-09 18:30:00+10:00,0.0
2018-11-09 19:00:00+10:00,0.0
2018-11-09 19:30:00+10:00,0.0
2018-11-09 20:00:00+10:00,0.0
2018-11-09 20:30:00+10:00,0.0
2018-11-09 21:00:00+10:00,0.0
2018-11-09 21:30:00+10:00,0.0
2018-11-09 22:00:00+10:00,0.0
2018-11-09 22:30:00+10:00,0.0
2018-11-09 23:00:00+10:00,0.0
2018-11-09 23:30:00+10:00,0.0
2018-11-10 00:00:00+10:00,0.0
2018-11-10 00:30:00+10:00,0.0
2018-11-10 01:00:00+10:00,0.0
2018-11-10 01:30:00+10:00,0.0
2018-11-10 02:00:00+10:00,0.0
2018-11-10 02:30:00+10:00,0.0
2018-11-10 03:00:00+10:00,0.0
2018-11-10 03:30:00+10:00,0.0
2018-11-10 04:00:00+10:00,0.0
2018-11-10 04:30:00+10:00,0.0
2018-11-10 05:00:00+10:00,0.0
2018-11-10 05:30:00+10:00,0.0
2018-11-10 06:00:00+10:00,5.035448913873816
2018-11-10 06:30:00+10:00,11.61313885293867
2018-11-10 07:00:00+10:00,18.609302850439796
2018-11-10 07:30:00+10:00,25.482348507009466
2018-11-10 08:00:00+10:00,31.93291510775759
2018-11-10 08:30:00+10:00,37.78147400434732
2018-11-10 09:00:00+10:00,42.91712888004506
2018-11-10 09:30:00+10:00,47.27143715891463
2018-11-10 10:00:00+10:00,50.80426854559129
2018-11-10 10:30:00+10:00,53.493665669650085
2018-11-10 11:00:00+10:00,55.329324511946695
2018-11-10 11:30:00+10:00,56.30670545612829
2018-11-10 12:00:00+10:00,56.42446090362851
2018-11-10 12:30:00+10:00,55.68321521438564
2018-11-10 13:00:00+10:00,54.08365236209871
2018-11-10 13:30:00+10:00,51.6289186970605
2018-11-10 14:00:00+10:00,48.328124834255945
2018-11-10 14:30:00+10:00,44.19919625361185
2018-11-10 15:00:00+10:00,39.27701753462772
2018-11-10 15:30:00+10:00,33.62109379969742
2018-11-10 16:00:00+10:00,27.329019728569836
2018-11-10 16:30:00+10:00,20.55757539513835
2018-11-10 17:00:00+10:00,13.564438903148709
2018-11-10 17:30:00+10:00,6.801845154725501
2018-11-10 18:00:00+10:00,1.1400019137742865
2018-11-10 18:30:00+10:00,0.0
2018-11-10 19:00:00+10:00,0.0
2018-11-10 19:30:00+10:00,0.0
2018-11-10 20:00:00+10:00,0.0
2018-11-10 20:30:00+10:00,0.0
2018-11-10 21:00:00+10:00,0.0
2018-11-10 21:30:00+10:00,0.0
2018-11-10 22:00:00+10:00,0.0
2018-11-10 22:30:00+10:00,0.0
2018-11-10 23:00:00+10:00,0.0
2018-11-10 23:30:00+10:00,0.0
2018-11-11 00:00:00+10:00,0.0
2018-11-11 00:30:00+10:00,0.0
2018-11-11 01:00:00+10:00,0.0
2018-11-11 01:30:00+10:00,0.0
2018-11-11 02:00:00+10:00,0.0
2018-11-11 02:30:00+10:00,0.0
2018-11-11 03:00:00+10:00,0.0
2018-11-11 03:30:00+10:00,0.0
2018-11-11 04:00:00+10:00,0.0
2018-11-11 04:30:00+10:00,0.0
2018-11-11 05:00:00+10:00,0.0
2018-11-11 05:30:00+10:00,0.19860912661009913
2018-11-11 06:00:00+10:00,6.5781529294940455
2018-11-11 06:30:00+10:00,14.668045297509796
2018-11-11 07:00:00+10:00,23.172796701839168
2018-11-11 07:30:00+10:00,31.434312535961073
2018-11-11 08:00:00+10:00,39.10031623585142
2018-11-11 08:30:00+10:00,45.97297611685537
2018-11-11 09:00:00+10:00,51.941373684884404
2018-11-11 09:30:00+10:00,56.95008717974102
2018-11-11 10:00:00+10:00,60.976374976824886
2018-11-11 10:30:00+10:00,64.01846831432353
2018-11-11 11:00:00+10:00,66.08240451454354
2018-11-11 11:30:00+10:00,67.17922416215762
2018-11-11 12:00:00+10:00,67.31409653008217
2018-11-11 12:30:00+10:00,66.4887353806285
2018-11-11 13:00:00+10:00,64.69773365936113
2018-11-11 13:30:00+10:00,61.93289010566705
2018-11-11 14:00:00+10:00,58.18569782042449
2018-11-11 14:30:00+10:00,53.45571079531998
2018-11-11 15:00:00+10:00,47.75807970636875
2018-11-11 15:30:00+10:00,41.13817362158511
2018-11-11 16:00:00+10:00,33.688785081637306
2018-11-11 16:30:00+10:00,25.578374965814938
2018-11-11 17:00:00+10:00,17.10487322574599
2018-11-11 17:30:00+10:00,8.811729670014747
2018-11-11 18:00:00+10:00,1.7615916460197143
2018-11-11 18:30:00+10:00,0.0
2018-11-11 19:00:00+10:00,0.0
2018-11-11 19:30:00+10:00,0.0
2018-11-11 20:00:00+10:00,0.0
2018-11-11 20:30:00+10:00,0.0
2018-11-11 21:00:00+10:00,0.0
2018-11-11 21:30:00+10:00,0.0
2018-11-11 22:00:00+10:00,0.0
2018-11-11 22:30:00+10:00,0.0
2018-11-11 23:00:00+10:00,0.0
2018-11-11 23:30:00+10:00,0.0
2018-11-12 00:00:00+10:00,0.0
2018-11-12 00:30:00+10:00,0.0
2018-11-12 01:00:00+10:00,0.0
2018-11-12 01:30:00+10:00,0.0
2018-11-12 02:00:00+10:00,0.0
2018-11-12 02:30:00+10:00,0.0
2018-11-12 03:00:00+10:00,0.0
2018-11-12 03:30:00+10:00,0.0
2018-11-12 04:00:00+10:00,0.0
2018-11-12 04:30:00+10:00,0.0
2018-11-12 05:00:00+10:00,0.0
2018-11-12 05:30:00+10:00,0.03147353291343657
2018-11-12 06:00:00+10:00,4.860175289851977
2018-11-12 06:30:00+10:00,11.020322812746084
2018-11-12 07:00:00+10:00,17.56486421791657
2018-11-12 07:30:00+10:00,24.00061195307407
2018-11-12 08:00:00+10:00,30.05043925673776
2018-11-12 08:30:00+10:00,35.54548001019975
2018-11-12 09:00:00+10:00,40.37931734181596
2018-11-12 09:30:00+10:00,44.485103538731614
2018-11-12 10:00:00+10:00,47.82180798920319
2018-11-12 10:30:00+10:00,50.36653713087064
2018-11-12 11:00:00+10:00,52.10657466798826
2018-11-12 11:30:00+10:00,53.036226679908815
2018-11-12 12:00:00+10:00,53.15366907554757
2018-11-12 12:30:00+10:00,52.45847084902016
2018-11-12 13:00:00+10:00,50.952391742348
2018-11-12 13:30:00+10:00,48.640177799808676
2018-11-12 14:00:00+10:00,45.53188913338215
2018-11-12 14:30:00+10:00,41.64754579077005
2018-11-12 15:00:00+10:00,37.02216923874621
2018-11-12 15:30:00+10:00,31.714352530628787
2018-11-12 16:00:00+10:00,25.817405004327938
2018-11-12 16:30:00+10:00,19.47867373942056
2018-11-12 17:00:00+10:00,12.936002616322503
2018-11-12 17:30:00+10:00,6.599862386232528
2018-11-12 18:00:00+10:00,1.2463167199173877
2018-11-12 18:30:00+10:00,0.0
2018-11-12 19:00:00+10:00,0.0
2018-11-12 19:30:00+10:00,0.0
2018-11-12 20:00:00+10:00,0.0
2018-11-12 20:30:00+10:00,0.0
2018-11-12 21:00:00+10:00,0.0
2018-11-12 21:30:00+10:00,0.0
2018-11-12 22:00:00+10:00,0.0
2018-11-12 22:30:00+10:00,0.0
2018-11-12 23:00:00+10:00,0.0
2018-11-12 23:30:00+10:00,0.0
2018-11-13 00:00:00+10:00,0.0
2018-11-13 00:30:00+10:00,0.0
2018-11-13 01:00:00+10:00,0.0
2018-11-13 01:30:00+10:00,0.0
2018-11-13 02:00:00+10:00,0.0
2018-11-13 02:30:00+10:00,0.0
2018-11-13 03:00:00+10:00,0.0
2018-11-13 03:30:00+10:00,0.0
2018-11-13 04:00:00+10:00,0.0
2018-11-13 04:30:00+10:00,0.0
2018-11-13 05:00:00+10:00,0.0
2018-11-13 05:30:00+10:00,0.07039476368470048
2018-11-13 06:00:00+10:00,4.777456379604671
2018-11-13 06:30:00+10:00,10.751741927283605
2018-11-13 07:00:00+10:00,17.09655583154099
2018-11-13 07:30:00+10:00,23.341049848566346
2018-11-13 08:00:00+10:00,29.217971135095862
2018-11-13 08:30:00+10:00,34.56293836621475
2018-11-13 09:00:00+10:00,39.27085562740183
2018-11-13 09:30:00+10:00,43.274729052268285
2018-11-13 10:00:00+10:00,46.532908406152174
2018-11-13 10:30:00+10:00,49.02030125993209
2018-11-13 11:00:00+10:00,50.723416118040795
2018-11-13 11:30:00+10:00,51.63525997167125
2018-11-13 12:00:00+10:00,51.75347654158653
2018-11-13 12:30:00+10:00,51.077538724824244
2018-11-13 13:00:00+10:00,49.60935061076
2018-11-13 13:30:00+10:00,47.35498887850627
2018-11-13 14:00:00+10:00,44.32542295152799
2018-11-13 14:30:00+10:00,40.54241442463874
2018-11-13 15:00:00+10:00,36.041700509228775
2018-11-13 15:30:00+10:00,30.882105476691063
2018-11-13 16:00:00+10:00,25.155770655963188
2018-11-13 16:30:00+10:00,19.006096784521482
2018-11-13 17:00:00+10:00,12.662198261183393
2018-11-13 17:30:00+10:00,6.515024846814301
2018-11-13 18:00:00+10:00,1.2972487278559257
2018-11-13 18:30:00+10:00,0.0
2018-11-13 19:00:00+10:00,0.0
2018-11-13 19:30:00+10:00,0.0
2018-11-13 20:00:00+10:00,0.0
2018-11-13 20:30:00+10:00,0.0
2018-11-13 21:00:00+10:00,0.0
2018-11-13 21:30:00+10:00,0.0
2018-11-13 22:00:00+10:00,0.0
2018-11-13 22:30:00+10:00,0.0
2018-11-13 23:00:00+10:00,0.0
2018-11-13 23:30:00+10:00,0.0
2018-11-14 00:00:00+10:00,0.0
2018-11-14 00:30:00+10:00,0.0
2018-11-14 01:00:00+10:00,0.0
2018-11-14 01:30:00+10:00,0.0
2018-11-14 02:00:00+10:00,0.0
2018-11-14 02:30:00+10:00,0.0
2018-11-14 03:00:00+10:00,0.0
2018-11-14 03:30:00+10:00,0.0
2018-11-14 04:00:00+10:00,0.0
2018-11-14 04:30:00+10:00,0.0
2018-11-14 05:00:00+10:00,0.0
2018-11-14 05:30:00+10:00,0.11290382078838977
2018-11-14 06:00:00+10:00,4.777728807519707
2018-11-14 06:30:00+10:00,10.663549652990435
2018-11-14 07:00:00+10:00,16.910575265593458
2018-11-14 07:30:00+10:00,23.06307255288233
2018-11-14 08:00:00+10:00,28.860079692792468
2018-11-14 08:30:00+10:00,34.139253781326076
2018-11-14 09:00:00+10:00,38.79558742776741
2018-11-14 09:30:00+10:00,42.76109472775281
2018-11-14 10:00:00+10:00,45.99202941227518
2018-11-14 10:30:00+10:00,48.461772766083186
2018-11-14 11:00:00+10:00,50.15514019366435
2018-11-14 11:30:00+10:00,51.064257272662715
2018-11-14 12:00:00+10:00,51.185007729001676
2018-11-14 12:30:00+10:00,50.51781608064463
2018-11-14 13:00:00+10:00,49.06470653879719
2018-11-14 13:30:00+10:00,46.83281460304662
2018-11-14 14:00:00+10:00,43.83464346306219
2018-11-14 14:30:00+10:00,40.09326470299385
2018-11-14 15:00:00+10:00,35.64639769144088
2018-11-14 15:30:00+10:00,30.55400961315886
2018-11-14 16:00:00+10:00,24.908000528094114
2018-11-14 16:30:00+10:00,18.849983919724263
2018-11-14 17:00:00+10:00,12.603280427026112
2018-11-14 17:30:00+10:00,6.545561890792237
2018-11-14 18:00:00+10:00,1.3764647794350633
2018-11-14 18:30:00+10:00,0.0
2018-11-14 19:00:00+10:00,0.0
2018-11-14 19:30:00+10:00,0.0
2018-11-14 20:00:00+10:00,0.0
2018-11-14 20:30:00+10:00,0.0
2018-11-14 21:00:00+10:00,0.0
2018-11-14 21:30:00+10:00,0.0
2018-11-14 22:00:00+10:00,0.0
2018-11-14 22:30:00+10:00,0.0
2018-11-14 23:00:00+10:00,0.0
2018-11-14 23:30:00+10:00,0.0
2018-11-15 00:00:00+10:00,0.0
2018-11-15 00:30:00+10:00,0.0
2018-11-15 01:00:00+10:00,0.0
2018-11-15 01:30:00+10:00,0.0
2018-11-15 02:00:00+10:00,0.0
2018-11-15 02:30:00+10:00,0.0
2018-11-15 03:00:00+10:00,0.0
2018-11-15 03:30:00+10:00,0.0
2018-11-15 04:00:00+10:00,0.0
2018-11-15 04:30:00+10:00,0.0
2018-11-15 05:00:00+10:00,0.0
2018-11-15 05:30:00+10:00,0.22830547977674504
2018-11-15 06:00:00+10:00,5.206703879308932
2018-11-15 06:30:00+10:00,11.439908076794767
2018-11-15 07:00:00+10:00,18.033228260926133
2018-11-15 07:30:00+10:00,24.51054991205855
2018-11-15 08:00:00+10:00,30.600042283999823
2018-11-15 08:30:00+10:00,36.13421466400676
2018-11-15 09:00:00+10:00,41.006070469408634
2018-11-15 09:30:00+10:00,45.14789773066505
2018-11-15 10:00:00+10:00,48.51760395646059
2018-11-15 10:30:00+10:00,51.091276467561954
2018-11-15 11:00:00+10:00,52.8553168035519
2018-11-15 11:30:00+10:00,53.80338025613379
2018-11-15 12:00:00+10:00,53.93333675345951
2018-11-15 12:30:00+10:00,53.24463413248593
2018-11-15 13:00:00+10:00,51.73925751422364
2018-11-15 13:30:00+10:00,49.42236976885327
2018-11-15 14:00:00+10:00,46.30441444625747
2018-11-15 14:30:00+10:00,42.406522595152815
2018-11-15 15:00:00+10:00,37.763865425846404
2018-11-15 15:30:00+10:00,32.43553034181105
2018-11-15 16:00:00+10:00,26.51393708226111
2018-11-15 16:30:00+10:00,20.144078228074903
2018-11-15 17:00:00+10:00,13.557184597375901
2018-11-15 17:30:00+10:00,7.144889736373291
2018-11-15 18:00:00+10:00,1.6327030312161852
2018-11-15 18:30:00+10:00,0.0
2018-11-15 19:00:00+10:00,0.0
2018-11-15 19:30:00+10:00,0.0
2018-11-15 20:00:00+10:00,0.0
2018-11-15 20:30:00+10:00,0.0
2018-11-15 21:00:00+10:00,0.0
2018-11-15 21:30:00+10:00,0.0
2018-11-15 22:00:00+10:00,0.0
2018-11-15 22:30:00+10:00,0.0
2018-11-15 23:00:00+10:00,0.0
2018-11-15 23:30:00+10:00,0.0
2018-11-16 00:00:00+10:00,0.0
2018-11-16 00:30:00+10:00,0.0
2018-11-16 01:00:00+10:00,0.0
2018-11-16 01:30:00+10:00,0.0
2018-11-16 02:00:00+10:00,0.0
2018-11-16 02:30:00+10:00,0.0
2018-11-16 03:00:00+10:00,0.0
2018-11-16 03:30:00+10:00,0.0
2018-11-16 04:00:00+10:00,0.0
2018-11-16 04:30:00+10:00,0.0
2018-11-16 05:00:00+10:00,0.0
2018-11-16 05:30:00+10:00,0.36682457727864126
2018-11-16 06:00:00+10:00,5.7408201294222
2018-11-16 06:30:00+10:00,12.417899681484993
2018-11-16 07:00:00+10:00,19.453292813351567
2018-11-16 07:30:00+10:00,26.343087763203997
2018-11-16 08:00:00+10:00,32.800967343395
2018-11-16 08:30:00+10:00,38.652801146683736
2018-11-16 09:00:00+10:00,43.79054521132916
2018-11-16 09:30:00+10:00,48.14717547297234
2018-11-16 10:00:00+10:00,51.68463257637816
2018-11-16 10:30:00+10:00,54.381804813899734
2018-11-16 11:00:00+10:00,56.22951181750895
2018-11-16 11:30:00+10:00,57.22377097159166
2018-11-16 12:00:00+10:00,57.36390373889725
2018-11-16 12:30:00+10:00,56.65029859057304
2018-11-16 13:00:00+10:00,55.08299765645121
2018-11-16 13:30:00+10:00,52.66489139436133
2018-11-16 14:00:00+10:00,49.4035798242932
2018-11-16 14:30:00+10:00,45.31505234246739
2018-11-16 15:00:00+10:00,40.43205276269412
2018-11-16 15:30:00+10:00,34.81026418589636
2018-11-16 16:00:00+10:00,28.542827273946536
2018-11-16 16:30:00+10:00,21.77825235878649
2018-11-16 17:00:00+10:00,14.757738331184461
2018-11-16 17:30:00+10:00,7.893171881946411
2018-11-16 18:00:00+10:00,1.9469096464261135
2018-11-16 18:30:00+10:00,0.0
2018-11-16 19:00:00+10:00,0.0
2018-11-16 19:30:00+10:00,0.0
2018-11-16 20:00:00+10:00,0.0
2018-11-16 20:30:00+10:00,0.0
2018-11-16 21:00:00+10:00,0.0
2018-11-16 21:30:00+10:00,0.0
2018-11-16 22:00:00+10:00,0.0
2018-11-16 22:30:00+10:00,0.0
2018-11-16 23:00:00+10:00,0.0
2018-11-16 23:30:00+10:00,0.0
2018-11-17 00:00:00+10:00,0.0
2018-11-17 00:30:00+10:00,0.0
2018-11-17 01:00:00+10:00,0.0
2018-11-17 01:30:00+10:00,0.0
2018-11-17 02:00:00+10:00,0.0
2018-11-17 02:30:00+10:00,0.0
2018-11-17 03:00:00+10:00,0.0
2018-11-17 03:30:00+10:00,0.0
2018-11-17 04:00:00+10:00,0.0
2018-11-17 04:30:00+10:00,0.0
2018-11-17 05:00:00+10:00,0.0
2018-11-17 05:30:00+10:00,0.7177880801553289
2018-11-17 06:00:00+10:00,7.374112691094043
2018-11-17 06:30:00+10:00,15.53240095796536
2018-11-17 07:00:00+10:00,24.03467911585058
2018-11-17 07:30:00+10:00,32.269765090261345
2018-11-17 08:00:00+10:00,39.90222776140576
2018-11-17 08:30:00+10:00,46.74072859079907
2018-11-17 09:00:00+10:00,52.67889896672574
2018-11-17 09:30:00+10:00,57.66241473985508
2018-11-17 10:00:00+10:00,61.671504483944176
2018-11-17 10:30:00+10:00,64.7053402910391
2018-11-17 11:00:00+10:00,66.77215347447131
2018-11-17 11:30:00+10:00,67.88274789585962
2018-11-17 12:00:00+10:00,68.04439188569316
2018-11-17 12:30:00+10:00,67.25743937052691
2018-11-17 13:00:00+10:00,65.5179327163277
2018-11-17 13:30:00+10:00,62.81608985491659
2018-11-17 14:00:00+10:00,59.1412790023475
2018-11-17 14:30:00+10:00,54.49164564083083
2018-11-17 15:00:00+10:00,48.87931249200731
2018-11-17 15:30:00+10:00,42.34495291246587
2018-11-17 16:00:00+10:00,34.97462478853736
2018-11-17 16:30:00+10:00,26.9261622047631
2018-11-17 17:00:00+10:00,18.475149790184634
2018-11-17 17:30:00+10:00,10.11335944606923
2018-11-17 18:00:00+10:00,2.7666151564053942
2018-11-17 18:30:00+10:00,0.0
2018-11-17 19:00:00+10:00,0.0
2018-11-17 19:30:00+10:00,0.0
2018-11-17 20:00:00+10:00,0.0
2018-11-17 20:30:00+10:00,0.0
2018-11-17 21:00:00+10:00,0.0
2018-11-17 21:30:00+10:00,0.0
2018-11-17 22:00:00+10:00,0.0
2018-11-17 22:30:00+10:00,0.0
2018-11-17 23:00:00+10:00,0.0
2018-11-17 23:30:00+10:00,0.0
2018-11-18 00:00:00+10:00,0.0
2018-11-18 00:30:00+10:00,0.0
2018-11-18 01:00:00+10:00,0.0
2018-11-18 01:30:00+10:00,0.0
2018-11-18 02:00:00+10:00,0.0
2018-11-18 02:30:00+10:00,0.0
2018-11-18 03:00:00+10:00,0.0
2018-11-18 03:30:00+10:00,0.0
2018-11-18 04:00:00+10:00,0.0
2018-11-18 04:30:00+10:00,0.0
2018-11-18 05:00:00+10:00,0.0
2018-11-18 05:30:00+10:00,0.7666173277844889
2018-11-18 06:00:00+10:00,7.338502466890927
2018-11-18 06:30:00+10:00,15.368942687961768
2018-11-18 07:00:00+10:00,23.73422814887313
2018-11-18 07:30:00+10:00,31.838238455108765
2018-11-18 08:00:00+10:00,39.3518224826564
2018-11-18 08:30:00+10:00,46.08651630013139
2018-11-18 09:00:00+10:00,51.937066603139904
2018-11-18 09:30:00+10:00,56.849552146834725
2018-11-18 10:00:00+10:00,60.803400309924136
2018-11-18 10:30:00+10:00,63.79708355546836
2018-11-18 11:00:00+10:00,65.83947215531346
2018-11-18 11:30:00+10:00,66.9393906312701
2018-11-18 12:00:00+10:00,67.10437964475032
2018-11-18 12:30:00+10:00,66.33580479917377
2018-11-18 13:00:00+10:00,64.6283283323623
2018-11-18 13:30:00+10:00,61.973214328910565
2018-11-18 14:00:00+10:00,58.36106174354314
2018-11-18 14:30:00+10:00,53.78921468473653
2018-11-18 15:00:00+10:00,48.27071907265562
2018-11-18 15:30:00+10:00,41.845745146905315
2018-11-18 16:00:00+10:00,34.59897573508125
2018-11-18 16:30:00+10:00,26.6846035187308
2018-11-18 17:00:00+10:00,18.371644939990787
2018-11-18 17:30:00+10:00,10.137371393633215
2018-11-18 18:00:00+10:00,2.8749058479162604
2018-11-18 18:30:00+10:00,0.0
2018-11-18 19:00:00+10:00,0.0
2018-11-18 19:30:00+10:00,0.0
2018-11-18 20:00:00+10:00,0.0
2018-11-18 20:30:00+10:00,0.0
2018-11-18 21:00:00+10:00,0.0
2018-11-18 21:30:00+10:00,0.0
2018-11-18 22:00:00+10:00,0.0
2018-11-18 22:30:00+10:00,0.0
2018-11-18 23:00:00+10:00,0.0
2018-11-18 23:30:00+10:00,0.0
2018-11-19 00:00:00+10:00,0.0
2018-11-19 00:30:00+10:00,0.0
2018-11-19 01:00:00+10:00,0.0
2018-11-19 01:30:00+10:00,0.0
2018-11-19 02:00:00+10:00,0.0
2018-11-19 02:30:00+10:00,0.0
2018-11-19 03:00:00+10:00,0.0
2018-11-19 03:30:00+10:00,0.0
2018-11-19 04:00:00+10:00,0.0
2018-11-19 04:30:00+10:00,0.0
2018-11-19 05:00:00+10:00,0.0
2018-11-19 05:30:00+10:00,0.921723924052742
2018-11-19 06:00:00+10:00,7.8516520685366675
2018-11-19 06:30:00+10:00,16.265391935796387
2018-11-19 07:00:00+10:00,24.99597791735536
2018-11-19 07:30:00+10:00,33.42326379453705
2018-11-19 08:00:00+10:00,41.20794348981223
2018-11-19 08:30:00+10:00,48.15958886251748
2018-11-19 09:00:00+10:00,54.17667731091925
2018-11-19 09:30:00+10:00,59.211481099643784
2018-11-19 10:00:00+10:00,63.2514486836549
2018-11-19 10:30:00+10:00,66.30390480289708
2018-11-19 11:00:00+10:00,68.38279868616628
2018-11-19 11:30:00+10:00,69.50418552094962
2018-11-19 12:00:00+10:00,69.67799759740764
2018-11-19 12:30:00+10:00,68.9061367886321
2018-11-19 13:00:00+10:00,67.18101048437917
2018-11-19 13:30:00+10:00,64.49014847827812
2018-11-19 14:00:00+10:00,60.816775808898825
2018-11-19 14:30:00+10:00,56.1503153154885
2018-11-19 15:00:00+10:00,50.495793901075444
2018-11-19 15:30:00+10:00,43.88565961282793
2018-11-19 16:00:00+10:00,36.398967684711536
2018-11-19 16:30:00+10:00,28.188350082313384
2018-11-19 17:00:00+10:00,19.527439747320656
2018-11-19 17:30:00+10:00,10.906974682834287
2018-11-19 18:00:00+10:00,3.247825816837472
2018-11-19 18:30:00+10:00,0.0
2018-11-19 19:00:00+10:00,0.0
2018-11-19 19:30:00+10:00,0.0
2018-11-19 20:00:00+10:00,0.0
2018-11-19 20:30:00+10:00,0.0
2018-11-19 21:00:00+10:00,0.0
2018-11-19 21:30:00+10:00,0.0
2018-11-19 22:00:00+10:00,0.0
2018-11-19 22:30:00+10:00,0.0
2018-11-19 23:00:00+10:00,0.0
2018-11-19 23:30:00+10:00,0.0
2018-11-20 00:00:00+10:00,0.0
2018-11-20 00:30:00+10:00,0.0
2018-11-20 01:00:00+10:00,0.0
2018-11-20 01:30:00+10:00,0.0
2018-11-20 02:00:00+10:00,0.0
2018-11-20 02:30:00+10:00,0.0
2018-11-20 03:00:00+10:00,0.0
2018-11-20 03:30:00+10:00,0.0
2018-11-20 04:00:00+10:00,0.0
2018-11-20 04:30:00+10:00,0.0
2018-11-20 05:00:00+10:00,0.0
2018-11-20 05:30:00+10:00,0.21905515113736454
2018-11-20 06:00:00+10:00,4.104174629911526
2018-11-20 06:30:00+10:00,8.919555364021967
2018-11-20 07:00:00+10:00,14.033104770228178
2018-11-20 07:30:00+10:00,19.093097334698488
2018-11-20 08:00:00+10:00,23.888932676804544
2018-11-20 08:30:00+10:00,28.283408315614984
2018-11-20 09:00:00+10:00,32.183478522094035
2018-11-20 09:30:00+10:00,35.52522413731302
2018-11-20 10:00:00+10:00,38.264439959205724
2018-11-20 10:30:00+10:00,40.37202590019993
2018-11-20 11:00:00+10:00,41.82897701737728
2018-11-20 11:30:00+10:00,42.624255987672164
2018-11-20 12:00:00+10:00,42.752272523262945
2018-11-20 12:30:00+10:00,42.21210135511476
2018-11-20 13:00:00+10:00,41.007933160282626
2018-11-20 13:30:00+10:00,39.14832959859739
2018-11-20 14:00:00+10:00,36.64925775740519
2018-11-20 14:30:00+10:00,33.53576628851425
2018-11-20 15:00:00+10:00,29.84583905434299
2018-11-20 15:30:00+10:00,25.635090960193008
2018-11-20 16:00:00+10:00,20.98427354141285
2018-11-20 16:30:00+10:00,16.01090353732162
2018-11-20 17:00:00+10:00,10.892196272095992
2018-11-20 17:30:00+10:00,5.911832000109516
2018-11-20 18:00:00+10:00,1.5699810972941943
2018-11-20 18:30:00+10:00,0.0
2018-11-20 19:00:00+10:00,0.0
2018-11-20 19:30:00+10:00,0.0
2018-11-20 20:00:00+10:00,0.0
2018-11-20 20:30:00+10:00,0.0
2018-11-20 21:00:00+10:00,0.0
2018-11-20 21:30:00+10:00,0.0
2018-11-20 22:00:00+10:00,0.0
2018-11-20 22:30:00+10:00,0.0
2018-11-20 23:00:00+10:00,0.0
2018-11-20 23:30:00+10:00,0.0
2018-11-21 00:00:00+10:00,0.0
2018-11-21 00:30:00+10:00,0.0
2018-11-21 01:00:00+10:00,0.0
2018-11-21 01:30:00+10:00,0.0
2018-11-21 02:00:00+10:00,0.0
2018-11-21 02:30:00+10:00,0.0
2018-11-21 03:00:00+10:00,0.0
2018-11-21 03:30:00+10:00,0.0
2018-11-21 04:00:00+10:00,0.0
2018-11-21 04:30:00+10:00,0.0
2018-11-21 05:00:00+10:00,0.0
2018-11-21 05:30:00+10:00,0.7803235384877585
2018-11-21 06:00:00+10:00,6.720112332447855
2018-11-21 06:30:00+10:00,13.940896619905105
2018-11-21 07:00:00+10:00,21.48304890750101
2018-11-21 07:30:00+10:00,28.82370219170095
2018-11-21 08:00:00+10:00,35.66571678193671
2018-11-21 08:30:00+10:00,41.832487592771486
2018-11-21 09:00:00+10:00,47.21935289383886
2018-11-21 09:30:00+10:00,51.76726979542751
2018-11-21 10:00:00+10:00,55.44750217573967
2018-11-21 10:30:00+10:00,58.24861262726001
2018-11-21 11:00:00+10:00,60.17092934162458
2018-11-21 11:30:00+10:00,61.21719212502986
2018-11-21 12:00:00+10:00,61.39120655586288
2018-11-21 12:30:00+10:00,60.69287599177128
2018-11-21 13:00:00+10:00,59.12049736749664
2018-11-21 13:30:00+10:00,56.671125570137825
2018-11-21 14:00:00+10:00,53.34208950137669
2018-11-21 14:30:00+10:00,49.14032663657902
2018-11-21 15:00:00+10:00,44.086440515200785
2018-11-21 15:30:00+10:00,38.22629617947221
2018-11-21 16:00:00+10:00,31.64374951950139
2018-11-21 16:30:00+10:00,24.482653017000942
2018-11-21 17:00:00+10:00,16.983106692248448
2018-11-21 17:30:00+10:00,9.557209586963744
2018-11-21 18:00:00+10:00,2.9537382243577643
2018-11-21 18:30:00+10:00,0.0
2018-11-21 19:00:00+10:00,0.0
2018-11-21 19:30:00+10:00,0.0
2018-11-21 20:00:00+10:00,0.0
2018-11-21 20:30:00+10:00,0.0
2018-11-21 21:00:00+10:00,0.0
2018-11-21 21:30:00+10:00,0.0
2018-11-21 22:00:00+10:00,0.0
2018-11-21 22:30:00+10:00,0.0
2018-11-21 23:00:00+10:00,0.0
2018-11-21 23:30:00+10:00,0.0
2018-11-22 00:00:00+10:00,0.0
2018-11-22 00:30:00+10:00,0.0
2018-11-22 01:00:00+10:00,0.0
2018-11-22 01:30:00+10:00,0.0
2018-11-22 02:00:00+10:00,0.0
2018-11-22 02:30:00+10:00,0.0
2018-11-22 03:00:00+10:00,0.0
2018-11-22 03:30:00+10:00,0.0
2018-11-22 04:00:00+10:00,0.0
2018-11-22 04:30:00+10:00,0.0
2018-11-22 05:00:00+10:00,0.0
2018-11-22 05:30:00+10:00,0.6846809639661688
2018-11-22 06:00:00+10:00,6.143772112684941
2018-11-22 06:30:00+10:00,12.785618801639783
2018-11-22 07:00:00+10:00,19.75197818869664
2018-11-22 07:30:00+10:00,26.568623362316185
2018-11-22 08:00:00+10:00,32.95940965252116
2018-11-22 08:30:00+10:00,38.75442915873832
2018-11-22 09:00:00+10:00,43.8468581134871
2018-11-22 09:30:00+10:00,48.17134998158835
2018-11-22 10:00:00+10:00,51.68930328306984
2018-11-22 10:30:00+10:00,54.38020680340109
2018-11-22 11:00:00+10:00,56.234589032702154
2018-11-22 11:30:00+10:00,57.24948193506677
2018-11-22 12:00:00+10:00,57.424132812877026
2018-11-22 12:30:00+10:00,56.75818594634332
2018-11-22 13:00:00+10:00,55.252236801290124
2018-11-22 13:30:00+10:00,52.90853664287025
2018-11-22 14:00:00+10:00,49.733871032817575
2018-11-22 14:30:00+10:00,45.743015272096486
2018-11-22 15:00:00+10:00,40.96646587080875
2018-11-22 15:30:00+10:00,35.45746145215919
2018-11-22 16:00:00+10:00,29.303492396129986
2018-11-22 16:30:00+10:00,22.644666603507837
2018-11-22 17:00:00+10:00,15.704957515906942
2018-11-22 17:30:00+10:00,8.85805613361148
2018-11-22 18:00:00+10:00,2.770913596493322
2018-11-22 18:30:00+10:00,0.0
2018-11-22 19:00:00+10:00,0.0
2018-11-22 19:30:00+10:00,0.0
2018-11-22 20:00:00+10:00,0.0
2018-11-22 20:30:00+10:00,0.0
2018-11-22 21:00:00+10:00,0.0
2018-11-22 21:30:00+10:00,0.0
2018-11-22 22:00:00+10:00,0.0
2018-11-22 22:30:00+10:00,0.0
2018-11-22 23:00:00+10:00,0.0
2018-11-22 23:30:00+10:00,0.0
2018-11-23 00:00:00+10:00,0.0
2018-11-23 00:30:00+10:00,0.0
2018-11-23 01:00:00+10:00,0.0
2018-11-23 01:30:00+10:00,0.0
2018-11-23 02:00:00+10:00,0.0
2018-11-23 02:30:00+10:00,0.0
2018-11-23 03:00:00+10:00,0.0
2018-11-23 03:30:00+10:00,0.0
2018-11-23 04:00:00+10:00,0.0
2018-11-23 04:30:00+10:00,0.0
2018-11-23 05:00:00+10:00,0.0
2018-11-23 05:30:00+10:00,0.6221605944215144
2018-11-23 06:00:00+10:00,5.718535013405292
2018-11-23 06:30:00+10:00,11.919711853145571
2018-11-23 07:00:00+10:00,18.439445745636345
2018-11-23 07:30:00+10:00,24.838338923036567
2018-11-23 08:00:00+10:00,30.85695023780038
2018-11-23 08:30:00+10:00,36.332434750862575
2018-11-23 09:00:00+10:00,41.15974750830588
2018-11-23 09:30:00+10:00,45.271727964782606
2018-11-23 10:00:00+10:00,48.626491327732836
2018-11-23 10:30:00+10:00,51.199898477084204
2018-11-23 11:00:00+10:00,52.97864386540729
2018-11-23 11:30:00+10:00,53.95594022026997
2018-11-23 12:00:00+10:00,54.13020845380873
2018-11-23 12:30:00+10:00,53.50040081113785
2018-11-23 13:00:00+10:00,52.06832739497046
2018-11-23 13:30:00+10:00,49.83867102095726
2018-11-23 14:00:00+10:00,46.82105339890161
2018-11-23 14:30:00+10:00,43.035154191085596
2018-11-23 15:00:00+10:00,38.51401395277415
2018-11-23 15:30:00+10:00,33.31296890972971
2018-11-23 16:00:00+10:00,27.519033257687386
2018-11-23 16:30:00+10:00,21.266443188395623
2018-11-23 17:00:00+10:00,14.765594733536744
2018-11-23 17:30:00+10:00,8.361218841931093
2018-11-23 18:00:00+10:00,2.660454365277039
2018-11-23 18:30:00+10:00,0.0
2018-11-23 19:00:00+10:00,0.0
2018-11-23 19:30:00+10:00,0.0
2018-11-23 20:00:00+10:00,0.0
2018-11-23 20:30:00+10:00,0.0
2018-11-23 21:00:00+10:00,0.0
2018-11-23 21:30:00+10:00,0.0
2018-11-23 22:00:00+10:00,0.0
2018-11-23 22:30:00+10:00,0.0
2018-11-23 23:00:00+10:00,0.0
2018-11-23 23:30:00+10:00,0.0
2018-11-24 00:00:00+10:00,0.0
2018-11-24 00:30:00+10:00,0.0
2018-11-24 01:00:00+10:00,0.0
2018-11-24 01:30:00+10:00,0.0
2018-11-24 02:00:00+10:00,0.0
2018-11-24 02:30:00+10:00,0.0
2018-11-24 03:00:00+10:00,0.0
2018-11-24 03:30:00+10:00,0.0
2018-11-24 04:00:00+10:00,0.0
2018-11-24 04:30:00+10:00,0.0
2018-11-24 05:00:00+10:00,0.0
2018-11-24 05:30:00+10:00,0.5610561454779016
2018-11-24 06:00:00+10:00,5.324603701748152
2018-11-24 06:30:00+10:00,11.123424506356033
2018-11-24 07:00:00+10:00,17.23302369731461
2018-11-24 07:30:00+10:00,23.245117862650336
2018-11-24 08:00:00+10:00,28.915546076179453
2018-11-24 08:30:00+10:00,34.08862767889673
2018-11-24 09:00:00+10:00,38.661759690436334
2018-11-24 09:30:00+10:00,42.56761602653263
2018-11-24 10:00:00+10:00,45.76222764112205
2018-11-24 10:30:00+10:00,48.21848888794314
2018-11-24 11:00:00+10:00,49.920707502323445
2018-11-24 11:30:00+10:00,50.86017646356284
2018-11-24 12:00:00+10:00,51.03351082799228
2018-11-24 12:30:00+10:00,50.43976084359303
2018-11-24 13:00:00+10:00,49.081021946223146
2018-11-24 13:30:00+10:00,46.964394035451065
2018-11-24 14:00:00+10:00,44.101568356880605
2018-11-24 14:30:00+10:00,40.514196643192015
2018-11-24 15:00:00+10:00,36.23841932594349
2018-11-24 15:30:00+10:00,31.32950561558145
2018-11-24 16:00:00+10:00,25.872886390517415
2018-11-24 16:30:00+10:00,19.997118278689822
2018-11-24 17:00:00+10:00,13.899723335212814
2018-11-24 17:30:00+10:00,7.899731253500033
2018-11-24 18:00:00+10:00,2.5528369392265384
2018-11-24 18:30:00+10:00,0.0
2018-11-24 19:00:00+10:00,0.0
2018-11-24 19:30:00+10:00,0.0
2018-11-24 20:00:00+10:00,0.0
2018-11-24 20:30:00+10:00,0.0
2018-11-24 21:00:00+10:00,0.0
2018-11-24 21:30:00+10:00,0.0
2018-11-24 22:00:00+10:00,0.0
2018-11-24 22:30:00+10:00,0.0
2018-11-24 23:00:00+10:00,0.0
2018-11-24 23:30:00+10:00,0.0
2018-11-25 00:00:00+10:00,0.0
2018-11-25 00:30:00+10:00,0.0
2018-11-25 01:00:00+10:00,0.0
2018-11-25 01:30:00+10:00,0.0
2018-11-25 02:00:00+10:00,0.0
2018-11-25 02:30:00+10:00,0.0
2018-11-25 03:00:00+10:00,0.0
2018-11-25 03:30:00+10:00,0.0
2018-11-25 04:00:00+10:00,0.0
2018-11-25 04:30:00+10:00,0.0
2018-11-25 05:00:00+10:00,0.0
2018-11-25 05:30:00+10:00,0.734397505148944
2018-11-25 06:00:00+10:00,5.9874505990660545
2018-11-25 06:30:00+10:00,12.347111585007124
2018-11-25 07:00:00+10:00,19.019546609084824
2018-11-25 07:30:00+10:00,25.558008212323774
2018-11-25 08:00:00+10:00,31.698821682533048
2018-11-25 08:30:00+10:00,37.27740025262674
2018-11-25 09:00:00+10:00,42.189246385665456
2018-11-25 09:30:00+10:00,46.36863379237427
2018-11-25 10:00:00+10:00,49.77630827762119
2018-11-25 10:30:00+10:00,52.39040440240457
2018-11-25 11:00:00+10:00,54.20003353754882
2018-11-25 11:30:00+10:00,55.201070706044995
2018-11-25 12:00:00+10:00,55.392098467309566
2018-11-25 12:30:00+10:00,54.77240532092951
2018-11-25 13:00:00+10:00,53.34369165530289
2018-11-25 13:30:00+10:00,51.10822372101208
2018-11-25 14:00:00+10:00,48.07370125673998
2018-11-25 14:30:00+10:00,44.25612770023167
2018-11-25 15:00:00+10:00,39.68592101913901
2018-11-25 15:30:00+10:00,34.415410474440634
2018-11-25 16:00:00+10:00,28.52862050511532
2018-11-25 16:30:00+10:00,22.158534416553543
2018-11-25 17:00:00+10:00,15.514780387616309
2018-11-25 17:30:00+10:00,8.941173895118498
2018-11-25 18:00:00+10:00,3.0397725538688736
2018-11-25 18:30:00+10:00,0.0
2018-11-25 19:00:00+10:00,0.0
2018-11-25 19:30:00+10:00,0.0
2018-11-25 20:00:00+10:00,0.0
2018-11-25 20:30:00+10:00,0.0
2018-11-25 21:00:00+10:00,0.0
2018-11-25 21:30:00+10:00,0.0
2018-11-25 22:00:00+10:00,0.0
2018-11-25 22:30:00+10:00,0.0
2018-11-25 23:00:00+10:00,0.0
2018-11-25 23:30:00+10:00,0.0
2018-11-26 00:00:00+10:00,0.0
2018-11-26 00:30:00+10:00,0.0
2018-11-26 01:00:00+10:00,0.0
2018-11-26 01:30:00+10:00,0.0
2018-11-26 02:00:00+10:00,0.0
2018-11-26 02:30:00+10:00,0.0
2018-11-26 03:00:00+10:00,0.0
2018-11-26 03:30:00+10:00,0.0
2018-11-26 04:00:00+10:00,0.0
2018-11-26 04:30:00+10:00,0.0
2018-11-26 05:00:00+10:00,0.0
2018-11-26 05:30:00+10:00,0.7183499766019101
2018-11-26 06:00:00+10:00,5.858496819282746
2018-11-26 06:30:00+10:00,12.074205871963434
2018-11-26 07:00:00+10:00,18.604288062466075
2018-11-26 07:30:00+10:00,25.01573487965319
2018-11-26 08:00:00+10:00,31.050809837926895
2018-11-26 08:30:00+10:00,36.5463565033142
2018-11-26 09:00:00+10:00,41.39651469772619
2018-11-26 09:30:00+10:00,45.53321540794457
2018-11-26 10:00:00+10:00,48.91364545003828
2018-11-26 10:30:00+10:00,51.51309293994002
2018-11-26 11:00:00+10:00,53.31696592299512
2018-11-26 11:30:00+10:00,54.319646923205575
2018-11-26 12:00:00+10:00,54.517196038590946
2018-11-26 12:30:00+10:00,53.90993637761367
2018-11-26 13:00:00+10:00,52.49929991865703
2018-11-26 13:30:00+10:00,50.28985763456751
2018-11-26 14:00:00+10:00,47.29194516394784
2018-11-26 14:30:00+10:00,43.52433859875205
2018-11-26 15:00:00+10:00,39.02080042798959
2018-11-26 15:30:00+10:00,33.83565545193165
2018-11-26 16:00:00+10:00,28.0544347855593
2018-11-26 16:30:00+10:00,21.808898738984404
2018-11-26 17:00:00+10:00,15.30345500914625
2018-11-26 17:30:00+10:00,8.868862372379812
2018-11-26 18:00:00+10:00,3.0790252509813922
2018-11-26 18:30:00+10:00,0.0
2018-11-26 19:00:00+10:00,0.0
2018-11-26 19:30:00+10:00,0.0
2018-11-26 20:00:00+10:00,0.0
2018-11-26 20:30:00+10:00,0.0
2018-11-26 21:00:00+10:00,0.0
2018-11-26 21:30:00+10:00,0.0
2018-11-26 22:00:00+10:00,0.0
2018-11-26 22:30:00+10:00,0.0
2018-11-26 23:00:00+10:00,0.0
2018-11-26 23:30:00+10:00,0.0
2018-11-27 00:00:00+10:00,0.0
2018-11-27 00:30:00+10:00,0.0
2018-11-27 01:00:00+10:00,0.0
2018-11-27 01:30:00+10:00,0.0
2018-11-27 02:00:00+10:00,0.0
2018-11-27 02:30:00+10:00,0.0
2018-11-27 03:00:00+10:00,0.0
2018-11-27 03:30:00+10:00,0.0
2018-11-27 04:00:00+10:00,0.0
2018-11-27 04:30:00+10:00,0.0
2018-11-27 05:00:00+10:00,0.0
2018-11-27 05:30:00+10:00,0.9766977946431884
2018-11-27 06:00:00+10:00,6.901975153919912
2018-11-27 06:30:00+10:00,14.017598391445855
2018-11-27 07:00:00+10:00,21.4482158524064
2018-11-27 07:30:00+10:00,28.69946821911548
2018-11-27 08:00:00+10:00,35.48236462997134
2018-11-27 08:30:00+10:00,41.62050617223222
2018-11-27 09:00:00+10:00,47.005079611063096
2018-11-27 09:30:00+10:00,51.57207600043006
2018-11-27 10:00:00+10:00,55.28624237013051
2018-11-27 10:30:00+10:00,58.13132797603239
2018-11-27 11:00:00+10:00,60.10178648908525
2018-11-27 11:30:00+10:00,61.19835131287198
2018-11-27 12:00:00+10:00,61.42149948933042
2018-11-27 12:30:00+10:00,60.772190418462316
2018-11-27 13:00:00+10:00,59.24961640016657
2018-11-27 13:30:00+10:00,56.85288253592721
2018-11-27 14:00:00+10:00,53.58385330037626
2018-11-27 14:30:00+10:00,49.45248028437487
2018-11-27 15:00:00+10:00,44.48362150338579
2018-11-27 15:30:00+10:00,38.72516110438077
2018-11-27 16:00:00+10:00,32.260779102629925
2018-11-27 16:30:00+10:00,25.228500003939303
2018-11-27 17:00:00+10:00,17.851505480302865
2018-11-27 17:30:00+10:00,10.500836377911915
2018-11-27 18:00:00+10:00,3.8277166062214465
2018-11-27 18:30:00+10:00,0.0
2018-11-27 19:00:00+10:00,0.0
2018-11-27 19:30:00+10:00,0.0
2018-11-27 20:00:00+10:00,0.0
2018-11-27 20:30:00+10:00,0.0
2018-11-27 21:00:00+10:00,0.0
2018-11-27 21:30:00+10:00,0.0
2018-11-27 22:00:00+10:00,0.0
2018-11-27 22:30:00+10:00,0.0
2018-11-27 23:00:00+10:00,0.0
2018-11-27 23:30:00+10:00,0.0
2018-11-28 00:00:00+10:00,0.0
2018-11-28 00:30:00+10:00,0.0
2018-11-28 01:00:00+10:00,0.0
2018-11-28 01:30:00+10:00,0.0
2018-11-28 02:00:00+10:00,0.0
2018-11-28 02:30:00+10:00,0.0
2018-11-28 03:00:00+10:00,0.0
2018-11-28 03:30:00+10:00,0.0
2018-11-28 04:00:00+10:00,0.0
2018-11-28 04:30:00+10:00,0.0
2018-11-28 05:00:00+10:00,0.0
2018-11-28 05:30:00+10:00,1.1064313269486121
2018-11-28 06:00:00+10:00,7.385143653736721
2018-11-28 06:30:00+10:00,14.897325345256936
2018-11-28 07:00:00+10:00,22.720687980624128
2018-11-28 07:30:00+10:00,30.334539643722998
2018-11-28 08:00:00+10:00,37.436698169082746
2018-11-28 08:30:00+10:00,43.84583199689482
2018-11-28 09:00:00+10:00,49.45297680767114
2018-11-28 09:30:00+10:00,54.19685395191307
2018-11-28 10:00:00+10:00,58.046962987770954
2018-11-28 10:30:00+10:00,60.992082451763494
2018-11-28 11:00:00+10:00,63.0315236107291
2018-11-28 11:30:00+10:00,64.16901525424244
2018-11-28 12:00:00+10:00,64.4085344389921
2018-11-28 12:30:00+10:00,63.75094484694339
2018-11-28 13:00:00+10:00,62.1938058854039
2018-11-28 13:30:00+10:00,59.73276896542551
2018-11-28 14:00:00+10:00,56.36685304948875
2018-11-28 14:30:00+10:00,52.099908605192994
2018-11-28 15:00:00+10:00,46.95133952192139
2018-11-28 15:30:00+10:00,40.964825582929606
2018-11-28 16:00:00+10:00,34.22116443591129
2018-11-28 16:30:00+10:00,26.85900195723971
2018-11-28 17:00:00+10:00,19.107665896651636
2018-11-28 17:30:00+10:00,11.35227970110689
2018-11-28 18:00:00+10:00,4.270843291601764
2018-11-28 18:30:00+10:00,0.0
2018-11-28 19:00:00+10:00,0.0
2018-11-28 19:30:00+10:00,0.0
2018-11-28 20:00:00+10:00,0.0
2018-11-28 20:30:00+10:00,0.0
2018-11-28 21:00:00+10:00,0.0
2018-11-28 21:30:00+10:00,0.0
2018-11-28 22:00:00+10:00,0.0
2018-11-28 22:30:00+10:00,0.0
2018-11-28 23:00:00+10:00,0.0
2018-11-28 23:30:00+10:00,0.0
2018-11-29 00:00:00+10:00,0.0
2018-11-29 00:30:00+10:00,0.0
2018-11-29 01:00:00+10:00,0.0
2018-11-29 01:30:00+10:00,0.0
2018-11-29 02:00:00+10:00,0.0
2018-11-29 02:30:00+10:00,0.0
2018-11-29 03:00:00+10:00,0.0
2018-11-29 03:30:00+10:00,0.0
2018-11-29 04:00:00+10:00,0.0
2018-11-29 04:30:00+10:00,0.0
2018-11-29 05:00:00+10:00,0.0
2018-11-29 05:30:00+10:00,1.163573901814561
2018-11-29 06:00:00+10:00,7.563971792306631
2018-11-29 06:30:00+10:00,15.206986714424255
2018-11-29 07:00:00+10:00,23.159413318512673
2018-11-29 07:30:00+10:00,30.89226060126184
2018-11-29 08:00:00+10:00,38.09943093328832
2018-11-29 08:30:00+10:00,44.59747619559024
2018-11-29 09:00:00+10:00,50.27764639647797
2018-11-29 09:30:00+10:00,55.08047532778183
2018-11-29 10:00:00+10:00,58.9764226339191
2018-11-29 10:30:00+10:00,61.95643217583591
2018-11-29 11:00:00+10:00,64.02202015592778
2018-11-29 11:30:00+10:00,65.1781561534
2018-11-29 12:00:00+10:00,65.42975429601765
2018-11-29 12:30:00+10:00,64.77789305892667
2018-11-29 13:00:00+10:00,63.219489708223605
2018-11-29 13:30:00+10:00,60.74981224690801
2018-11-29 14:00:00+10:00,57.36494939034298
2018-11-29 14:30:00+10:00,53.06716857245354
2018-11-29 15:00:00+10:00,47.873623727404635
2018-11-29 15:30:00+10:00,41.82538239212458
2018-11-29 16:00:00+10:00,35.00204284440509
2018-11-29 16:30:00+10:00,27.540666999873793
2018-11-29 17:00:00+10:00,19.67085086611018
2018-11-29 17:30:00+10:00,11.77865264953287
2018-11-29 18:00:00+10:00,4.542396196649849
2018-11-29 18:30:00+10:00,0.0
2018-11-29 19:00:00+10:00,0.0
2018-11-29 19:30:00+10:00,0.0
2018-11-29 20:00:00+10:00,0.0
2018-11-29 20:30:00+10:00,0.0
2018-11-29 21:00:00+10:00,0.0
2018-11-29 21:30:00+10:00,0.0
2018-11-29 22:00:00+10:00,0.0
2018-11-29 22:30:00+10:00,0.0
2018-11-29 23:00:00+10:00,0.0
2018-11-29 23:30:00+10:00,0.0
2018-11-30 00:00:00+10:00,0.0
2018-11-30 00:30:00+10:00,0.0
2018-11-30 01:00:00+10:00,0.0
2018-11-30 01:30:00+10:00,0.0
2018-11-30 02:00:00+10:00,0.0
2018-11-30 02:30:00+10:00,0.0
2018-11-30 03:00:00+10:00,0.0
2018-11-30 03:30:00+10:00,0.0
2018-11-30 04:00:00+10:00,0.0
2018-11-30 04:30:00+10:00,0.0
2018-11-30 05:00:00+10:00,0.0
2018-11-30 05:30:00+10:00,1.1706675385955587
2018-11-30 06:00:00+10:00,7.537031409653697
2018-11-30 06:30:00+10:00,15.135233953007765
2018-11-30 07:00:00+10:00,23.03998497606096
2018-11-30 07:30:00+10:00,30.725131592398895
2018-11-30 08:00:00+10:00,37.88592987300654
2018-11-30 08:30:00+10:00,44.34026286910506
2018-11-30 09:00:00+10:00,49.98095491151769
2018-11-30 09:30:00+10:00,54.74868695961514
2018-11-30 10:00:00+10:00,58.61660783284015
2018-11-30 10:30:00+10:00,61.57613054198219
2018-11-30 11:00:00+10:00,63.629879968035894
2018-11-30 11:30:00+10:00,64.78368636113107
2018-11-30 12:00:00+10:00,65.04264026891863
2018-11-30 12:30:00+10:00,64.4082860868927
2018-11-30 13:00:00+10:00,62.877356508404084
2018-11-30 13:30:00+10:00,60.44440088055825
2018-11-30 14:00:00+10:00,57.104543265828056
2018-11-30 14:30:00+10:00,52.85891645010275
2018-11-30 15:00:00+10:00,47.722331528583325
2018-11-30 15:30:00+10:00,41.734547683376114
2018-11-30 16:00:00+10:00,34.972366608904046
2018-11-30 16:30:00+10:00,27.57011065655675
2018-11-30 17:00:00+10:00,19.753345939478706
2018-11-30 17:30:00+10:00,11.901873208003945
2018-11-30 18:00:00+10:00,4.681201714636969
2018-11-30 18:30:00+10:00,0.0
2018-11-30 19:00:00+10:00,0.0
2018-11-30 19:30:00+10:00,0.0
2018-11-30 20:00:00+10:00,0.0
2018-11-30 20:30:00+10:00,0.0
2018-11-30 21:00:00+10:00,0.0
2018-11-30 21:30:00+10:00,0.0
2018-11-30 22:00:00+10:00,0.0
2018-11-30 22:30:00+10:00,0.0
2018-11-30 23:00:00+10:00,0.0
2018-11-30 23:30:00+10:00,0.0
2018-12-01 00:00:00+10:00,0.0
2018-12-01 00:30:00+10:00,0.0
2018-12-01 01:00:00+10:00,0.0
2018-12-01 01:30:00+10:00,0.0
2018-12-01 02:00:00+10:00,0.0
2018-12-01 02:30:00+10:00,0.0
2018-12-01 03:00:00+10:00,0.0
2018-12-01 03:30:00+10:00,0.0
2018-12-01 04:00:00+10:00,0.0
2018-12-01 04:30:00+10:00,0.0
2018-12-01 05:00:00+10:00,0.0
2018-12-01 05:30:00+10:00,0.8332389883387041
2018-12-01 06:00:00+10:00,6.074877150712092
2018-12-01 06:30:00+10:00,12.378592006759895
2018-12-01 07:00:00+10:00,18.993606198414763
2018-12-01 07:30:00+10:00,25.484702648037448
2018-12-01 08:00:00+10:00,31.591041827083693
2018-12-01 08:30:00+10:00,37.148416135182075
2018-12-01 09:00:00+10:00,42.05119828545003
2018-12-01 09:30:00+10:00,46.2332054114341
2018-12-01 10:00:00+10:00,49.654078090170586
2018-12-01 10:30:00+10:00,52.29152394592115
2018-12-01 11:00:00+10:00,54.13424796844715
2018-12-01 11:30:00+10:00,55.17755197798896
2018-12-01 12:00:00+10:00,55.419570385371266
2018-12-01 12:30:00+10:00,54.86060974582681
2018-12-01 13:00:00+10:00,53.50109876746845
2018-12-01 13:30:00+10:00,51.343847574185816
2018-12-01 14:00:00+10:00,48.39577632229493
2018-12-01 14:30:00+10:00,44.6720128867382
2018-12-01 15:00:00+10:00,40.20118781353988
2018-12-01 15:30:00+10:00,35.03318810182237
2018-12-01 16:00:00+10:00,29.24789442041214
2018-12-01 16:30:00+10:00,22.970897132268988
2018-12-01 17:00:00+10:00,16.39844872413479
2018-12-01 17:30:00+10:00,9.846106373472779
2018-12-01 18:00:00+10:00,3.851947757025035
2018-12-01 18:30:00+10:00,0.0
2018-12-01 19:00:00+10:00,0.0
2018-12-01 19:30:00+10:00,0.0
2018-12-01 20:00:00+10:00,0.0
2018-12-01 20:30:00+10:00,0.0
2018-12-01 21:00:00+10:00,0.0
2018-12-01 21:30:00+10:00,0.0
2018-12-01 22:00:00+10:00,0.0
2018-12-01 22:30:00+10:00,0.0
2018-12-01 23:00:00+10:00,0.0
2018-12-01 23:30:00+10:00,0.0
2018-12-02 00:00:00+10:00,0.0
2018-12-02 00:30:00+10:00,0.0
2018-12-02 01:00:00+10:00,0.0
2018-12-02 01:30:00+10:00,0.0
2018-12-02 02:00:00+10:00,0.0
2018-12-02 02:30:00+10:00,0.0
2018-12-02 03:00:00+10:00,0.0
2018-12-02 03:30:00+10:00,0.0
2018-12-02 04:00:00+10:00,0.0
2018-12-02 04:30:00+10:00,0.0
2018-12-02 05:00:00+10:00,0.0
2018-12-02 05:30:00+10:00,1.0483359469097384
2018-12-02 06:00:00+10:00,6.99849278889868
2018-12-02 06:30:00+10:00,14.113521307728918
2018-12-02 07:00:00+10:00,21.54767839416443
2018-12-02 07:30:00+10:00,28.811990394535115
2018-12-02 08:00:00+10:00,35.617218359257016
2018-12-02 08:30:00+10:00,41.78502741695741
2018-12-02 09:00:00+10:00,47.205210254146685
2018-12-02 09:30:00+10:00,51.81221316506516
2018-12-02 10:00:00+10:00,55.56954165325697
2018-12-02 10:30:00+10:00,58.46015685997117
2018-12-02 11:00:00+10:00,60.478042334838165
2018-12-02 11:30:00+10:00,61.623690128341735
2018-12-02 12:00:00+10:00,61.897616159623205
2018-12-02 12:30:00+10:00,61.300781842958266
2018-12-02 13:00:00+10:00,59.83238049009141
2018-12-02 13:30:00+10:00,57.491236853621984
2018-12-02 14:00:00+10:00,54.279368436414366
2018-12-02 14:30:00+10:00,50.20600237619468
2018-12-02 15:00:00+10:00,45.29465846089097
2018-12-02 15:30:00+10:00,39.591040537331004
2018-12-02 16:00:00+10:00,33.175883839053945
2018-12-02 16:30:00+10:00,26.180818954351594
2018-12-02 17:00:00+10:00,18.818304480866058
2018-12-02 17:30:00+10:00,11.43636819467922
2018-12-02 18:00:00+10:00,4.6328456440168155
2018-12-02 18:30:00+10:00,0.0
2018-12-02 19:00:00+10:00,0.0
2018-12-02 19:30:00+10:00,0.0
2018-12-02 20:00:00+10:00,0.0
2018-12-02 20:30:00+10:00,0.0
2018-12-02 21:00:00+10:00,0.0
2018-12-02 21:30:00+10:00,0.0
2018-12-02 22:00:00+10:00,0.0
2018-12-02 22:30:00+10:00,0.0
2018-12-02 23:00:00+10:00,0.0
2018-12-02 23:30:00+10:00,0.0
2018-12-03 00:00:00+10:00,0.0
2018-12-03 00:30:00+10:00,0.0
2018-12-03 01:00:00+10:00,0.0
2018-12-03 01:30:00+10:00,0.0
2018-12-03 02:00:00+10:00,0.0
2018-12-03 02:30:00+10:00,0.0
2018-12-03 03:00:00+10:00,0.0
2018-12-03 03:30:00+10:00,0.0
2018-12-03 04:00:00+10:00,0.0
2018-12-03 04:30:00+10:00,0.0
2018-12-03 05:00:00+10:00,0.0
2018-12-03 05:30:00+10:00,0.7427270820928722
2018-12-03 06:00:00+10:00,5.697446115515747
2018-12-03 06:30:00+10:00,11.663281214114237
2018-12-03 07:00:00+10:00,17.94352923150824
2018-12-03 07:30:00+10:00,24.12807801702734
2018-12-03 08:00:00+10:00,29.96778134362411
2018-12-03 08:30:00+10:00,35.30241826944917
2018-12-03 09:00:00+10:00,40.026842023469165
2018-12-03 09:30:00+10:00,44.071747277779316
2018-12-03 10:00:00+10:00,47.39300031329475
2018-12-03 10:30:00+10:00,49.96421930925562
2018-12-03 11:00:00+10:00,51.76937844724675
2018-12-03 11:30:00+10:00,52.80125945290004
2018-12-03 12:00:00+10:00,53.05638613411981
2018-12-03 12:30:00+10:00,52.53337469235505
2018-12-03 13:00:00+10:00,51.23440734972347
2018-12-03 13:30:00+10:00,49.16433279208229
2018-12-03 14:00:00+10:00,46.33326509271687
2018-12-03 14:30:00+10:00,42.76013920200259
2018-12-03 15:00:00+10:00,38.47718370767076
2018-12-03 15:30:00+10:00,33.53608753712549
2018-12-03 16:00:00+10:00,28.017009629230742
2018-12-03 16:30:00+10:00,22.04159678472046
2018-12-03 17:00:00+10:00,15.795165658392973
2018-12-03 17:30:00+10:00,9.570403478768307
2018-12-03 18:00:00+10:00,3.8575593006182984
2018-12-03 18:30:00+10:00,0.0
2018-12-03 19:00:00+10:00,0.0
2018-12-03 19:30:00+10:00,0.0
2018-12-03 20:00:00+10:00,0.0
2018-12-03 20:30:00+10:00,0.0
2018-12-03 21:00:00+10:00,0.0
2018-12-03 21:30:00+10:00,0.0
2018-12-03 22:00:00+10:00,0.0
2018-12-03 22:30:00+10:00,0.0
2018-12-03 23:00:00+10:00,0.0
2018-12-03 23:30:00+10:00,0.0
2018-12-04 00:00:00+10:00,0.0
2018-12-04 00:30:00+10:00,0.0
2018-12-04 01:00:00+10:00,0.0
2018-12-04 01:30:00+10:00,0.0
2018-12-04 02:00:00+10:00,0.0
2018-12-04 02:30:00+10:00,0.0
2018-12-04 03:00:00+10:00,0.0
2018-12-04 03:30:00+10:00,0.0
2018-12-04 04:00:00+10:00,0.0
2018-12-04 04:30:00+10:00,0.0
2018-12-04 05:00:00+10:00,0.0
2018-12-04 05:30:00+10:00,0.760719446123621
2018-12-04 06:00:00+10:00,5.772190751659937
2018-12-04 06:30:00+10:00,11.804572325568653
2018-12-04 07:00:00+10:00,18.15286677225722
2018-12-04 07:30:00+10:00,24.401520084370322
2018-12-04 08:00:00+10:00,30.298158930214882
2018-12-04 08:30:00+10:00,35.68144657697966
2018-12-04 09:00:00+10:00,40.445953347163375
2018-12-04 09:30:00+10:00,44.52343368650929
2018-12-04 10:00:00+10:00,47.8706804870257
2018-12-04 10:30:00+10:00,50.46258933984101
2018-12-04 11:00:00+10:00,52.28440112918098
2018-12-04 11:30:00+10:00,53.32973181282067
2018-12-04 12:00:00+10:00,53.59546526103781
2018-12-04 12:30:00+10:00,53.08110173894834
2018-12-04 13:00:00+10:00,51.787522922991535
2018-12-04 13:30:00+10:00,49.71968166896224
2018-12-04 14:00:00+10:00,46.885722356624974
2018-12-04 14:30:00+10:00,43.3032713788118
2018-12-04 15:00:00+10:00,39.00300786480971
2018-12-04 15:30:00+10:00,34.03478145432965
2018-12-04 16:00:00+10:00,28.47752343137279
2018-12-04 16:30:00+10:00,22.451832121014235
2018-12-04 17:00:00+10:00,16.142853678950154
2018-12-04 17:30:00+10:00,9.843397458714016
2018-12-04 18:00:00+10:00,4.044858010014106
2018-12-04 18:30:00+10:00,0.0
2018-12-04 19:00:00+10:00,0.0
2018-12-04 19:30:00+10:00,0.0
2018-12-04 20:00:00+10:00,0.0
2018-12-04 20:30:00+10:00,0.0
2018-12-04 21:00:00+10:00,0.0
2018-12-04 21:30:00+10:00,0.0
2018-12-04 22:00:00+10:00,0.0
2018-12-04 22:30:00+10:00,0.0
2018-12-04 23:00:00+10:00,0.0
2018-12-04 23:30:00+10:00,0.0
2018-12-05 00:00:00+10:00,0.0
2018-12-05 00:30:00+10:00,0.0
2018-12-05 01:00:00+10:00,0.0
2018-12-05 01:30:00+10:00,0.0
2018-12-05 02:00:00+10:00,0.0
2018-12-05 02:30:00+10:00,0.0
2018-12-05 03:00:00+10:00,0.0
2018-12-05 03:30:00+10:00,0.0
2018-12-05 04:00:00+10:00,0.0
2018-12-05 04:30:00+10:00,0.0
2018-12-05 05:00:00+10:00,0.0
2018-12-05 05:30:00+10:00,0.8707370135833611
2018-12-05 06:00:00+10:00,6.275156832164662
2018-12-05 06:30:00+10:00,12.761693341621266
2018-12-05 07:00:00+10:00,19.573069463058637
2018-12-05 07:30:00+10:00,26.262282477667494
2018-12-05 08:00:00+10:00,32.56021985252933
2018-12-05 08:30:00+10:00,38.297071050220275
2018-12-05 09:00:00+10:00,43.36364743222158
2018-12-05 09:30:00+10:00,47.69134550093389
2018-12-05 10:00:00+10:00,51.23881493895166
2018-12-05 10:30:00+10:00,53.983334193164126
2018-12-05 11:00:00+10:00,55.91332546631344
2018-12-05 11:30:00+10:00,57.02452930969192
2018-12-05 12:00:00+10:00,57.31513473065781
2018-12-05 12:30:00+10:00,56.785071574156156
2018-12-05 13:00:00+10:00,55.4354914552085
2018-12-05 13:30:00+10:00,53.26760847196221
2018-12-05 14:00:00+10:00,50.288257823367985
2018-12-05 14:30:00+10:00,46.51166595578285
2018-12-05 15:00:00+10:00,41.96537888462071
2018-12-05 15:30:00+10:00,36.69765733110515
2018-12-05 16:00:00+10:00,30.787465225150186
2018-12-05 16:30:00+10:00,24.358894216872585
2018-12-05 17:00:00+10:00,17.60549857618015
2018-12-05 17:30:00+10:00,10.836385372747968
2018-12-05 18:00:00+10:00,4.5721914501417515
2018-12-05 18:30:00+10:00,0.0
2018-12-05 19:00:00+10:00,0.0
2018-12-05 19:30:00+10:00,0.0
2018-12-05 20:00:00+10:00,0.0
2018-12-05 20:30:00+10:00,0.0
2018-12-05 21:00:00+10:00,0.0
2018-12-05 21:30:00+10:00,0.0
2018-12-05 22:00:00+10:00,0.0
2018-12-05 22:30:00+10:00,0.0
2018-12-05 23:00:00+10:00,0.0
2018-12-05 23:30:00+10:00,0.0
2018-12-06 00:00:00+10:00,0.0
2018-12-06 00:30:00+10:00,0.0
2018-12-06 01:00:00+10:00,0.0
2018-12-06 01:30:00+10:00,0.0
2018-12-06 02:00:00+10:00,0.0
2018-12-06 02:30:00+10:00,0.0
2018-12-06 03:00:00+10:00,0.0
2018-12-06 03:30:00+10:00,0.0
2018-12-06 04:00:00+10:00,0.0
2018-12-06 04:30:00+10:00,0.0
2018-12-06 05:00:00+10:00,0.0
2018-12-06 05:30:00+10:00,0.8507572060054619
2018-12-06 06:00:00+10:00,6.216954468167855
2018-12-06 06:30:00+10:00,12.662164454473556
2018-12-06 07:00:00+10:00,19.43396756335124
2018-12-06 07:30:00+10:00,26.08688239402127
2018-12-06 08:00:00+10:00,32.35237296055526
2018-12-06 08:30:00+10:00,38.06076341585094
2018-12-06 09:00:00+10:00,43.103338022678734
2018-12-06 09:30:00+10:00,47.412048901059265
2018-12-06 10:00:00+10:00,50.945655201210585
2018-12-06 10:30:00+10:00,53.681458746546085
2018-12-06 11:00:00+10:00,55.60867554774721
2018-12-06 11:30:00+10:00,56.72309636820621
2018-12-06 12:00:00+10:00,57.02312519366251
2018-12-06 12:30:00+10:00,56.508725024481855
2018-12-06 13:00:00+10:00,55.18016801473993
2018-12-06 13:30:00+10:00,53.03949911764602
2018-12-06 14:00:00+10:00,50.09292760538296
2018-12-06 14:30:00+10:00,46.35364362104601
2018-12-06 15:00:00+10:00,41.848866204495394
2018-12-06 15:30:00+10:00,36.625661830190815
2018-12-06 16:00:00+10:00,30.761637350806343
2018-12-06 16:30:00+10:00,24.379070011557722
2018-12-06 17:00:00+10:00,17.668569772153045
2018-12-06 17:30:00+10:00,10.934492822982705
2018-12-06 18:00:00+10:00,4.687164730659104
2018-12-06 18:30:00+10:00,0.0
2018-12-06 19:00:00+10:00,0.0
2018-12-06 19:30:00+10:00,0.0
2018-12-06 20:00:00+10:00,0.0
2018-12-06 20:30:00+10:00,0.0
2018-12-06 21:00:00+10:00,0.0
2018-12-06 21:30:00+10:00,0.0
2018-12-06 22:00:00+10:00,0.0
2018-12-06 22:30:00+10:00,0.0
2018-12-06 23:00:00+10:00,0.0
2018-12-06 23:30:00+10:00,0.0
2018-12-07 00:00:00+10:00,0.0
2018-12-07 00:30:00+10:00,0.0
2018-12-07 01:00:00+10:00,0.0
2018-12-07 01:30:00+10:00,0.0
2018-12-07 02:00:00+10:00,0.0
2018-12-07 02:30:00+10:00,0.0
2018-12-07 03:00:00+10:00,0.0
2018-12-07 03:30:00+10:00,0.0
2018-12-07 04:00:00+10:00,0.0
2018-12-07 04:30:00+10:00,0.0
2018-12-07 05:00:00+10:00,0.0
2018-12-07 05:30:00+10:00,0.8820644430527904
2018-12-07 06:00:00+10:00,6.390912894190359
2018-12-07 06:30:00+10:00,13.004367637263961
2018-12-07 07:00:00+10:00,19.94769452529713
2018-12-07 07:30:00+10:00,26.761959999182782
2018-12-07 08:00:00+10:00,33.17141430609046
2018-12-07 08:30:00+10:00,39.003301308860536
2018-12-07 09:00:00+10:00,44.148655733836634
2018-12-07 09:30:00+10:00,48.54009437345388
2018-12-07 10:00:00+10:00,52.138722445535045
2018-12-07 10:30:00+10:00,54.92434850767718
2018-12-07 11:00:00+10:00,56.888290104797825
2018-12-07 11:30:00+10:00,58.02783421922445
2018-12-07 12:00:00+10:00,58.34297767852114
2018-12-07 12:30:00+10:00,57.834123157482594
2018-12-07 13:00:00+10:00,56.500822969693274
2018-12-07 13:30:00+10:00,54.34376562538109
2018-12-07 14:00:00+10:00,51.366633926933545
2018-12-07 14:30:00+10:00,47.58060158746923
2018-12-07 15:00:00+10:00,43.009431671999785
2018-12-07 15:30:00+10:00,37.69812673116021
2018-12-07 16:00:00+10:00,31.722310020306477
2018-12-07 16:30:00+10:00,25.203653504762187
2018-12-07 17:00:00+10:00,18.33427777913711
2018-12-07 17:30:00+10:00,11.422726237522578
2018-12-07 18:00:00+10:00,4.9872069432895145
2018-12-07 18:30:00+10:00,0.0
2018-12-07 19:00:00+10:00,0.0
2018-12-07 19:30:00+10:00,0.0
2018-12-07 20:00:00+10:00,0.0
2018-12-07 20:30:00+10:00,0.0
2018-12-07 21:00:00+10:00,0.0
2018-12-07 21:30:00+10:00,0.0
2018-12-07 22:00:00+10:00,0.0
2018-12-07 22:30:00+10:00,0.0
2018-12-07 23:00:00+10:00,0.0
2018-12-07 23:30:00+10:00,0.0
2018-12-08 00:00:00+10:00,0.0
2018-12-08 00:30:00+10:00,0.0
2018-12-08 01:00:00+10:00,0.0
2018-12-08 01:30:00+10:00,0.0
2018-12-08 02:00:00+10:00,0.0
2018-12-08 02:30:00+10:00,0.0
2018-12-08 03:00:00+10:00,0.0
2018-12-08 03:30:00+10:00,0.0
2018-12-08 04:00:00+10:00,0.0
2018-12-08 04:30:00+10:00,0.0
2018-12-08 05:00:00+10:00,0.0
2018-12-08 05:30:00+10:00,0.6116219409776739
2018-12-08 06:00:00+10:00,5.269908070263623
2018-12-08 06:30:00+10:00,10.901874856068213
2018-12-08 07:00:00+10:00,16.85608244474127
2018-12-08 07:30:00+10:00,22.74115046627296
2018-12-08 08:00:00+10:00,28.31612000147784
2018-12-08 08:30:00+10:00,33.42481402941097
2018-12-08 09:00:00+10:00,37.96328437528164
2018-12-08 09:30:00+10:00,41.862630280134255
2018-12-08 10:00:00+10:00,45.077483493366564
2018-12-08 10:30:00+10:00,47.580259465377985
2018-12-08 11:00:00+10:00,49.35441897402757
2018-12-08 11:30:00+10:00,50.39092953319957
2018-12-08 12:00:00+10:00,50.68545873755173
2018-12-08 12:30:00+10:00,50.23714919972772
2018-12-08 13:00:00+10:00,49.04776069913435
2018-12-08 13:30:00+10:00,47.12202603084287
2018-12-08 14:00:00+10:00,44.47084389161747
2018-12-08 14:30:00+10:00,41.11247663096375
2018-12-08 15:00:00+10:00,37.077966428182556
2018-12-08 15:30:00+10:00,32.41664722117026
2018-12-08 16:00:00+10:00,27.203964249301237
2018-12-08 16:30:00+10:00,21.55289698871514
2018-12-08 17:00:00+10:00,15.633553847282803
2018-12-08 17:30:00+10:00,9.71018382996524
2018-12-08 18:00:00+10:00,4.217455194279234
2018-12-08 18:30:00+10:00,0.0
2018-12-08 19:00:00+10:00,0.0
2018-12-08 19:30:00+10:00,0.0
2018-12-08 20:00:00+10:00,0.0
2018-12-08 20:30:00+10:00,0.0
2018-12-08 21:00:00+10:00,0.0
2018-12-08 21:30:00+10:00,0.0
2018-12-08 22:00:00+10:00,0.0
2018-12-08 22:30:00+10:00,0.0
2018-12-08 23:00:00+10:00,0.0
2018-12-08 23:30:00+10:00,0.0
2018-12-09 00:00:00+10:00,0.0
2018-12-09 00:30:00+10:00,0.0
2018-12-09 01:00:00+10:00,0.0
2018-12-09 01:30:00+10:00,0.0
2018-12-09 02:00:00+10:00,0.0
2018-12-09 02:30:00+10:00,0.0
2018-12-09 03:00:00+10:00,0.0
2018-12-09 03:30:00+10:00,0.0
2018-12-09 04:00:00+10:00,0.0
2018-12-09 04:30:00+10:00,0.0
2018-12-09 05:00:00+10:00,0.0
2018-12-09 05:30:00+10:00,0.688356855071928
2018-12-09 06:00:00+10:00,5.693035668247114
2018-12-09 06:30:00+10:00,11.731561722399203
2018-12-09 07:00:00+10:00,18.105392350649655
2018-12-09 07:30:00+10:00,24.394237298867296
2018-12-09 08:00:00+10:00,30.3412038185564
2018-12-09 08:30:00+10:00,35.78123754749078
2018-12-09 09:00:00+10:00,40.606197754413806
2018-12-09 09:30:00+10:00,44.74577873672777
2018-12-09 10:00:00+10:00,48.155353099786154
2018-12-09 10:30:00+10:00,50.808432977720166
2018-12-09 11:00:00+10:00,52.69058192496225
2018-12-09 11:30:00+10:00,53.793753427245846
2018-12-09 12:00:00+10:00,54.11564704082532
2018-12-09 12:30:00+10:00,53.655228549349275
2018-12-09 13:00:00+10:00,52.41324513853075
2018-12-09 13:30:00+10:00,50.394090950912776
2018-12-09 14:00:00+10:00,47.606108192932496
2018-12-09 14:30:00+10:00,44.06554764746596
2018-12-09 15:00:00+10:00,39.80182475420816
2018-12-09 15:30:00+10:00,34.86377261342169
2018-12-09 16:00:00+10:00,29.327098582318666
2018-12-09 16:30:00+10:00,23.30856005553007
2018-12-09 17:00:00+10:00,16.98600953912732
2018-12-09 17:30:00+10:00,10.637970329498776
2018-12-09 18:00:00+10:00,4.723972959432555
2018-12-09 18:30:00+10:00,0.0
2018-12-09 19:00:00+10:00,0.0
2018-12-09 19:30:00+10:00,0.0
2018-12-09 20:00:00+10:00,0.0
2018-12-09 20:30:00+10:00,0.0
2018-12-09 21:00:00+10:00,0.0
2018-12-09 21:30:00+10:00,0.0
2018-12-09 22:00:00+10:00,0.0
2018-12-09 22:30:00+10:00,0.0
2018-12-09 23:00:00+10:00,0.0
2018-12-09 23:30:00+10:00,0.0
2018-12-10 00:00:00+10:00,0.0
2018-12-10 00:30:00+10:00,0.0
2018-12-10 01:00:00+10:00,0.0
2018-12-10 01:30:00+10:00,0.0
2018-12-10 02:00:00+10:00,0.0
2018-12-10 02:30:00+10:00,0.0
2018-12-10 03:00:00+10:00,0.0
2018-12-10 03:30:00+10:00,0.0
2018-12-10 04:00:00+10:00,0.0
2018-12-10 04:30:00+10:00,0.0
2018-12-10 05:00:00+10:00,0.0
2018-12-10 05:30:00+10:00,0.9942082104977477
2018-12-10 06:00:00+10:00,7.159654220449315
2018-12-10 06:30:00+10:00,14.543192949477165
2018-12-10 07:00:00+10:00,22.279880657167418
2018-12-10 07:30:00+10:00,29.853693116845935
2018-12-10 08:00:00+10:00,36.957777406756456
2018-12-10 08:30:00+10:00,43.403625409424436
2018-12-10 09:00:00+10:00,49.07549282143961
2018-12-10 09:30:00+10:00,53.905840435461116
2018-12-10 10:00:00+10:00,57.85893874710474
2018-12-10 10:30:00+10:00,60.91923792252955
2018-12-10 11:00:00+10:00,63.083458608396114
2018-12-10 11:30:00+10:00,64.35405461029279
2018-12-10 12:00:00+10:00,64.73349936158326
2018-12-10 12:30:00+10:00,64.22315481508465
2018-12-10 13:00:00+10:00,62.82132403811591
2018-12-10 13:30:00+10:00,60.525168720179764
2018-12-10 14:00:00+10:00,57.334024846528074
2018-12-10 14:30:00+10:00,53.25142859622339
2018-12-10 15:00:00+10:00,48.29589230615296
2018-12-10 15:30:00+10:00,42.50721381781976
2018-12-10 16:00:00+10:00,35.95904923205301
2018-12-10 16:30:00+10:00,28.775596696176535
2018-12-10 17:00:00+10:00,21.159292086316718
2018-12-10 17:30:00+10:00,13.439773658638387
2018-12-10 18:00:00+10:00,6.173531885277659
2018-12-10 18:30:00+10:00,0.26574340416499803
2018-12-10 19:00:00+10:00,0.0
2018-12-10 19:30:00+10:00,0.0
2018-12-10 20:00:00+10:00,0.0
2018-12-10 20:30:00+10:00,0.0
2018-12-10 21:00:00+10:00,0.0
2018-12-10 21:30:00+10:00,0.0
2018-12-10 22:00:00+10:00,0.0
2018-12-10 22:30:00+10:00,0.0
2018-12-10 23:00:00+10:00,0.0
2018-12-10 23:30:00+10:00,0.0
2018-12-11 00:00:00+10:00,0.0
2018-12-11 00:30:00+10:00,0.0
2018-12-11 01:00:00+10:00,0.0
2018-12-11 01:30:00+10:00,0.0
2018-12-11 02:00:00+10:00,0.0
2018-12-11 02:30:00+10:00,0.0
2018-12-11 03:00:00+10:00,0.0
2018-12-11 03:30:00+10:00,0.0
2018-12-11 04:00:00+10:00,0.0
2018-12-11 04:30:00+10:00,0.0
2018-12-11 05:00:00+10:00,0.0
2018-12-11 05:30:00+10:00,0.9167188718837385
2018-12-11 06:00:00+10:00,6.929924949395708
2018-12-11 06:30:00+10:00,14.14732597501033
2018-12-11 07:00:00+10:00,21.724083851469985
2018-12-11 07:30:00+10:00,29.153663778622757
2018-12-11 08:00:00+10:00,36.13333280865818
2018-12-11 08:30:00+10:00,42.47580331323128
2018-12-11 09:00:00+10:00,48.06534961366724
2018-12-11 09:30:00+10:00,52.83269393368505
2018-12-11 10:00:00+10:00,56.74043826507349
2018-12-11 10:30:00+10:00,59.77135432870057
2018-12-11 11:00:00+10:00,61.92010686886312
2018-12-11 11:30:00+10:00,63.18705492680905
2018-12-11 12:00:00+10:00,63.575037295480804
2018-12-11 12:30:00+10:00,63.084679432209455
2018-12-11 13:00:00+10:00,61.71461899065769
2018-12-11 13:30:00+10:00,59.46302024394252
2018-12-11 14:00:00+10:00,56.33007945386355
2018-12-11 14:30:00+10:00,52.321881720166076
2018-12-11 15:00:00+10:00,47.45752157832834
2018-12-11 15:30:00+10:00,41.778172937662674
2018-12-11 16:00:00+10:00,35.35714758727361
2018-12-11 16:30:00+10:00,28.317135133137
2018-12-11 17:00:00+10:00,20.8560378664038
2018-12-11 17:30:00+10:00,13.293858031758917
2018-12-11 18:00:00+10:00,6.168018030916502
2018-12-11 18:30:00+10:00,0.3526674061912868
2018-12-11 19:00:00+10:00,0.0
2018-12-11 19:30:00+10:00,0.0
2018-12-11 20:00:00+10:00,0.0
2018-12-11 20:30:00+10:00,0.0
2018-12-11 21:00:00+10:00,0.0
2018-12-11 21:30:00+10:00,0.0
2018-12-11 22:00:00+10:00,0.0
2018-12-11 22:30:00+10:00,0.0
2018-12-11 23:00:00+10:00,0.0
2018-12-11 23:30:00+10:00,0.0
2018-12-12 00:00:00+10:00,0.0
2018-12-12 00:30:00+10:00,0.0
2018-12-12 01:00:00+10:00,0.0
2018-12-12 01:30:00+10:00,0.0
2018-12-12 02:00:00+10:00,0.0
2018-12-12 02:30:00+10:00,0.0
2018-12-12 03:00:00+10:00,0.0
2018-12-12 03:30:00+10:00,0.0
2018-12-12 04:00:00+10:00,0.0
2018-12-12 04:30:00+10:00,0.0
2018-12-12 05:00:00+10:00,0.0
2018-12-12 05:30:00+10:00,1.2231790143017454
2018-12-12 06:00:00+10:00,8.438394799241147
2018-12-12 06:30:00+10:00,17.036150836248947
2018-12-12 07:00:00+10:00,25.980346804529596
2018-12-12 07:30:00+10:00,34.658726892747765
2018-12-12 08:00:00+10:00,42.71866430987529
2018-12-12 08:30:00+10:00,49.95657206256009
2018-12-12 09:00:00+10:00,56.26008449157379
2018-12-12 09:30:00+10:00,61.575507086761036
2018-12-12 10:00:00+10:00,65.8880471166462
2018-12-12 10:30:00+10:00,69.2044882631808
2018-12-12 11:00:00+10:00,71.54230446200287
2018-12-12 11:30:00+10:00,72.91900287218395
2018-12-12 12:00:00+10:00,73.34977446271968
2018-12-12 12:30:00+10:00,72.83835887362265
2018-12-12 13:00:00+10:00,71.37896388167657
2018-12-12 13:30:00+10:00,68.95816266691774
2018-12-12 14:00:00+10:00,65.55762845461612
2018-12-12 14:30:00+10:00,61.15970098230584
2018-12-12 15:00:00+10:00,55.75942080261851
2018-12-12 15:30:00+10:00,49.37516697891069
2018-12-12 16:00:00+10:00,42.06403348902169
2018-12-12 16:30:00+10:00,33.944994076549975
2018-12-12 17:00:00+10:00,25.231755741146987
2018-12-12 17:30:00+10:00,16.292927651217536
2018-12-12 18:00:00+10:00,7.768909713431536
2018-12-12 18:30:00+10:00,0.7226564020343234
2018-12-12 19:00:00+10:00,0.0
2018-12-12 19:30:00+10:00,0.0
2018-12-12 20:00:00+10:00,0.0
2018-12-12 20:30:00+10:00,0.0
2018-12-12 21:00:00+10:00,0.0
2018-12-12 21:30:00+10:00,0.0
2018-12-12 22:00:00+10:00,0.0
2018-12-12 22:30:00+10:00,0.0
2018-12-12 23:00:00+10:00,0.0
2018-12-12 23:30:00+10:00,0.0
2018-12-13 00:00:00+10:00,0.0
2018-12-13 00:30:00+10:00,0.0
2018-12-13 01:00:00+10:00,0.0
2018-12-13 01:30:00+10:00,0.0
2018-12-13 02:00:00+10:00,0.0
2018-12-13 02:30:00+10:00,0.0
2018-12-13 03:00:00+10:00,0.0
2018-12-13 03:30:00+10:00,0.0
2018-12-13 04:00:00+10:00,0.0
2018-12-13 04:30:00+10:00,0.0
2018-12-13 05:00:00+10:00,0.0
2018-12-13 05:30:00+10:00,0.7108602859375754
2018-12-13 06:00:00+10:00,6.2062046586206305
2018-12-13 06:30:00+10:00,12.847008360167298
2018-12-13 07:00:00+10:00,19.850016163594393
2018-12-13 07:30:00+10:00,26.7406192808498
2018-12-13 08:00:00+10:00,33.233165086327425
2018-12-13 08:30:00+10:00,39.14914942002606
2018-12-13 09:00:00+10:00,44.37644870996289
2018-12-13 09:30:00+10:00,48.84645956462171
2018-12-13 10:00:00+10:00,52.52095357419678
2018-12-13 10:30:00+10:00,55.38021495705365
2018-12-13 11:00:00+10:00,57.41626735892259
2018-12-13 11:30:00+10:00,58.628501688577494
2018-12-13 12:00:00+10:00,59.01727896289407
2018-12-13 12:30:00+10:00,58.58328142460453
2018-12-13 13:00:00+10:00,57.32575198888464
2018-12-13 13:30:00+10:00,55.243912135349504
2018-12-13 14:00:00+10:00,52.34011358556364
2018-12-13 14:30:00+10:00,48.6217116779683
2018-12-13 15:00:00+10:00,44.10953656401438
2018-12-13 15:30:00+10:00,38.84356747956802
2018-12-13 16:00:00+10:00,32.894292111745614
2018-12-13 16:30:00+10:00,26.37679982232994
2018-12-13 17:00:00+10:00,19.474065929921355
2018-12-13 17:30:00+10:00,12.479046475242917
2018-12-13 18:00:00+10:00,5.8792754860019105
2018-12-13 18:30:00+10:00,0.4708917240047646
2018-12-13 19:00:00+10:00,0.0
2018-12-13 19:30:00+10:00,0.0
2018-12-13 20:00:00+10:00,0.0
2018-12-13 20:30:00+10:00,0.0
2018-12-13 21:00:00+10:00,0.0
2018-12-13 21:30:00+10:00,0.0
2018-12-13 22:00:00+10:00,0.0
2018-12-13 22:30:00+10:00,0.0
2018-12-13 23:00:00+10:00,0.0
2018-12-13 23:30:00+10:00,0.0
2018-12-14 00:00:00+10:00,0.0
2018-12-14 00:30:00+10:00,0.0
2018-12-14 01:00:00+10:00,0.0
2018-12-14 01:30:00+10:00,0.0
2018-12-14 02:00:00+10:00,0.0
2018-12-14 02:30:00+10:00,0.0
2018-12-14 03:00:00+10:00,0.0
2018-12-14 03:30:00+10:00,0.0
2018-12-14 04:00:00+10:00,0.0
2018-12-14 04:30:00+10:00,0.0
2018-12-14 05:00:00+10:00,0.0
2018-12-14 05:30:00+10:00,0.5812105011162608
2018-12-14 06:00:00+10:00,5.779108495602808
2018-12-14 06:30:00+10:00,12.083442183153288
2018-12-14 07:00:00+10:00,18.75830973704336
2018-12-14 07:30:00+10:00,25.35365936357392
2018-12-14 08:00:00+10:00,31.594838099160192
2018-12-14 08:30:00+10:00,37.306750459264
2018-12-14 09:00:00+10:00,42.375730355151994
2018-12-14 09:30:00+10:00,46.72933611724175
2018-12-14 10:00:00+10:00,50.322574827733
2018-12-14 10:30:00+10:00,53.12963465855521
2018-12-14 11:00:00+10:00,55.13735860273006
2018-12-14 11:30:00+10:00,56.339575652107044
2018-12-14 12:00:00+10:00,56.7341799624705
2018-12-14 12:30:00+10:00,56.32083509725256
2018-12-14 13:00:00+10:00,55.099446973105394
2018-12-14 13:30:00+10:00,53.07302629907106
2018-12-14 14:00:00+10:00,50.24769917193381
2018-12-14 14:30:00+10:00,46.636877525567456
2018-12-14 15:00:00+10:00,42.26680427423201
2018-12-14 15:30:00+10:00,37.18315943183955
2018-12-14 16:00:00+10:00,31.459140822296366
2018-12-14 16:30:00+10:00,25.20957141842838
2018-12-14 17:00:00+10:00,18.611293375878308
2018-12-14 17:30:00+10:00,11.941564818571724
2018-12-14 18:00:00+10:00,5.654826044566086
2018-12-14 18:30:00+10:00,0.49002023557944924
2018-12-14 19:00:00+10:00,0.0
2018-12-14 19:30:00+10:00,0.0
2018-12-14 20:00:00+10:00,0.0
2018-12-14 20:30:00+10:00,0.0
2018-12-14 21:00:00+10:00,0.0
2018-12-14 21:30:00+10:00,0.0
2018-12-14 22:00:00+10:00,0.0
2018-12-14 22:30:00+10:00,0.0
2018-12-14 23:00:00+10:00,0.0
2018-12-14 23:30:00+10:00,0.0
2018-12-15 00:00:00+10:00,0.0
2018-12-15 00:30:00+10:00,0.0
2018-12-15 01:00:00+10:00,0.0
2018-12-15 01:30:00+10:00,0.0
2018-12-15 02:00:00+10:00,0.0
2018-12-15 02:30:00+10:00,0.0
2018-12-15 03:00:00+10:00,0.0
2018-12-15 03:30:00+10:00,0.0
2018-12-15 04:00:00+10:00,0.0
2018-12-15 04:30:00+10:00,0.0
2018-12-15 05:00:00+10:00,0.0
2018-12-15 05:30:00+10:00,0.8765753510637648
2018-12-15 06:00:00+10:00,7.4003907981172246
2018-12-15 06:30:00+10:00,15.251490616270836
2018-12-15 07:00:00+10:00,23.489836218828614
2018-12-15 07:30:00+10:00,31.547442129517545
2018-12-15 08:00:00+10:00,39.09022174096362
2018-12-15 08:30:00+10:00,45.91713221756108
2018-12-15 09:00:00+10:00,51.90961936965478
2018-12-15 09:30:00+10:00,57.003065020512324
2018-12-15 10:00:00+10:00,61.168428293375754
2018-12-15 10:30:00+10:00,64.39770716759564
2018-12-15 11:00:00+10:00,66.69568564496817
2018-12-15 11:30:00+10:00,68.07095318046451
2018-12-15 12:00:00+10:00,68.53126710396529
2018-12-15 12:30:00+10:00,68.07874457493527
2018-12-15 13:00:00+10:00,66.71137590505467
2018-12-15 13:30:00+10:00,64.42149912434286
2018-12-15 14:00:00+10:00,61.20058382511815
2018-12-15 14:30:00+10:00,57.04389317654004
2018-12-15 15:00:00+10:00,51.959326657548
2018-12-15 15:30:00+10:00,45.97580046327101
2018-12-15 16:00:00+10:00,39.15766365299053
2018-12-15 16:30:00+10:00,31.62291607959757
2018-12-15 17:00:00+10:00,23.571584969958476
2018-12-15 17:30:00+10:00,15.335965783982545
2018-12-15 18:00:00+10:00,7.479880516287865
2018-12-15 18:30:00+10:00,0.935993202481527
2018-12-15 19:00:00+10:00,0.0
2018-12-15 19:30:00+10:00,0.0
2018-12-15 20:00:00+10:00,0.0
2018-12-15 20:30:00+10:00,0.0
2018-12-15 21:00:00+10:00,0.0
2018-12-15 21:30:00+10:00,0.0
2018-12-15 22:00:00+10:00,0.0
2018-12-15 22:30:00+10:00,0.0
2018-12-15 23:00:00+10:00,0.0
2018-12-15 23:30:00+10:00,0.0
2018-12-16 00:00:00+10:00,0.0
2018-12-16 00:30:00+10:00,0.0
2018-12-16 01:00:00+10:00,0.0
2018-12-16 01:30:00+10:00,0.0
2018-12-16 02:00:00+10:00,0.0
2018-12-16 02:30:00+10:00,0.0
2018-12-16 03:00:00+10:00,0.0
2018-12-16 03:30:00+10:00,0.0
2018-12-16 04:00:00+10:00,0.0
2018-12-16 04:30:00+10:00,0.0
2018-12-16 05:00:00+10:00,0.0
2018-12-16 05:30:00+10:00,0.7365433089473292
2018-12-16 06:00:00+10:00,6.911812028337881
2018-12-16 06:30:00+10:00,14.374996379961335
2018-12-16 07:00:00+10:00,22.231697462934516
2018-12-16 07:30:00+10:00,29.937848253387102
2018-12-16 08:00:00+10:00,37.17074845563398
2018-12-16 08:30:00+10:00,43.73436344165667
2018-12-16 09:00:00+10:00,49.510590858837325
2018-12-16 09:30:00+10:00,54.43294343912607
2018-12-16 10:00:00+10:00,58.4682835210076
2018-12-16 10:30:00+10:00,61.60540722121949
2018-12-16 11:00:00+10:00,63.8444686620264
2018-12-16 11:30:00+10:00,65.1912772214765
2018-12-16 12:00:00+10:00,65.65158177324926
2018-12-16 12:30:00+10:00,65.22700611959351
2018-12-16 13:00:00+10:00,63.91610983337163
2018-12-16 13:30:00+10:00,61.71290171067746
2018-12-16 14:00:00+10:00,58.612760474955
2018-12-16 14:30:00+10:00,54.61366813428485
2018-12-16 15:00:00+10:00,49.727603166400925
2018-12-16 15:30:00+10:00,43.985833591408934
2018-12-16 16:00:00+10:00,37.45361876689144
2018-12-16 16:30:00+10:00,30.246513808017216
2018-12-16 17:00:00+10:00,22.556525829753387
2018-12-16 17:30:00+10:00,14.699452595885672
2018-12-16 18:00:00+10:00,7.206946535026046
2018-12-16 18:30:00+10:00,0.9583433289126077
2018-12-16 19:00:00+10:00,0.0
2018-12-16 19:30:00+10:00,0.0
2018-12-16 20:00:00+10:00,0.0
2018-12-16 20:30:00+10:00,0.0
2018-12-16 21:00:00+10:00,0.0
2018-12-16 21:30:00+10:00,0.0
2018-12-16 22:00:00+10:00,0.0
2018-12-16 22:30:00+10:00,0.0
2018-12-16 23:00:00+10:00,0.0
2018-12-16 23:30:00+10:00,0.0
2018-12-17 00:00:00+10:00,0.0
2018-12-17 00:30:00+10:00,0.0
2018-12-17 01:00:00+10:00,0.0
2018-12-17 01:30:00+10:00,0.0
2018-12-17 02:00:00+10:00,0.0
2018-12-17 02:30:00+10:00,0.0
2018-12-17 03:00:00+10:00,0.0
2018-12-17 03:30:00+10:00,0.0
2018-12-17 04:00:00+10:00,0.0
2018-12-17 04:30:00+10:00,0.0
2018-12-17 05:00:00+10:00,0.0
2018-12-17 05:30:00+10:00,0.7911169366337616
2018-12-17 06:00:00+10:00,7.448391733388242
2018-12-17 06:30:00+10:00,15.480097246590793
2018-12-17 07:00:00+10:00,23.912847208044887
2018-12-17 07:30:00+10:00,32.15562247830589
2018-12-17 08:00:00+10:00,39.86285289552675
2018-12-17 08:30:00+10:00,46.82886552999638
2018-12-17 09:00:00+10:00,52.93503031023128
2018-12-17 09:30:00+10:00,58.11922078152803
2018-12-17 10:00:00+10:00,62.355330158863474
2018-12-17 10:30:00+10:00,65.64050673270033
2018-12-17 11:00:00+10:00,67.98292480875716
2018-12-17 11:30:00+10:00,69.39524759485363
2018-12-17 12:00:00+10:00,69.88661017618654
2018-12-17 12:30:00+10:00,69.4619842568765
2018-12-17 13:00:00+10:00,68.1169470180134
2018-12-17 13:30:00+10:00,65.84242321053824
2018-12-17 14:00:00+10:00,62.62622960027039
2018-12-17 14:30:00+10:00,58.45983067154864
2018-12-17 15:00:00+10:00,53.34472421502831
2018-12-17 15:30:00+10:00,47.30478426508754
2018-12-17 16:00:00+10:00,40.39940816042128
2018-12-17 16:30:00+10:00,32.742272678102935
2018-12-17 17:00:00+10:00,24.530882477474698
2018-12-17 17:30:00+10:00,16.09788105063673
2018-12-17 18:00:00+10:00,8.01027578750295
2018-12-17 18:30:00+10:00,1.2146529795789296
2018-12-17 19:00:00+10:00,0.0
2018-12-17 19:30:00+10:00,0.0
2018-12-17 20:00:00+10:00,0.0
2018-12-17 20:30:00+10:00,0.0
2018-12-17 21:00:00+10:00,0.0
2018-12-17 21:30:00+10:00,0.0
2018-12-17 22:00:00+10:00,0.0
2018-12-17 22:30:00+10:00,0.0
2018-12-17 23:00:00+10:00,0.0
2018-12-17 23:30:00+10:00,0.0
2018-12-18 00:00:00+10:00,0.0
2018-12-18 00:30:00+10:00,0.0
2018-12-18 01:00:00+10:00,0.0
2018-12-18 01:30:00+10:00,0.0
2018-12-18 02:00:00+10:00,0.0
2018-12-18 02:30:00+10:00,0.0
2018-12-18 03:00:00+10:00,0.0
2018-12-18 03:30:00+10:00,0.0
2018-12-18 04:00:00+10:00,0.0
2018-12-18 04:30:00+10:00,0.0
2018-12-18 05:00:00+10:00,0.0
2018-12-18 05:30:00+10:00,0.618020356110098
2018-12-18 06:00:00+10:00,6.775664949175371
2018-12-18 06:30:00+10:00,14.24862912016485
2018-12-18 07:00:00+10:00,22.126526853719355
2018-12-18 07:30:00+10:00,29.85389551140135
2018-12-18 08:00:00+10:00,37.10279316961635
2018-12-18 08:30:00+10:00,43.675904413559806
2018-12-18 09:00:00+10:00,49.45571236613653
2018-12-18 09:30:00+10:00,54.37775328606311
2018-12-18 10:00:00+10:00,58.41234115563415
2018-12-18 10:30:00+10:00,61.55055710995539
2018-12-18 11:00:00+10:00,63.79622485264533
2018-12-18 11:30:00+10:00,65.15722278620515
2018-12-18 12:00:00+10:00,65.64056673682163
2018-12-18 12:30:00+10:00,65.24953496321821
2018-12-18 13:00:00+10:00,63.98109421559373
2018-12-18 13:30:00+10:00,61.82903246779865
2018-12-18 14:00:00+10:00,58.7854531686828
2018-12-18 14:30:00+10:00,54.845588153922535
2018-12-18 15:00:00+10:00,50.01650150625554
2018-12-18 15:30:00+10:00,44.325578267214674
2018-12-18 16:00:00+10:00,37.83271302636477
2018-12-18 16:30:00+10:00,30.648817066805055
2018-12-18 17:00:00+10:00,22.960899748973386
2018-12-18 17:30:00+10:00,15.079341780561965
2018-12-18 18:00:00+10:00,7.528517205560215
2018-12-18 18:30:00+10:00,1.1821924885850088
2018-12-18 19:00:00+10:00,0.0
2018-12-18 19:30:00+10:00,0.0
2018-12-18 20:00:00+10:00,0.0
2018-12-18 20:30:00+10:00,0.0
2018-12-18 21:00:00+10:00,0.0
2018-12-18 21:30:00+10:00,0.0
2018-12-18 22:00:00+10:00,0.0
2018-12-18 22:30:00+10:00,0.0
2018-12-18 23:00:00+10:00,0.0
2018-12-18 23:30:00+10:00,0.0
2018-12-19 00:00:00+10:00,0.0
2018-12-19 00:30:00+10:00,0.0
2018-12-19 01:00:00+10:00,0.0
2018-12-19 01:30:00+10:00,0.0
2018-12-19 02:00:00+10:00,0.0
2018-12-19 02:30:00+10:00,0.0
2018-12-19 03:00:00+10:00,0.0
2018-12-19 03:30:00+10:00,0.0
2018-12-19 04:00:00+10:00,0.0
2018-12-19 04:30:00+10:00,0.0
2018-12-19 05:00:00+10:00,0.0
2018-12-19 05:30:00+10:00,0.436066011532583
2018-12-19 06:00:00+10:00,6.026442599850557
2018-12-19 06:30:00+10:00,12.856767024908844
2018-12-19 07:00:00+10:00,20.095023899739346
2018-12-19 07:30:00+10:00,27.228435315551675
2018-12-19 08:00:00+10:00,33.95102873942388
2018-12-19 08:30:00+10:00,40.07458865701822
2018-12-19 09:00:00+10:00,45.48357966844758
2018-12-19 09:30:00+10:00,50.110076667830775
2018-12-19 10:00:00+10:00,53.918413687941644
2018-12-19 10:30:00+10:00,56.893086058253104
2018-12-19 11:00:00+10:00,59.03052536311186
2018-12-19 11:30:00+10:00,60.33401759933278
2018-12-19 12:00:00+10:00,60.80597187601601
2018-12-19 12:30:00+10:00,60.44824304519947
2018-12-19 13:00:00+10:00,59.26034564110395
2018-12-19 13:30:00+10:00,57.23818978566674
2018-12-19 14:00:00+10:00,54.378945405894264
2018-12-19 14:30:00+10:00,50.685527434045795
2018-12-19 15:00:00+10:00,46.17090950549685
2018-12-19 15:30:00+10:00,40.867378577746486
2018-12-19 16:00:00+10:00,34.83767208733929
2018-12-19 16:30:00+10:00,28.189621303706065
2018-12-19 17:00:00+10:00,21.099238412703546
2018-12-19 17:30:00+10:00,13.85219605014183
2018-12-19 18:00:00+10:00,6.924412852988025
2018-12-19 18:30:00+10:00,1.1055164958925914
2018-12-19 19:00:00+10:00,0.0
2018-12-19 19:30:00+10:00,0.0
2018-12-19 20:00:00+10:00,0.0
2018-12-19 20:30:00+10:00,0.0
2018-12-19 21:00:00+10:00,0.0
2018-12-19 21:30:00+10:00,0.0
2018-12-19 22:00:00+10:00,0.0
2018-12-19 22:30:00+10:00,0.0
2018-12-19 23:00:00+10:00,0.0
2018-12-19 23:30:00+10:00,0.0
2018-12-20 00:00:00+10:00,0.0
2018-12-20 00:30:00+10:00,0.0
2018-12-20 01:00:00+10:00,0.0
2018-12-20 01:30:00+10:00,0.0
2018-12-20 02:00:00+10:00,0.0
2018-12-20 02:30:00+10:00,0.0
2018-12-20 03:00:00+10:00,0.0
2018-12-20 03:30:00+10:00,0.0
2018-12-20 04:00:00+10:00,0.0
2018-12-20 04:30:00+10:00,0.0
2018-12-20 05:00:00+10:00,0.0
2018-12-20 05:30:00+10:00,0.3029728573656131
2018-12-20 06:00:00+10:00,5.575653459803849
2018-12-20 06:30:00+10:00,12.048130235202608
2018-12-20 07:00:00+10:00,18.93611562930658
2018-12-20 07:30:00+10:00,25.752271932010984
2018-12-20 08:00:00+10:00,32.20247096982089
2018-12-20 08:30:00+10:00,38.10251114476592
2018-12-20 09:00:00+10:00,43.33589351474597
2018-12-20 09:30:00+10:00,47.83083305073049
2018-12-20 10:00:00+10:00,51.54536543489766
2018-12-20 10:30:00+10:00,54.45821088357719
2018-12-20 11:00:00+10:00,56.560105506543835
2018-12-20 11:30:00+10:00,57.84874003871057
2018-12-20 12:00:00+10:00,58.32428916139302
2018-12-20 12:30:00+10:00,57.98751112824
2018-12-20 13:00:00+10:00,56.83789097775603
2018-12-20 13:30:00+10:00,54.8752768366776
2018-12-20 14:00:00+10:00,52.10074090432578
2018-12-20 14:30:00+10:00,48.52223571969787
2018-12-20 15:00:00+10:00,44.15874022910295
2018-12-20 15:30:00+10:00,39.047930161619384
2018-12-20 16:00:00+10:00,33.25559872829144
2018-12-20 16:30:00+10:00,26.889349614873453
2018-12-20 17:00:00+10:00,20.11955524134311
2018-12-20 17:30:00+10:00,13.217016529910833
2018-12-20 18:00:00+10:00,6.627212135424617
2018-12-20 18:30:00+10:00,1.0860792978317455
2018-12-20 19:00:00+10:00,0.0
2018-12-20 19:30:00+10:00,0.0
2018-12-20 20:00:00+10:00,0.0
2018-12-20 20:30:00+10:00,0.0
2018-12-20 21:00:00+10:00,0.0
2018-12-20 21:30:00+10:00,0.0
2018-12-20 22:00:00+10:00,0.0
2018-12-20 22:30:00+10:00,0.0
2018-12-20 23:00:00+10:00,0.0
2018-12-20 23:30:00+10:00,0.0
2018-12-21 00:00:00+10:00,0.0
2018-12-21 00:30:00+10:00,0.0
2018-12-21 01:00:00+10:00,0.0
2018-12-21 01:30:00+10:00,0.0
2018-12-21 02:00:00+10:00,0.0
2018-12-21 02:30:00+10:00,0.0
2018-12-21 03:00:00+10:00,0.0
2018-12-21 03:30:00+10:00,0.0
2018-12-21 04:00:00+10:00,0.0
2018-12-21 04:30:00+10:00,0.0
2018-12-21 05:00:00+10:00,0.0
2018-12-21 05:30:00+10:00,0.24212358123760022
2018-12-21 06:00:00+10:00,5.589008451446879
2018-12-21 06:30:00+10:00,12.16130221772073
2018-12-21 07:00:00+10:00,19.16632012480585
2018-12-21 07:30:00+10:00,26.10754327887207
2018-12-21 08:00:00+10:00,32.68509197484772
2018-12-21 08:30:00+10:00,38.7101327245843
2018-12-21 09:00:00+10:00,44.06230548380837
2018-12-21 09:30:00+10:00,48.6659160028588
2018-12-21 10:00:00+10:00,52.47707843652345
2018-12-21 10:30:00+10:00,55.470975845763114
2018-12-21 11:00:00+10:00,57.63666419330347
2018-12-21 11:30:00+10:00,58.97035062438517
2018-12-21 12:00:00+10:00,59.471297222405816
2018-12-21 12:30:00+10:00,59.139939778408035
2018-12-21 13:00:00+10:00,57.975987453676005
2018-12-21 13:30:00+10:00,55.979663116753706
2018-12-21 14:00:00+10:00,53.15404765340992
2018-12-21 14:30:00+10:00,49.508358257830295
2018-12-21 15:00:00+10:00,45.06348753481209
2018-12-21 15:30:00+10:00,39.85917513852403
2018-12-21 16:00:00+10:00,33.96364732887454
2018-12-21 16:30:00+10:00,27.48650724965912
2018-12-21 17:00:00+10:00,20.600111428450816
2018-12-21 17:30:00+10:00,13.576575584779338
2018-12-21 18:00:00+10:00,6.86204011193504
2018-12-21 18:30:00+10:00,1.1933844330913408
2018-12-21 19:00:00+10:00,0.0
2018-12-21 19:30:00+10:00,0.0
2018-12-21 20:00:00+10:00,0.0
2018-12-21 20:30:00+10:00,0.0
2018-12-21 21:00:00+10:00,0.0
2018-12-21 21:30:00+10:00,0.0
2018-12-21 22:00:00+10:00,0.0
2018-12-21 22:30:00+10:00,0.0
2018-12-21 23:00:00+10:00,0.0
2018-12-21 23:30:00+10:00,0.0
2018-12-22 00:00:00+10:00,0.0
2018-12-22 00:30:00+10:00,0.0
2018-12-22 01:00:00+10:00,0.0
2018-12-22 01:30:00+10:00,0.0
2018-12-22 02:00:00+10:00,0.0
2018-12-22 02:30:00+10:00,0.0
2018-12-22 03:00:00+10:00,0.0
2018-12-22 03:30:00+10:00,0.0
2018-12-22 04:00:00+10:00,0.0
2018-12-22 04:30:00+10:00,0.0
2018-12-22 05:00:00+10:00,0.0
2018-12-22 05:30:00+10:00,0.24385707216411923
2018-12-22 06:00:00+10:00,5.9749902844901435
2018-12-22 06:30:00+10:00,13.017687290528023
2018-12-22 07:00:00+10:00,20.510532045763906
2018-12-22 07:30:00+10:00,27.915068695857485
2018-12-22 08:00:00+10:00,34.90951188216852
2018-12-22 08:30:00+10:00,41.29511342081159
2018-12-22 09:00:00+10:00,46.94883004232292
2018-12-22 09:30:00+10:00,51.79705055710857
2018-12-22 10:00:00+10:00,55.799918467108114
2018-12-22 10:30:00+10:00,58.938730791224316
2018-12-22 11:00:00+10:00,61.20816079862651
2018-12-22 11:30:00+10:00,62.60862309394373
2018-12-22 12:00:00+10:00,63.14317311488959
2018-12-22 12:30:00+10:00,62.81303923808574
2018-12-22 13:00:00+10:00,61.61778585728659
2018-12-22 13:30:00+10:00,59.55441553263461
2018-12-22 14:00:00+10:00,56.62119597289447
2018-12-22 14:30:00+10:00,52.82182354403042
2018-12-22 15:00:00+10:00,48.17102520738013
2018-12-22 15:30:00+10:00,42.702876285620086
2018-12-22 16:00:00+10:00,36.48161734170048
2018-12-22 16:30:00+10:00,29.616833327776
2018-12-22 17:00:00+10:00,22.286094174337332
2018-12-22 17:30:00+10:00,14.775822888770875
2018-12-22 18:00:00+10:00,7.561038333968286
2018-12-22 18:30:00+10:00,1.4343911618996152
2018-12-22 19:00:00+10:00,0.0
2018-12-22 19:30:00+10:00,0.0
2018-12-22 20:00:00+10:00,0.0
2018-12-22 20:30:00+10:00,0.0
2018-12-22 21:00:00+10:00,0.0
2018-12-22 21:30:00+10:00,0.0
2018-12-22 22:00:00+10:00,0.0
2018-12-22 22:30:00+10:00,0.0
2018-12-22 23:00:00+10:00,0.0
2018-12-22 23:30:00+10:00,0.0
2018-12-23 00:00:00+10:00,0.0
2018-12-23 00:30:00+10:00,0.0
2018-12-23 01:00:00+10:00,0.0
2018-12-23 01:30:00+10:00,0.0
2018-12-23 02:00:00+10:00,0.0
2018-12-23 02:30:00+10:00,0.0
2018-12-23 03:00:00+10:00,0.0
2018-12-23 03:30:00+10:00,0.0
2018-12-23 04:00:00+10:00,0.0
2018-12-23 04:30:00+10:00,0.0
2018-12-23 05:00:00+10:00,0.0
2018-12-23 05:30:00+10:00,0.1211202798833062
2018-12-23 06:00:00+10:00,5.534444973500303
2018-12-23 06:30:00+10:00,12.223653404708456
2018-12-23 07:00:00+10:00,19.365682132250054
2018-12-23 07:30:00+10:00,26.443298128052124
2018-12-23 08:00:00+10:00,33.14577543977231
2018-12-23 08:30:00+10:00,39.279727670985736
2018-12-23 09:00:00+10:00,44.723298957462134
2018-12-23 09:30:00+10:00,49.402723035884385
2018-12-23 10:00:00+10:00,53.27494505312044
2018-12-23 10:30:00+10:00,56.31862373963621
2018-12-23 11:00:00+10:00,58.52544900829228
2018-12-23 11:30:00+10:00,59.89373229128668
2018-12-23 12:00:00+10:00,60.42478058370134
2018-12-23 12:30:00+10:00,60.119723565283365
2018-12-23 13:00:00+10:00,58.976928898709566
2018-12-23 13:30:00+10:00,56.9965194005708
2018-12-23 14:00:00+10:00,54.17796076483871
2018-12-23 14:30:00+10:00,50.52768102988227
2018-12-23 15:00:00+10:00,46.06285418700013
2018-12-23 15:30:00+10:00,40.819487605901934
2018-12-23 16:00:00+10:00,34.86212011507938
2018-12-23 16:30:00+10:00,28.297346049175065
2018-12-23 17:00:00+10:00,21.296233759505608
2018-12-23 17:30:00+10:00,14.131331736135383
2018-12-23 18:00:00+10:00,7.251799722983369
2018-12-23 18:30:00+10:00,1.4054986740690718
2018-12-23 19:00:00+10:00,0.0
2018-12-23 19:30:00+10:00,0.0
2018-12-23 20:00:00+10:00,0.0
2018-12-23 20:30:00+10:00,0.0
2018-12-23 21:00:00+10:00,0.0
2018-12-23 21:30:00+10:00,0.0
2018-12-23 22:00:00+10:00,0.0
2018-12-23 22:30:00+10:00,0.0
2018-12-23 23:00:00+10:00,0.0
2018-12-23 23:30:00+10:00,0.0
2018-12-24 00:00:00+10:00,0.0
2018-12-24 00:30:00+10:00,0.0
2018-12-24 01:00:00+10:00,0.0
2018-12-24 01:30:00+10:00,0.0
2018-12-24 02:00:00+10:00,0.0
2018-12-24 02:30:00+10:00,0.0
2018-12-24 03:00:00+10:00,0.0
2018-12-24 03:30:00+10:00,0.0
2018-12-24 04:00:00+10:00,0.0
2018-12-24 04:30:00+10:00,0.0
2018-12-24 05:00:00+10:00,0.0
2018-12-24 05:30:00+10:00,0.28419519605593435
2018-12-24 06:00:00+10:00,7.29779502714217
2018-12-24 06:30:00+10:00,15.88410800366086
2018-12-24 07:00:00+10:00,24.948032958782278
2018-12-24 07:30:00+10:00,33.81094183880634
2018-12-24 08:00:00+10:00,42.083212470360124
2018-12-24 08:30:00+10:00,49.54027113377569
2018-12-24 09:00:00+10:00,56.05904442879777
2018-12-24 09:30:00+10:00,61.58049827021208
2018-12-24 10:00:00+10:00,66.08875366293195
2018-12-24 10:30:00+10:00,69.5920926990937
2018-12-24 11:00:00+10:00,72.1113102479904
2018-12-24 11:30:00+10:00,73.66764650743649
2018-12-24 12:00:00+10:00,74.27833929541531
2018-12-24 12:30:00+10:00,73.9518953695565
2018-12-24 13:00:00+10:00,72.68319589988069
2018-12-24 13:30:00+10:00,70.45778850438013
2018-12-24 14:00:00+10:00,67.25507477266841
2018-12-24 14:30:00+10:00,63.052502729859924
2018-12-24 15:00:00+10:00,57.83726329587287
2018-12-24 15:30:00+10:00,51.61655169902931
2018-12-24 16:00:00+10:00,44.43364814710056
2018-12-24 16:30:00+10:00,36.38967785215674
2018-12-24 17:00:00+10:00,27.673260415831578
2018-12-24 17:30:00+10:00,18.614571680803625
2018-12-24 18:00:00+10:00,9.78672339548762
2018-12-24 18:30:00+10:00,2.171293509091729
2018-12-24 19:00:00+10:00,0.0
2018-12-24 19:30:00+10:00,0.0
2018-12-24 20:00:00+10:00,0.0
2018-12-24 20:30:00+10:00,0.0
2018-12-24 21:00:00+10:00,0.0
2018-12-24 21:30:00+10:00,0.0
2018-12-24 22:00:00+10:00,0.0
2018-12-24 22:30:00+10:00,0.0
2018-12-24 23:00:00+10:00,0.0
2018-12-24 23:30:00+10:00,0.0
2018-12-25 00:00:00+10:00,0.0
2018-12-25 00:30:00+10:00,0.0
2018-12-25 01:00:00+10:00,0.0
2018-12-25 01:30:00+10:00,0.0
2018-12-25 02:00:00+10:00,0.0
2018-12-25 02:30:00+10:00,0.0
2018-12-25 03:00:00+10:00,0.0
2018-12-25 03:30:00+10:00,0.0
2018-12-25 04:00:00+10:00,0.0
2018-12-25 04:30:00+10:00,0.0
2018-12-25 05:00:00+10:00,0.0
2018-12-25 05:30:00+10:00,0.18057318600775057
2018-12-25 06:00:00+10:00,7.173983282993558
2018-12-25 06:30:00+10:00,15.764668941748925
2018-12-25 07:00:00+10:00,24.847196831879508
2018-12-25 07:30:00+10:00,33.73350134997226
2018-12-25 08:00:00+10:00,42.0294850384003
2018-12-25 08:30:00+10:00,49.50860336120622
2018-12-25 09:00:00+10:00,56.04637293682612
2018-12-25 09:30:00+10:00,61.585109220819675
2018-12-25 10:00:00+10:00,66.10831182207842
2018-12-25 10:30:00+10:00,69.62476551686993
2018-12-25 11:00:00+10:00,72.15702395249139
2018-12-25 11:30:00+10:00,73.7272143467232
2018-12-25 12:00:00+10:00,74.35262794376446
2018-12-25 12:30:00+10:00,74.04219444181538
2018-12-25 13:00:00+10:00,72.79070762476927
2018-12-25 13:30:00+10:00,70.5844963056664
2018-12-25 14:00:00+10:00,67.40115545005581
2018-12-25 14:30:00+10:00,63.217675199880205
2018-12-25 15:00:00+10:00,58.01990250178813
2018-12-25 15:30:00+10:00,51.813432029310114
2018-12-25 16:00:00+10:00,44.640308465966996
2018-12-25 16:30:00+10:00,36.59894285711929
2018-12-25 17:00:00+10:00,27.876534056949847
2018-12-25 17:30:00+10:00,18.80059290278546
2018-12-25 18:00:00+10:00,9.941192340379187
2018-12-25 18:30:00+10:00,2.2774224159706327
2018-12-25 19:00:00+10:00,0.0
2018-12-25 19:30:00+10:00,0.0
2018-12-25 20:00:00+10:00,0.0
2018-12-25 20:30:00+10:00,0.0
2018-12-25 21:00:00+10:00,0.0
2018-12-25 21:30:00+10:00,0.0
2018-12-25 22:00:00+10:00,0.0
2018-12-25 22:30:00+10:00,0.0
2018-12-25 23:00:00+10:00,0.0
2018-12-25 23:30:00+10:00,0.0
2018-12-26 00:00:00+10:00,0.0
2018-12-26 00:30:00+10:00,0.0
2018-12-26 01:00:00+10:00,0.0
2018-12-26 01:30:00+10:00,0.0
2018-12-26 02:00:00+10:00,0.0
2018-12-26 02:30:00+10:00,0.0
2018-12-26 03:00:00+10:00,0.0
2018-12-26 03:30:00+10:00,0.0
2018-12-26 04:00:00+10:00,0.0
2018-12-26 04:30:00+10:00,0.0
2018-12-26 05:00:00+10:00,0.0
2018-12-26 05:30:00+10:00,0.0
2018-12-26 06:00:00+10:00,5.606735070731948
2018-12-26 06:30:00+10:00,12.688682310786161
2018-12-26 07:00:00+10:00,20.270209241386663
2018-12-26 07:30:00+10:00,27.783983304963172
2018-12-26 08:00:00+10:00,34.893105488916135
2018-12-26 08:30:00+10:00,41.39084748169824
2018-12-26 09:00:00+10:00,47.15032678441277
2018-12-26 09:30:00+10:00,52.096011790227806
2018-12-26 10:00:00+10:00,56.187308760363265
2018-12-26 10:30:00+10:00,59.406300125115266
2018-12-26 11:00:00+10:00,61.748609485972835
2018-12-26 11:30:00+10:00,63.21546337520064
2018-12-26 12:00:00+10:00,63.81024103886005
2018-12-26 12:30:00+10:00,63.535931876606845
2018-12-26 13:00:00+10:00,62.39081792075557
2018-12-26 13:30:00+10:00,60.3721562192975
2018-12-26 14:00:00+10:00,57.476091561005745
2018-12-26 14:30:00+10:00,53.70511608497193
2018-12-26 15:00:00+10:00,49.07065562492081
2018-12-26 15:30:00+10:00,43.6042729171233
2018-12-26 16:00:00+10:00,37.36650936300692
2018-12-26 16:30:00+10:00,30.46292591167591
2018-12-26 17:00:00+10:00,23.06659022776763
2018-12-26 17:30:00+10:00,15.458101780127857
2018-12-26 18:00:00+10:00,8.104094012000713
2018-12-26 18:30:00+10:00,1.7901237314343188
2018-12-26 19:00:00+10:00,0.0
2018-12-26 19:30:00+10:00,0.0
2018-12-26 20:00:00+10:00,0.0
2018-12-26 20:30:00+10:00,0.0
2018-12-26 21:00:00+10:00,0.0
2018-12-26 21:30:00+10:00,0.0
2018-12-26 22:00:00+10:00,0.0
2018-12-26 22:30:00+10:00,0.0
2018-12-26 23:00:00+10:00,0.0
2018-12-26 23:30:00+10:00,0.0
2018-12-27 00:00:00+10:00,0.0
2018-12-27 00:30:00+10:00,0.0
2018-12-27 01:00:00+10:00,0.0
2018-12-27 01:30:00+10:00,0.0
2018-12-27 02:00:00+10:00,0.0
2018-12-27 02:30:00+10:00,0.0
2018-12-27 03:00:00+10:00,0.0
2018-12-27 03:30:00+10:00,0.0
2018-12-27 04:00:00+10:00,0.0
2018-12-27 04:30:00+10:00,0.0
2018-12-27 05:00:00+10:00,0.0
2018-12-27 05:30:00+10:00,0.0
2018-12-27 06:00:00+10:00,5.517352302974605
2018-12-27 06:30:00+10:00,12.618943072203098
2018-12-27 07:00:00+10:00,20.23185271241869
2018-12-27 07:30:00+10:00,27.778275764117122
2018-12-27 08:00:00+10:00,34.91631623133721
2018-12-27 08:30:00+10:00,41.43752582449945
2018-12-27 09:00:00+10:00,47.214680178028686
2018-12-27 09:30:00+10:00,52.17349997452283
2018-12-27 10:00:00+10:00,56.2747133896915
2018-12-27 10:30:00+10:00,59.50175076685561
2018-12-27 11:00:00+10:00,61.85226919253576
2018-12-27 11:30:00+10:00,63.328636005285574
2018-12-27 12:00:00+10:00,63.935951565216975
2018-12-27 12:30:00+10:00,63.67675261681476
2018-12-27 13:00:00+10:00,62.549688401853906
2018-12-27 13:30:00+10:00,60.55065769188879
2018-12-27 14:00:00+10:00,57.675547645574575
2018-12-27 14:30:00+10:00,53.92378279339517
2018-12-27 15:00:00+10:00,49.30556903890449
2018-12-27 15:30:00+10:00,43.84958896016931
2018-12-27 16:00:00+10:00,37.614227178338986
2018-12-27 16:30:00+10:00,30.702979498645526
2018-12-27 17:00:00+10:00,23.28708287700805
2018-12-27 17:30:00+10:00,15.646221350141273
2018-12-27 18:00:00+10:00,8.247293507078632
2018-12-27 18:30:00+10:00,1.878700231189236
2018-12-27 19:00:00+10:00,0.0
2018-12-27 19:30:00+10:00,0.0
2018-12-27 20:00:00+10:00,0.0
2018-12-27 20:30:00+10:00,0.0
2018-12-27 21:00:00+10:00,0.0
2018-12-27 21:30:00+10:00,0.0
2018-12-27 22:00:00+10:00,0.0
2018-12-27 22:30:00+10:00,0.0
2018-12-27 23:00:00+10:00,0.0
2018-12-27 23:30:00+10:00,0.0
2018-12-28 00:00:00+10:00,0.0
2018-12-28 00:30:00+10:00,0.0
2018-12-28 01:00:00+10:00,0.0
2018-12-28 01:30:00+10:00,0.0
2018-12-28 02:00:00+10:00,0.0
2018-12-28 02:30:00+10:00,0.0
2018-12-28 03:00:00+10:00,0.0
2018-12-28 03:30:00+10:00,0.0
2018-12-28 04:00:00+10:00,0.0
2018-12-28 04:30:00+10:00,0.0
2018-12-28 05:00:00+10:00,0.0
2018-12-28 05:30:00+10:00,0.0
2018-12-28 06:00:00+10:00,4.894408705862582
2018-12-28 06:30:00+10:00,11.425396607930569
2018-12-28 07:00:00+10:00,18.46246116908051
2018-12-28 07:30:00+10:00,25.465078354029803
2018-12-28 08:00:00+10:00,32.11154093394033
2018-12-28 08:30:00+10:00,38.2034046362983
2018-12-28 09:00:00+10:00,43.61712426430721
2018-12-28 09:30:00+10:00,48.2779378242721
2018-12-28 10:00:00+10:00,52.144509937044035
2018-12-28 10:30:00+10:00,55.19608767439544
2018-12-28 11:00:00+10:00,57.425475519960415
2018-12-28 11:30:00+10:00,58.83308240152787
2018-12-28 12:00:00+10:00,59.42030850898019
2018-12-28 12:30:00+10:00,59.18832376682146
2018-12-28 13:00:00+10:00,58.13726687759516
2018-12-28 13:30:00+10:00,56.26455564649031
2018-12-28 14:00:00+10:00,53.569345096447094
2018-12-28 14:30:00+10:00,50.054857210028544
2018-12-28 15:00:00+10:00,45.7343741567528
2018-12-28 15:30:00+10:00,40.63972999962982
2018-12-28 16:00:00+10:00,34.82915812816113
2018-12-28 16:30:00+10:00,28.402741900162187
2018-12-28 17:00:00+10:00,21.5222421449824
2018-12-28 17:30:00+10:00,14.447812793653567
2018-12-28 18:00:00+10:00,7.609240002773515
2018-12-28 18:30:00+10:00,1.7320047226342894
2018-12-28 19:00:00+10:00,0.0
2018-12-28 19:30:00+10:00,0.0
2018-12-28 20:00:00+10:00,0.0
2018-12-28 20:30:00+10:00,0.0
2018-12-28 21:00:00+10:00,0.0
2018-12-28 21:30:00+10:00,0.0
2018-12-28 22:00:00+10:00,0.0
2018-12-28 22:30:00+10:00,0.0
2018-12-28 23:00:00+10:00,0.0
2018-12-28 23:30:00+10:00,0.0
2018-12-29 00:00:00+10:00,0.0
2018-12-29 00:30:00+10:00,0.0
2018-12-29 01:00:00+10:00,0.0
2018-12-29 01:30:00+10:00,0.0
2018-12-29 02:00:00+10:00,0.0
2018-12-29 02:30:00+10:00,0.0
2018-12-29 03:00:00+10:00,0.0
2018-12-29 03:30:00+10:00,0.0
2018-12-29 04:00:00+10:00,0.0
2018-12-29 04:30:00+10:00,0.0
2018-12-29 05:00:00+10:00,0.0
2018-12-29 05:30:00+10:00,0.0
2018-12-29 06:00:00+10:00,3.6776139244835258
2018-12-29 06:30:00+10:00,8.951345120411892
2018-12-29 07:00:00+10:00,14.696981853503468
2018-12-29 07:30:00+10:00,20.47799184740734
2018-12-29 08:00:00+10:00,26.02703961051086
2018-12-29 08:30:00+10:00,31.171120855747382
2018-12-29 09:00:00+10:00,35.794273128585544
2018-12-29 09:30:00+10:00,39.81783740338022
2018-12-29 10:00:00+10:00,43.189654499572974
2018-12-29 10:30:00+10:00,45.87531887842374
2018-12-29 11:00:00+10:00,47.853919229958834
2018-12-29 11:30:00+10:00,49.11358672959826
2018-12-29 12:00:00+10:00,49.647314275946755
2018-12-29 12:30:00+10:00,49.45325073480017
2018-12-29 13:00:00+10:00,48.53180182500497
2018-12-29 13:30:00+10:00,46.88731209218304
2018-12-29 14:00:00+10:00,44.52925560670155
2018-12-29 14:30:00+10:00,41.47402537057989
2018-12-29 15:00:00+10:00,37.74870079844263
2018-12-29 15:30:00+10:00,33.396495948548896
2018-12-29 16:00:00+10:00,28.482507717377416
2018-12-29 16:30:00+10:00,23.103541327072307
2018-12-29 17:00:00+10:00,17.402861398042266
2018-12-29 17:30:00+10:00,11.597456814269453
2018-12-29 18:00:00+10:00,6.0324894563043125
2018-12-29 18:30:00+10:00,1.279875526868624
2018-12-29 19:00:00+10:00,0.0
2018-12-29 19:30:00+10:00,0.0
2018-12-29 20:00:00+10:00,0.0
2018-12-29 20:30:00+10:00,0.0
2018-12-29 21:00:00+10:00,0.0
2018-12-29 21:30:00+10:00,0.0
2018-12-29 22:00:00+10:00,0.0
2018-12-29 22:30:00+10:00,0.0
2018-12-29 23:00:00+10:00,0.0
2018-12-29 23:30:00+10:00,0.0
2018-12-30 00:00:00+10:00,0.0
2018-12-30 00:30:00+10:00,0.0
2018-12-30 01:00:00+10:00,0.0
2018-12-30 01:30:00+10:00,0.0
2018-12-30 02:00:00+10:00,0.0
2018-12-30 02:30:00+10:00,0.0
2018-12-30 03:00:00+10:00,0.0
2018-12-30 03:30:00+10:00,0.0
2018-12-30 04:00:00+10:00,0.0
2018-12-30 04:30:00+10:00,0.0
2018-12-30 05:00:00+10:00,0.0
2018-12-30 05:30:00+10:00,0.0
2018-12-30 06:00:00+10:00,4.040453416434928
2018-12-30 06:30:00+10:00,9.844047221625193
2018-12-30 07:00:00+10:00,16.157736934229852
2018-12-30 07:30:00+10:00,22.490394114706643
2018-12-30 08:00:00+10:00,28.546175637771704
2018-12-30 08:30:00+10:00,34.13757788550409
2018-12-30 09:00:00+10:00,39.142795532146685
2018-12-30 09:30:00+10:00,43.4828540048955
2018-12-30 10:00:00+10:00,47.108029199857405
2018-12-30 10:30:00+10:00,49.988903215014915
2018-12-30 11:00:00+10:00,52.10875719300561
2018-12-30 11:30:00+10:00,53.46030433083406
2018-12-30 12:00:00+10:00,54.03978515141259
2018-12-30 12:30:00+10:00,53.8461560490823
2018-12-30 13:00:00+10:00,52.880328119626995
2018-12-30 13:30:00+10:00,51.14339892066755
2018-12-30 14:00:00+10:00,48.641154300049564
2018-12-30 14:30:00+10:00,45.38464280953191
2018-12-30 15:00:00+10:00,41.39645227533325
2018-12-30 15:30:00+10:00,36.714924419597374
2018-12-30 16:00:00+10:00,31.40313165631194
2018-12-30 16:30:00+10:00,25.559423315918067
2018-12-30 17:00:00+10:00,19.334785506932402
2018-12-30 17:30:00+10:00,12.963627517442003
2018-12-30 18:00:00+10:00,6.825297078729397
2018-12-30 18:30:00+10:00,1.554204809951326
2018-12-30 19:00:00+10:00,0.0
2018-12-30 19:30:00+10:00,0.0
2018-12-30 20:00:00+10:00,0.0
2018-12-30 20:30:00+10:00,0.0
2018-12-30 21:00:00+10:00,0.0
2018-12-30 21:30:00+10:00,0.0
2018-12-30 22:00:00+10:00,0.0
2018-12-30 22:30:00+10:00,0.0
2018-12-30 23:00:00+10:00,0.0
2018-12-30 23:30:00+10:00,0.0
2018-12-31 00:00:00+10:00,0.0
2018-12-31 00:30:00+10:00,0.0
2018-12-31 01:00:00+10:00,0.0
2018-12-31 01:30:00+10:00,0.0
2018-12-31 02:00:00+10:00,0.0
2018-12-31 02:30:00+10:00,0.0
2018-12-31 03:00:00+10:00,0.0
2018-12-31 03:30:00+10:00,0.0
2018-12-31 04:00:00+10:00,0.0
2018-12-31 04:30:00+10:00,0.0
2018-12-31 05:00:00+10:00,0.0
2018-12-31 05:30:00+10:00,0.0
2018-12-31 06:00:00+10:00,6.390801519286121
2018-12-31 06:30:00+10:00,15.070952572083643
2018-12-31 07:00:00+10:00,24.354818343094895
2018-12-31 07:30:00+10:00,33.486396585131615
2018-12-31 08:00:00+10:00,42.036988822348334
2018-12-31 08:30:00+10:00,49.761632161713244
2018-12-31 09:00:00+10:00,56.52703202258835
2018-12-31 09:30:00+10:00,62.27020206766139
2018-12-31 10:00:00+10:00,66.9748627176446
2018-12-31 10:30:00+10:00,70.64990545163572
2018-12-31 11:00:00+10:00,73.3194199771983
2018-12-31 11:30:00+10:00,75.00845435259555
2018-12-31 12:00:00+10:00,75.73666558156333
2018-12-31 12:30:00+10:00,75.51349205119243
2018-12-31 13:00:00+10:00,74.33710753268569
2018-12-31 13:30:00+10:00,72.19197461463742
2018-12-31 14:00:00+10:00,69.05367965731513
2018-12-31 14:30:00+10:00,64.89768075045693
2018-12-31 15:00:00+10:00,59.70532141370087
2018-12-31 15:30:00+10:00,53.47735413968593
2018-12-31 16:00:00+10:00,46.24901416839741
2018-12-31 16:30:00+10:00,38.11246049204413
2018-12-31 17:00:00+10:00,29.247060829339766
2018-12-31 17:30:00+10:00,19.97195340960269
2018-12-31 18:00:00+10:00,10.846410744833685
2018-12-31 18:30:00+10:00,2.8479578711274187
2018-12-31 19:00:00+10:00,0.0
2018-12-31 19:30:00+10:00,0.0
2018-12-31 20:00:00+10:00,0.0
2018-12-31 20:30:00+10:00,0.0
2018-12-31 21:00:00+10:00,0.0
2018-12-31 21:30:00+10:00,0.0
2018-12-31 22:00:00+10:00,0.0
2018-12-31 22:30:00+10:00,0.0
2018-12-31 23:00:00+10:00,0.0
2018-12-31 23:30:00+10:00,0.0
