,ImportkWh
2024-01-01 00:00:00,20.579485
2024-01-01 00:30:00,20.600085
2024-01-01 01:00:00,20.466184
2024-01-01 01:30:00,20.260183
2024-01-01 02:00:00,20.239583
2024-01-01 02:30:00,19.971782
2024-01-01 03:00:00,20.332284
2024-01-01 03:30:00,20.383784
2024-01-01 04:00:00,19.889382
2024-01-01 04:30:00,20.146883
2024-01-01 05:00:00,20.188083
2024-01-01 05:30:00,20.692785
2024-01-01 06:00:00,20.332284
2024-01-01 06:30:00,20.898786
2024-01-01 07:00:00,24.2772
2024-01-01 07:30:00,28.572318
2024-01-01 08:00:00,31.66233
2024-01-01 08:30:00,38.254357
2024-01-01 09:00:00,31.55933
2024-01-01 09:30:00,38.182257
2024-01-01 10:00:00,43.445579
2024-01-01 10:30:00,43.455879
2024-01-01 11:00:00,42.178674
2024-01-01 11:30:00,41.169269
2024-01-01 12:00:00,42.662776
2024-01-01 12:30:00,46.576792
2024-01-01 13:00:00,50.377507
2024-01-01 13:30:00,52.550816
2024-01-01 14:00:00,52.808317
2024-01-01 14:30:00,52.015214
2024-01-01 15:00:00,51.809213
2024-01-01 15:30:00,40.304066
2024-01-01 16:00:00,23.834298
2024-01-01 16:30:00,22.412892
2024-01-01 17:00:00,21.78459
2024-01-01 17:30:00,21.578589
2024-01-01 18:00:00,21.630089
2024-01-01 18:30:00,21.81549
2024-01-01 19:00:00,21.218087
2024-01-01 19:30:00,21.073887
2024-01-01 20:00:00,20.713385
2024-01-01 20:30:00,20.620685
2024-01-01 21:00:00,20.435284
2024-01-01 21:30:00,20.445584
2024-01-01 22:00:00,20.280783
2024-01-01 22:30:00,20.043882
2024-01-01 23:00:00,20.383784
2024-01-01 23:30:00,20.064483
2024-01-02 00:00:00,20.332284
2024-01-02 00:30:00,20.054183
2024-01-02 01:00:00,20.208683
2024-01-02 01:30:00,20.198383
2024-01-02 02:00:00,20.157183
2024-01-02 02:30:00,20.775185
2024-01-02 03:00:00,20.404384
2024-01-02 03:30:00,20.229283
2024-01-02 04:00:00,20.363184
2024-01-02 04:30:00,20.445584
2024-01-02 05:00:00,20.672185
2024-01-02 05:30:00,20.280783
2024-01-02 06:00:00,20.527984
2024-01-02 06:30:00,20.836986
2024-01-02 07:00:00,21.063587
2024-01-02 07:30:00,21.485888
2024-01-02 08:00:00,22.608593
2024-01-02 08:30:00,22.443792
2024-01-02 09:00:00,25.173304
2024-01-02 09:30:00,29.375721
2024-01-02 10:00:00,25.966407
2024-01-02 10:30:00,24.4214
2024-01-02 11:00:00,25.430805
2024-01-02 11:30:00,25.183604
2024-01-02 12:00:00,24.936403
2024-01-02 12:30:00,28.026415
2024-01-02 13:00:00,25.678006
2024-01-02 13:30:00,25.193904
2024-01-02 14:00:00,24.545001
2024-01-02 14:30:00,25.935507
2024-01-02 15:00:00,24.977603
2024-01-02 15:30:00,27.027311
2024-01-02 16:00:00,28.180916
2024-01-02 16:30:00,25.482305
2024-01-02 17:00:00,23.267796
2024-01-02 17:30:00,23.834298
2024-01-02 18:00:00,23.288396
2024-01-02 18:30:00,23.473797
2024-01-02 19:00:00,22.886694
2024-01-02 19:30:00,22.732194
2024-01-02 20:00:00,22.629193
2024-01-02 20:30:00,22.711593
2024-01-02 21:00:00,22.598293
2024-01-02 21:30:00,21.99059
2024-01-02 22:00:00,22.289292
2024-01-02 22:30:00,21.516789
2024-01-02 23:00:00,21.166587
2024-01-02 23:30:00,20.558885
2024-01-03 00:00:00,21.135687
2024-01-03 00:30:00,20.929686
2024-01-03 01:00:00,20.795786
2024-01-03 01:30:00,20.939986
2024-01-03 02:00:00,20.981186
2024-01-03 02:30:00,21.073887
2024-01-03 03:00:00,23.257496
2024-01-03 03:30:00,27.315712
2024-01-03 04:00:00,22.474692
2024-01-03 04:30:00,23.072095
2024-01-03 05:00:00,27.511413
2024-01-03 05:30:00,45.886689
2024-01-03 06:00:00,79.609028
2024-01-03 06:30:00,74.531107
2024-01-03 07:00:00,74.510507
2024-01-03 07:30:00,77.476919
2024-01-03 08:00:00,83.626044
2024-01-03 08:30:00,80.762632
2024-01-03 09:00:00,82.69904
2024-01-03 09:30:00,83.564244
2024-01-03 10:00:00,84.99595
2024-01-03 10:30:00,83.275843
2024-01-03 11:00:00,80.09313
2024-01-03 11:30:00,82.050138
2024-01-03 12:00:00,80.752332
2024-01-03 12:30:00,79.289726
2024-01-03 13:00:00,80.639032
2024-01-03 13:30:00,80.041629
2024-01-03 14:00:00,82.997742
2024-01-03 14:30:00,80.906833
2024-01-03 15:00:00,80.886233
2024-01-03 15:30:00,80.927433
2024-01-03 16:00:00,78.692324
2024-01-03 16:30:00,75.993713
2024-01-03 17:00:00,37.038952
2024-01-03 17:30:00,35.998648
2024-01-03 18:00:00,34.278541
2024-01-03 18:30:00,33.032236
2024-01-03 19:00:00,29.798023
2024-01-03 19:30:00,30.858927
2024-01-03 20:00:00,31.56963
2024-01-03 20:30:00,30.652926
2024-01-03 21:00:00,26.429909
2024-01-03 21:30:00,26.172408
2024-01-03 22:00:00,25.801606
2024-01-03 22:30:00,24.596501
2024-01-03 23:00:00,23.638597
2024-01-03 23:30:00,22.927894
2024-01-04 00:00:00,23.041195
2024-01-04 00:30:00,22.660093
2024-01-04 01:00:00,23.072095
2024-01-04 01:30:00,22.660093
2024-01-04 02:00:00,22.484993
2024-01-04 02:30:00,23.216296
2024-01-04 03:00:00,24.668602
2024-01-04 03:30:00,28.180916
2024-01-04 04:00:00,23.813698
2024-01-04 04:30:00,25.060003
2024-01-04 05:00:00,28.304516
2024-01-04 05:30:00,44.743384
2024-01-04 06:00:00,60.409749
2024-01-04 06:30:00,75.23151
2024-01-04 07:00:00,75.550811
2024-01-04 07:30:00,77.559319
2024-01-04 08:00:00,80.000429
2024-01-04 08:30:00,80.25793
2024-01-04 09:00:00,82.235538
2024-01-04 09:30:00,78.949825
2024-01-04 10:00:00,77.373918
2024-01-04 10:30:00,78.908625
2024-01-04 11:00:00,80.762632
2024-01-04 11:30:00,79.495727
2024-01-04 12:00:00,78.568723
2024-01-04 12:30:00,78.074321
2024-01-04 13:00:00,79.392727
2024-01-04 13:30:00,78.290622
2024-01-04 14:00:00,77.579919
2024-01-04 14:30:00,78.424523
2024-01-04 15:00:00,79.032225
2024-01-04 15:30:00,79.320626
2024-01-04 16:00:00,78.424523
2024-01-04 16:30:00,76.014313
2024-01-04 17:00:00,37.852656
2024-01-04 17:30:00,36.111949
2024-01-04 18:00:00,37.492154
2024-01-04 18:30:00,38.542759
2024-01-04 19:00:00,30.292425
2024-01-04 19:30:00,29.859823
2024-01-04 20:00:00,30.364525
2024-01-04 20:30:00,31.075228
2024-01-04 21:00:00,32.465734
2024-01-04 21:30:00,29.386021
2024-01-04 22:00:00,27.315712
2024-01-04 22:30:00,26.388709
2024-01-04 23:00:00,23.010295
2024-01-04 23:30:00,23.195695
2024-01-05 00:00:00,22.999995
2024-01-05 00:30:00,23.216296
2024-01-05 01:00:00,22.629193
2024-01-05 01:30:00,22.433492
2024-01-05 02:00:00,22.917594
2024-01-05 02:30:00,22.886694
2024-01-05 03:00:00,23.937299
2024-01-05 03:30:00,25.935507
2024-01-05 04:00:00,23.298696
2024-01-05 04:30:00,23.926998
2024-01-05 05:00:00,28.304516
2024-01-05 05:30:00,46.18539
2024-01-05 06:00:00,58.22614
2024-01-05 06:30:00,75.622911
2024-01-05 07:00:00,77.044317
2024-01-05 07:30:00,79.423627
2024-01-05 08:00:00,81.514535
2024-01-05 08:30:00,82.122238
2024-01-05 09:00:00,81.030433
2024-01-05 09:30:00,78.517223
2024-01-05 10:00:00,77.600519
2024-01-05 10:30:00,75.849512
2024-01-05 11:00:00,75.540511
2024-01-05 11:30:00,76.642615
2024-01-05 12:00:00,76.014313
2024-01-05 12:30:00,74.562007
2024-01-05 13:00:00,73.810104
2024-01-05 13:30:00,72.8316
2024-01-05 14:00:00,72.9346
2024-01-05 14:30:00,73.192101
2024-01-05 15:00:00,73.037601
2024-01-05 15:30:00,73.017
2024-01-05 16:00:00,72.089997
2024-01-05 16:30:00,70.55529
2024-01-05 17:00:00,36.48275
2024-01-05 17:30:00,35.627847
2024-01-05 18:00:00,36.616651
2024-01-05 18:30:00,34.474242
2024-01-05 19:00:00,31.404829
2024-01-05 19:30:00,29.828923
2024-01-05 20:00:00,30.807427
2024-01-05 20:30:00,30.869227
2024-01-05 21:00:00,27.573213
2024-01-05 21:30:00,28.191216
2024-01-05 22:00:00,24.081499
2024-01-05 22:30:00,22.351092
2024-01-05 23:00:00,22.515893
2024-01-05 23:30:00,22.196591
2024-01-06 00:00:00,22.742494
2024-01-06 00:30:00,22.464392
2024-01-06 01:00:00,22.670393
2024-01-06 01:30:00,22.402592
2024-01-06 02:00:00,22.361392
2024-01-06 02:30:00,22.299592
2024-01-06 03:00:00,22.866094
2024-01-06 03:30:00,22.320192
2024-01-06 04:00:00,23.762198
2024-01-06 04:30:00,24.2566
2024-01-06 05:00:00,28.695918
2024-01-06 05:30:00,32.558434
2024-01-06 06:00:00,53.611721
2024-01-06 06:30:00,70.174189
2024-01-06 07:00:00,69.391386
2024-01-06 07:30:00,71.111493
2024-01-06 08:00:00,71.708895
2024-01-06 08:30:00,70.874592
2024-01-06 09:00:00,71.502894
2024-01-06 09:30:00,71.925196
2024-01-06 10:00:00,72.440198
2024-01-06 10:30:00,73.181801
2024-01-06 11:00:00,73.017
2024-01-06 11:30:00,72.738899
2024-01-06 12:00:00,71.883996
2024-01-06 12:30:00,72.079697
2024-01-06 13:00:00,71.739795
2024-01-06 13:30:00,71.235093
2024-01-06 14:00:00,73.253901
2024-01-06 14:30:00,71.173293
2024-01-06 15:00:00,71.894296
2024-01-06 15:30:00,72.8934
2024-01-06 16:00:00,77.65202
2024-01-06 16:30:00,76.652915
2024-01-06 17:00:00,54.878626
2024-01-06 17:30:00,61.120452
2024-01-06 18:00:00,60.378848
2024-01-06 18:30:00,59.420945
2024-01-06 19:00:00,56.660533
2024-01-06 19:30:00,55.496628
2024-01-06 20:00:00,56.444232
2024-01-06 20:30:00,55.476028
2024-01-06 21:00:00,51.191211
2024-01-06 21:30:00,44.496183
2024-01-06 22:00:00,27.377513
2024-01-06 22:30:00,25.369004
2024-01-06 23:00:00,22.783694
2024-01-06 23:30:00,21.88759
2024-01-07 00:00:00,21.99059
2024-01-07 00:30:00,21.588889
2024-01-07 01:00:00,21.98029
2024-01-07 01:30:00,21.609489
2024-01-07 02:00:00,21.82579
2024-01-07 02:30:00,21.248987
2024-01-07 03:00:00,21.98029
2024-01-07 03:30:00,21.660989
2024-01-07 04:00:00,22.495293
2024-01-07 04:30:00,23.288396
2024-01-07 05:00:00,27.511413
2024-01-07 05:30:00,30.920727
2024-01-07 06:00:00,37.790856
2024-01-07 06:30:00,62.057755
2024-01-07 07:00:00,57.381536
2024-01-07 07:30:00,63.13926
2024-01-07 08:00:00,67.424077
2024-01-07 08:30:00,69.772487
2024-01-07 09:00:00,69.525286
2024-01-07 09:30:00,70.34929
2024-01-07 10:00:00,70.143289
2024-01-07 10:30:00,70.45229
2024-01-07 11:00:00,70.338989
2024-01-07 11:30:00,70.792191
2024-01-07 12:00:00,70.771591
2024-01-07 12:30:00,71.853096
2024-01-07 13:00:00,72.192997
2024-01-07 13:30:00,72.687399
2024-01-07 14:00:00,72.594699
2024-01-07 14:30:00,72.9655
2024-01-07 15:00:00,72.563799
2024-01-07 15:30:00,73.181801
2024-01-07 16:00:00,73.212701
2024-01-07 16:30:00,72.265097
2024-01-07 17:00:00,37.028652
2024-01-07 17:30:00,37.389154
2024-01-07 18:00:00,37.893856
2024-01-07 18:30:00,33.475138
2024-01-07 19:00:00,29.19032
2024-01-07 19:30:00,30.972227
2024-01-07 20:00:00,32.589334
2024-01-07 20:30:00,30.683826
2024-01-07 21:00:00,28.572318
2024-01-07 21:30:00,24.812802
2024-01-07 22:00:00,22.845494
2024-01-07 22:30:00,22.505593
2024-01-07 23:00:00,22.351092
2024-01-07 23:30:00,22.423192
2024-01-08 00:00:00,21.80519
2024-01-08 00:30:00,22.309892
2024-01-08 01:00:00,21.733089
2024-01-08 01:30:00,21.78459
2024-01-08 02:00:00,21.496188
2024-01-08 02:30:00,21.588889
2024-01-08 03:00:00,21.444688
2024-01-08 03:30:00,21.310788
2024-01-08 04:00:00,21.310788
2024-01-08 04:30:00,21.012086
2024-01-08 05:00:00,22.175991
2024-01-08 05:30:00,21.475588
2024-01-08 06:00:00,22.495293
2024-01-08 06:30:00,24.586201
2024-01-08 07:00:00,28.222116
2024-01-08 07:30:00,42.600975
2024-01-08 08:00:00,76.848616
2024-01-08 08:30:00,59.637245
2024-01-08 09:00:00,59.513645
2024-01-08 09:30:00,63.28346
2024-01-08 10:00:00,79.073425
2024-01-08 10:30:00,81.730836
2024-01-08 11:00:00,79.021925
2024-01-08 11:30:00,67.300477
2024-01-08 12:00:00,71.791295
2024-01-08 12:30:00,66.538274
2024-01-08 13:00:00,67.866979
2024-01-08 13:30:00,65.57007
2024-01-08 14:00:00,64.086864
2024-01-08 14:30:00,63.870563
2024-01-08 15:00:00,45.773388
2024-01-08 15:30:00,28.974019
2024-01-08 16:00:00,28.634118
2024-01-08 16:30:00,27.181812
2024-01-08 17:00:00,25.760406
2024-01-08 17:30:00,26.017907
2024-01-08 18:00:00,25.801606
2024-01-08 18:30:00,26.069407
2024-01-08 19:00:00,26.368109
2024-01-08 19:30:00,28.912219
2024-01-08 20:00:00,25.853106
2024-01-08 20:30:00,25.121803
2024-01-08 21:00:00,24.637701
2024-01-08 21:30:00,24.586201
2024-01-08 22:00:00,24.771602
2024-01-08 22:30:00,24.740702
2024-01-08 23:00:00,24.029999
2024-01-08 23:30:00,23.288396
2024-01-09 00:00:00,27.758614
2024-01-09 00:30:00,23.926998
2024-01-09 01:00:00,24.102099
2024-01-09 01:30:00,23.092695
2024-01-09 02:00:00,23.638597
2024-01-09 02:30:00,23.494397
2024-01-09 03:00:00,23.566497
2024-01-09 03:30:00,23.278096
2024-01-09 04:00:00,23.288396
2024-01-09 04:30:00,22.907294
2024-01-09 05:00:00,25.132103
2024-01-09 05:30:00,26.532909
2024-01-09 06:00:00,24.596501
2024-01-09 06:30:00,24.112399
2024-01-09 07:00:00,24.895202
2024-01-09 07:30:00,25.369004
2024-01-09 08:00:00,26.090007
2024-01-09 08:30:00,28.273616
2024-01-09 09:00:00,28.592918
2024-01-09 09:30:00,28.150016
2024-01-09 10:00:00,27.645314
2024-01-09 10:30:00,28.562018
2024-01-09 11:00:00,27.696814
2024-01-09 11:30:00,27.068511
2024-01-09 12:00:00,27.295112
2024-01-09 12:30:00,30.261525
2024-01-09 13:00:00,27.810114
2024-01-09 13:30:00,27.161212
2024-01-09 14:00:00,26.481409
2024-01-09 14:30:00,26.244508
2024-01-09 15:00:00,27.171512
2024-01-09 15:30:00,25.884007
2024-01-09 16:00:00,30.086424
2024-01-09 16:30:00,27.810114
2024-01-09 17:00:00,26.429909
2024-01-09 17:30:00,26.532909
2024-01-09 18:00:00,25.307204
2024-01-09 18:30:00,26.079707
2024-01-09 19:00:00,25.956107
2024-01-09 19:30:00,25.564705
2024-01-09 20:00:00,24.957003
2024-01-09 20:30:00,24.2051
2024-01-09 21:00:00,23.772498
2024-01-09 21:30:00,28.459017
2024-01-09 22:00:00,24.699502
2024-01-09 22:30:00,24.153599
2024-01-09 23:00:00,22.917594
2024-01-09 23:30:00,23.041195
2024-01-10 00:00:00,23.236896
2024-01-10 00:30:00,23.597397
2024-01-10 01:00:00,22.886694
2024-01-10 01:30:00,23.226596
2024-01-10 02:00:00,23.587097
2024-01-10 02:30:00,24.153599
2024-01-10 03:00:00,24.689202
2024-01-10 03:30:00,28.757718
2024-01-10 04:00:00,24.555301
2024-01-10 04:30:00,24.781902
2024-01-10 05:00:00,28.695918
2024-01-10 05:30:00,55.99103
2024-01-10 06:00:00,67.331377
2024-01-10 06:30:00,75.633211
2024-01-10 07:00:00,79.145526
2024-01-10 07:30:00,82.64754
2024-01-10 08:00:00,85.593352
2024-01-10 08:30:00,85.634552
2024-01-10 09:00:00,87.694561
2024-01-10 09:30:00,93.761286
2024-01-10 10:00:00,90.073871
2024-01-10 10:30:00,89.785469
2024-01-10 11:00:00,89.99147
2024-01-10 11:30:00,90.691873
2024-01-10 12:00:00,91.011175
2024-01-10 12:30:00,92.741582
2024-01-10 13:00:00,92.45318
2024-01-10 13:30:00,90.599173
2024-01-10 14:00:00,85.253451
2024-01-10 14:30:00,85.562452
2024-01-10 15:00:00,85.346151
2024-01-10 15:30:00,84.892949
2024-01-10 16:00:00,89.332268
2024-01-10 16:30:00,84.398547
2024-01-10 17:00:00,40.025965
2024-01-10 17:30:00,40.365866
2024-01-10 18:00:00,38.728159
2024-01-10 18:30:00,36.111949
2024-01-10 19:00:00,37.111053
2024-01-10 19:30:00,33.876839
2024-01-10 20:00:00,33.145536
2024-01-10 20:30:00,35.988348
2024-01-10 21:00:00,30.045224
2024-01-10 21:30:00,27.470213
2024-01-10 22:00:00,26.481409
2024-01-10 22:30:00,25.997307
2024-01-10 23:00:00,29.571422
2024-01-10 23:30:00,25.678006
2024-01-11 00:00:00,24.864302
2024-01-11 00:30:00,24.545001
2024-01-11 01:00:00,24.854002
2024-01-11 01:30:00,24.957003
2024-01-11 02:00:00,24.534701
2024-01-11 02:30:00,24.2154
2024-01-11 03:00:00,24.895202
2024-01-11 03:30:00,29.540522
2024-01-11 04:00:00,25.884007
2024-01-11 04:30:00,26.944911
2024-01-11 05:00:00,30.148224
2024-01-11 05:30:00,53.889822
2024-01-11 06:00:00,78.733524
2024-01-11 06:30:00,78.239122
2024-01-11 07:00:00,81.174634
2024-01-11 07:30:00,85.922954
2024-01-11 08:00:00,87.50916
2024-01-11 08:30:00,87.612161
2024-01-11 09:00:00,61.614854
2024-01-11 09:30:00,101.682018
2024-01-11 10:00:00,112.754564
2024-01-11 10:30:00,96.974899
2024-01-11 11:00:00,96.016995
2024-01-11 11:30:00,95.337192
2024-01-11 12:00:00,90.341672
2024-01-11 12:30:00,88.734865
2024-01-11 13:00:00,87.993262
2024-01-11 13:30:00,88.116863
2024-01-11 14:00:00,87.066258
2024-01-11 14:30:00,86.798457
2024-01-11 15:00:00,86.530656
2024-01-11 15:30:00,90.444672
2024-01-11 16:00:00,90.496172
2024-01-11 16:30:00,86.860257
2024-01-11 17:00:00,40.808768
2024-01-11 17:30:00,41.20017
2024-01-11 18:00:00,41.849072
2024-01-11 18:30:00,38.398558
2024-01-11 19:00:00,35.741147
2024-01-11 19:30:00,34.237341
2024-01-11 20:00:00,34.175541
2024-01-11 20:30:00,37.842356
2024-01-11 21:00:00,32.609934
2024-01-11 21:30:00,30.580826
2024-01-11 22:00:00,29.283021
2024-01-11 22:30:00,28.304516
2024-01-11 23:00:00,25.945807
2024-01-11 23:30:00,24.751002
2024-01-12 00:00:00,27.202412
2024-01-12 00:30:00,26.84191
2024-01-12 01:00:00,24.874602
2024-01-12 01:30:00,25.420505
2024-01-12 02:00:00,24.3184
2024-01-12 02:30:00,24.3802
2024-01-12 03:00:00,24.132999
2024-01-12 03:30:00,25.204204
2024-01-12 04:00:00,24.946703
2024-01-12 04:30:00,26.110607
2024-01-12 05:00:00,29.489021
2024-01-12 05:30:00,56.825334
2024-01-12 06:00:00,58.34974
2024-01-12 06:30:00,78.506923
2024-01-12 07:00:00,81.483635
2024-01-12 07:30:00,85.871453
2024-01-12 08:00:00,88.343464
2024-01-12 08:30:00,88.261063
2024-01-12 09:00:00,88.312563
2024-01-12 09:30:00,88.879066
2024-01-12 10:00:00,89.157167
2024-01-12 10:30:00,88.683365
2024-01-12 11:00:00,90.269571
2024-01-12 11:30:00,88.384664
2024-01-12 12:00:00,88.642165
2024-01-12 12:30:00,87.694561
2024-01-12 13:00:00,90.403472
2024-01-12 13:30:00,88.405264
2024-01-12 14:00:00,93.349284
2024-01-12 14:30:00,97.788602
2024-01-12 15:00:00,95.903695
2024-01-12 15:30:00,96.222996
2024-01-12 16:00:00,94.935491
2024-01-12 16:30:00,92.617981
2024-01-12 17:00:00,42.106573
2024-01-12 17:30:00,46.741592
2024-01-12 18:00:00,43.78548
2024-01-12 18:30:00,38.192557
2024-01-12 19:00:00,35.586646
2024-01-12 19:30:00,39.552163
2024-01-12 20:00:00,35.081944
2024-01-12 20:30:00,33.423638
2024-01-12 21:00:00,32.651134
2024-01-12 21:30:00,27.758614
2024-01-12 22:00:00,27.243612
2024-01-12 22:30:00,27.820414
2024-01-12 23:00:00,26.70801
2024-01-12 23:30:00,25.935507
2024-01-13 00:00:00,25.544105
2024-01-13 00:30:00,24.761302
2024-01-13 01:00:00,29.11822
2024-01-13 01:30:00,25.966407
2024-01-13 02:00:00,25.997307
2024-01-13 02:30:00,24.575901
2024-01-13 03:00:00,24.637701
2024-01-13 03:30:00,24.658301
2024-01-13 04:00:00,24.905502
2024-01-13 04:30:00,26.594709
2024-01-13 05:00:00,30.426325
2024-01-13 05:30:00,60.018347
2024-01-13 06:00:00,63.808763
2024-01-13 06:30:00,80.721432
2024-01-13 07:00:00,87.251659
2024-01-13 07:30:00,90.702173
2024-01-13 08:00:00,92.092679
2024-01-13 08:30:00,92.916682
2024-01-13 09:00:00,102.00132
2024-01-13 09:30:00,99.56021
2024-01-13 10:00:00,98.612606
2024-01-13 10:30:00,97.716502
2024-01-13 11:00:00,95.986095
2024-01-13 11:30:00,96.490797
2024-01-13 12:00:00,97.1603
2024-01-13 12:30:00,97.747402
2024-01-13 13:00:00,96.531997
2024-01-13 13:30:00,95.790394
2024-01-13 14:00:00,94.605889
2024-01-13 14:30:00,92.24718
2024-01-13 15:00:00,91.721877
2024-01-13 15:30:00,91.587977
2024-01-13 16:00:00,88.868766
2024-01-13 16:30:00,83.080142
2024-01-13 17:00:00,40.407066
2024-01-13 17:30:00,40.407066
2024-01-13 18:00:00,41.900572
2024-01-13 18:30:00,37.595155
2024-01-13 19:00:00,35.215845
2024-01-13 19:30:00,33.475138
2024-01-13 20:00:00,33.753239
2024-01-13 20:30:00,37.914456
2024-01-13 21:00:00,33.681139
2024-01-13 21:30:00,31.70353
2024-01-13 22:00:00,29.705322
2024-01-13 22:30:00,29.035819
2024-01-13 23:00:00,27.645314
2024-01-13 23:30:00,30.488125
2024-01-14 00:00:00,27.202412
2024-01-14 00:30:00,27.305412
2024-01-14 01:00:00,26.296008
2024-01-14 01:30:00,25.595605
2024-01-14 02:00:00,25.976707
2024-01-14 02:30:00,25.430805
2024-01-14 03:00:00,25.894307
2024-01-14 03:30:00,31.373929
2024-01-14 04:00:00,27.593814
2024-01-14 04:30:00,28.582618
2024-01-14 05:00:00,34.525742
2024-01-14 05:30:00,63.932363
2024-01-14 06:00:00,80.927433
2024-01-14 06:30:00,80.360931
2024-01-14 07:00:00,80.412431
2024-01-14 07:30:00,81.802937
2024-01-14 08:00:00,82.56514
2024-01-14 08:30:00,81.936837
2024-01-14 09:00:00,82.63724
2024-01-14 09:30:00,83.976246
2024-01-14 10:00:00,84.913549
2024-01-14 10:30:00,86.108354
2024-01-14 11:00:00,85.696353
2024-01-14 11:30:00,83.935045
2024-01-14 12:00:00,83.203742
2024-01-14 12:30:00,83.152242
2024-01-14 13:00:00,82.54454
2024-01-14 13:30:00,82.493039
2024-01-14 14:00:00,83.502444
2024-01-14 14:30:00,83.152242
2024-01-14 15:00:00,81.699936
2024-01-14 15:30:00,75.942213
2024-01-14 16:00:00,74.922508
2024-01-14 16:30:00,73.738003
2024-01-14 17:00:00,37.502454
2024-01-14 17:30:00,40.479167
2024-01-14 18:00:00,36.616651
2024-01-14 18:30:00,34.484542
2024-01-14 19:00:00,30.374825
2024-01-14 19:30:00,31.384229
2024-01-14 20:00:00,35.988348
2024-01-14 20:30:00,33.464838
2024-01-14 21:00:00,28.448717
2024-01-14 21:30:00,30.271825
2024-01-14 22:00:00,26.84191
2024-01-14 22:30:00,25.307204
2024-01-14 23:00:00,25.698606
2024-01-14 23:30:00,24.946703
2024-01-15 00:00:00,25.049703
2024-01-15 00:30:00,25.163004
2024-01-15 01:00:00,24.2978
2024-01-15 01:30:00,23.916698
2024-01-15 02:00:00,24.4214
2024-01-15 02:30:00,24.3905
2024-01-15 03:00:00,24.462601
2024-01-15 03:30:00,24.843702
2024-01-15 04:00:00,24.236
2024-01-15 04:30:00,24.3287
2024-01-15 05:00:00,24.575901
2024-01-15 05:30:00,25.739806
2024-01-15 06:00:00,26.75951
2024-01-15 06:30:00,28.191216
2024-01-15 07:00:00,32.630534
2024-01-15 07:30:00,28.572318
2024-01-15 08:00:00,27.974915
2024-01-15 08:30:00,28.891619
2024-01-15 09:00:00,29.313921
2024-01-15 09:30:00,32.630534
2024-01-15 10:00:00,29.664122
2024-01-15 10:30:00,29.808323
2024-01-15 11:00:00,29.313921
2024-01-15 11:30:00,31.909531
2024-01-15 12:00:00,29.18002
2024-01-15 12:30:00,28.623818
2024-01-15 13:00:00,32.249433
2024-01-15 13:30:00,28.294216
2024-01-15 14:00:00,28.768018
2024-01-15 14:30:00,30.436625
2024-01-15 15:00:00,29.283021
2024-01-15 15:30:00,28.150016
2024-01-15 16:00:00,27.717414
2024-01-15 16:30:00,26.337208
2024-01-15 17:00:00,26.131208
2024-01-15 17:30:00,30.828027
2024-01-15 18:00:00,27.130312
2024-01-15 18:30:00,26.223908
2024-01-15 19:00:00,25.636806
2024-01-15 19:30:00,25.060003
2024-01-15 20:00:00,24.3596
2024-01-15 20:30:00,23.926998
2024-01-15 21:00:00,23.566497
2024-01-15 21:30:00,23.319296
2024-01-15 22:00:00,23.442896
2024-01-15 22:30:00,26.67711
2024-01-15 23:00:00,24.2463
2024-01-15 23:30:00,23.020595
2024-01-16 00:00:00,23.010295
2024-01-16 00:30:00,22.629193
2024-01-16 01:00:00,22.948494
2024-01-16 01:30:00,22.824894
2024-01-16 02:00:00,22.824894
2024-01-16 02:30:00,22.917594
2024-01-16 03:00:00,22.433492
2024-01-16 03:30:00,22.763094
2024-01-16 04:00:00,22.639493
2024-01-16 04:30:00,22.608593
2024-01-16 05:00:00,22.515893
2024-01-16 05:30:00,22.732194
2024-01-16 06:00:00,23.463497
2024-01-16 06:30:00,23.834298
2024-01-16 07:00:00,23.566497
2024-01-16 07:30:00,24.132999
2024-01-16 08:00:00,29.478721
2024-01-16 08:30:00,24.987903
2024-01-16 09:00:00,24.534701
2024-01-16 09:30:00,28.294216
2024-01-16 10:00:00,25.193904
2024-01-16 10:30:00,25.152704
2024-01-16 11:00:00,29.06672
2024-01-16 11:30:00,26.275408
2024-01-16 12:00:00,26.234208
2024-01-16 12:30:00,26.213608
2024-01-16 13:00:00,31.456329
2024-01-16 13:30:00,27.099412
2024-01-16 14:00:00,27.521713
2024-01-16 14:30:00,26.71831
2024-01-16 15:00:00,27.058211
2024-01-16 15:30:00,30.004023
2024-01-16 16:00:00,27.171512
2024-01-16 16:30:00,25.678006
2024-01-16 17:00:00,25.605905
2024-01-16 17:30:00,28.211816
2024-01-16 18:00:00,28.345717
2024-01-16 18:30:00,25.595605
2024-01-16 19:00:00,24.751002
2024-01-16 19:30:00,24.843702
2024-01-16 20:00:00,24.648001
2024-01-16 20:30:00,24.483201
2024-01-16 21:00:00,24.2051
2024-01-16 21:30:00,23.926998
2024-01-16 22:00:00,24.071199
2024-01-16 22:30:00,24.132999
2024-01-16 23:00:00,23.484097
2024-01-16 23:30:00,23.391396
2024-01-17 00:00:00,23.381096
2024-01-17 00:30:00,22.948494
2024-01-17 01:00:00,22.670393
2024-01-17 01:30:00,22.670393
2024-01-17 02:00:00,23.247196
2024-01-17 02:30:00,23.762198
2024-01-17 03:00:00,23.597397
2024-01-17 03:30:00,29.798023
2024-01-17 04:00:00,24.2978
2024-01-17 04:30:00,25.564705
2024-01-17 05:00:00,29.705322
2024-01-17 05:30:00,59.977147
2024-01-17 06:00:00,70.040288
2024-01-17 06:30:00,79.258826
2024-01-17 07:00:00,83.172842
2024-01-17 07:30:00,86.880858
2024-01-17 08:00:00,89.012966
2024-01-17 08:30:00,96.243596
2024-01-17 09:00:00,93.235984
2024-01-17 09:30:00,92.947583
2024-01-17 10:00:00,91.732177
2024-01-17 10:30:00,90.774274
2024-01-17 11:00:00,89.96057
2024-01-17 11:30:00,86.365855
2024-01-17 12:00:00,86.293755
2024-01-17 12:30:00,85.933254
2024-01-17 13:00:00,85.191651
2024-01-17 13:30:00,84.789949
2024-01-17 14:00:00,84.862049
2024-01-17 14:30:00,84.604548
2024-01-17 15:00:00,83.883545
2024-01-17 15:30:00,83.347943
2024-01-17 16:00:00,81.689636
2024-01-17 16:30:00,79.454527
2024-01-17 17:00:00,38.676659
2024-01-17 17:30:00,42.817276
2024-01-17 18:00:00,36.52395
2024-01-17 18:30:00,35.164345
2024-01-17 19:00:00,32.496634
2024-01-17 19:30:00,33.372137
2024-01-17 20:00:00,34.628743
2024-01-17 20:30:00,32.383333
2024-01-17 21:00:00,27.954315
2024-01-17 21:30:00,27.789514
2024-01-17 22:00:00,26.72861
2024-01-17 22:30:00,25.029103
2024-01-17 23:00:00,24.1948
2024-01-17 23:30:00,24.4008
2024-01-18 00:00:00,23.885798
2024-01-18 00:30:00,24.071199
2024-01-18 01:00:00,23.484097
2024-01-18 01:30:00,23.319296
2024-01-18 02:00:00,23.185395
2024-01-18 02:30:00,23.432596
2024-01-18 03:00:00,24.1948
2024-01-18 03:30:00,24.2051
2024-01-18 04:00:00,24.132999
2024-01-18 04:30:00,25.811906
2024-01-18 05:00:00,30.210024
2024-01-18 05:30:00,49.615304
2024-01-18 06:00:00,52.241815
2024-01-18 06:30:00,61.089551
2024-01-18 07:00:00,72.131197
2024-01-18 07:30:00,70.658291
2024-01-18 08:00:00,72.028196
2024-01-18 08:30:00,72.151797
2024-01-18 09:00:00,71.636795
2024-01-18 09:30:00,75.581711
2024-01-18 10:00:00,77.940421
2024-01-18 10:30:00,79.835629
2024-01-18 11:00:00,79.948929
2024-01-18 11:30:00,78.805624
2024-01-18 12:00:00,78.579023
2024-01-18 12:30:00,79.423627
2024-01-18 13:00:00,77.075217
2024-01-18 13:30:00,78.403923
2024-01-18 14:00:00,75.767112
2024-01-18 14:30:00,74.984309
2024-01-18 15:00:00,74.665007
2024-01-18 15:30:00,73.861604
2024-01-18 16:00:00,71.894296
2024-01-18 16:30:00,66.579474
2024-01-18 17:00:00,37.965956
2024-01-18 17:30:00,35.926548
2024-01-18 18:00:00,34.546342
2024-01-18 18:30:00,33.609038
2024-01-18 19:00:00,31.48723
2024-01-18 19:30:00,34.299141
2024-01-18 20:00:00,33.876839
2024-01-18 20:30:00,31.62113
2024-01-18 21:00:00,29.406621
2024-01-18 21:30:00,27.696814
2024-01-18 22:00:00,27.356913
2024-01-18 22:30:00,26.944911
2024-01-18 23:00:00,24.442001
2024-01-18 23:30:00,23.556197
2024-01-19 00:00:00,23.638597
2024-01-19 00:30:00,23.226596
2024-01-19 01:00:00,23.484097
2024-01-19 01:30:00,22.999995
2024-01-19 02:00:00,23.710698
2024-01-19 02:30:00,23.092695
2024-01-19 03:00:00,23.216296
2024-01-19 03:30:00,24.2257
2024-01-19 04:00:00,23.700398
2024-01-19 04:30:00,24.854002
2024-01-19 05:00:00,29.561122
2024-01-19 05:30:00,32.939536
2024-01-19 06:00:00,44.135682
2024-01-19 06:30:00,65.250769
2024-01-19 07:00:00,55.743829
2024-01-19 07:30:00,66.538274
2024-01-19 08:00:00,65.50827
2024-01-19 08:30:00,69.803387
2024-01-19 09:00:00,70.52439
2024-01-19 09:30:00,68.866083
2024-01-19 10:00:00,69.010284
2024-01-19 10:30:00,70.977592
2024-01-19 11:00:00,72.100297
2024-01-19 11:30:00,71.399894
2024-01-19 12:00:00,71.925196
2024-01-19 12:30:00,72.501998
2024-01-19 13:00:00,72.574099
2024-01-19 13:30:00,71.636795
2024-01-19 14:00:00,71.152693
2024-01-19 14:30:00,71.121793
2024-01-19 15:00:00,69.617986
2024-01-19 15:30:00,67.362277
2024-01-19 16:00:00,64.364965
2024-01-19 16:30:00,60.471549
2024-01-19 17:00:00,36.637251
2024-01-19 17:30:00,35.143745
2024-01-19 18:00:00,34.690543
2024-01-19 18:30:00,33.392737
2024-01-19 19:00:00,31.919831
2024-01-19 19:30:00,32.074332
2024-01-19 20:00:00,34.700843
2024-01-19 20:30:00,33.382437
2024-01-19 21:00:00,26.903711
2024-01-19 21:30:00,25.286604
2024-01-19 22:00:00,24.833402
2024-01-19 22:30:00,27.913115
2024-01-19 23:00:00,23.659197
2024-01-19 23:30:00,23.236896
2024-01-20 00:00:00,23.164795
2024-01-20 00:30:00,23.278096
2024-01-20 01:00:00,23.072095
2024-01-20 01:30:00,23.175095
2024-01-20 02:00:00,23.278096
2024-01-20 02:30:00,23.803398
2024-01-20 03:00:00,23.525297
2024-01-20 03:30:00,23.762198
2024-01-20 04:00:00,24.071199
2024-01-20 04:30:00,25.173304
2024-01-20 05:00:00,31.095828
2024-01-20 05:30:00,33.248537
2024-01-20 06:00:00,46.432591
2024-01-20 06:30:00,69.885788
2024-01-20 07:00:00,64.962367
2024-01-20 07:30:00,75.26241
2024-01-20 08:00:00,74.953408
2024-01-20 08:30:00,76.900116
2024-01-20 09:00:00,77.363618
2024-01-20 09:30:00,77.425419
2024-01-20 10:00:00,76.652915
2024-01-20 10:30:00,76.838316
2024-01-20 11:00:00,77.456319
2024-01-20 11:30:00,77.610819
2024-01-20 12:00:00,76.910417
2024-01-20 12:30:00,77.054617
2024-01-20 13:00:00,75.530211
2024-01-20 13:30:00,75.756812
2024-01-20 14:00:00,75.571411
2024-01-20 14:30:00,75.756812
2024-01-20 15:00:00,75.28301
2024-01-20 15:30:00,75.530211
2024-01-20 16:00:00,73.099401
2024-01-20 16:30:00,71.853096
2024-01-20 17:00:00,38.573659
2024-01-20 17:30:00,40.324666
2024-01-20 18:00:00,40.489467
2024-01-20 18:30:00,37.821756
2024-01-20 19:00:00,33.403037
2024-01-20 19:30:00,31.404829
2024-01-20 20:00:00,31.961032
2024-01-20 20:30:00,32.373033
2024-01-20 21:00:00,29.530222
2024-01-20 21:30:00,28.108816
2024-01-20 22:00:00,27.902815
2024-01-20 22:30:00,27.727714
2024-01-20 23:00:00,24.4214
2024-01-20 23:30:00,23.772498
2024-01-21 00:00:00,23.504697
2024-01-21 00:30:00,23.473797
2024-01-21 01:00:00,23.350196
2024-01-21 01:30:00,23.185395
2024-01-21 02:00:00,23.082395
2024-01-21 02:30:00,23.072095
2024-01-21 03:00:00,27.871915
2024-01-21 03:30:00,24.442001
2024-01-21 04:00:00,23.875498
2024-01-21 04:30:00,25.317504
2024-01-21 05:00:00,29.901023
2024-01-21 05:30:00,35.596946
2024-01-21 06:00:00,49.285703
2024-01-21 06:30:00,63.396761
2024-01-21 07:00:00,81.967737
2024-01-21 07:30:00,74.912208
2024-01-21 08:00:00,76.776516
2024-01-21 08:30:00,78.434823
2024-01-21 09:00:00,78.342122
2024-01-21 09:30:00,77.281218
2024-01-21 10:00:00,77.74472
2024-01-21 10:30:00,76.436615
2024-01-21 11:00:00,77.281218
2024-01-21 11:30:00,78.342122
2024-01-21 12:00:00,77.888921
2024-01-21 12:30:00,77.518119
2024-01-21 13:00:00,75.973113
2024-01-21 13:30:00,74.623807
2024-01-21 14:00:00,73.521703
2024-01-21 14:30:00,73.315702
2024-01-21 15:00:00,73.449602
2024-01-21 15:30:00,72.182697
2024-01-21 16:00:00,70.596491
2024-01-21 16:30:00,68.206881
2024-01-21 17:00:00,36.606351
2024-01-21 17:30:00,37.553955
2024-01-21 18:00:00,35.669047
2024-01-21 18:30:00,34.216741
2024-01-21 19:00:00,33.835639
2024-01-21 19:30:00,32.002232
2024-01-21 20:00:00,30.508726
2024-01-21 20:30:00,31.270929
2024-01-21 21:00:00,27.820414
2024-01-21 21:30:00,24.2669
2024-01-21 22:00:00,23.576797
2024-01-21 22:30:00,23.051495
2024-01-21 23:00:00,23.339896
2024-01-21 23:30:00,22.876394
2024-01-22 00:00:00,23.154495
2024-01-22 00:30:00,22.701293
2024-01-22 01:00:00,23.061795
2024-01-22 01:30:00,23.102995
2024-01-22 02:00:00,22.845494
2024-01-22 02:30:00,23.216296
2024-01-22 03:00:00,22.649793
2024-01-22 03:30:00,22.454092
2024-01-22 04:00:00,22.690993
2024-01-22 04:30:00,23.226596
2024-01-22 05:00:00,24.3081
2024-01-22 05:30:00,30.282125
2024-01-22 06:00:00,26.75951
2024-01-22 06:30:00,26.64621
2024-01-22 07:00:00,28.139716
2024-01-22 07:30:00,31.466629
2024-01-22 08:00:00,27.655614
2024-01-22 08:30:00,29.509621
2024-01-22 09:00:00,32.043432
2024-01-22 09:30:00,29.427221
2024-01-22 10:00:00,28.005815
2024-01-22 10:30:00,31.878631
2024-01-22 11:00:00,29.684722
2024-01-22 11:30:00,30.292425
2024-01-22 12:00:00,32.393633
2024-01-22 12:30:00,30.065824
2024-01-22 13:00:00,29.15942
2024-01-22 13:30:00,31.322429
2024-01-22 14:00:00,29.602322
2024-01-22 14:30:00,27.109712
2024-01-22 15:00:00,30.725026
2024-01-22 15:30:00,28.036715
2024-01-22 16:00:00,26.543209
2024-01-22 16:30:00,26.316608
2024-01-22 17:00:00,31.61083
2024-01-22 17:30:00,28.685618
2024-01-22 18:00:00,26.563809
2024-01-22 18:30:00,25.193904
2024-01-22 19:00:00,24.781902
2024-01-22 19:30:00,27.954315
2024-01-22 20:00:00,26.75951
2024-01-22 20:30:00,25.286604
2024-01-22 21:00:00,24.452301
2024-01-22 21:30:00,23.896098
2024-01-22 22:00:00,24.555301
2024-01-22 22:30:00,24.2772
2024-01-22 23:00:00,23.999099
2024-01-22 23:30:00,23.865198
2024-01-23 00:00:00,24.740702
2024-01-23 00:30:00,23.679797
2024-01-23 01:00:00,24.2669
2024-01-23 01:30:00,23.813698
2024-01-23 02:00:00,28.994619
2024-01-23 02:30:00,24.2875
2024-01-23 03:00:00,24.029999
2024-01-23 03:30:00,23.453197
2024-01-23 04:00:00,23.154495
2024-01-23 04:30:00,23.628297
2024-01-23 05:00:00,26.048807
2024-01-23 05:30:00,28.428117
2024-01-23 06:00:00,25.441105
2024-01-23 06:30:00,25.142403
2024-01-23 07:00:00,24.462601
2024-01-23 07:30:00,30.096724
2024-01-23 08:00:00,26.924311
2024-01-23 08:30:00,28.222116
2024-01-23 09:00:00,29.983423
2024-01-23 09:30:00,27.367213
2024-01-23 10:00:00,32.517234
2024-01-23 10:30:00,28.778318
2024-01-23 11:00:00,27.676214
2024-01-23 11:30:00,34.803843
2024-01-23 12:00:00,28.963719
2024-01-23 12:30:00,28.531117
2024-01-23 13:00:00,36.060448
2024-01-23 13:30:00,28.283916
2024-01-23 14:00:00,29.05642
2024-01-23 14:30:00,36.44155
2024-01-23 15:00:00,26.66681
2024-01-23 15:30:00,27.130312
2024-01-23 16:00:00,35.421846
2024-01-23 16:30:00,26.73891
2024-01-23 17:00:00,27.284812
2024-01-23 17:30:00,35.236445
2024-01-23 18:00:00,28.314817
2024-01-23 18:30:00,27.686514
2024-01-23 19:00:00,32.991036
2024-01-23 19:30:00,27.037611
2024-01-23 20:00:00,28.376617
2024-01-23 20:30:00,26.296008
2024-01-23 21:00:00,27.017011
2024-01-23 21:30:00,30.261525
2024-01-23 22:00:00,25.245404
2024-01-23 22:30:00,24.699502
2024-01-23 23:00:00,24.617101
2024-01-23 23:30:00,25.039403
2024-01-24 00:00:00,24.534701
2024-01-24 00:30:00,25.111503
2024-01-24 01:00:00,24.174199
2024-01-24 01:30:00,24.915803
2024-01-24 02:00:00,29.283021
2024-01-24 02:30:00,24.163899
2024-01-24 03:00:00,24.740702
2024-01-24 03:30:00,25.317504
2024-01-24 04:00:00,29.22122
2024-01-24 04:30:00,24.627401
2024-01-24 05:00:00,31.930131
2024-01-24 05:30:00,64.972667
2024-01-24 06:00:00,91.618877
2024-01-24 06:30:00,80.494831
2024-01-24 07:00:00,79.032225
2024-01-24 07:30:00,79.433927
2024-01-24 08:00:00,79.217626
2024-01-24 08:30:00,80.17553
2024-01-24 09:00:00,81.442435
2024-01-24 09:30:00,82.52394
2024-01-24 10:00:00,81.411535
2024-01-24 10:30:00,81.092234
2024-01-24 11:00:00,80.28883
2024-01-24 11:30:00,80.433031
2024-01-24 12:00:00,80.412431
2024-01-24 12:30:00,80.30943
2024-01-24 13:00:00,79.588428
2024-01-24 13:30:00,79.701728
2024-01-24 14:00:00,80.25793
2024-01-24 14:30:00,80.536031
2024-01-24 15:00:00,80.360931
2024-01-24 15:30:00,81.257034
2024-01-24 16:00:00,81.092234
2024-01-24 16:30:00,80.875933
2024-01-24 17:00:00,32.795335
2024-01-24 17:30:00,39.881764
2024-01-24 18:00:00,30.797127
2024-01-24 18:30:00,30.663226
2024-01-24 19:00:00,32.908635
2024-01-24 19:30:00,27.387813
2024-01-24 20:00:00,27.120012
2024-01-24 20:30:00,33.856239
2024-01-24 21:00:00,26.017907
2024-01-24 21:30:00,26.193008
2024-01-24 22:00:00,27.830715
2024-01-24 22:30:00,29.396321
2024-01-24 23:00:00,27.676214
2024-01-24 23:30:00,25.461705
2024-01-25 00:00:00,25.111503
2024-01-25 00:30:00,25.276304
2024-01-25 01:00:00,24.936403
2024-01-25 01:30:00,25.884007
2024-01-25 02:00:00,25.719206
2024-01-25 02:30:00,28.088216
2024-01-25 03:00:00,31.425429
2024-01-25 03:30:00,26.63591
2024-01-25 04:00:00,26.131208
2024-01-25 04:30:00,26.605009
2024-01-25 05:00:00,38.90326
2024-01-25 05:30:00,66.682474
2024-01-25 06:00:00,90.784574
2024-01-25 06:30:00,90.197471
2024-01-25 07:00:00,95.996395
2024-01-25 07:30:00,97.325101
2024-01-25 08:00:00,92.473781
2024-01-25 08:30:00,101.136116
2024-01-25 09:00:00,98.313905
2024-01-25 09:30:00,99.065808
2024-01-25 10:00:00,99.858911
2024-01-25 10:30:00,98.973107
2024-01-25 11:00:00,97.788602
2024-01-25 11:30:00,96.810098
2024-01-25 12:00:00,94.173288
2024-01-25 12:30:00,92.175079
2024-01-25 13:00:00,92.30898
2024-01-25 13:30:00,92.041179
2024-01-25 14:00:00,93.112383
2024-01-25 14:30:00,92.875482
2024-01-25 15:00:00,92.010279
2024-01-25 15:30:00,90.650673
2024-01-25 16:00:00,87.859362
2024-01-25 16:30:00,86.159855
2024-01-25 17:00:00,40.767568
2024-01-25 17:30:00,44.259282
2024-01-25 18:00:00,44.115082
2024-01-25 18:30:00,38.295558
2024-01-25 19:00:00,34.659643
2024-01-25 19:30:00,32.980736
2024-01-25 20:00:00,33.197037
2024-01-25 20:30:00,32.929236
2024-01-25 21:00:00,31.137028
2024-01-25 21:30:00,29.489021
2024-01-25 22:00:00,32.362733
2024-01-25 22:30:00,28.994619
2024-01-25 23:00:00,25.616205
2024-01-25 23:30:00,24.668602
2024-01-26 00:00:00,24.3596
2024-01-26 00:30:00,24.761302
2024-01-26 01:00:00,24.236
2024-01-26 01:30:00,23.978499
2024-01-26 02:00:00,24.3596
2024-01-26 02:30:00,24.2566
2024-01-26 03:00:00,24.442001
2024-01-26 03:30:00,27.841015
2024-01-26 04:00:00,25.811906
2024-01-26 04:30:00,25.914907
2024-01-26 05:00:00,32.383333
2024-01-26 05:30:00,59.812346
2024-01-26 06:00:00,64.282565
2024-01-26 06:30:00,77.106117
2024-01-26 07:00:00,80.649332
2024-01-26 07:30:00,82.71964
2024-01-26 08:00:00,85.603652
2024-01-26 08:30:00,86.334955
2024-01-26 09:00:00,85.819953
2024-01-26 09:30:00,84.161646
2024-01-26 10:00:00,82.307639
2024-01-26 10:30:00,80.24763
2024-01-26 11:00:00,80.371231
2024-01-26 11:30:00,79.403027
2024-01-26 12:00:00,77.919821
2024-01-26 12:30:00,79.928329
2024-01-26 13:00:00,79.619328
2024-01-26 13:30:00,79.032225
2024-01-26 14:00:00,78.929225
2024-01-26 14:30:00,79.866529
2024-01-26 15:00:00,75.870112
2024-01-26 15:30:00,75.458111
2024-01-26 16:00:00,74.634107
2024-01-26 16:30:00,72.584399
2024-01-26 17:00:00,38.91356
2024-01-26 17:30:00,37.698155
2024-01-26 18:00:00,41.529771
2024-01-26 18:30:00,37.409754
2024-01-26 19:00:00,33.155836
2024-01-26 19:30:00,32.754135
2024-01-26 20:00:00,32.352433
2024-01-26 20:30:00,32.558434
2024-01-26 21:00:00,27.841015
2024-01-26 21:30:00,25.410205
2024-01-26 22:00:00,24.431701
2024-01-26 22:30:00,28.840119
2024-01-26 23:00:00,25.266004
2024-01-26 23:30:00,24.3802
2024-01-27 00:00:00,23.504697
2024-01-27 00:30:00,23.267796
2024-01-27 01:00:00,23.545897
2024-01-27 01:30:00,23.391396
2024-01-27 02:00:00,23.339896
2024-01-27 02:30:00,23.082395
2024-01-27 03:00:00,24.452301
2024-01-27 03:30:00,23.720998
2024-01-27 04:00:00,23.916698
2024-01-27 04:30:00,25.101203
2024-01-27 05:00:00,30.158524
2024-01-27 05:30:00,46.370791
2024-01-27 06:00:00,55.033126
2024-01-27 06:30:00,59.668146
2024-01-27 07:00:00,67.403477
2024-01-27 07:30:00,64.982967
2024-01-27 08:00:00,69.401686
2024-01-27 08:30:00,66.909075
2024-01-27 09:00:00,67.712479
2024-01-27 09:30:00,67.794879
2024-01-27 10:00:00,66.826675
2024-01-27 10:30:00,67.485878
2024-01-27 11:00:00,68.907284
2024-01-27 11:30:00,70.709791
2024-01-27 12:00:00,67.897879
2024-01-27 12:30:00,69.123584
2024-01-27 13:00:00,69.545886
2024-01-27 13:30:00,66.950276
2024-01-27 14:00:00,66.167472
2024-01-27 14:30:00,65.54947
2024-01-27 15:00:00,64.663666
2024-01-27 15:30:00,64.416465
2024-01-27 16:00:00,62.387357
2024-01-27 16:30:00,60.81145
2024-01-27 17:00:00,37.100753
2024-01-27 17:30:00,35.926548
2024-01-27 18:00:00,34.05194
2024-01-27 18:30:00,33.330937
2024-01-27 19:00:00,31.106128
2024-01-27 19:30:00,35.009844
2024-01-27 20:00:00,31.054628
2024-01-27 20:30:00,29.767122
2024-01-27 21:00:00,27.892515
2024-01-27 21:30:00,26.986111
2024-01-27 22:00:00,26.399009
2024-01-27 22:30:00,26.66681
2024-01-27 23:00:00,23.453197
2024-01-27 23:30:00,22.526193
2024-01-28 00:00:00,22.320192
2024-01-28 00:30:00,22.454092
2024-01-28 01:00:00,22.567393
2024-01-28 01:30:00,22.433492
2024-01-28 02:00:00,22.227491
2024-01-28 02:30:00,21.96999
2024-01-28 03:00:00,22.423192
2024-01-28 03:30:00,22.351092
2024-01-28 04:00:00,23.113295
2024-01-28 04:30:00,23.906398
2024-01-28 05:00:00,28.850419
2024-01-28 05:30:00,31.260629
2024-01-28 06:00:00,38.388258
2024-01-28 06:30:00,58.658741
2024-01-28 07:00:00,52.190315
2024-01-28 07:30:00,61.841454
2024-01-28 08:00:00,61.079251
2024-01-28 08:30:00,64.560666
2024-01-28 09:00:00,64.663666
2024-01-28 09:30:00,64.941767
2024-01-28 10:00:00,65.353769
2024-01-28 10:30:00,65.868771
2024-01-28 11:00:00,65.899671
2024-01-28 11:30:00,61.738454
2024-01-28 12:00:00,68.536482
2024-01-28 12:30:00,65.127168
2024-01-28 13:00:00,64.138364
2024-01-28 13:30:00,62.603658
2024-01-28 14:00:00,62.253456
2024-01-28 14:30:00,61.553053
2024-01-28 15:00:00,61.305852
2024-01-28 15:30:00,59.266444
2024-01-28 16:00:00,57.834738
2024-01-28 16:30:00,55.93953
2024-01-28 17:00:00,34.422742
2024-01-28 17:30:00,33.176437
2024-01-28 18:00:00,32.929236
2024-01-28 18:30:00,31.64173
2024-01-28 19:00:00,30.333625
2024-01-28 19:30:00,30.704426
2024-01-28 20:00:00,29.973123
2024-01-28 20:30:00,31.044328
2024-01-28 21:00:00,24.699502
2024-01-28 21:30:00,23.823998
2024-01-28 22:00:00,23.257496
2024-01-28 22:30:00,22.660093
2024-01-28 23:00:00,22.948494
2024-01-28 23:30:00,22.175991
2024-01-29 00:00:00,21.95969
2024-01-29 00:30:00,22.021491
2024-01-29 01:00:00,21.83609
2024-01-29 01:30:00,22.021491
2024-01-29 02:00:00,21.630089
2024-01-29 02:30:00,21.104787
2024-01-29 03:00:00,21.671289
2024-01-29 03:30:00,21.424088
2024-01-29 04:00:00,21.712489
2024-01-29 04:30:00,21.413788
2024-01-29 05:00:00,23.391396
2024-01-29 05:30:00,29.952523
2024-01-29 06:00:00,25.533805
2024-01-29 06:30:00,27.006711
2024-01-29 07:00:00,25.801606
2024-01-29 07:30:00,25.832506
2024-01-29 08:00:00,26.203308
2024-01-29 08:30:00,26.80071
2024-01-29 09:00:00,26.285708
2024-01-29 09:30:00,33.536938
2024-01-29 10:00:00,30.343925
2024-01-29 10:30:00,28.335417
2024-01-29 11:00:00,26.872811
2024-01-29 11:30:00,27.861615
2024-01-29 12:00:00,33.464838
2024-01-29 12:30:00,28.871019
2024-01-29 13:00:00,24.462601
2024-01-29 13:30:00,24.4008
2024-01-29 14:00:00,25.111503
2024-01-29 14:30:00,27.501113
2024-01-29 15:00:00,25.214504
2024-01-29 15:30:00,24.998203
2024-01-29 16:00:00,28.386917
2024-01-29 16:30:00,24.174199
2024-01-29 17:00:00,24.153599
2024-01-29 17:30:00,24.1845
2024-01-29 18:00:00,27.902815
2024-01-29 18:30:00,23.442896
2024-01-29 19:00:00,23.226596
2024-01-29 19:30:00,23.226596
2024-01-29 20:00:00,22.526193
2024-01-29 20:30:00,22.598293
2024-01-29 21:00:00,22.299592
2024-01-29 21:30:00,22.320192
2024-01-29 22:00:00,22.072991
2024-01-29 22:30:00,22.093591
2024-01-29 23:00:00,21.475588
2024-01-29 23:30:00,21.702189
2024-01-30 00:00:00,21.671289
2024-01-30 00:30:00,21.547689
2024-01-30 01:00:00,21.424088
2024-01-30 01:30:00,21.92879
2024-01-30 02:00:00,21.630089
2024-01-30 02:30:00,21.444688
2024-01-30 03:00:00,21.588889
2024-01-30 03:30:00,21.321088
2024-01-30 04:00:00,21.88759
2024-01-30 04:30:00,21.248987
2024-01-30 05:00:00,22.917594
2024-01-30 05:30:00,26.80071
2024-01-30 06:00:00,23.113295
2024-01-30 06:30:00,23.360496
2024-01-30 07:00:00,23.473797
2024-01-30 07:30:00,23.638597
2024-01-30 08:00:00,25.523505
2024-01-30 08:30:00,27.738014
2024-01-30 09:00:00,24.957003
2024-01-30 09:30:00,25.358704
2024-01-30 10:00:00,27.459913
2024-01-30 10:30:00,31.847731
2024-01-30 11:00:00,26.594709
2024-01-30 11:30:00,26.491709
2024-01-30 12:00:00,29.890723
2024-01-30 12:30:00,30.560226
2024-01-30 13:00:00,27.490813
2024-01-30 13:30:00,25.801606
2024-01-30 14:00:00,27.614414
2024-01-30 14:30:00,30.467525
2024-01-30 15:00:00,27.665914
2024-01-30 15:30:00,27.768914
2024-01-30 16:00:00,25.914907
2024-01-30 16:30:00,29.10792
2024-01-30 17:00:00,27.830715
2024-01-30 17:30:00,26.347508
2024-01-30 18:00:00,25.070303
2024-01-30 18:30:00,24.699502
2024-01-30 19:00:00,24.884902
2024-01-30 19:30:00,24.071199
2024-01-30 20:00:00,24.143299
2024-01-30 20:30:00,23.504697
2024-01-30 21:00:00,23.391396
2024-01-30 21:30:00,22.979395
2024-01-30 22:00:00,22.938194
2024-01-30 22:30:00,23.010295
2024-01-30 23:00:00,22.690993
2024-01-30 23:30:00,22.814594
2024-01-31 00:00:00,22.649793
2024-01-31 00:30:00,22.835194
2024-01-31 01:00:00,22.175991
2024-01-31 01:30:00,22.721894
2024-01-31 02:00:00,22.855794
2024-01-31 02:30:00,23.144195
2024-01-31 03:00:00,22.793994
2024-01-31 03:30:00,27.686514
2024-01-31 04:00:00,23.381096
2024-01-31 04:30:00,24.751002
2024-01-31 05:00:00,29.324221
2024-01-31 05:30:00,59.822646
2024-01-31 06:00:00,62.922959
2024-01-31 06:30:00,71.214493
2024-01-31 07:00:00,75.159409
2024-01-31 07:30:00,78.053721
2024-01-31 08:00:00,82.060438
2024-01-31 08:30:00,82.874141
2024-01-31 09:00:00,83.595144
2024-01-31 09:30:00,86.746957
2024-01-31 10:00:00,88.106563
2024-01-31 10:30:00,88.240463
2024-01-31 11:00:00,88.806965
2024-01-31 11:30:00,88.806965
2024-01-31 12:00:00,89.83697
2024-01-31 12:30:00,89.754569
2024-01-31 13:00:00,90.238671
2024-01-31 13:30:00,89.84727
2024-01-31 14:00:00,89.157167
2024-01-31 14:30:00,88.600965
2024-01-31 15:00:00,89.610369
2024-01-31 15:30:00,89.86787
2024-01-31 16:00:00,88.693665
2024-01-31 16:30:00,86.067154
2024-01-31 17:00:00,42.261074
2024-01-31 17:30:00,48.224798
2024-01-31 18:00:00,40.376166
2024-01-31 18:30:00,38.75906
2024-01-31 19:00:00,35.617547
2024-01-31 19:30:00,35.833847
2024-01-31 20:00:00,36.029548
2024-01-31 20:30:00,35.720547
2024-01-31 21:00:00,30.560226
2024-01-31 21:30:00,28.119116
2024-01-31 22:00:00,28.294216
2024-01-31 22:30:00,25.070303
2024-01-31 23:00:00,25.430805
2024-01-31 23:30:00,25.791306
2024-02-01 00:00:00,24.483201
2024-02-01 00:30:00,24.946703
2024-02-01 01:00:00,24.2772
2024-02-01 01:30:00,24.2772
2024-02-01 02:00:00,24.431701
2024-02-01 02:30:00,24.3493
2024-02-01 03:00:00,25.358704
2024-02-01 03:30:00,30.642626
2024-02-01 04:00:00,26.74921
2024-02-01 04:30:00,26.203308
2024-02-01 05:00:00,33.382437
2024-02-01 05:30:00,66.321973
2024-02-01 06:00:00,78.352422
2024-02-01 06:30:00,76.694116
2024-02-01 07:00:00,79.948929
2024-02-01 07:30:00,84.151346
2024-02-01 08:00:00,85.634552
2024-02-01 08:30:00,84.923849
2024-02-01 09:00:00,85.201951
2024-02-01 09:30:00,85.964154
2024-02-01 10:00:00,88.786365
2024-02-01 10:30:00,94.132087
2024-02-01 11:00:00,93.606785
2024-02-01 11:30:00,94.81189
2024-02-01 12:00:00,95.295992
2024-02-01 12:30:00,95.007591
2024-02-01 13:00:00,94.162988
2024-02-01 13:30:00,95.089991
2024-02-01 14:00:00,96.027295
2024-02-01 14:30:00,96.562897
2024-02-01 15:00:00,94.132087
2024-02-01 15:30:00,93.864286
2024-02-01 16:00:00,92.205979
2024-02-01 16:30:00,89.84727
2024-02-01 17:00:00,43.424979
2024-02-01 17:30:00,46.762192
2024-02-01 18:00:00,39.747864
2024-02-01 18:30:00,41.498871
2024-02-01 19:00:00,36.41065
2024-02-01 19:30:00,36.832952
2024-02-01 20:00:00,36.647551
2024-02-01 20:30:00,35.926548
2024-02-01 21:00:00,31.198828
2024-02-01 21:30:00,34.639043
2024-02-01 22:00:00,33.825339
2024-02-01 22:30:00,31.425429
2024-02-01 23:00:00,29.818623
2024-02-01 23:30:00,29.592022
2024-02-02 00:00:00,28.283916
2024-02-02 00:30:00,25.997307
2024-02-02 01:00:00,30.210024
2024-02-02 01:30:00,28.417817
2024-02-02 02:00:00,27.542313
2024-02-02 02:30:00,27.356913
2024-02-02 03:00:00,28.726818
2024-02-02 03:30:00,28.088216
2024-02-02 04:00:00,27.274512
2024-02-02 04:30:00,29.386021
2024-02-02 05:00:00,35.998648
2024-02-02 05:30:00,62.129856
2024-02-02 06:00:00,87.36496
2024-02-02 06:30:00,87.838761
2024-02-02 07:00:00,90.990574
2024-02-02 07:30:00,92.988783
2024-02-02 08:00:00,95.203292
2024-02-02 08:30:00,96.521697
2024-02-02 09:00:00,101.93952
2024-02-02 09:30:00,102.300021
2024-02-02 10:00:00,102.825323
2024-02-02 10:30:00,101.043416
2024-02-02 11:00:00,99.889811
2024-02-02 11:30:00,98.736206
2024-02-02 12:00:00,99.385109
2024-02-02 12:30:00,98.406605
2024-02-02 13:00:00,98.519905
2024-02-02 13:30:00,95.604993
2024-02-02 14:00:00,94.69859
2024-02-02 14:30:00,93.678886
2024-02-02 15:00:00,92.154479
2024-02-02 15:30:00,92.123579
2024-02-02 16:00:00,89.002666
2024-02-02 16:30:00,86.128954
2024-02-02 17:00:00,40.613067
2024-02-02 17:30:00,45.351087
2024-02-02 18:00:00,41.962373
2024-02-02 18:30:00,38.511858
2024-02-02 19:00:00,37.141953
2024-02-02 19:30:00,34.474242
2024-02-02 20:00:00,39.778764
2024-02-02 20:30:00,43.68248
2024-02-02 21:00:00,37.667255
2024-02-02 21:30:00,35.535146
2024-02-02 22:00:00,30.333625
2024-02-02 22:30:00,27.429013
2024-02-02 23:00:00,27.109712
2024-02-02 23:30:00,35.390946
2024-02-03 00:00:00,33.567838
2024-02-03 00:30:00,33.155836
2024-02-03 01:00:00,32.918935
2024-02-03 01:30:00,33.258837
2024-02-03 02:00:00,33.073436
2024-02-03 02:30:00,33.588438
2024-02-03 03:00:00,33.464838
2024-02-03 03:30:00,32.857135
2024-02-03 04:00:00,33.495738
2024-02-03 04:30:00,34.556642
2024-02-03 05:00:00,40.901468
2024-02-03 05:30:00,49.553504
2024-02-03 06:00:00,81.761736
2024-02-03 06:30:00,83.821745
2024-02-03 07:00:00,86.056854
2024-02-03 07:30:00,88.765765
2024-02-03 08:00:00,87.879962
2024-02-03 08:30:00,94.523489
2024-02-03 09:00:00,96.676198
2024-02-03 09:30:00,93.524385
2024-02-03 10:00:00,92.710682
2024-02-03 10:30:00,92.803382
2024-02-03 11:00:00,91.814578
2024-02-03 11:30:00,90.887574
2024-02-03 12:00:00,91.783678
2024-02-03 12:30:00,90.547673
2024-02-03 13:00:00,90.836074
2024-02-03 13:30:00,89.630969
2024-02-03 14:00:00,89.023266
2024-02-03 14:30:00,88.415564
2024-02-03 15:00:00,87.52976
2024-02-03 15:30:00,87.282559
2024-02-03 16:00:00,86.602756
2024-02-03 16:30:00,81.576336
2024-02-03 17:00:00,39.933264
2024-02-03 17:30:00,38.367658
2024-02-03 18:00:00,44.351983
2024-02-03 18:30:00,38.182257
2024-02-03 19:00:00,34.721443
2024-02-03 19:30:00,32.836535
2024-02-03 20:00:00,32.589334
2024-02-03 20:30:00,32.949836
2024-02-03 21:00:00,30.292425
2024-02-03 21:30:00,31.878631
2024-02-03 22:00:00,29.530222
2024-02-03 22:30:00,28.129416
2024-02-03 23:00:00,25.533805
2024-02-03 23:30:00,24.709802
2024-02-04 00:00:00,24.823102
2024-02-04 00:30:00,24.091799
2024-02-04 01:00:00,24.802502
2024-02-04 01:30:00,24.555301
2024-02-04 02:00:00,24.019699
2024-02-04 02:30:00,24.040299
2024-02-04 03:00:00,25.235104
2024-02-04 03:30:00,28.603218
2024-02-04 04:00:00,27.974915
2024-02-04 04:30:00,29.993723
2024-02-04 05:00:00,31.56963
2024-02-04 05:30:00,53.38512
2024-02-04 06:00:00,64.931467
2024-02-04 06:30:00,71.544094
2024-02-04 07:00:00,73.913104
2024-02-04 07:30:00,78.661424
2024-02-04 08:00:00,81.607236
2024-02-04 08:30:00,82.905041
2024-02-04 09:00:00,83.986546
2024-02-04 09:30:00,84.038046
2024-02-04 10:00:00,84.151346
2024-02-04 10:30:00,82.56514
2024-02-04 11:00:00,82.153138
2024-02-04 11:30:00,82.410639
2024-02-04 12:00:00,82.142838
2024-02-04 12:30:00,82.307639
2024-02-04 13:00:00,80.906833
2024-02-04 13:30:00,79.433927
2024-02-04 14:00:00,80.000429
2024-02-04 14:30:00,78.918925
2024-02-04 15:00:00,77.87862
2024-02-04 15:30:00,76.663215
2024-02-04 16:00:00,71.101193
2024-02-04 16:30:00,67.743379
2024-02-04 17:00:00,37.450954
2024-02-04 17:30:00,37.914456
2024-02-04 18:00:00,40.767568
2024-02-04 18:30:00,36.42095
2024-02-04 19:00:00,32.692335
2024-02-04 19:30:00,30.271825
2024-02-04 20:00:00,32.362733
2024-02-04 20:30:00,32.527534
2024-02-04 21:00:00,29.06672
2024-02-04 21:30:00,34.824443
2024-02-04 22:00:00,31.137028
2024-02-04 22:30:00,29.880423
2024-02-04 23:00:00,25.472005
2024-02-04 23:30:00,24.905502
2024-02-05 00:00:00,24.4008
2024-02-05 00:30:00,24.3905
2024-02-05 01:00:00,25.296904
2024-02-05 01:30:00,25.070303
2024-02-05 02:00:00,24.514101
2024-02-05 02:30:00,24.1845
2024-02-05 03:00:00,24.060899
2024-02-05 03:30:00,24.2566
2024-02-05 04:00:00,24.709802
2024-02-05 04:30:00,23.968199
2024-02-05 05:00:00,28.974019
2024-02-05 05:30:00,29.499321
2024-02-05 06:00:00,29.386021
2024-02-05 06:30:00,30.158524
2024-02-05 07:00:00,29.643522
2024-02-05 07:30:00,28.325117
2024-02-05 08:00:00,28.788618
2024-02-05 08:30:00,30.230624
2024-02-05 09:00:00,28.788618
2024-02-05 09:30:00,30.704426
2024-02-05 10:00:00,31.343029
2024-02-05 10:30:00,30.817727
2024-02-05 11:00:00,30.580826
2024-02-05 11:30:00,30.086424
2024-02-05 12:00:00,35.143745
2024-02-05 12:30:00,35.370346
2024-02-05 13:00:00,30.199724
2024-02-05 13:30:00,30.189424
2024-02-05 14:00:00,27.212712
2024-02-05 14:30:00,27.593814
2024-02-05 15:00:00,31.157628
2024-02-05 15:30:00,28.881319
2024-02-05 16:00:00,28.242716
2024-02-05 16:30:00,26.079707
2024-02-05 17:00:00,25.750106
2024-02-05 17:30:00,25.585305
2024-02-05 18:00:00,28.253016
2024-02-05 18:30:00,26.388709
2024-02-05 19:00:00,25.266004
2024-02-05 19:30:00,24.843702
2024-02-05 20:00:00,23.442896
2024-02-05 20:30:00,23.937299
2024-02-05 21:00:00,23.422296
2024-02-05 21:30:00,23.298696
2024-02-05 22:00:00,22.567393
2024-02-05 22:30:00,22.577693
2024-02-05 23:00:00,22.608593
2024-02-05 23:30:00,22.660093
2024-02-06 00:00:00,22.330492
2024-02-06 00:30:00,22.814594
2024-02-06 01:00:00,22.412892
2024-02-06 01:30:00,22.711593
2024-02-06 02:00:00,22.258392
2024-02-06 02:30:00,22.155391
2024-02-06 03:00:00,22.536493
2024-02-06 03:30:00,25.307204
2024-02-06 04:00:00,24.132999
2024-02-06 04:30:00,22.927894
2024-02-06 05:00:00,23.494397
2024-02-06 05:30:00,23.092695
2024-02-06 06:00:00,23.751898
2024-02-06 06:30:00,24.050599
2024-02-06 07:00:00,24.122699
2024-02-06 07:30:00,23.854898
2024-02-06 08:00:00,24.029999
2024-02-06 08:30:00,29.25212
2024-02-06 09:00:00,28.582618
2024-02-06 09:30:00,25.811906
2024-02-06 10:00:00,28.592918
2024-02-06 10:30:00,32.970436
2024-02-06 11:00:00,31.446029
2024-02-06 11:30:00,31.775631
2024-02-06 12:00:00,31.66233
2024-02-06 12:30:00,32.321533
2024-02-06 13:00:00,31.229729
2024-02-06 13:30:00,31.322429
2024-02-06 14:00:00,32.640834
2024-02-06 14:30:00,32.187632
2024-02-06 15:00:00,31.425429
2024-02-06 15:30:00,31.60053
2024-02-06 16:00:00,31.67263
2024-02-06 16:30:00,31.837431
2024-02-06 17:00:00,31.53873
2024-02-06 17:30:00,32.002232
2024-02-06 18:00:00,31.899231
2024-02-06 18:30:00,31.270929
2024-02-06 19:00:00,30.673526
2024-02-06 19:30:00,31.116428
2024-02-06 20:00:00,30.364525
2024-02-06 20:30:00,30.405725
2024-02-06 21:00:00,29.674422
2024-02-06 21:30:00,29.550822
2024-02-06 22:00:00,29.561122
2024-02-06 22:30:00,29.808323
2024-02-06 23:00:00,29.06672
2024-02-06 23:30:00,28.932819
2024-02-07 00:00:00,28.675318
2024-02-07 00:30:00,28.716518
2024-02-07 01:00:00,28.634118
2024-02-07 01:30:00,28.798919
2024-02-07 02:00:00,28.829819
2024-02-07 02:30:00,29.705322
2024-02-07 03:00:00,28.726818
2024-02-07 03:30:00,29.355121
2024-02-07 04:00:00,29.540522
2024-02-07 04:30:00,31.116428
2024-02-07 05:00:00,35.401246
2024-02-07 05:30:00,47.194794
2024-02-07 06:00:00,51.871013
2024-02-07 06:30:00,61.120452
2024-02-07 07:00:00,61.141052
2024-02-07 07:30:00,68.958784
2024-02-07 08:00:00,70.926092
2024-02-07 08:30:00,72.9552
2024-02-07 09:00:00,74.778308
2024-02-07 09:30:00,76.570515
2024-02-07 10:00:00,76.776516
2024-02-07 10:30:00,77.446019
2024-02-07 11:00:00,78.053721
2024-02-07 11:30:00,78.424523
2024-02-07 12:00:00,78.702624
2024-02-07 12:30:00,78.558423
2024-02-07 13:00:00,79.279426
2024-02-07 13:30:00,77.74472
2024-02-07 14:00:00,77.79622
2024-02-07 14:30:00,77.621119
2024-02-07 15:00:00,76.642615
2024-02-07 15:30:00,77.363618
2024-02-07 16:00:00,76.107013
2024-02-07 16:30:00,74.469306
2024-02-07 17:00:00,39.356462
2024-02-07 17:30:00,43.208678
2024-02-07 18:00:00,38.233757
2024-02-07 18:30:00,36.266449
2024-02-07 19:00:00,34.02104
2024-02-07 19:30:00,33.722339
2024-02-07 20:00:00,32.702635
2024-02-07 20:30:00,31.48723
2024-02-07 21:00:00,27.202412
2024-02-07 21:30:00,29.11822
2024-02-07 22:00:00,26.429909
2024-02-07 22:30:00,25.781006
2024-02-07 23:00:00,24.3081
2024-02-07 23:30:00,24.472901
2024-02-08 00:00:00,23.957899
2024-02-08 00:30:00,23.865198
2024-02-08 01:00:00,23.669497
2024-02-08 01:30:00,23.556197
2024-02-08 02:00:00,23.144195
2024-02-08 02:30:00,24.019699
2024-02-08 03:00:00,24.132999
2024-02-08 03:30:00,25.193904
2024-02-08 04:00:00,30.333625
2024-02-08 04:30:00,27.017011
2024-02-08 05:00:00,32.197933
2024-02-08 05:30:00,53.261519
2024-02-08 06:00:00,56.217631
2024-02-08 06:30:00,65.786371
2024-02-08 07:00:00,52.715617
2024-02-08 07:30:00,84.583948
2024-02-08 08:00:00,77.240018
2024-02-08 08:30:00,74.283906
2024-02-08 09:00:00,76.230614
2024-02-08 09:30:00,77.83742
2024-02-08 10:00:00,80.546331
2024-02-08 10:30:00,81.566036
2024-02-08 11:00:00,82.276739
2024-02-08 11:30:00,82.67844
2024-02-08 12:00:00,84.110146
2024-02-08 12:30:00,85.665453
2024-02-08 13:00:00,86.128954
2024-02-08 13:30:00,84.522148
2024-02-08 14:00:00,84.94445
2024-02-08 14:30:00,84.645748
2024-02-08 15:00:00,84.532448
2024-02-08 15:30:00,87.158959
2024-02-08 16:00:00,87.972662
2024-02-08 16:30:00,84.841449
2024-02-08 17:00:00,41.921173
2024-02-08 17:30:00,50.624708
2024-02-08 18:00:00,43.270478
2024-02-08 18:30:00,41.859372
2024-02-08 19:00:00,36.122249
2024-02-08 19:30:00,34.721443
2024-02-08 20:00:00,33.681139
2024-02-08 20:30:00,33.269137
2024-02-08 21:00:00,31.023728
2024-02-08 21:30:00,33.91804
2024-02-08 22:00:00,32.002232
2024-02-08 22:30:00,30.405725
2024-02-08 23:00:00,25.811906
2024-02-08 23:30:00,24.524401
2024-02-09 00:00:00,24.637701
2024-02-09 00:30:00,24.709802
2024-02-09 01:00:00,24.545001
2024-02-09 01:30:00,24.102099
2024-02-09 02:00:00,24.2772
2024-02-09 02:30:00,24.3184
2024-02-09 03:00:00,24.143299
2024-02-09 03:30:00,25.327804
2024-02-09 04:00:00,31.48723
2024-02-09 04:30:00,28.469317
2024-02-09 05:00:00,34.216741
2024-02-09 05:30:00,56.269132
2024-02-09 06:00:00,64.107464
2024-02-09 06:30:00,76.570515
2024-02-09 07:00:00,79.742928
2024-02-09 07:30:00,81.195234
2024-02-09 08:00:00,84.099846
2024-02-09 08:30:00,82.884441
2024-02-09 09:00:00,84.480948
2024-02-09 09:30:00,84.98565
2024-02-09 10:00:00,86.118654
2024-02-09 10:30:00,93.812786
2024-02-09 11:00:00,91.515877
2024-02-09 11:30:00,91.114175
2024-02-09 12:00:00,90.980274
2024-02-09 12:30:00,92.638581
2024-02-09 13:00:00,92.803382
2024-02-09 13:30:00,91.999979
2024-02-09 14:00:00,90.032671
2024-02-09 14:30:00,85.335851
2024-02-09 15:00:00,83.543644
2024-02-09 15:30:00,82.987442
2024-02-09 16:00:00,66.950276
2024-02-09 16:30:00,76.601415
2024-02-09 17:00:00,43.373478
2024-02-09 17:30:00,44.805184
2024-02-09 18:00:00,42.745176
2024-02-09 18:30:00,41.941773
2024-02-09 19:00:00,38.182257
2024-02-09 19:30:00,36.596051
2024-02-09 20:00:00,30.951627
2024-02-09 20:30:00,32.331833
2024-02-09 21:00:00,29.19032
2024-02-09 21:30:00,34.371241
2024-02-09 22:00:00,31.178228
2024-02-09 22:30:00,31.353329
2024-02-09 23:00:00,30.611726
2024-02-09 23:30:00,30.632326
2024-02-10 00:00:00,30.343925
2024-02-10 00:30:00,27.995515
2024-02-10 01:00:00,24.823102
2024-02-10 01:30:00,23.957899
2024-02-10 02:00:00,24.843702
2024-02-10 02:30:00,24.936403
2024-02-10 03:00:00,24.3081
2024-02-10 03:30:00,25.719206
2024-02-10 04:00:00,25.410205
2024-02-10 04:30:00,28.562018
2024-02-10 05:00:00,41.27227
2024-02-10 05:30:00,60.73935
2024-02-10 06:00:00,65.147768
2024-02-10 06:30:00,78.702624
2024-02-10 07:00:00,82.70934
2024-02-10 07:30:00,84.851749
2024-02-10 08:00:00,86.180455
2024-02-10 08:30:00,89.80607
2024-02-10 09:00:00,88.776065
2024-02-10 09:30:00,87.622461
2024-02-10 10:00:00,93.050583
2024-02-10 10:30:00,91.546777
2024-02-10 11:00:00,92.484081
2024-02-10 11:30:00,92.947583
2024-02-10 12:00:00,94.966391
2024-02-10 12:30:00,95.059091
2024-02-10 13:00:00,94.585289
2024-02-10 13:30:00,91.773378
2024-02-10 14:00:00,85.995054
2024-02-10 14:30:00,84.707549
2024-02-10 15:00:00,83.286143
2024-02-10 15:30:00,81.792637
2024-02-10 16:00:00,81.318835
2024-02-10 16:30:00,79.207326
2024-02-10 17:00:00,40.201065
2024-02-10 17:30:00,43.332278
2024-02-10 18:00:00,39.078361
2024-02-10 18:30:00,37.049252
2024-02-10 19:00:00,33.95924
2024-02-10 19:30:00,33.97984
2024-02-10 20:00:00,33.052836
2024-02-10 20:30:00,33.423638
2024-02-10 21:00:00,31.446029
2024-02-10 21:30:00,30.117324
2024-02-10 22:00:00,29.25212
2024-02-10 22:30:00,28.242716
2024-02-10 23:00:00,26.388709
2024-02-10 23:30:00,26.162108
2024-02-11 00:00:00,25.853106
2024-02-11 00:30:00,25.729506
2024-02-11 01:00:00,25.595605
2024-02-11 01:30:00,26.66681
2024-02-11 02:00:00,28.222116
2024-02-11 02:30:00,25.678006
2024-02-11 03:00:00,26.100307
2024-02-11 03:30:00,25.338104
2024-02-11 04:00:00,25.544105
2024-02-11 04:30:00,27.480513
2024-02-11 05:00:00,37.492154
2024-02-11 05:30:00,64.303165
2024-02-11 06:00:00,75.34481
2024-02-11 06:30:00,80.30943
2024-02-11 07:00:00,72.265097
2024-02-11 07:30:00,96.501097
2024-02-11 08:00:00,99.68381
2024-02-11 08:30:00,95.182692
2024-02-11 09:00:00,95.501993
2024-02-11 09:30:00,95.357792
2024-02-11 10:00:00,94.647089
2024-02-11 10:30:00,95.089991
2024-02-11 11:00:00,95.491693
2024-02-11 11:30:00,96.614398
2024-02-11 12:00:00,98.942207
2024-02-11 12:30:00,100.157612
2024-02-11 13:00:00,99.158508
2024-02-11 13:30:00,96.892499
2024-02-11 14:00:00,95.841894
2024-02-11 14:30:00,90.393172
2024-02-11 15:00:00,89.486768
2024-02-11 15:30:00,88.786365
2024-02-11 16:00:00,86.211355
2024-02-11 16:30:00,84.93415
2024-02-11 17:00:00,40.242266
2024-02-11 17:30:00,44.331382
2024-02-11 18:00:00,39.933264
2024-02-11 18:30:00,38.007156
2024-02-11 19:00:00,41.23107
2024-02-11 19:30:00,38.81056
2024-02-11 20:00:00,38.079257
2024-02-11 20:30:00,37.008052
2024-02-11 21:00:00,31.62113
2024-02-11 21:30:00,30.416025
2024-02-11 22:00:00,28.067616
2024-02-11 22:30:00,27.459913
2024-02-11 23:00:00,27.810114
2024-02-11 23:30:00,30.158524
2024-02-12 00:00:00,26.80071
2024-02-12 00:30:00,26.306308
2024-02-12 01:00:00,26.100307
2024-02-12 01:30:00,25.822206
2024-02-12 02:00:00,25.863406
2024-02-12 02:30:00,25.904607
2024-02-12 03:00:00,25.492605
2024-02-12 03:30:00,25.966407
2024-02-12 04:00:00,25.152704
2024-02-12 04:30:00,25.678006
2024-02-12 05:00:00,29.07702
2024-02-12 05:30:00,30.652926
2024-02-12 06:00:00,30.045224
2024-02-12 06:30:00,30.107024
2024-02-12 07:00:00,27.635014
2024-02-12 07:30:00,26.975811
2024-02-12 08:00:00,32.167032
2024-02-12 08:30:00,29.828923
2024-02-12 09:00:00,29.530222
2024-02-12 09:30:00,27.933715
2024-02-12 10:00:00,27.995515
2024-02-12 10:30:00,32.476034
2024-02-12 11:00:00,30.127624
2024-02-12 11:30:00,28.541417
2024-02-12 12:00:00,27.161212
2024-02-12 12:30:00,27.058211
2024-02-12 13:00:00,28.098516
2024-02-12 13:30:00,32.352433
2024-02-12 14:00:00,29.10792
2024-02-12 14:30:00,28.541417
2024-02-12 15:00:00,26.66681
2024-02-12 15:30:00,36.235549
2024-02-12 16:00:00,33.825339
2024-02-12 16:30:00,29.798023
2024-02-12 17:00:00,30.673526
2024-02-12 17:30:00,28.603218
2024-02-12 18:00:00,25.204204
2024-02-12 18:30:00,25.049703
2024-02-12 19:00:00,24.761302
2024-02-12 19:30:00,25.111503
2024-02-12 20:00:00,24.586201
2024-02-12 20:30:00,24.823102
2024-02-12 21:00:00,23.762198
2024-02-12 21:30:00,23.947599
2024-02-12 22:00:00,23.638597
2024-02-12 22:30:00,23.669497
2024-02-12 23:00:00,23.473797
2024-02-12 23:30:00,23.587097
2024-02-13 00:00:00,23.185395
2024-02-13 00:30:00,23.494397
2024-02-13 01:00:00,28.047015
2024-02-13 01:30:00,24.2566
2024-02-13 02:00:00,24.720102
2024-02-13 02:30:00,22.969095
2024-02-13 03:00:00,22.732194
2024-02-13 03:30:00,22.381992
2024-02-13 04:00:00,22.835194
2024-02-13 04:30:00,22.526193
2024-02-13 05:00:00,23.236896
2024-02-13 05:30:00,23.422296
2024-02-13 06:00:00,23.308996
2024-02-13 06:30:00,23.453197
2024-02-13 07:00:00,24.339
2024-02-13 07:30:00,29.15942
2024-02-13 08:00:00,26.048807
2024-02-13 08:30:00,25.945807
2024-02-13 09:00:00,29.458121
2024-02-13 09:30:00,27.078811
2024-02-13 10:00:00,27.171512
2024-02-13 10:30:00,30.889827
2024-02-13 11:00:00,26.78011
2024-02-13 11:30:00,26.213608
2024-02-13 12:00:00,25.770706
2024-02-13 12:30:00,26.378409
2024-02-13 13:00:00,29.849523
2024-02-13 13:30:00,27.150912
2024-02-13 14:00:00,26.440209
2024-02-13 14:30:00,33.567838
2024-02-13 15:00:00,29.818623
2024-02-13 15:30:00,28.077916
2024-02-13 16:00:00,35.586646
2024-02-13 16:30:00,34.04164
2024-02-13 17:00:00,31.116428
2024-02-13 17:30:00,26.172408
2024-02-13 18:00:00,26.326908
2024-02-13 18:30:00,28.294216
2024-02-13 19:00:00,25.348404
2024-02-13 19:30:00,24.946703
2024-02-13 20:00:00,24.153599
2024-02-13 20:30:00,24.586201
2024-02-13 21:00:00,23.710698
2024-02-13 21:30:00,24.060899
2024-02-13 22:00:00,23.463497
2024-02-13 22:30:00,23.638597
2024-02-13 23:00:00,22.690993
2024-02-13 23:30:00,23.123595
2024-02-14 00:00:00,23.041195
2024-02-14 00:30:00,23.154495
2024-02-14 01:00:00,22.608593
2024-02-14 01:30:00,22.639493
2024-02-14 02:00:00,23.072095
2024-02-14 02:30:00,23.329596
2024-02-14 03:00:00,24.967303
2024-02-14 03:30:00,26.79041
2024-02-14 04:00:00,24.102099
2024-02-14 04:30:00,26.296008
2024-02-14 05:00:00,31.68293
2024-02-14 05:30:00,60.111047
2024-02-14 06:00:00,58.112839
2024-02-14 06:30:00,72.079697
2024-02-14 07:00:00,75.32421
2024-02-14 07:30:00,80.669932
2024-02-14 08:00:00,84.367647
2024-02-14 08:30:00,85.315251
2024-02-14 09:00:00,92.731282
2024-02-14 09:30:00,85.902354
2024-02-14 10:00:00,91.907278
2024-02-14 10:30:00,85.510952
2024-02-14 11:00:00,92.082379
2024-02-14 11:30:00,88.837866
2024-02-14 12:00:00,88.467064
2024-02-14 12:30:00,91.000874
2024-02-14 13:00:00,87.59156
2024-02-14 13:30:00,92.123579
2024-02-14 14:00:00,85.912654
2024-02-14 14:30:00,83.162542
2024-02-14 15:00:00,81.833837
2024-02-14 15:30:00,80.742032
2024-02-14 16:00:00,79.330926
2024-02-14 16:30:00,77.70352
2024-02-14 17:00:00,39.758164
2024-02-14 17:30:00,43.064477
2024-02-14 18:00:00,39.037161
2024-02-14 18:30:00,36.802051
2024-02-14 19:00:00,33.650238
2024-02-14 19:30:00,32.033132
2024-02-14 20:00:00,30.539626
2024-02-14 20:30:00,31.353329
2024-02-14 21:00:00,33.269137
2024-02-14 21:30:00,28.901919
2024-02-14 22:00:00,26.84191
2024-02-14 22:30:00,25.286604
2024-02-14 23:00:00,24.617101
2024-02-14 23:30:00,24.452301
2024-02-15 00:00:00,23.988799
2024-02-15 00:30:00,23.865198
2024-02-15 01:00:00,24.040299
2024-02-15 01:30:00,23.762198
2024-02-15 02:00:00,23.885798
2024-02-15 02:30:00,23.504697
2024-02-15 03:00:00,23.834298
2024-02-15 03:30:00,24.462601
2024-02-15 04:00:00,24.884902
2024-02-15 04:30:00,29.004919
2024-02-15 05:00:00,34.391842
2024-02-15 05:30:00,40.314366
2024-02-15 06:00:00,56.918034
2024-02-15 06:30:00,61.182252
2024-02-15 07:00:00,68.495282
2024-02-15 07:30:00,74.057305
2024-02-15 08:00:00,75.890712
2024-02-15 08:30:00,76.714716
2024-02-15 09:00:00,77.569619
2024-02-15 09:30:00,78.342122
2024-02-15 10:00:00,79.485427
2024-02-15 10:30:00,80.566932
2024-02-15 11:00:00,81.566036
2024-02-15 11:30:00,83.214042
2024-02-15 12:00:00,84.130746
2024-02-15 12:30:00,84.357347
2024-02-15 13:00:00,84.460348
2024-02-15 13:30:00,83.523044
2024-02-15 14:00:00,84.480948
2024-02-15 14:30:00,83.327343
2024-02-15 15:00:00,81.782337
2024-02-15 15:30:00,79.372127
2024-02-15 16:00:00,77.981621
2024-02-15 16:30:00,74.562007
2024-02-15 17:00:00,40.407066
2024-02-15 17:30:00,43.321978
2024-02-15 18:00:00,40.108365
2024-02-15 18:30:00,37.862956
2024-02-15 19:00:00,32.960136
2024-02-15 19:30:00,32.599634
2024-02-15 20:00:00,31.446029
2024-02-15 20:30:00,35.174645
2024-02-15 21:00:00,35.978048
2024-02-15 21:30:00,30.910427
2024-02-15 22:00:00,29.25212
2024-02-15 22:30:00,30.364525
2024-02-15 23:00:00,28.397217
2024-02-15 23:30:00,25.678006
2024-02-16 00:00:00,24.3596
2024-02-16 00:30:00,24.915803
2024-02-16 01:00:00,24.740702
2024-02-16 01:30:00,24.2978
2024-02-16 02:00:00,24.668602
2024-02-16 02:30:00,25.204204
2024-02-16 03:00:00,25.317504
2024-02-16 03:30:00,26.76981
2024-02-16 04:00:00,31.755031
2024-02-16 04:30:00,29.324221
2024-02-16 05:00:00,35.308545
2024-02-16 05:30:00,53.189419
2024-02-16 06:00:00,58.34974
2024-02-16 06:30:00,89.548569
2024-02-16 07:00:00,87.035358
2024-02-16 07:30:00,80.927433
2024-02-16 08:00:00,80.021029
2024-02-16 08:30:00,81.833837
2024-02-16 09:00:00,84.254347
2024-02-16 09:30:00,84.903249
2024-02-16 10:00:00,85.696353
2024-02-16 10:30:00,87.42676
2024-02-16 11:00:00,89.291067
2024-02-16 11:30:00,97.057299
2024-02-16 12:00:00,96.284796
2024-02-16 12:30:00,95.903695
2024-02-16 13:00:00,94.399888
2024-02-16 13:30:00,93.606785
2024-02-16 14:00:00,92.648881
2024-02-16 14:30:00,91.835178
2024-02-16 15:00:00,90.733073
2024-02-16 15:30:00,88.333164
2024-02-16 16:00:00,86.499756
2024-02-16 16:30:00,81.596936
2024-02-16 17:00:00,40.952969
2024-02-16 17:30:00,42.858476
2024-02-16 18:00:00,41.509171
2024-02-16 18:30:00,37.821756
2024-02-16 19:00:00,34.144641
2024-02-16 19:30:00,33.701739
2024-02-16 20:00:00,32.259733
2024-02-16 20:30:00,37.914456
2024-02-16 21:00:00,29.880423
2024-02-16 21:30:00,27.779214
2024-02-16 22:00:00,29.715622
2024-02-16 22:30:00,28.314817
2024-02-16 23:00:00,26.265108
2024-02-16 23:30:00,25.451405
2024-02-17 00:00:00,25.420505
2024-02-17 00:30:00,25.286604
2024-02-17 01:00:00,25.163004
2024-02-17 01:30:00,24.854002
2024-02-17 02:00:00,24.998203
2024-02-17 02:30:00,25.348404
2024-02-17 03:00:00,25.575005
2024-02-17 03:30:00,29.16972
2024-02-17 04:00:00,27.830715
2024-02-17 04:30:00,29.416921
2024-02-17 05:00:00,39.098961
2024-02-17 05:30:00,56.567833
2024-02-17 06:00:00,80.484531
2024-02-17 06:30:00,85.809653
2024-02-17 07:00:00,84.96505
2024-02-17 07:30:00,86.499756
2024-02-17 08:00:00,85.995054
2024-02-17 08:30:00,86.829357
2024-02-17 09:00:00,87.952062
2024-02-17 09:30:00,94.142387
2024-02-17 10:00:00,91.876378
2024-02-17 10:30:00,93.720086
2024-02-17 11:00:00,93.318384
2024-02-17 11:30:00,93.421384
2024-02-17 12:00:00,94.111487
2024-02-17 12:30:00,94.389588
2024-02-17 13:00:00,93.225684
2024-02-17 13:30:00,92.061779
2024-02-17 14:00:00,91.876378
2024-02-17 14:30:00,90.630073
2024-02-17 15:00:00,87.55036
2024-02-17 15:30:00,86.829357
2024-02-17 16:00:00,84.316147
2024-02-17 16:30:00,80.968633
2024-02-17 17:00:00,40.231966
2024-02-17 17:30:00,43.569179
2024-02-17 18:00:00,41.39587
2024-02-17 18:30:00,38.470658
2024-02-17 19:00:00,35.483646
2024-02-17 19:30:00,35.844148
2024-02-17 20:00:00,35.916248
2024-02-17 20:30:00,38.007156
2024-02-17 21:00:00,33.207337
2024-02-17 21:30:00,30.591126
2024-02-17 22:00:00,28.551717
2024-02-17 22:30:00,29.756822
2024-02-17 23:00:00,27.089111
2024-02-17 23:30:00,25.760406
2024-02-18 00:00:00,24.102099
2024-02-18 00:30:00,23.710698
2024-02-18 01:00:00,24.060899
2024-02-18 01:30:00,24.3081
2024-02-18 02:00:00,24.524401
2024-02-18 02:30:00,23.865198
2024-02-18 03:00:00,24.493501
2024-02-18 03:30:00,25.214504
2024-02-18 04:00:00,32.826235
2024-02-18 04:30:00,31.930131
2024-02-18 05:00:00,35.432146
2024-02-18 05:30:00,51.798913
2024-02-18 06:00:00,76.745616
2024-02-18 06:30:00,79.753228
2024-02-18 07:00:00,75.725912
2024-02-18 07:30:00,76.467515
2024-02-18 08:00:00,76.364514
2024-02-18 08:30:00,75.859812
2024-02-18 09:00:00,75.767112
2024-02-18 09:30:00,76.240914
2024-02-18 10:00:00,78.331822
2024-02-18 10:30:00,80.28883
2024-02-18 11:00:00,81.215834
2024-02-18 11:30:00,81.689636
2024-02-18 12:00:00,82.53424
2024-02-18 12:30:00,80.041629
2024-02-18 13:00:00,78.630524
2024-02-18 13:30:00,76.900116
2024-02-18 14:00:00,76.601415
2024-02-18 14:30:00,74.551707
2024-02-18 15:00:00,73.356902
2024-02-18 15:30:00,70.143289
2024-02-18 16:00:00,68.412882
2024-02-18 16:30:00,65.456769
2024-02-18 17:00:00,36.317949
2024-02-18 17:30:00,34.06224
2024-02-18 18:00:00,36.575451
2024-02-18 18:30:00,35.339445
2024-02-18 19:00:00,29.715622
2024-02-18 19:30:00,31.435729
2024-02-18 20:00:00,31.404829
2024-02-18 20:30:00,30.168824
2024-02-18 21:00:00,26.151808
2024-02-18 21:30:00,24.802502
2024-02-18 22:00:00,26.893411
2024-02-18 22:30:00,27.552613
2024-02-18 23:00:00,24.792202
2024-02-18 23:30:00,24.163899
2024-02-19 00:00:00,22.999995
2024-02-19 00:30:00,23.700398
2024-02-19 01:00:00,23.803398
2024-02-19 01:30:00,22.927894
2024-02-19 02:00:00,23.741598
2024-02-19 02:30:00,23.278096
2024-02-19 03:00:00,23.669497
2024-02-19 03:30:00,23.484097
2024-02-19 04:00:00,23.865198
2024-02-19 04:30:00,23.875498
2024-02-19 05:00:00,29.05642
2024-02-19 05:30:00,29.27272
2024-02-19 06:00:00,27.429013
2024-02-19 06:30:00,28.613518
2024-02-19 07:00:00,28.139716
2024-02-19 07:30:00,28.356017
2024-02-19 08:00:00,28.170616
2024-02-19 08:30:00,28.737118
2024-02-19 09:00:00,30.622026
2024-02-19 09:30:00,30.580826
2024-02-19 10:00:00,30.961927
2024-02-19 10:30:00,31.240029
2024-02-19 11:00:00,30.652926
2024-02-19 11:30:00,30.343925
2024-02-19 12:00:00,30.951627
2024-02-19 12:30:00,32.455434
2024-02-19 13:00:00,31.713831
2024-02-19 13:30:00,34.669943
2024-02-19 14:00:00,34.278541
2024-02-19 14:30:00,32.362733
2024-02-19 15:00:00,33.91804
2024-02-19 15:30:00,33.742939
2024-02-19 16:00:00,33.382437
2024-02-19 16:30:00,31.744731
2024-02-19 17:00:00,29.942223
2024-02-19 17:30:00,28.036715
2024-02-19 18:00:00,26.275408
2024-02-19 18:30:00,25.338104
2024-02-19 19:00:00,24.792202
2024-02-19 19:30:00,24.3184
2024-02-19 20:00:00,24.050599
2024-02-19 20:30:00,23.731298
2024-02-19 21:00:00,23.566497
2024-02-19 21:30:00,23.844598
2024-02-19 22:00:00,24.617101
2024-02-19 22:30:00,25.173304
2024-02-19 23:00:00,23.494397
2024-02-19 23:30:00,23.638597
2024-02-20 00:00:00,23.370796
2024-02-20 00:30:00,27.367213
2024-02-20 01:00:00,25.214504
2024-02-20 01:30:00,24.905502
2024-02-20 02:00:00,24.2669
2024-02-20 02:30:00,23.236896
2024-02-20 03:00:00,23.102995
2024-02-20 03:30:00,23.545897
2024-02-20 04:00:00,24.1948
2024-02-20 04:30:00,23.885798
2024-02-20 05:00:00,24.534701
2024-02-20 05:30:00,28.582618
2024-02-20 06:00:00,26.64621
2024-02-20 06:30:00,26.65651
2024-02-20 07:00:00,25.791306
2024-02-20 07:30:00,25.461705
2024-02-20 08:00:00,32.743835
2024-02-20 08:30:00,29.540522
2024-02-20 09:00:00,27.552613
2024-02-20 09:30:00,27.047911
2024-02-20 10:00:00,26.512309
2024-02-20 10:30:00,29.10792
2024-02-20 11:00:00,31.713831
2024-02-20 11:30:00,31.425429
2024-02-20 12:00:00,30.992828
2024-02-20 12:30:00,32.197933
2024-02-20 13:00:00,35.689647
2024-02-20 13:30:00,40.036265
2024-02-20 14:00:00,35.277645
2024-02-20 14:30:00,33.166136
2024-02-20 15:00:00,33.330937
2024-02-20 15:30:00,31.63143
2024-02-20 16:00:00,30.343925
2024-02-20 16:30:00,28.356017
2024-02-20 17:00:00,26.532909
2024-02-20 17:30:00,25.925207
2024-02-20 18:00:00,26.553509
2024-02-20 18:30:00,25.636806
2024-02-20 19:00:00,25.626505
2024-02-20 19:30:00,26.017907
2024-02-20 20:00:00,25.533805
2024-02-20 20:30:00,25.430805
2024-02-20 21:00:00,24.699502
2024-02-20 21:30:00,24.812802
2024-02-20 22:00:00,24.514101
2024-02-20 22:30:00,25.338104
2024-02-20 23:00:00,25.152704
2024-02-20 23:30:00,27.542313
2024-02-21 00:00:00,24.884902
2024-02-21 00:30:00,25.183604
2024-02-21 01:00:00,23.576797
2024-02-21 01:30:00,23.442896
2024-02-21 02:00:00,23.463497
2024-02-21 02:30:00,24.091799
2024-02-21 03:00:00,24.514101
2024-02-21 03:30:00,23.978499
2024-02-21 04:00:00,26.924311
2024-02-21 04:30:00,30.076124
2024-02-21 05:00:00,36.142849
2024-02-21 05:30:00,59.153143
2024-02-21 06:00:00,94.193888
2024-02-21 06:30:00,104.638131
2024-02-21 07:00:00,97.005799
2024-02-21 07:30:00,98.169704
2024-02-21 08:00:00,98.138804
2024-02-21 08:30:00,98.046103
2024-02-21 09:00:00,93.689186
2024-02-21 09:30:00,101.434817
2024-02-21 10:00:00,104.143729
2024-02-21 10:30:00,100.600514
2024-02-21 11:00:00,98.375705
2024-02-21 11:30:00,100.415113
2024-02-21 12:00:00,102.269121
2024-02-21 12:30:00,103.103424
2024-02-21 13:00:00,102.279421
2024-02-21 13:30:00,98.870107
2024-02-21 14:00:00,98.839207
2024-02-21 14:30:00,94.554389
2024-02-21 15:00:00,90.145971
2024-02-21 15:30:00,90.166571
2024-02-21 16:00:00,89.012966
2024-02-21 16:30:00,88.013862
2024-02-21 17:00:00,47.575896
2024-02-21 17:30:00,42.168374
2024-02-21 18:00:00,38.491258
2024-02-21 18:30:00,35.360046
2024-02-21 19:00:00,31.940431
2024-02-21 19:30:00,31.446029
2024-02-21 20:00:00,36.39005
2024-02-21 20:30:00,34.13434
2024-02-21 21:00:00,29.015219
2024-02-21 21:30:00,26.347508
2024-02-21 22:00:00,25.729506
2024-02-21 22:30:00,26.440209
2024-02-21 23:00:00,30.076124
2024-02-21 23:30:00,26.67711
2024-02-22 00:00:00,26.038507
2024-02-22 00:30:00,25.132103
2024-02-22 01:00:00,25.070303
2024-02-22 01:30:00,24.431701
2024-02-22 02:00:00,24.936403
2024-02-22 02:30:00,24.163899
2024-02-22 03:00:00,25.101203
2024-02-22 03:30:00,25.029103
2024-02-22 04:00:00,27.233312
2024-02-22 04:30:00,31.322429
2024-02-22 05:00:00,35.401246
2024-02-22 05:30:00,58.998643
2024-02-22 06:00:00,80.13433
2024-02-22 06:30:00,90.506472
2024-02-22 07:00:00,100.137012
2024-02-22 07:30:00,103.360925
2024-02-22 08:00:00,100.301813
2024-02-22 08:30:00,100.518114
2024-02-22 09:00:00,100.785915
2024-02-22 09:30:00,99.817711
2024-02-22 10:00:00,100.734415
2024-02-22 10:30:00,99.858911
2024-02-22 11:00:00,99.57051
2024-02-22 11:30:00,100.610814
2024-02-22 12:00:00,99.230608
2024-02-22 12:30:00,100.652014
2024-02-22 13:00:00,101.537818
2024-02-22 13:30:00,100.270913
2024-02-22 14:00:00,98.489005
2024-02-22 14:30:00,97.057299
2024-02-22 15:00:00,93.441985
2024-02-22 15:30:00,84.419147
2024-02-22 16:00:00,73.573203
2024-02-22 16:30:00,81.081934
2024-02-22 17:00:00,53.44692
2024-02-22 17:30:00,44.393183
2024-02-22 18:00:00,42.374374
2024-02-22 18:30:00,40.407066
2024-02-22 19:00:00,35.751447
2024-02-22 19:30:00,33.403037
2024-02-22 20:00:00,34.793543
2024-02-22 20:30:00,34.227041
2024-02-22 21:00:00,31.57993
2024-02-22 21:30:00,31.765331
2024-02-22 22:00:00,31.064928
2024-02-22 22:30:00,29.27272
2024-02-22 23:00:00,28.623818
2024-02-22 23:30:00,27.212712
2024-02-23 00:00:00,25.739806
2024-02-23 00:30:00,25.966407
2024-02-23 01:00:00,25.781006
2024-02-23 01:30:00,25.822206
2024-02-23 02:00:00,25.739806
2024-02-23 02:30:00,26.82131
2024-02-23 03:00:00,26.337208
2024-02-23 03:30:00,25.420505
2024-02-23 04:00:00,27.027311
2024-02-23 04:30:00,28.891619
2024-02-23 05:00:00,38.96506
2024-02-23 05:30:00,60.986551
2024-02-23 06:00:00,81.051034
2024-02-23 06:30:00,81.390935
2024-02-23 07:00:00,83.801145
2024-02-23 07:30:00,88.425864
2024-02-23 08:00:00,91.083275
2024-02-23 08:30:00,90.846374
2024-02-23 09:00:00,91.011175
2024-02-23 09:30:00,92.32958
2024-02-23 10:00:00,97.603202
2024-02-23 10:30:00,93.586185
2024-02-23 11:00:00,78.548123
2024-02-23 11:30:00,82.122238
2024-02-23 12:00:00,88.662765
2024-02-23 12:30:00,101.671718
2024-02-23 13:00:00,100.106112
2024-02-23 13:30:00,101.589318
2024-02-23 14:00:00,99.951611
2024-02-23 14:30:00,97.356001
2024-02-23 15:00:00,94.84279
2024-02-23 15:30:00,91.083275
2024-02-23 16:00:00,67.042976
2024-02-23 16:30:00,80.618432
2024-02-23 17:00:00,42.920277
2024-02-23 17:30:00,39.583063
2024-02-23 18:00:00,42.137473
2024-02-23 18:30:00,47.441995
2024-02-23 19:00:00,38.77966
2024-02-23 19:30:00,36.111949
2024-02-23 20:00:00,34.443342
2024-02-23 20:30:00,31.68293
2024-02-23 21:00:00,27.954315
2024-02-23 21:30:00,25.976707
2024-02-23 22:00:00,27.295112
2024-02-23 22:30:00,29.561122
2024-02-23 23:00:00,25.853106
2024-02-23 23:30:00,25.781006
2024-02-24 00:00:00,24.2051
2024-02-24 00:30:00,24.4214
2024-02-24 01:00:00,24.1845
2024-02-24 01:30:00,24.534701
2024-02-24 02:00:00,24.174199
2024-02-24 02:30:00,23.865198
2024-02-24 03:00:00,24.3287
2024-02-24 03:30:00,24.2978
2024-02-24 04:00:00,27.799814
2024-02-24 04:30:00,28.510517
2024-02-24 05:00:00,33.639938
2024-02-24 05:30:00,60.893851
2024-02-24 06:00:00,77.322418
2024-02-24 06:30:00,83.440643
2024-02-24 07:00:00,84.274947
2024-02-24 07:30:00,84.645748
2024-02-24 08:00:00,86.551256
2024-02-24 08:30:00,84.419147
2024-02-24 09:00:00,85.15045
2024-02-24 09:30:00,84.831149
2024-02-24 10:00:00,82.214938
2024-02-24 10:30:00,82.894741
2024-02-24 11:00:00,82.256139
2024-02-24 11:30:00,85.552152
2024-02-24 12:00:00,87.189859
2024-02-24 12:30:00,86.891158
2024-02-24 13:00:00,86.231955
2024-02-24 13:30:00,78.455423
2024-02-24 14:00:00,79.238226
2024-02-24 14:30:00,79.361827
2024-02-24 15:00:00,77.538719
2024-02-24 15:30:00,75.839212
2024-02-24 16:00:00,73.645303
2024-02-24 16:30:00,71.430794
2024-02-24 17:00:00,39.304962
2024-02-24 17:30:00,40.932368
2024-02-24 18:00:00,40.293766
2024-02-24 18:30:00,37.275853
2024-02-24 19:00:00,35.102544
2024-02-24 19:30:00,35.658747
2024-02-24 20:00:00,34.793543
2024-02-24 20:30:00,33.495738
2024-02-24 21:00:00,32.136132
2024-02-24 21:30:00,36.812351
2024-02-24 22:00:00,32.167032
2024-02-24 22:30:00,30.446925
2024-02-24 23:00:00,26.440209
2024-02-24 23:30:00,25.502905
2024-02-25 00:00:00,30.045224
2024-02-25 00:30:00,27.707114
2024-02-25 01:00:00,26.059107
2024-02-25 01:30:00,24.4214
2024-02-25 02:00:00,24.1845
2024-02-25 02:30:00,26.357808
2024-02-25 03:00:00,28.191216
2024-02-25 03:30:00,26.67711
2024-02-25 04:00:00,27.480513
2024-02-25 04:30:00,27.439313
2024-02-25 05:00:00,35.916248
2024-02-25 05:30:00,53.313019
2024-02-25 06:00:00,72.553499
2024-02-25 06:30:00,71.379294
2024-02-25 07:00:00,85.480052
2024-02-25 07:30:00,82.52394
2024-02-25 08:00:00,78.826224
2024-02-25 08:30:00,76.869216
2024-02-25 09:00:00,77.68292
2024-02-25 09:30:00,78.136122
2024-02-25 10:00:00,79.639928
2024-02-25 10:30:00,80.845033
2024-02-25 11:00:00,82.276739
2024-02-25 11:30:00,84.779649
2024-02-25 12:00:00,85.09895
2024-02-25 12:30:00,86.849957
2024-02-25 13:00:00,85.953854
2024-02-25 13:30:00,86.633657
2024-02-25 14:00:00,84.347047
2024-02-25 14:30:00,83.523044
2024-02-25 15:00:00,82.61664
2024-02-25 15:30:00,81.329135
2024-02-25 16:00:00,79.887129
2024-02-25 16:30:00,78.331822
2024-02-25 17:00:00,38.213157
2024-02-25 17:30:00,37.523054
2024-02-25 18:00:00,42.034473
2024-02-25 18:30:00,36.55485
2024-02-25 19:00:00,31.919831
2024-02-25 19:30:00,32.476034
2024-02-25 20:00:00,32.311233
2024-02-25 20:30:00,36.184049
2024-02-25 21:00:00,30.992828
2024-02-25 21:30:00,28.314817
2024-02-25 22:00:00,27.037611
2024-02-25 22:30:00,26.337208
2024-02-25 23:00:00,26.069407
2024-02-25 23:30:00,25.884007
2024-02-26 00:00:00,25.688306
2024-02-26 00:30:00,25.492605
2024-02-26 01:00:00,29.004919
2024-02-26 01:30:00,27.624714
2024-02-26 02:00:00,25.719206
2024-02-26 02:30:00,24.936403
2024-02-26 03:00:00,24.606801
2024-02-26 03:30:00,24.3493
2024-02-26 04:00:00,24.163899
2024-02-26 04:30:00,24.2978
2024-02-26 05:00:00,26.223908
2024-02-26 05:30:00,27.408413
2024-02-26 06:00:00,31.270929
2024-02-26 06:30:00,28.376617
2024-02-26 07:00:00,28.191216
2024-02-26 07:30:00,26.80071
2024-02-26 08:00:00,28.644418
2024-02-26 08:30:00,31.734431
2024-02-26 09:00:00,32.517234
2024-02-26 09:30:00,28.768018
2024-02-26 10:00:00,29.931923
2024-02-26 10:30:00,29.540522
2024-02-26 11:00:00,32.094932
2024-02-26 11:30:00,28.747418
2024-02-26 12:00:00,29.06672
2024-02-26 12:30:00,29.19032
2024-02-26 13:00:00,31.734431
2024-02-26 13:30:00,28.840119
2024-02-26 14:00:00,30.189424
2024-02-26 14:30:00,27.408413
2024-02-26 15:00:00,26.80071
2024-02-26 15:30:00,27.511413
2024-02-26 16:00:00,34.422742
2024-02-26 16:30:00,30.652926
2024-02-26 17:00:00,29.746522
2024-02-26 17:30:00,27.336312
2024-02-26 18:00:00,26.883111
2024-02-26 18:30:00,26.450509
2024-02-26 19:00:00,25.987007
2024-02-26 19:30:00,25.554405
2024-02-26 20:00:00,25.770706
2024-02-26 20:30:00,25.214504
2024-02-26 21:00:00,30.735326
2024-02-26 21:30:00,26.79041
2024-02-26 22:00:00,25.997307
2024-02-26 22:30:00,24.823102
2024-02-26 23:00:00,21.78459
2024-02-26 23:30:00,21.557989
2024-02-27 00:00:00,21.362288
2024-02-27 00:30:00,21.269588
2024-02-27 01:00:00,21.537389
2024-02-27 01:30:00,21.547689
2024-02-27 02:00:00,21.454988
2024-02-27 02:30:00,21.434388
2024-02-27 03:00:00,21.197487
2024-02-27 03:30:00,21.691889
2024-02-27 04:00:00,21.115087
2024-02-27 04:30:00,21.671289
2024-02-27 05:00:00,19.940882
2024-02-27 05:30:00,19.147779
2024-02-27 06:00:00,18.725477
2024-02-27 06:30:00,19.127179
2024-02-27 07:00:00,18.900578
2024-02-27 07:30:00,22.392292
2024-02-27 08:00:00,22.093591
2024-02-27 08:30:00,22.495293
2024-02-27 09:00:00,22.989695
2024-02-27 09:30:00,22.763094
2024-02-27 10:00:00,23.617997
2024-02-27 10:30:00,23.370796
2024-02-27 11:00:00,24.2463
2024-02-27 11:30:00,23.834298
2024-02-27 12:00:00,24.493501
2024-02-27 12:30:00,24.781902
2024-02-27 13:00:00,25.554405
2024-02-27 13:30:00,25.224804
2024-02-27 14:00:00,25.626505
2024-02-27 14:30:00,25.605905
2024-02-27 15:00:00,25.090903
2024-02-27 15:30:00,25.410205
2024-02-27 16:00:00,25.781006
2024-02-27 16:30:00,25.842806
2024-02-27 17:00:00,25.626505
2024-02-27 17:30:00,25.482305
2024-02-27 18:00:00,25.801606
2024-02-27 18:30:00,25.523505
2024-02-27 19:00:00,25.605905
2024-02-27 19:30:00,24.843702
2024-02-27 20:00:00,25.430805
2024-02-27 20:30:00,25.008503
2024-02-27 21:00:00,25.173304
2024-02-27 21:30:00,25.132103
2024-02-27 22:00:00,25.029103
2024-02-27 22:30:00,24.987903
2024-02-27 23:00:00,23.236896
2024-02-27 23:30:00,23.144195
2024-02-28 00:00:00,22.680693
2024-02-28 00:30:00,22.773394
2024-02-28 01:00:00,22.639493
2024-02-28 01:30:00,22.969095
2024-02-28 02:00:00,22.948494
2024-02-28 02:30:00,22.711593
2024-02-28 03:00:00,23.216296
2024-02-28 03:30:00,22.454092
2024-02-28 04:00:00,26.275408
2024-02-28 04:30:00,46.17509
2024-02-28 05:00:00,44.568283
2024-02-28 05:30:00,65.64217
2024-02-28 06:00:00,63.695462
2024-02-28 06:30:00,57.402136
2024-02-28 07:00:00,57.474237
2024-02-28 07:30:00,58.32914
2024-02-28 08:00:00,60.347948
2024-02-28 08:30:00,59.163443
2024-02-28 09:00:00,59.266444
2024-02-28 09:30:00,59.626945
2024-02-28 10:00:00,62.541857
2024-02-28 10:30:00,61.995955
2024-02-28 11:00:00,62.995059
2024-02-28 11:30:00,64.334065
2024-02-28 12:00:00,64.447365
2024-02-28 12:30:00,69.710687
2024-02-28 13:00:00,70.771591
2024-02-28 13:30:00,70.39049
2024-02-28 14:00:00,70.071188
2024-02-28 14:30:00,67.125376
2024-02-28 15:00:00,64.787267
2024-02-28 15:30:00,65.178668
2024-02-28 16:00:00,64.364965
2024-02-28 16:30:00,61.316152
2024-02-28 17:00:00,33.269137
2024-02-28 17:30:00,27.604114
2024-02-28 18:00:00,27.521713
2024-02-28 18:30:00,26.914011
2024-02-28 19:00:00,26.66681
2024-02-28 19:30:00,26.244508
2024-02-28 20:00:00,25.822206
2024-02-28 20:30:00,25.739806
2024-02-28 21:00:00,24.977603
2024-02-28 21:30:00,24.998203
2024-02-28 22:00:00,24.2051
2024-02-28 22:30:00,24.102099
2024-02-28 23:00:00,23.381096
2024-02-28 23:30:00,22.711593
2024-03-01 00:00:00,22.948494
2024-03-01 00:30:00,22.690993
2024-03-01 01:00:00,23.205995
2024-03-01 01:30:00,22.608593
2024-03-01 02:00:00,23.185395
2024-03-01 02:30:00,22.608593
2024-03-01 03:00:00,23.144195
2024-03-01 03:30:00,22.907294
2024-03-01 04:00:00,25.533805
2024-03-01 04:30:00,36.132549
2024-03-01 05:00:00,38.007156
2024-03-01 05:30:00,68.598282
2024-03-01 06:00:00,65.61127
2024-03-01 06:30:00,63.355561
2024-03-01 07:00:00,64.890267
2024-03-01 07:30:00,66.589774
2024-03-01 08:00:00,67.207777
2024-03-01 08:30:00,67.815479
2024-03-01 09:00:00,69.102984
2024-03-01 09:30:00,69.247185
2024-03-01 10:00:00,72.182697
2024-03-01 10:30:00,72.512298
2024-03-01 11:00:00,75.015209
2024-03-01 11:30:00,73.748303
2024-03-01 12:00:00,72.8625
2024-03-01 12:30:00,74.448706
2024-03-01 13:00:00,77.198818
2024-03-01 13:30:00,72.749199
2024-03-01 14:00:00,71.894296
2024-03-01 14:30:00,70.132989
2024-03-01 15:00:00,69.051484
2024-03-01 15:30:00,67.351977
2024-03-01 16:00:00,65.075668
2024-03-01 16:30:00,63.005359
2024-03-01 17:00:00,36.49305
2024-03-01 17:30:00,31.64173
2024-03-01 18:00:00,31.796231
2024-03-01 18:30:00,31.013428
2024-03-01 19:00:00,27.841015
2024-03-01 19:30:00,28.551717
2024-03-01 20:00:00,27.377513
2024-03-01 20:30:00,26.924311
2024-03-01 21:00:00,26.81101
2024-03-01 21:30:00,26.399009
2024-03-01 22:00:00,26.193008
2024-03-01 22:30:00,26.141508
2024-03-01 23:00:00,24.153599
2024-03-01 23:30:00,23.659197
2024-03-02 00:00:00,23.092695
2024-03-02 00:30:00,23.494397
2024-03-02 01:00:00,23.257496
2024-03-02 01:30:00,23.144195
2024-03-02 02:00:00,22.917594
2024-03-02 02:30:00,22.824894
2024-03-02 03:00:00,22.721894
2024-03-02 03:30:00,25.358704
2024-03-02 04:00:00,27.552613
2024-03-02 04:30:00,27.655614
2024-03-02 05:00:00,31.353329
2024-03-02 05:30:00,56.351532
2024-03-02 06:00:00,61.800254
2024-03-02 06:30:00,57.484537
2024-03-02 07:00:00,57.917138
2024-03-02 07:30:00,58.885342
2024-03-02 08:00:00,58.967743
2024-03-02 08:30:00,58.566041
2024-03-02 09:00:00,59.760846
2024-03-02 09:30:00,59.657846
2024-03-02 10:00:00,61.244052
2024-03-02 10:30:00,62.830259
2024-03-02 11:00:00,65.436169
2024-03-02 11:30:00,66.919375
2024-03-02 12:00:00,68.371681
2024-03-02 12:30:00,75.777412
2024-03-02 13:00:00,70.235989
2024-03-02 13:30:00,68.392281
2024-03-02 14:00:00,67.836079
2024-03-02 14:30:00,66.620674
2024-03-02 15:00:00,67.094476
2024-03-02 15:30:00,65.106568
2024-03-02 16:00:00,63.582162
2024-03-02 16:30:00,62.727258
2024-03-02 17:00:00,37.533354
2024-03-02 17:30:00,33.207337
2024-03-02 18:00:00,32.239133
2024-03-02 18:30:00,31.53873
2024-03-02 19:00:00,28.314817
2024-03-02 19:30:00,28.397217
2024-03-02 20:00:00,29.09762
2024-03-02 20:30:00,27.635014
2024-03-02 21:00:00,25.389604
2024-03-02 21:30:00,24.678902
2024-03-02 22:00:00,25.152704
2024-03-02 22:30:00,24.781902
2024-03-02 23:00:00,24.575901
2024-03-02 23:30:00,24.668602
2024-03-03 00:00:00,24.503801
2024-03-03 00:30:00,24.575901
2024-03-03 01:00:00,23.999099
2024-03-03 01:30:00,23.617997
2024-03-03 02:00:00,24.102099
2024-03-03 02:30:00,23.679797
2024-03-03 03:00:00,23.916698
2024-03-03 03:30:00,23.484097
2024-03-03 04:00:00,26.75951
2024-03-03 04:30:00,30.992828
2024-03-03 05:00:00,29.24182
2024-03-03 05:30:00,68.639482
2024-03-03 06:00:00,72.038496
2024-03-03 06:30:00,64.746066
2024-03-03 07:00:00,62.789058
2024-03-03 07:30:00,64.993267
2024-03-03 08:00:00,64.715166
2024-03-03 08:30:00,64.117764
2024-03-03 09:00:00,64.653366
2024-03-03 09:30:00,64.910867
2024-03-03 10:00:00,64.849067
2024-03-03 10:30:00,64.818167
2024-03-03 11:00:00,66.054172
2024-03-03 11:30:00,67.733079
2024-03-03 12:00:00,68.742483
2024-03-03 12:30:00,69.360485
2024-03-03 13:00:00,70.51409
2024-03-03 13:30:00,65.961471
2024-03-03 14:00:00,65.53917
2024-03-03 14:30:00,65.971771
2024-03-03 15:00:00,66.074772
2024-03-03 15:30:00,62.778758
2024-03-03 16:00:00,61.789954
2024-03-03 16:30:00,59.832946
2024-03-03 17:00:00,37.389154
2024-03-03 17:30:00,33.176437
2024-03-03 18:00:00,31.57993
2024-03-03 18:30:00,32.105232
2024-03-03 19:00:00,30.879527
2024-03-03 19:30:00,29.808323
2024-03-03 20:00:00,28.283916
2024-03-03 20:30:00,27.902815
2024-03-03 21:00:00,27.336312
2024-03-03 21:30:00,26.934611
2024-03-03 22:00:00,26.975811
2024-03-03 22:30:00,26.67711
2024-03-03 23:00:00,24.483201
2024-03-03 23:30:00,24.648001
2024-03-04 00:00:00,24.4008
2024-03-04 00:30:00,24.2772
2024-03-04 01:00:00,24.4008
2024-03-04 01:30:00,24.565601
2024-03-04 02:00:00,24.2051
2024-03-04 02:30:00,24.483201
2024-03-04 03:00:00,24.060899
2024-03-04 03:30:00,24.740702
2024-03-04 04:00:00,28.119116
2024-03-04 04:30:00,32.259733
2024-03-04 05:00:00,29.684722
2024-03-04 05:30:00,63.520361
2024-03-04 06:00:00,63.942663
2024-03-04 06:30:00,60.69815
2024-03-04 07:00:00,45.464387
2024-03-04 07:30:00,43.043877
2024-03-04 08:00:00,82.56514
2024-03-04 08:30:00,71.492594
2024-03-04 09:00:00,68.773383
2024-03-04 09:30:00,67.825779
2024-03-04 10:00:00,67.897879
2024-03-04 10:30:00,68.546782
2024-03-04 11:00:00,69.195685
2024-03-04 11:30:00,71.265993
2024-03-04 12:00:00,72.718299
2024-03-04 12:30:00,73.501102
2024-03-04 13:00:00,75.715612
2024-03-04 13:30:00,71.894296
2024-03-04 14:00:00,68.00088
2024-03-04 14:30:00,65.848171
2024-03-04 15:00:00,64.128064
2024-03-04 15:30:00,62.531557
2024-03-04 16:00:00,60.420049
2024-03-04 16:30:00,58.33944
2024-03-04 17:00:00,37.842356
2024-03-04 17:30:00,31.66233
2024-03-04 18:00:00,30.848627
2024-03-04 18:30:00,31.56963
2024-03-04 19:00:00,30.076124
2024-03-04 19:30:00,29.767122
2024-03-04 20:00:00,29.777423
2024-03-04 20:30:00,28.541417
2024-03-04 21:00:00,24.709802
2024-03-04 21:30:00,24.112399
2024-03-04 22:00:00,24.143299
2024-03-04 22:30:00,23.999099
2024-03-04 23:00:00,24.050599
2024-03-04 23:30:00,23.422296
2024-03-05 00:00:00,23.226596
2024-03-05 00:30:00,23.154495
2024-03-05 01:00:00,23.535597
2024-03-05 01:30:00,23.154495
2024-03-05 02:00:00,23.298696
2024-03-05 02:30:00,22.866094
2024-03-05 03:00:00,23.648897
2024-03-05 03:30:00,23.010295
2024-03-05 04:00:00,23.525297
2024-03-05 04:30:00,24.442001
2024-03-05 05:00:00,26.357808
2024-03-05 05:30:00,26.234208
2024-03-05 06:00:00,26.81101
2024-03-05 06:30:00,28.376617
2024-03-05 07:00:00,26.347508
2024-03-05 07:30:00,27.336312
2024-03-05 08:00:00,27.892515
2024-03-05 08:30:00,29.911323
2024-03-05 09:00:00,27.583514
2024-03-05 09:30:00,28.695918
2024-03-05 10:00:00,38.264657
2024-03-05 10:30:00,42.652476
2024-03-05 11:00:00,39.871464
2024-03-05 11:30:00,40.860268
2024-03-05 12:00:00,41.24137
2024-03-05 12:30:00,36.214949
2024-03-05 13:00:00,39.593363
2024-03-05 13:30:00,40.170165
2024-03-05 14:00:00,41.31347
2024-03-05 14:30:00,40.180465
2024-03-05 15:00:00,36.884452
2024-03-05 15:30:00,39.407962
2024-03-05 16:00:00,37.286153
2024-03-05 16:30:00,28.397217
2024-03-05 17:00:00,29.14912
2024-03-05 17:30:00,37.739355
2024-03-05 18:00:00,32.918935
2024-03-05 18:30:00,25.842806
2024-03-05 19:00:00,25.987007
2024-03-05 19:30:00,26.306308
2024-03-05 20:00:00,26.357808
2024-03-05 20:30:00,26.059107
2024-03-05 21:00:00,25.791306
2024-03-05 21:30:00,25.266004
2024-03-05 22:00:00,26.66681
2024-03-05 22:30:00,26.203308
2024-03-05 23:00:00,23.813698
2024-03-05 23:30:00,23.638597
2024-03-06 00:00:00,22.495293
2024-03-06 00:30:00,23.195695
2024-03-06 01:00:00,23.597397
2024-03-06 01:30:00,22.752794
2024-03-06 02:00:00,23.185395
2024-03-06 02:30:00,22.690993
2024-03-06 03:00:00,22.989695
2024-03-06 03:30:00,22.701293
2024-03-06 04:00:00,23.329596
2024-03-06 04:30:00,22.742494
2024-03-06 05:00:00,22.979395
2024-03-06 05:30:00,22.979395
2024-03-06 06:00:00,23.916698
2024-03-06 06:30:00,27.068511
2024-03-06 07:00:00,38.676659
2024-03-06 07:30:00,27.398113
2024-03-06 08:00:00,35.349745
2024-03-06 08:30:00,36.616651
2024-03-06 09:00:00,40.757268
2024-03-06 09:30:00,42.868776
2024-03-06 10:00:00,41.25167
2024-03-06 10:30:00,40.324666
2024-03-06 11:00:00,44.630084
2024-03-06 11:30:00,43.332278
2024-03-06 12:00:00,40.417366
2024-03-06 12:30:00,44.650684
2024-03-06 13:00:00,40.479167
2024-03-06 13:30:00,37.646655
2024-03-06 14:00:00,38.738459
2024-03-06 14:30:00,38.90326
2024-03-06 15:00:00,28.613518
2024-03-06 15:30:00,26.368109
2024-03-06 16:00:00,25.884007
2024-03-06 16:30:00,25.925207
2024-03-06 17:00:00,27.233312
2024-03-06 17:30:00,28.623818
2024-03-06 18:00:00,27.758614
2024-03-06 18:30:00,27.099412
2024-03-06 19:00:00,26.67711
2024-03-06 19:30:00,27.429013
2024-03-06 20:00:00,27.408413
2024-03-06 20:30:00,27.573213
2024-03-06 21:00:00,27.171512
2024-03-06 21:30:00,27.058211
2024-03-06 22:00:00,26.944911
2024-03-06 22:30:00,26.553509
2024-03-06 23:00:00,23.659197
2024-03-06 23:30:00,22.896994
2024-03-07 00:00:00,22.433492
2024-03-07 00:30:00,22.773394
2024-03-07 01:00:00,22.680693
2024-03-07 01:30:00,22.866094
2024-03-07 02:00:00,22.412892
2024-03-07 02:30:00,22.526193
2024-03-07 03:00:00,22.515893
2024-03-07 03:30:00,23.113295
2024-03-07 04:00:00,28.520817
2024-03-07 04:30:00,44.866985
2024-03-07 05:00:00,42.652476
2024-03-07 05:30:00,65.158068
2024-03-07 06:00:00,61.985655
2024-03-07 06:30:00,65.158068
2024-03-07 07:00:00,69.741587
2024-03-07 07:30:00,73.047901
2024-03-07 08:00:00,76.539615
2024-03-07 08:30:00,82.977141
2024-03-07 09:00:00,81.792637
2024-03-07 09:30:00,81.679336
2024-03-07 10:00:00,77.888921
2024-03-07 10:30:00,78.239122
2024-03-07 11:00:00,76.920717
2024-03-07 11:30:00,76.488115
2024-03-07 12:00:00,77.961021
2024-03-07 12:30:00,78.105221
2024-03-07 13:00:00,76.869216
2024-03-07 13:30:00,74.088205
2024-03-07 14:00:00,73.202401
2024-03-07 14:30:00,72.213597
2024-03-07 15:00:00,73.099401
2024-03-07 15:30:00,69.710687
2024-03-07 16:00:00,68.165681
2024-03-07 16:30:00,67.568278
2024-03-07 17:00:00,39.016561
2024-03-07 17:30:00,32.671734
2024-03-07 18:00:00,32.064032
2024-03-07 18:30:00,31.734431
2024-03-07 19:00:00,29.489021
2024-03-07 19:30:00,31.034028
2024-03-07 20:00:00,29.16972
2024-03-07 20:30:00,28.489917
2024-03-07 21:00:00,25.502905
2024-03-07 21:30:00,24.606801
2024-03-07 22:00:00,24.2772
2024-03-07 22:30:00,24.3493
2024-03-07 23:00:00,24.019699
2024-03-07 23:30:00,23.432596
2024-03-08 00:00:00,23.762198
2024-03-08 00:30:00,23.999099
2024-03-08 01:00:00,23.267796
2024-03-08 01:30:00,24.040299
2024-03-08 02:00:00,23.793098
2024-03-08 02:30:00,23.442896
2024-03-08 03:00:00,23.916698
2024-03-08 03:30:00,24.751002
2024-03-08 04:00:00,33.526638
2024-03-08 04:30:00,33.650238
2024-03-08 05:00:00,30.467525
2024-03-08 05:30:00,50.408407
2024-03-08 06:00:00,74.963708
2024-03-08 06:30:00,62.789058
2024-03-08 07:00:00,69.391386
2024-03-08 07:30:00,71.162993
2024-03-08 08:00:00,71.224793
2024-03-08 08:30:00,68.804283
2024-03-08 09:00:00,69.504686
2024-03-08 09:30:00,68.04208
2024-03-08 10:00:00,69.628287
2024-03-08 10:30:00,70.091788
2024-03-08 11:00:00,70.338989
2024-03-08 11:30:00,70.761291
2024-03-08 12:00:00,71.410194
2024-03-08 12:30:00,70.57589
2024-03-08 13:00:00,69.267785
2024-03-08 13:30:00,66.775175
2024-03-08 14:00:00,70.57589
2024-03-08 14:30:00,67.98028
2024-03-08 15:00:00,64.107464
2024-03-08 15:30:00,63.14956
2024-03-08 16:00:00,62.819959
2024-03-08 16:30:00,62.696358
2024-03-08 17:00:00,38.285258
2024-03-08 17:30:00,32.259733
2024-03-08 18:00:00,30.168824
2024-03-08 18:30:00,30.374825
2024-03-08 19:00:00,28.994619
2024-03-08 19:30:00,29.334521
2024-03-08 20:00:00,28.768018
2024-03-08 20:30:00,28.366317
2024-03-08 21:00:00,27.707114
2024-03-08 21:30:00,27.120012
2024-03-08 22:00:00,27.738014
2024-03-08 22:30:00,27.181812
2024-03-08 23:00:00,23.700398
2024-03-08 23:30:00,23.092695
2024-03-09 00:00:00,22.402592
2024-03-09 00:30:00,23.185395
2024-03-09 01:00:00,22.999995
2024-03-09 01:30:00,23.164795
2024-03-09 02:00:00,23.370796
2024-03-09 02:30:00,23.514997
2024-03-09 03:00:00,22.773394
2024-03-09 03:30:00,23.411996
2024-03-09 04:00:00,30.498426
2024-03-09 04:30:00,32.867435
2024-03-09 05:00:00,29.20062
2024-03-09 05:30:00,45.587988
2024-03-09 06:00:00,60.440649
2024-03-09 06:30:00,55.434828
2024-03-09 07:00:00,58.936843
2024-03-09 07:30:00,61.759054
2024-03-09 08:00:00,63.551262
2024-03-09 08:30:00,65.374369
2024-03-09 09:00:00,64.828467
2024-03-09 09:30:00,65.374369
2024-03-09 10:00:00,65.209568
2024-03-09 10:30:00,65.425869
2024-03-09 11:00:00,65.68337
2024-03-09 11:30:00,69.123584
2024-03-09 12:00:00,66.012972
2024-03-09 12:30:00,66.249873
2024-03-09 13:00:00,67.753679
2024-03-09 13:30:00,65.58037
2024-03-09 14:00:00,64.076564
2024-03-09 14:30:00,63.27316
2024-03-09 15:00:00,67.084176
2024-03-09 15:30:00,61.975355
2024-03-09 16:00:00,61.223452
2024-03-09 16:30:00,60.65695
2024-03-09 17:00:00,34.494842
2024-03-09 17:30:00,32.074332
2024-03-09 18:00:00,30.972227
2024-03-09 18:30:00,31.209128
2024-03-09 19:00:00,28.850419
2024-03-09 19:30:00,28.994619
2024-03-09 20:00:00,28.695918
2024-03-09 20:30:00,27.305412
2024-03-09 21:00:00,25.605905
2024-03-09 21:30:00,23.906398
2024-03-09 22:00:00,24.019699
2024-03-09 22:30:00,23.772498
2024-03-09 23:00:00,23.030895
2024-03-09 23:30:00,23.072095
2024-03-10 00:00:00,23.236896
2024-03-10 00:30:00,23.061795
2024-03-10 01:00:00,22.907294
2024-03-10 01:30:00,23.525297
2024-03-10 02:00:00,23.082395
2024-03-10 02:30:00,23.020595
2024-03-10 03:00:00,23.041195
2024-03-10 03:30:00,26.82131
2024-03-10 04:00:00,28.016115
2024-03-10 04:30:00,25.410205
2024-03-10 05:00:00,29.15942
2024-03-10 05:30:00,50.161206
2024-03-10 06:00:00,67.96998
2024-03-10 06:30:00,59.925647
2024-03-10 07:00:00,61.676654
2024-03-10 07:30:00,64.117764
2024-03-10 08:00:00,65.51857
2024-03-10 08:30:00,67.228377
2024-03-10 09:00:00,67.712479
2024-03-10 09:30:00,68.577682
2024-03-10 10:00:00,69.144185
2024-03-10 10:30:00,70.029988
2024-03-10 11:00:00,70.328689
2024-03-10 11:30:00,70.246289
2024-03-10 12:00:00,70.57589
2024-03-10 12:30:00,71.739795
2024-03-10 13:00:00,72.429898
2024-03-10 13:30:00,69.947588
2024-03-10 14:00:00,68.515882
2024-03-10 14:30:00,73.542303
2024-03-10 15:00:00,65.57007
2024-03-10 15:30:00,65.034468
2024-03-10 16:00:00,64.210464
2024-03-10 16:30:00,61.656054
2024-03-10 17:00:00,36.750551
2024-03-10 17:30:00,32.609934
2024-03-10 18:00:00,31.54903
2024-03-10 18:30:00,31.044328
2024-03-10 19:00:00,28.047015
2024-03-10 19:30:00,29.839223
2024-03-10 20:00:00,29.26242
2024-03-10 20:30:00,28.314817
2024-03-10 21:00:00,28.211816
2024-03-10 21:30:00,27.871915
2024-03-10 22:00:00,27.006711
2024-03-10 22:30:00,26.223908
2024-03-10 23:00:00,24.462601
2024-03-10 23:30:00,23.473797
2024-03-11 00:00:00,23.061795
2024-03-11 00:30:00,23.350196
2024-03-11 01:00:00,23.514997
2024-03-11 01:30:00,22.979395
2024-03-11 02:00:00,22.835194
2024-03-11 02:30:00,23.597397
2024-03-11 03:00:00,22.896994
2024-03-11 03:30:00,26.62561
2024-03-11 04:00:00,27.109712
2024-03-11 04:30:00,26.316608
2024-03-11 05:00:00,29.942223
2024-03-11 05:30:00,51.283911
2024-03-11 06:00:00,71.451394
2024-03-11 06:30:00,61.326452
2024-03-11 07:00:00,64.447365
2024-03-11 07:30:00,66.754575
2024-03-11 08:00:00,69.288385
2024-03-11 08:30:00,71.327794
2024-03-11 09:00:00,71.626495
2024-03-11 09:30:00,73.532003
2024-03-11 10:00:00,73.655603
2024-03-11 10:30:00,72.089997
2024-03-11 11:00:00,71.904596
2024-03-11 11:30:00,71.832496
2024-03-11 12:00:00,72.398998
2024-03-11 12:30:00,71.801595
2024-03-11 13:00:00,73.573203
2024-03-11 13:30:00,74.819508
2024-03-11 14:00:00,67.403477
2024-03-11 14:30:00,66.291073
2024-03-11 15:00:00,64.900567
2024-03-11 15:30:00,64.220764
2024-03-11 16:00:00,62.850859
2024-03-11 16:30:00,61.831154
2024-03-11 17:00:00,35.339445
2024-03-11 17:30:00,31.765331
2024-03-11 18:00:00,30.797127
2024-03-11 18:30:00,31.126728
2024-03-11 19:00:00,28.685618
2024-03-11 19:30:00,27.727714
2024-03-11 20:00:00,27.954315
2024-03-11 20:30:00,27.892515
2024-03-11 21:00:00,24.050599
2024-03-11 21:30:00,23.226596
2024-03-11 22:00:00,23.195695
2024-03-11 22:30:00,22.629193
2024-03-11 23:00:00,22.701293
2024-03-11 23:30:00,22.134791
2024-03-12 00:00:00,22.340792
2024-03-12 00:30:00,22.165691
2024-03-12 01:00:00,22.587993
2024-03-12 01:30:00,22.248092
2024-03-12 02:00:00,21.733089
2024-03-12 02:30:00,21.78459
2024-03-12 03:00:00,22.289292
2024-03-12 03:30:00,21.557989
2024-03-12 04:00:00,22.227491
2024-03-12 04:30:00,22.145091
2024-03-12 05:00:00,23.473797
2024-03-12 05:30:00,24.431701
2024-03-12 06:00:00,25.070303
2024-03-12 06:30:00,25.430805
2024-03-12 07:00:00,25.657406
2024-03-12 07:30:00,25.636806
2024-03-12 08:00:00,27.058211
2024-03-12 08:30:00,27.521713
2024-03-12 09:00:00,25.482305
2024-03-12 09:30:00,26.73891
2024-03-12 10:00:00,25.564705
2024-03-12 10:30:00,26.007607
2024-03-12 11:00:00,25.317504
2024-03-12 11:30:00,26.409309
2024-03-12 12:00:00,27.944015
2024-03-12 12:30:00,32.084632
2024-03-12 13:00:00,33.258837
2024-03-12 13:30:00,24.843702
2024-03-12 14:00:00,24.998203
2024-03-12 14:30:00,24.122699
2024-03-12 15:00:00,24.926103
2024-03-12 15:30:00,25.451405
2024-03-12 16:00:00,25.544105
2024-03-12 16:30:00,25.224804
2024-03-12 17:00:00,25.121803
2024-03-12 17:30:00,23.854898
2024-03-12 18:00:00,22.278992
2024-03-12 18:30:00,22.649793
2024-03-12 19:00:00,22.505593
2024-03-12 19:30:00,22.536493
2024-03-12 20:00:00,22.320192
2024-03-12 20:30:00,22.526193
2024-03-12 21:00:00,22.381992
2024-03-12 21:30:00,22.268692
2024-03-12 22:00:00,22.546793
2024-03-12 22:30:00,21.94939
2024-03-12 23:00:00,21.90819
2024-03-12 23:30:00,21.557989
2024-03-13 00:00:00,21.424088
2024-03-13 00:30:00,21.640389
2024-03-13 01:00:00,21.444688
2024-03-13 01:30:00,21.609489
2024-03-13 02:00:00,21.444688
2024-03-13 02:30:00,21.372588
2024-03-13 03:00:00,20.950286
2024-03-13 03:30:00,21.568289
2024-03-13 04:00:00,21.125387
2024-03-13 04:30:00,21.743389
2024-03-13 05:00:00,21.310788
2024-03-13 05:30:00,21.475588
2024-03-13 06:00:00,22.093591
2024-03-13 06:30:00,22.330492
2024-03-13 07:00:00,23.278096
2024-03-13 07:30:00,22.907294
2024-03-13 08:00:00,23.628297
2024-03-13 08:30:00,23.494397
2024-03-13 09:00:00,24.3081
2024-03-13 09:30:00,24.637701
2024-03-13 10:00:00,25.152704
2024-03-13 10:30:00,34.06224
2024-03-13 11:00:00,31.301829
2024-03-13 11:30:00,29.427221
2024-03-13 12:00:00,24.617101
2024-03-13 12:30:00,25.461705
2024-03-13 13:00:00,24.534701
2024-03-13 13:30:00,26.429909
2024-03-13 14:00:00,27.161212
2024-03-13 14:30:00,26.72861
2024-03-13 15:00:00,29.283021
2024-03-13 15:30:00,25.461705
2024-03-13 16:00:00,27.841015
2024-03-13 16:30:00,27.295112
2024-03-13 17:00:00,26.65651
2024-03-13 17:30:00,27.665914
2024-03-13 18:00:00,26.82131
2024-03-13 18:30:00,27.150912
2024-03-13 19:00:00,26.522609
2024-03-13 19:30:00,26.584409
2024-03-13 20:00:00,27.212712
2024-03-13 20:30:00,26.986111
2024-03-13 21:00:00,26.78011
2024-03-13 21:30:00,26.203308
2024-03-13 22:00:00,26.75951
2024-03-13 22:30:00,26.285708
2024-03-13 23:00:00,23.484097
2024-03-13 23:30:00,22.217191
2024-03-14 00:00:00,22.577693
2024-03-14 00:30:00,22.732194
2024-03-14 01:00:00,22.412892
2024-03-14 01:30:00,22.814594
2024-03-14 02:00:00,22.268692
2024-03-14 02:30:00,22.701293
2024-03-14 03:00:00,22.855794
2024-03-14 03:30:00,28.726818
2024-03-14 04:00:00,35.267345
2024-03-14 04:30:00,47.071194
2024-03-14 05:00:00,44.969985
2024-03-14 05:30:00,74.201505
2024-03-14 06:00:00,83.286143
2024-03-14 06:30:00,79.609028
2024-03-14 07:00:00,82.70934
2024-03-14 07:30:00,86.314355
2024-03-14 08:00:00,88.436164
2024-03-14 08:30:00,90.527073
2024-03-14 09:00:00,90.887574
2024-03-14 09:30:00,91.526177
2024-03-14 10:00:00,92.144179
2024-03-14 10:30:00,94.029087
2024-03-14 11:00:00,94.070287
2024-03-14 11:30:00,94.935491
2024-03-14 12:00:00,94.121787
2024-03-14 12:30:00,93.534685
2024-03-14 13:00:00,92.102979
2024-03-14 13:30:00,90.073871
2024-03-14 14:00:00,86.654257
2024-03-14 14:30:00,85.480052
2024-03-14 15:00:00,88.631865
2024-03-14 15:30:00,76.457215
2024-03-14 16:00:00,71.564695
2024-03-14 16:30:00,72.110597
2024-03-14 17:00:00,40.880868
2024-03-14 17:30:00,35.493946
2024-03-14 18:00:00,44.197482
2024-03-14 18:30:00,36.101649
2024-03-14 19:00:00,40.736668
2024-03-14 19:30:00,33.794439
2024-03-14 20:00:00,37.852656
2024-03-14 20:30:00,33.742939
2024-03-14 21:00:00,31.373929
2024-03-14 21:30:00,32.043432
2024-03-14 22:00:00,29.684722
2024-03-14 22:30:00,33.289737
2024-03-14 23:00:00,29.396321
2024-03-14 23:30:00,35.277645
2024-03-15 00:00:00,31.56963
2024-03-15 00:30:00,29.715622
2024-03-15 01:00:00,31.466629
2024-03-15 01:30:00,29.973123
2024-03-15 02:00:00,34.00044
2024-03-15 02:30:00,28.314817
2024-03-15 03:00:00,24.575901
2024-03-15 03:30:00,29.612622
2024-03-15 04:00:00,36.54455
2024-03-15 04:30:00,37.214053
2024-03-15 05:00:00,40.314366
2024-03-15 05:30:00,74.932808
2024-03-15 06:00:00,73.408402
2024-03-15 06:30:00,67.805179
2024-03-15 07:00:00,73.429002
2024-03-15 07:30:00,75.128509
2024-03-15 08:00:00,79.464827
2024-03-15 08:30:00,80.845033
2024-03-15 09:00:00,89.610369
2024-03-15 09:30:00,88.734865
2024-03-15 10:00:00,88.982066
2024-03-15 10:30:00,90.939074
2024-03-15 11:00:00,91.773378
2024-03-15 11:30:00,92.154479
2024-03-15 12:00:00,92.185379
2024-03-15 12:30:00,91.958778
2024-03-15 13:00:00,89.744269
2024-03-15 13:30:00,85.819953
2024-03-15 14:00:00,78.239122
2024-03-15 14:30:00,75.128509
2024-03-15 15:00:00,78.558423
2024-03-15 15:30:00,72.172397
2024-03-15 16:00:00,70.956992
2024-03-15 16:30:00,69.731287
2024-03-15 17:00:00,40.345266
2024-03-15 17:30:00,34.330041
2024-03-15 18:00:00,33.701739
2024-03-15 18:30:00,32.445134
2024-03-15 19:00:00,31.63143
2024-03-15 19:30:00,31.404829
2024-03-15 20:00:00,30.034924
2024-03-15 20:30:00,30.323325
2024-03-15 21:00:00,27.995515
2024-03-15 21:30:00,28.860719
2024-03-15 22:00:00,28.448717
2024-03-15 22:30:00,27.696814
2024-03-15 23:00:00,25.286604
2024-03-15 23:30:00,24.596501
2024-03-16 00:00:00,24.957003
2024-03-16 00:30:00,24.617101
2024-03-16 01:00:00,24.575901
2024-03-16 01:30:00,24.339
2024-03-16 02:00:00,24.658301
2024-03-16 02:30:00,24.823102
2024-03-16 03:00:00,24.534701
2024-03-16 03:30:00,25.379304
2024-03-16 04:00:00,25.667706
2024-03-16 04:30:00,27.150912
2024-03-16 05:00:00,30.941327
2024-03-16 05:30:00,80.989233
2024-03-16 06:00:00,74.778308
2024-03-16 06:30:00,69.525286
2024-03-16 07:00:00,72.8419
2024-03-16 07:30:00,73.398102
2024-03-16 08:00:00,75.715612
2024-03-16 08:30:00,78.352422
2024-03-16 09:00:00,79.825328
2024-03-16 09:30:00,83.100742
2024-03-16 10:00:00,88.806965
2024-03-16 10:30:00,87.962362
2024-03-16 11:00:00,87.36496
2024-03-16 11:30:00,87.169259
2024-03-16 12:00:00,87.097158
2024-03-16 12:30:00,89.012966
2024-03-16 13:00:00,86.571856
2024-03-16 13:30:00,84.820849
2024-03-16 14:00:00,78.331822
2024-03-16 14:30:00,76.879516
2024-03-16 15:00:00,76.230614
2024-03-16 15:30:00,71.193893
2024-03-16 16:00:00,68.474682
2024-03-16 16:30:00,66.878175
2024-03-16 17:00:00,39.263762
2024-03-16 17:30:00,34.391842
2024-03-16 18:00:00,32.846835
2024-03-16 18:30:00,32.558434
2024-03-16 19:00:00,29.15942
2024-03-16 19:30:00,29.787723
2024-03-16 20:00:00,30.467525
2024-03-16 20:30:00,30.086424
2024-03-16 21:00:00,26.429909
2024-03-16 21:30:00,25.595605
2024-03-16 22:00:00,25.163004
2024-03-16 22:30:00,24.3184
2024-03-16 23:00:00,24.987903
2024-03-16 23:30:00,24.637701
2024-03-17 00:00:00,24.3699
2024-03-17 00:30:00,25.204204
2024-03-17 01:00:00,24.884902
2024-03-17 01:30:00,24.534701
2024-03-17 02:00:00,24.3184
2024-03-17 02:30:00,24.1845
2024-03-17 03:00:00,24.493501
2024-03-17 03:30:00,24.658301
2024-03-17 04:00:00,24.472901
2024-03-17 04:30:00,25.945807
2024-03-17 05:00:00,30.199724
2024-03-17 05:30:00,73.933704
2024-03-17 06:00:00,76.086413
2024-03-17 06:30:00,65.64217
2024-03-17 07:00:00,67.506478
2024-03-17 07:30:00,69.720987
2024-03-17 08:00:00,64.560666
2024-03-17 08:30:00,75.489011
2024-03-17 09:00:00,72.162097
2024-03-17 09:30:00,107.800244
2024-03-17 10:00:00,90.424072
2024-03-17 10:30:00,91.289276
2024-03-17 11:00:00,91.989679
2024-03-17 11:30:00,88.971766
2024-03-17 12:00:00,87.756361
2024-03-17 12:30:00,88.734865
2024-03-17 13:00:00,89.352868
2024-03-17 13:30:00,84.099846
2024-03-17 14:00:00,77.930121
2024-03-17 14:30:00,75.643511
2024-03-17 15:00:00,76.694116
2024-03-17 15:30:00,73.387802
2024-03-17 16:00:00,71.636795
2024-03-17 16:30:00,69.504686
2024-03-17 17:00:00,39.634563
2024-03-17 17:30:00,34.824443
2024-03-17 18:00:00,33.444238
2024-03-17 18:30:00,32.476034
2024-03-17 19:00:00,29.798023
2024-03-17 19:30:00,30.457225
2024-03-17 20:00:00,30.611726
2024-03-17 20:30:00,30.446925
2024-03-17 21:00:00,28.840119
2024-03-17 21:30:00,29.15942
2024-03-17 22:00:00,27.624714
2024-03-17 22:30:00,27.892515
2024-03-17 23:00:00,25.399905
2024-03-17 23:30:00,24.2051
2024-03-18 00:00:00,24.668602
2024-03-18 00:30:00,24.864302
2024-03-18 01:00:00,24.565601
2024-03-18 01:30:00,24.565601
2024-03-18 02:00:00,24.534701
2024-03-18 02:30:00,23.751898
2024-03-18 03:00:00,24.163899
2024-03-18 03:30:00,24.132999
2024-03-18 04:00:00,24.122699
2024-03-18 04:30:00,25.142403
2024-03-18 05:00:00,29.715622
2024-03-18 05:30:00,72.625599
2024-03-18 06:00:00,74.572307
2024-03-18 06:30:00,68.10388
2024-03-18 07:00:00,69.123584
2024-03-18 07:30:00,73.109701
2024-03-18 08:00:00,76.529315
2024-03-18 08:30:00,78.218522
2024-03-18 09:00:00,78.939525
2024-03-18 09:30:00,64.694566
2024-03-18 10:00:00,89.95027
2024-03-18 10:30:00,80.23733
2024-03-18 11:00:00,77.332718
2024-03-18 11:30:00,67.96998
2024-03-18 12:00:00,67.444678
2024-03-18 12:30:00,67.321077
2024-03-18 13:00:00,67.774279
2024-03-18 13:30:00,71.214493
2024-03-18 14:00:00,74.675307
2024-03-18 14:30:00,71.173293
2024-03-18 15:00:00,68.958784
2024-03-18 15:30:00,66.981176
2024-03-18 16:00:00,63.963263
2024-03-18 16:30:00,63.23196
2024-03-18 17:00:00,38.97536
2024-03-18 17:30:00,33.176437
2024-03-18 18:00:00,32.795335
2024-03-18 18:30:00,31.858031
2024-03-18 19:00:00,29.04612
2024-03-18 19:30:00,28.675318
2024-03-18 20:00:00,28.881319
2024-03-18 20:30:00,28.304516
2024-03-18 21:00:00,24.854002
2024-03-18 21:30:00,24.4008
2024-03-18 22:00:00,23.514997
2024-03-18 22:30:00,23.576797
2024-03-18 23:00:00,23.772498
2024-03-18 23:30:00,23.793098
2024-03-19 00:00:00,23.267796
2024-03-19 00:30:00,23.308996
2024-03-19 01:00:00,23.113295
2024-03-19 01:30:00,23.514997
2024-03-19 02:00:00,23.411996
2024-03-19 02:30:00,22.752794
2024-03-19 03:00:00,23.648897
2024-03-19 03:30:00,23.762198
2024-03-19 04:00:00,23.432596
2024-03-19 04:30:00,24.781902
2024-03-19 05:00:00,25.554405
2024-03-19 05:30:00,24.740702
2024-03-19 06:00:00,26.605009
2024-03-19 06:30:00,27.017011
2024-03-19 07:00:00,25.678006
2024-03-19 07:30:00,26.213608
2024-03-19 08:00:00,27.274512
2024-03-19 08:30:00,27.913115
2024-03-19 09:00:00,27.562913
2024-03-19 09:30:00,27.542313
2024-03-19 10:00:00,28.294216
2024-03-19 10:30:00,28.232416
2024-03-19 11:00:00,26.048807
2024-03-19 11:30:00,25.307204
2024-03-19 12:00:00,24.812802
2024-03-19 12:30:00,24.946703
2024-03-19 13:00:00,24.3287
2024-03-19 13:30:00,24.854002
2024-03-19 14:00:00,24.112399
2024-03-19 14:30:00,23.978499
2024-03-19 15:00:00,23.617997
2024-03-19 15:30:00,23.803398
2024-03-19 16:00:00,23.617997
2024-03-19 16:30:00,23.844598
2024-03-19 17:00:00,23.700398
2024-03-19 17:30:00,24.2566
2024-03-19 18:00:00,23.535597
2024-03-19 18:30:00,23.051495
2024-03-19 19:00:00,23.267796
2024-03-19 19:30:00,22.969095
2024-03-19 20:00:00,23.154495
2024-03-19 20:30:00,23.267796
2024-03-19 21:00:00,23.226596
2024-03-19 21:30:00,23.123595
2024-03-19 22:00:00,23.072095
2024-03-19 22:30:00,23.247196
2024-03-19 23:00:00,22.948494
2024-03-19 23:30:00,23.175095
2024-03-20 00:00:00,22.752794
2024-03-20 00:30:00,22.680693
2024-03-20 01:00:00,23.154495
2024-03-20 01:30:00,23.061795
2024-03-20 02:00:00,22.876394
2024-03-20 02:30:00,22.454092
2024-03-20 03:00:00,22.824894
2024-03-20 03:30:00,22.515893
2024-03-20 04:00:00,22.701293
2024-03-20 04:30:00,22.474692
2024-03-20 05:00:00,22.752794
2024-03-20 05:30:00,22.866094
2024-03-20 06:00:00,23.154495
2024-03-20 06:30:00,23.545897
2024-03-20 07:00:00,24.637701
2024-03-20 07:30:00,33.032236
2024-03-20 08:00:00,26.512309
2024-03-20 08:30:00,25.894307
2024-03-20 09:00:00,27.799814
2024-03-20 09:30:00,26.512309
2024-03-20 10:00:00,29.11822
2024-03-20 10:30:00,29.19032
2024-03-20 11:00:00,30.240924
2024-03-20 11:30:00,30.622026
2024-03-20 12:00:00,30.570526
2024-03-20 12:30:00,28.448717
2024-03-20 13:00:00,27.017011
2024-03-20 13:30:00,28.891619
2024-03-20 14:00:00,25.719206
2024-03-20 14:30:00,25.873706
2024-03-20 15:00:00,24.514101
2024-03-20 15:30:00,24.163899
2024-03-20 16:00:00,24.091799
2024-03-20 16:30:00,24.4214
2024-03-20 17:00:00,24.2257
2024-03-20 17:30:00,24.462601
2024-03-20 18:00:00,24.452301
2024-03-20 18:30:00,24.071199
2024-03-20 19:00:00,24.3596
2024-03-20 19:30:00,23.679797
2024-03-20 20:00:00,23.988799
2024-03-20 20:30:00,23.597397
2024-03-20 21:00:00,23.628297
2024-03-20 21:30:00,23.679797
2024-03-20 22:00:00,23.638597
2024-03-20 22:30:00,23.525297
2024-03-20 23:00:00,23.154495
2024-03-20 23:30:00,22.896994
2024-03-21 00:00:00,22.896994
2024-03-21 00:30:00,22.979395
2024-03-21 01:00:00,22.896994
2024-03-21 01:30:00,22.917594
2024-03-21 02:00:00,22.701293
2024-03-21 02:30:00,22.454092
2024-03-21 03:00:00,22.680693
2024-03-21 03:30:00,22.320192
2024-03-21 04:00:00,22.999995
2024-03-21 04:30:00,23.937299
2024-03-21 05:00:00,28.077916
2024-03-21 05:30:00,41.540071
2024-03-21 06:00:00,43.208678
2024-03-21 06:30:00,46.28839
2024-03-21 07:00:00,55.96013
2024-03-21 07:30:00,48.6574
2024-03-21 08:00:00,55.640829
2024-03-21 08:30:00,67.413777
2024-03-21 09:00:00,63.932363
2024-03-21 09:30:00,64.746066
2024-03-21 10:00:00,64.879967
2024-03-21 10:30:00,65.374369
2024-03-21 11:00:00,66.146872
2024-03-21 11:30:00,65.848171
2024-03-21 12:00:00,66.929675
2024-03-21 12:30:00,67.156276
2024-03-21 13:00:00,66.394073
2024-03-21 13:30:00,65.951171
2024-03-21 14:00:00,66.054172
2024-03-21 14:30:00,64.653366
2024-03-21 15:00:00,68.237781
2024-03-21 15:30:00,62.016555
2024-03-21 16:00:00,59.987447
2024-03-21 16:30:00,59.668146
2024-03-21 17:00:00,33.382437
2024-03-21 17:30:00,32.167032
2024-03-21 18:00:00,31.137028
2024-03-21 18:30:00,30.457225
2024-03-21 19:00:00,28.531117
2024-03-21 19:30:00,30.622026
2024-03-21 20:00:00,29.911323
2024-03-21 20:30:00,28.984319
2024-03-21 21:00:00,24.3081
2024-03-21 21:30:00,22.721894
2024-03-21 22:00:00,22.361392
2024-03-21 22:30:00,22.546793
2024-03-21 23:00:00,22.175991
2024-03-21 23:30:00,22.031791
2024-03-22 00:00:00,22.145091
2024-03-22 00:30:00,21.733089
2024-03-22 01:00:00,22.381992
2024-03-22 01:30:00,22.145091
2024-03-22 02:00:00,21.94939
2024-03-22 02:30:00,21.93909
2024-03-22 03:00:00,22.361392
2024-03-22 03:30:00,22.587993
2024-03-22 04:00:00,23.010295
2024-03-22 04:30:00,23.782798
2024-03-22 05:00:00,28.881319
2024-03-22 05:30:00,46.19569
2024-03-22 06:00:00,55.311228
2024-03-22 06:30:00,47.297795
2024-03-22 07:00:00,68.175981
2024-03-22 07:30:00,64.416465
2024-03-22 08:00:00,65.333169
2024-03-22 08:30:00,68.299581
2024-03-22 09:00:00,68.567382
2024-03-22 09:30:00,68.917584
2024-03-22 10:00:00,68.969084
2024-03-22 10:30:00,69.484086
2024-03-22 11:00:00,69.782787
2024-03-22 11:30:00,70.287489
2024-03-22 12:00:00,68.05238
2024-03-22 12:30:00,45.381987
2024-03-22 13:00:00,77.466619
2024-03-22 13:30:00,68.186281
2024-03-22 14:00:00,75.29331
2024-03-22 14:30:00,76.055513
2024-03-22 15:00:00,82.884441
2024-03-22 15:30:00,73.799804
2024-03-22 16:00:00,64.643066
2024-03-22 16:30:00,62.129856
2024-03-22 17:00:00,37.409754
2024-03-22 17:30:00,32.764435
2024-03-22 18:00:00,31.198828
2024-03-22 18:30:00,30.436625
2024-03-22 19:00:00,29.664122
2024-03-22 19:30:00,29.633222
2024-03-22 20:00:00,28.531117
2024-03-22 20:30:00,27.336312
2024-03-22 21:00:00,26.73891
2024-03-22 21:30:00,26.378409
2024-03-22 22:00:00,26.471109
2024-03-22 22:30:00,26.419609
2024-03-22 23:00:00,22.958794
2024-03-22 23:30:00,22.330492
2024-03-23 00:00:00,22.433492
2024-03-23 00:30:00,22.412892
2024-03-23 01:00:00,22.598293
2024-03-23 01:30:00,22.433492
2024-03-23 02:00:00,22.351092
2024-03-23 02:30:00,22.145091
2024-03-23 03:00:00,22.701293
2024-03-23 03:30:00,22.433492
2024-03-23 04:00:00,23.370796
2024-03-23 04:30:00,25.327804
2024-03-23 05:00:00,29.633222
2024-03-23 05:30:00,55.527529
2024-03-23 06:00:00,68.330481
2024-03-23 06:30:00,61.233752
2024-03-23 07:00:00,64.879967
2024-03-23 07:30:00,67.660978
2024-03-23 08:00:00,63.798463
2024-03-23 08:30:00,78.826224
2024-03-23 09:00:00,79.794428
2024-03-23 09:30:00,75.849512
2024-03-23 10:00:00,75.22121
2024-03-23 10:30:00,74.489907
2024-03-23 11:00:00,75.921612
2024-03-23 11:30:00,76.354214
2024-03-23 12:00:00,78.290622
2024-03-23 12:30:00,77.023717
2024-03-23 13:00:00,73.707103
2024-03-23 13:30:00,71.801595
2024-03-23 14:00:00,70.38019
2024-03-23 14:30:00,69.937288
2024-03-23 15:00:00,69.710687
2024-03-23 15:30:00,65.827571
2024-03-23 16:00:00,65.54947
2024-03-23 16:30:00,63.983863
2024-03-23 17:00:00,39.407962
2024-03-23 17:30:00,34.09314
2024-03-23 18:00:00,32.960136
2024-03-23 18:30:00,32.630534
2024-03-23 19:00:00,30.611726
2024-03-23 19:30:00,31.126728
2024-03-23 20:00:00,30.807427
2024-03-23 20:30:00,29.612622
2024-03-23 21:00:00,25.657406
2024-03-23 21:30:00,24.462601
2024-03-23 22:00:00,24.1845
2024-03-23 22:30:00,23.813698
2024-03-23 23:00:00,23.288396
2024-03-23 23:30:00,23.360496
2024-03-24 00:00:00,23.556197
2024-03-24 00:30:00,23.494397
2024-03-24 01:00:00,23.854898
2024-03-24 01:30:00,23.329596
2024-03-24 02:00:00,23.247196
2024-03-24 02:30:00,23.741598
2024-03-24 03:00:00,23.968199
2024-03-24 03:30:00,24.658301
2024-03-24 04:00:00,26.491709
2024-03-24 04:30:00,28.016115
2024-03-24 05:00:00,30.951627
2024-03-24 05:30:00,45.351087
2024-03-24 06:00:00,60.873251
2024-03-24 06:30:00,64.838767
2024-03-24 07:00:00,60.296448
2024-03-24 07:30:00,62.212256
2024-03-24 08:00:00,63.27316
2024-03-24 08:30:00,63.963263
2024-03-24 09:00:00,66.239573
2024-03-24 09:30:00,67.063576
2024-03-24 10:00:00,66.816375
2024-03-24 10:30:00,67.125376
2024-03-24 11:00:00,68.340781
2024-03-24 11:30:00,68.917584
2024-03-24 12:00:00,69.473786
2024-03-24 12:30:00,68.443782
2024-03-24 13:00:00,68.732183
2024-03-24 13:30:00,66.826675
2024-03-24 14:00:00,65.62157
2024-03-24 14:30:00,64.591566
2024-03-24 15:00:00,65.920271
2024-03-24 15:30:00,61.089551
2024-03-24 16:00:00,59.616645
2024-03-24 16:30:00,58.102539
2024-03-24 17:00:00,37.646655
2024-03-24 17:30:00,33.598738
2024-03-24 18:00:00,32.290633
2024-03-24 18:30:00,31.775631
2024-03-24 19:00:00,29.344821
2024-03-24 19:30:00,30.024624
2024-03-24 20:00:00,28.757718
2024-03-24 20:30:00,28.871019
2024-03-24 21:00:00,28.108816
2024-03-24 21:30:00,27.686514
2024-03-24 22:00:00,27.583514
2024-03-24 22:30:00,27.779214
2024-03-24 23:00:00,23.978499
2024-03-24 23:30:00,23.216296
2024-03-25 00:00:00,22.896994
2024-03-25 00:30:00,22.536493
2024-03-25 01:00:00,23.030895
2024-03-25 01:30:00,22.876394
2024-03-25 02:00:00,22.495293
2024-03-25 02:30:00,23.092695
2024-03-25 03:00:00,23.041195
2024-03-25 03:30:00,23.216296
2024-03-25 04:00:00,23.010295
2024-03-25 04:30:00,24.524401
2024-03-25 05:00:00,29.27272
2024-03-25 05:30:00,40.067165
2024-03-25 06:00:00,43.68248
2024-03-25 06:30:00,45.660088
2024-03-25 07:00:00,47.235994
2024-03-25 07:30:00,55.311228
2024-03-25 08:00:00,64.509165
2024-03-25 08:30:00,62.747858
2024-03-25 09:00:00,63.520361
2024-03-25 09:30:00,63.623362
2024-03-25 10:00:00,63.613062
2024-03-25 10:30:00,64.241364
2024-03-25 11:00:00,64.962367
2024-03-25 11:30:00,64.828467
2024-03-25 12:00:00,66.146872
2024-03-25 12:30:00,66.012972
2024-03-25 13:00:00,69.350185
2024-03-25 13:30:00,64.952067
2024-03-25 14:00:00,63.334961
2024-03-25 14:30:00,61.686954
2024-03-25 15:00:00,59.214944
2024-03-25 15:30:00,58.092239
2024-03-25 16:00:00,56.176431
2024-03-25 16:30:00,55.486328
2024-03-25 17:00:00,35.926548
2024-03-25 17:30:00,32.403933
2024-03-25 18:00:00,31.198828
2024-03-25 18:30:00,30.549926
2024-03-25 19:00:00,28.170616
2024-03-25 19:30:00,27.665914
2024-03-25 20:00:00,27.511413
2024-03-25 20:30:00,26.038507
2024-03-25 21:00:00,23.762198
2024-03-25 21:30:00,22.515893
2024-03-25 22:00:00,22.783694
2024-03-25 22:30:00,22.299592
2024-03-25 23:00:00,22.577693
2024-03-25 23:30:00,22.258392
2024-03-26 00:00:00,22.042091
2024-03-26 00:30:00,21.98029
2024-03-26 01:00:00,22.484993
2024-03-26 01:30:00,22.155391
2024-03-26 02:00:00,21.91849
2024-03-26 02:30:00,22.330492
2024-03-26 03:00:00,21.80519
2024-03-26 03:30:00,22.206891
2024-03-26 04:00:00,21.78459
2024-03-26 04:30:00,22.763094
2024-03-26 05:00:00,22.927894
2024-03-26 05:30:00,22.896994
2024-03-26 06:00:00,22.433492
2024-03-26 06:30:00,22.690993
2024-03-26 07:00:00,22.979395
2024-03-26 07:30:00,23.175095
2024-03-26 08:00:00,26.172408
2024-03-26 08:30:00,29.12852
2024-03-26 09:00:00,26.883111
2024-03-26 09:30:00,28.479617
2024-03-26 10:00:00,33.825339
2024-03-26 10:30:00,33.701739
2024-03-26 11:00:00,34.12404
2024-03-26 11:30:00,34.577242
2024-03-26 12:00:00,37.286153
2024-03-26 12:30:00,34.278541
2024-03-26 13:00:00,33.588438
2024-03-26 13:30:00,33.897439
2024-03-26 14:00:00,33.557538
2024-03-26 14:30:00,33.382437
2024-03-26 15:00:00,32.774735
2024-03-26 15:30:00,29.447821
2024-03-26 16:00:00,25.327804
2024-03-26 16:30:00,32.877735
2024-03-26 17:00:00,25.090903
2024-03-26 17:30:00,32.888035
2024-03-26 18:00:00,24.987903
2024-03-26 18:30:00,26.574109
2024-03-26 19:00:00,22.433492
2024-03-26 19:30:00,22.608593
2024-03-26 20:00:00,24.586201
2024-03-26 20:30:00,21.042987
2024-03-26 21:00:00,30.024624
2024-03-26 21:30:00,24.2051
2024-03-26 22:00:00,31.971332
2024-03-26 22:30:00,23.957899
2024-03-26 23:00:00,28.747418
2024-03-26 23:30:00,24.761302
2024-03-27 00:00:00,26.502009
2024-03-27 00:30:00,26.74921
2024-03-27 01:00:00,24.503801
2024-03-27 01:30:00,28.829819
2024-03-27 02:00:00,23.082395
2024-03-27 02:30:00,29.756822
2024-03-27 03:00:00,23.453197
2024-03-27 03:30:00,29.519921
2024-03-27 04:00:00,23.906398
2024-03-27 04:30:00,25.482305
2024-03-27 05:00:00,28.479617
2024-03-27 05:30:00,25.399905
2024-03-27 06:00:00,26.63591
2024-03-27 06:30:00,27.449613
2024-03-27 07:00:00,25.101203
2024-03-27 07:30:00,35.380646
2024-03-27 08:00:00,25.945807
2024-03-27 08:30:00,33.784139
2024-03-27 09:00:00,27.624714
2024-03-27 09:30:00,33.856239
2024-03-27 10:00:00,32.146432
2024-03-27 10:30:00,35.607247
2024-03-27 11:00:00,34.762643
2024-03-27 11:30:00,35.741147
2024-03-27 12:00:00,35.658747
2024-03-27 12:30:00,36.091349
2024-03-27 13:00:00,35.236445
2024-03-27 13:30:00,35.493946
2024-03-27 14:00:00,35.277645
2024-03-27 14:30:00,35.123145
2024-03-27 15:00:00,27.418713
2024-03-27 15:30:00,29.612622
2024-03-27 16:00:00,30.282125
2024-03-27 16:30:00,26.84191
2024-03-27 17:00:00,33.166136
2024-03-27 17:30:00,26.162108
2024-03-27 18:00:00,34.196141
2024-03-27 18:30:00,26.285708
2024-03-27 19:00:00,32.311233
2024-03-27 19:30:00,26.69771
2024-03-27 20:00:00,29.839223
2024-03-27 20:30:00,28.850419
2024-03-27 21:00:00,27.181812
2024-03-27 21:30:00,31.085528
2024-03-27 22:00:00,25.605905
2024-03-27 22:30:00,33.104336
2024-03-27 23:00:00,24.967303
2024-03-27 23:30:00,31.991932
2024-03-28 00:00:00,25.276304
2024-03-28 00:30:00,30.694126
2024-03-28 01:00:00,27.635014
2024-03-28 01:30:00,28.201516
2024-03-28 02:00:00,29.736222
2024-03-28 02:30:00,25.884007
2024-03-28 03:00:00,32.702635
2024-03-28 03:30:00,26.017907
2024-03-28 04:00:00,33.91804
2024-03-28 04:30:00,37.656955
2024-03-28 05:00:00,52.911318
2024-03-28 05:30:00,69.968188
2024-03-28 06:00:00,71.626495
2024-03-28 06:30:00,68.546782
2024-03-28 07:00:00,69.762187
2024-03-28 07:30:00,70.823091
2024-03-28 08:00:00,71.173293
2024-03-28 08:30:00,70.730391
2024-03-28 09:00:00,71.677995
2024-03-28 09:30:00,71.441094
2024-03-28 10:00:00,71.245393
2024-03-28 10:30:00,72.8831
2024-03-28 11:00:00,73.295102
2024-03-28 11:30:00,73.820404
2024-03-28 12:00:00,73.150901
2024-03-28 12:30:00,73.089101
2024-03-28 13:00:00,74.531107
2024-03-28 13:30:00,73.192101
2024-03-28 14:00:00,72.306298
2024-03-28 14:30:00,70.48319
2024-03-28 15:00:00,69.329585
2024-03-28 15:30:00,66.816375
2024-03-28 16:00:00,65.158068
2024-03-28 16:30:00,63.314361
2024-03-28 17:00:00,41.663671
2024-03-28 17:30:00,34.391842
2024-03-28 18:00:00,33.403037
2024-03-28 18:30:00,33.320637
2024-03-28 19:00:00,30.755927
2024-03-28 19:30:00,30.127624
2024-03-28 20:00:00,31.260629
2024-03-28 20:30:00,31.384229
2024-03-28 21:00:00,32.857135
2024-03-28 21:30:00,25.410205
2024-03-28 22:00:00,24.864302
2024-03-28 22:30:00,24.812802
2024-03-28 23:00:00,24.936403
2024-03-28 23:30:00,24.3493
2024-03-29 00:00:00,24.3287
2024-03-29 00:30:00,24.926103
2024-03-29 01:00:00,25.461705
2024-03-29 01:30:00,30.292425
2024-03-29 02:00:00,24.2875
2024-03-29 02:30:00,24.730402
2024-03-29 03:00:00,24.514101
2024-03-29 03:30:00,30.292425
2024-03-29 04:00:00,35.226145
2024-03-29 04:30:00,34.206441
2024-03-29 05:00:00,32.918935
2024-03-29 05:30:00,47.359595
2024-03-29 06:00:00,76.034913
2024-03-29 06:30:00,53.951622
2024-03-29 07:00:00,73.212701
2024-03-29 07:30:00,67.125376
2024-03-29 08:00:00,70.627391
2024-03-29 08:30:00,72.192997
2024-03-29 09:00:00,72.9655
2024-03-29 09:30:00,71.956096
2024-03-29 10:00:00,70.740691
2024-03-29 10:30:00,71.997296
2024-03-29 11:00:00,72.9552
2024-03-29 11:30:00,73.058201
2024-03-29 12:00:00,73.521703
2024-03-29 12:30:00,75.42721
2024-03-29 13:00:00,78.465723
2024-03-29 13:30:00,72.553499
2024-03-29 14:00:00,71.183593
2024-03-29 14:30:00,69.082384
2024-03-29 15:00:00,67.156276
2024-03-29 15:30:00,65.59067
2024-03-29 16:00:00,63.29376
2024-03-29 16:30:00,61.707554
2024-03-29 17:00:00,37.759955
2024-03-29 17:30:00,33.660539
2024-03-29 18:00:00,32.918935
2024-03-29 18:30:00,33.001336
2024-03-29 19:00:00,30.148224
2024-03-29 19:30:00,30.889827
2024-03-29 20:00:00,30.714726
2024-03-29 20:30:00,29.767122
2024-03-29 21:00:00,32.033132
2024-03-29 21:30:00,29.550822
2024-03-29 22:00:00,28.871019
2024-03-29 22:30:00,30.889827
2024-03-29 23:00:00,26.481409
2024-03-29 23:30:00,25.461705
2024-03-30 00:00:00,24.483201
2024-03-30 00:30:00,24.040299
2024-03-30 01:00:00,24.792202
2024-03-30 01:30:00,25.667706
2024-03-30 02:00:00,25.791306
2024-03-30 02:30:00,24.3596
2024-03-30 03:00:00,24.627401
2024-03-30 03:30:00,27.655614
2024-03-30 04:00:00,36.36945
2024-03-30 04:30:00,33.804739
2024-03-30 05:00:00,32.115532
2024-03-30 05:30:00,46.926993
2024-03-30 06:00:00,72.079697
2024-03-30 06:30:00,55.97043
2024-03-30 07:00:00,62.892059
2024-03-30 07:30:00,66.311673
2024-03-30 08:00:00,63.798463
2024-03-30 08:30:00,65.71427
2024-03-30 09:00:00,68.361381
2024-03-30 09:30:00,69.731287
2024-03-30 10:00:00,70.606791
2024-03-30 10:30:00,71.348394
2024-03-30 11:00:00,74.706207
2024-03-30 11:30:00,75.622911
2024-03-30 12:00:00,75.664111
2024-03-30 12:30:00,76.745616
2024-03-30 13:00:00,85.08865
2024-03-30 13:30:00,76.302714
2024-03-30 14:00:00,72.594699
2024-03-30 14:30:00,72.440198
2024-03-30 15:00:00,69.154485
2024-03-30 15:30:00,68.876383
2024-03-30 16:00:00,66.898775
2024-03-30 16:30:00,65.075668
2024-03-30 17:00:00,42.137473
2024-03-30 17:30:00,35.164345
2024-03-30 18:00:00,33.94894
2024-03-30 18:30:00,34.04164
2024-03-30 19:00:00,31.909531
2024-03-30 19:30:00,31.62113
2024-03-30 20:00:00,31.003128
2024-03-30 20:30:00,31.281229
2024-03-30 21:00:00,28.932819
2024-03-30 21:30:00,31.69323
2024-03-30 22:00:00,25.276304
2024-03-30 22:30:00,24.740702
2024-03-30 23:00:00,24.3596
2024-03-30 23:30:00,24.720102
2024-03-31 00:00:00,24.864302
2024-03-31 00:30:00,24.3287
2024-03-31 01:00:00,25.441105
2024-03-31 01:30:00,29.983423
2024-03-31 02:00:00,24.1948
2024-03-31 02:30:00,24.112399
2024-03-31 03:00:00,24.689202
2024-03-31 03:30:00,29.283021
2024-03-31 04:00:00,34.855343
2024-03-31 04:30:00,29.602322
2024-03-31 05:00:00,30.725026
2024-03-31 05:30:00,62.016555
2024-03-31 06:00:00,63.520361
2024-03-31 06:30:00,60.337648
2024-03-31 07:00:00,68.06268
2024-03-31 07:30:00,67.362277
2024-03-31 08:00:00,65.436169
2024-03-31 08:30:00,66.404373
2024-03-31 09:00:00,65.065368
2024-03-31 09:30:00,64.993267
2024-03-31 10:00:00,64.509165
2024-03-31 10:30:00,65.291969
2024-03-31 11:00:00,66.260173
2024-03-31 11:30:00,67.362277
2024-03-31 12:00:00,66.558874
2024-03-31 12:30:00,67.218077
2024-03-31 13:00:00,67.588878
2024-03-31 13:30:00,68.278981
2024-03-31 14:00:00,64.076564
2024-03-31 14:30:00,63.922063
2024-03-31 15:00:00,61.347052
2024-03-31 15:30:00,60.090447
2024-03-31 16:00:00,57.680237
2024-03-31 16:30:00,56.248531
2024-03-31 17:00:00,36.585751
2024-03-31 17:30:00,33.639938
2024-03-31 18:00:00,33.248537
2024-03-31 18:30:00,32.568734
2024-03-31 19:00:00,30.343925
2024-03-31 19:30:00,30.230624
2024-03-31 20:00:00,30.755927
2024-03-31 20:30:00,30.642626
2024-03-31 21:00:00,29.519921
2024-03-31 21:30:00,29.07702
2024-03-31 22:00:00,28.438417
2024-03-31 22:30:00,28.500217
2024-03-31 23:00:00,24.122699
2024-03-31 23:30:00,23.144195
2024-04-01 00:00:00,22.763094
2024-04-01 00:30:00,22.845494
2024-04-01 01:00:00,23.010295
2024-04-01 01:30:00,22.649793
2024-04-01 02:00:00,23.144195
2024-04-01 02:30:00,22.907294
2024-04-01 03:00:00,23.957899
2024-04-01 03:30:00,25.420505
2024-04-01 04:00:00,32.579034
2024-04-01 04:30:00,25.801606
2024-04-01 05:00:00,29.931923
2024-04-01 05:30:00,39.150461
2024-04-01 06:00:00,43.589779
2024-04-01 06:30:00,44.691884
2024-04-01 07:00:00,46.741592
2024-04-01 07:30:00,48.080598
2024-04-01 08:00:00,49.079702
2024-04-01 08:30:00,48.6986
2024-04-01 09:00:00,50.037606
2024-04-01 09:30:00,59.245844
2024-04-01 10:00:00,57.700837
2024-04-01 10:30:00,61.480953
2024-04-01 11:00:00,63.355561
2024-04-01 11:30:00,63.14956
2024-04-01 12:00:00,63.685162
2024-04-01 12:30:00,70.205089
2024-04-01 13:00:00,73.511403
2024-04-01 13:30:00,67.836079
2024-04-01 14:00:00,61.367653
2024-04-01 14:30:00,58.699942
2024-04-01 15:00:00,56.372132
2024-04-01 15:30:00,54.816826
2024-04-01 16:00:00,54.064922
2024-04-01 16:30:00,52.200615
2024-04-01 17:00:00,35.051044
2024-04-01 17:30:00,32.434833
2024-04-01 18:00:00,32.105232
2024-04-01 18:30:00,31.878631
2024-04-01 19:00:00,28.180916
2024-04-01 19:30:00,29.10792
2024-04-01 20:00:00,29.983423
2024-04-01 20:30:00,29.777423
2024-04-01 21:00:00,25.029103
2024-04-01 21:30:00,24.091799
2024-04-01 22:00:00,23.906398
2024-04-01 22:30:00,23.669497
2024-04-01 23:00:00,23.175095
2024-04-01 23:30:00,22.927894
2024-04-02 00:00:00,22.546793
2024-04-02 00:30:00,22.948494
2024-04-02 01:00:00,22.958794
2024-04-02 01:30:00,22.721894
2024-04-02 02:00:00,22.917594
2024-04-02 02:30:00,23.051495
2024-04-02 03:00:00,22.948494
2024-04-02 03:30:00,22.866094
2024-04-02 04:00:00,23.051495
2024-04-02 04:30:00,23.339896
2024-04-02 05:00:00,23.885798
2024-04-02 05:30:00,23.762198
2024-04-02 06:00:00,24.802502
2024-04-02 06:30:00,24.617101
2024-04-02 07:00:00,24.2051
2024-04-02 07:30:00,23.556197
2024-04-02 08:00:00,23.504697
2024-04-02 08:30:00,23.370796
2024-04-02 09:00:00,23.937299
2024-04-02 09:30:00,30.117324
2024-04-02 10:00:00,24.905502
2024-04-02 10:30:00,24.3184
2024-04-02 11:00:00,24.112399
2024-04-02 11:30:00,24.596501
2024-04-02 12:00:00,25.296904
2024-04-02 12:30:00,27.882215
2024-04-02 13:00:00,31.044328
2024-04-02 13:30:00,25.090903
2024-04-02 14:00:00,24.884902
2024-04-02 14:30:00,24.637701
2024-04-02 15:00:00,24.009399
2024-04-02 15:30:00,23.720998
2024-04-02 16:00:00,23.762198
2024-04-02 16:30:00,23.473797
2024-04-02 17:00:00,23.710698
2024-04-02 17:30:00,23.741598
2024-04-02 18:00:00,25.647106
2024-04-02 18:30:00,23.504697
2024-04-02 19:00:00,23.381096
2024-04-02 19:30:00,23.185395
2024-04-02 20:00:00,25.338104
2024-04-02 20:30:00,22.886694
2024-04-02 21:00:00,23.020595
2024-04-02 21:30:00,23.113295
2024-04-02 22:00:00,24.637701
2024-04-02 22:30:00,24.2463
2024-04-02 23:00:00,23.164795
2024-04-02 23:30:00,22.752794
2024-04-03 00:00:00,22.855794
2024-04-03 00:30:00,22.320192
2024-04-03 01:00:00,24.503801
2024-04-03 01:30:00,28.829819
2024-04-03 02:00:00,23.638597
2024-04-03 02:30:00,23.185395
2024-04-03 03:00:00,22.515893
2024-04-03 03:30:00,22.618893
2024-04-03 04:00:00,22.598293
2024-04-03 04:30:00,22.392292
2024-04-03 05:00:00,22.680693
2024-04-03 05:30:00,22.412892
2024-04-03 06:00:00,22.340792
2024-04-03 06:30:00,22.248092
2024-04-03 07:00:00,23.587097
2024-04-03 07:30:00,23.113295
2024-04-03 08:00:00,23.813698
2024-04-03 08:30:00,31.126728
2024-04-03 09:00:00,24.946703
2024-04-03 09:30:00,24.946703
2024-04-03 10:00:00,27.933715
2024-04-03 10:30:00,31.301829
2024-04-03 11:00:00,25.976707
2024-04-03 11:30:00,30.271825
2024-04-03 12:00:00,32.434833
2024-04-03 12:30:00,28.397217
2024-04-03 13:00:00,33.835639
2024-04-03 13:30:00,29.386021
2024-04-03 14:00:00,26.007607
2024-04-03 14:30:00,32.167032
2024-04-03 15:00:00,25.502905
2024-04-03 15:30:00,25.894307
2024-04-03 16:00:00,25.060003
2024-04-03 16:30:00,24.3905
2024-04-03 17:00:00,23.823998
2024-04-03 17:30:00,23.638597
2024-04-03 18:00:00,24.586201
2024-04-03 18:30:00,29.643522
2024-04-03 19:00:00,24.009399
2024-04-03 19:30:00,23.597397
2024-04-03 20:00:00,23.360496
2024-04-03 20:30:00,23.339896
2024-04-03 21:00:00,23.205995
2024-04-03 21:30:00,22.866094
2024-04-03 22:00:00,23.360496
2024-04-03 22:30:00,23.133895
2024-04-03 23:00:00,22.979395
2024-04-03 23:30:00,22.804294
2024-04-04 00:00:00,22.423192
2024-04-04 00:30:00,22.351092
2024-04-04 01:00:00,22.320192
2024-04-04 01:30:00,22.248092
2024-04-04 02:00:00,22.340792
2024-04-04 02:30:00,21.96999
2024-04-04 03:00:00,22.103891
2024-04-04 03:30:00,21.80519
2024-04-04 04:00:00,22.237792
2024-04-04 04:30:00,25.863406
2024-04-04 05:00:00,32.506934
2024-04-04 05:30:00,26.883111
2024-04-04 06:00:00,28.479617
2024-04-04 06:30:00,40.571867
2024-04-04 07:00:00,44.207782
2024-04-04 07:30:00,46.16479
2024-04-04 08:00:00,56.083731
2024-04-04 08:30:00,62.541857
2024-04-04 09:00:00,46.010289
2024-04-04 09:30:00,72.9449
2024-04-04 10:00:00,68.567382
2024-04-04 10:30:00,67.115076
2024-04-04 11:00:00,67.887579
2024-04-04 11:30:00,67.269577
2024-04-04 12:00:00,67.753679
2024-04-04 12:30:00,67.743379
2024-04-04 13:00:00,68.237781
2024-04-04 13:30:00,69.051484
2024-04-04 14:00:00,73.058201
2024-04-04 14:30:00,67.084176
2024-04-04 15:00:00,65.52887
2024-04-04 15:30:00,63.983863
2024-04-04 16:00:00,61.882655
2024-04-04 16:30:00,60.049247
2024-04-04 17:00:00,58.885342
2024-04-04 17:30:00,57.669937
2024-04-04 18:00:00,37.378854
2024-04-04 18:30:00,32.568734
2024-04-04 19:00:00,31.888931
2024-04-04 19:30:00,32.053732
2024-04-04 20:00:00,30.467525
2024-04-04 20:30:00,30.560226
2024-04-04 21:00:00,30.570526
2024-04-04 21:30:00,30.024624
2024-04-04 22:00:00,25.636806
2024-04-04 22:30:00,26.502009
2024-04-04 23:00:00,23.896098
2024-04-04 23:30:00,26.460809
2024-04-05 00:00:00,25.317504
2024-04-05 00:30:00,22.804294
2024-04-05 01:00:00,23.700398
2024-04-05 01:30:00,23.453197
2024-04-05 02:00:00,25.729506
2024-04-05 02:30:00,23.566497
2024-04-05 03:00:00,24.998203
2024-04-05 03:30:00,23.051495
2024-04-05 04:00:00,23.988799
2024-04-05 04:30:00,29.334521
2024-04-05 05:00:00,32.815935
2024-04-05 05:30:00,32.383333
2024-04-05 06:00:00,31.878631
2024-04-05 06:30:00,43.72368
2024-04-05 07:00:00,49.275403
2024-04-05 07:30:00,47.637696
2024-04-05 08:00:00,51.09851
2024-04-05 08:30:00,66.641274
2024-04-05 09:00:00,62.686058
2024-04-05 09:30:00,63.942663
2024-04-05 10:00:00,65.58037
2024-04-05 10:30:00,65.961471
2024-04-05 11:00:00,67.042976
2024-04-05 11:30:00,67.98028
2024-04-05 12:00:00,69.082384
2024-04-05 12:30:00,70.266889
2024-04-05 13:00:00,70.699491
2024-04-05 13:30:00,72.306298
2024-04-05 14:00:00,76.622015
2024-04-05 14:30:00,70.55529
2024-04-05 15:00:00,69.360485
2024-04-05 15:30:00,67.599178
2024-04-05 16:00:00,65.49797
2024-04-05 16:30:00,64.653366
2024-04-05 17:00:00,62.840559
2024-04-05 17:30:00,60.78055
2024-04-05 18:00:00,38.223457
2024-04-05 18:30:00,34.309441
2024-04-05 19:00:00,33.454538
2024-04-05 19:30:00,32.888035
2024-04-05 20:00:00,29.324221
2024-04-05 20:30:00,30.251224
2024-04-05 21:00:00,29.705322
2024-04-05 21:30:00,28.469317
2024-04-05 22:00:00,29.303621
2024-04-05 22:30:00,28.582618
2024-04-05 23:00:00,27.429013
2024-04-05 23:30:00,29.13882
2024-04-06 00:00:00,30.354225
2024-04-06 00:30:00,23.968199
2024-04-06 01:00:00,23.772498
2024-04-06 01:30:00,24.2154
2024-04-06 02:00:00,24.2566
2024-04-06 02:30:00,23.782798
2024-04-06 03:00:00,24.2772
2024-04-06 03:30:00,23.957899
2024-04-06 04:00:00,26.522609
2024-04-06 04:30:00,26.213608
2024-04-06 05:00:00,35.844148
2024-04-06 05:30:00,29.705322
2024-04-06 06:00:00,29.05642
2024-04-06 06:30:00,54.713825
2024-04-06 07:00:00,59.266444
2024-04-06 07:30:00,57.834738
2024-04-06 08:00:00,44.557983
2024-04-06 08:30:00,59.204644
2024-04-06 09:00:00,80.18583
2024-04-06 09:30:00,69.793087
2024-04-06 10:00:00,70.678891
2024-04-06 10:30:00,71.183593
2024-04-06 11:00:00,72.244497
2024-04-06 11:30:00,72.234197
2024-04-06 12:00:00,74.706207
2024-04-06 12:30:00,73.356902
2024-04-06 13:00:00,73.264201
2024-04-06 13:30:00,77.78592
2024-04-06 14:00:00,73.089101
2024-04-06 14:30:00,70.277189
2024-04-06 15:00:00,69.072084
2024-04-06 15:30:00,66.733975
2024-04-06 16:00:00,63.540961
2024-04-06 16:30:00,63.036259
2024-04-06 17:00:00,61.079251
2024-04-06 17:30:00,59.956547
2024-04-06 18:00:00,37.440654
2024-04-06 18:30:00,34.608142
2024-04-06 19:00:00,33.97984
2024-04-06 19:30:00,33.876839
2024-04-06 20:00:00,30.467525
2024-04-06 20:30:00,31.785931
2024-04-06 21:00:00,33.258837
2024-04-06 21:30:00,30.601426
2024-04-06 22:00:00,27.336312
2024-04-06 22:30:00,28.541417
2024-04-06 23:00:00,29.942223
2024-04-06 23:30:00,25.884007
2024-04-07 00:00:00,25.430805
2024-04-07 00:30:00,26.059107
2024-04-07 01:00:00,24.060899
2024-04-07 01:30:00,25.575005
2024-04-07 02:00:00,25.698606
2024-04-07 02:30:00,25.420505
2024-04-07 03:00:00,25.379304
2024-04-07 03:30:00,25.090903
2024-04-07 04:00:00,31.51813
2024-04-07 04:30:00,25.956107
2024-04-07 05:00:00,34.453642
2024-04-07 05:30:00,32.249433
2024-04-07 06:00:00,31.167928
2024-04-07 06:30:00,48.101198
2024-04-07 07:00:00,66.352873
2024-04-07 07:30:00,56.866534
2024-04-07 08:00:00,60.286148
2024-04-07 08:30:00,62.634558
2024-04-07 09:00:00,64.982967
2024-04-07 09:30:00,66.239573
2024-04-07 10:00:00,67.856679
2024-04-07 10:30:00,67.207777
2024-04-07 11:00:00,68.15538
2024-04-07 11:30:00,68.515882
2024-04-07 12:00:00,68.361381
2024-04-07 12:30:00,70.987892
2024-04-07 13:00:00,73.521703
2024-04-07 13:30:00,56.289732
2024-04-07 14:00:00,60.73935
2024-04-07 14:30:00,86.170155
2024-04-07 15:00:00,83.564244
2024-04-07 15:30:00,75.149109
2024-04-07 16:00:00,69.525286
2024-04-07 16:30:00,64.189864
2024-04-07 17:00:00,59.204644
2024-04-07 17:30:00,57.937738
2024-04-07 18:00:00,40.304066
2024-04-07 18:30:00,33.887139
2024-04-07 19:00:00,33.773839
2024-04-07 19:30:00,32.991036
2024-04-07 20:00:00,29.705322
2024-04-07 20:30:00,31.404829
2024-04-07 21:00:00,31.075228
2024-04-07 21:30:00,30.786827
2024-04-07 22:00:00,29.21092
2024-04-07 22:30:00,28.974019
2024-04-07 23:00:00,28.098516
2024-04-07 23:30:00,28.592918
2024-04-08 00:00:00,25.193904
2024-04-08 00:30:00,23.793098
2024-04-08 01:00:00,23.854898
2024-04-08 01:30:00,24.442001
2024-04-08 02:00:00,24.534701
2024-04-08 02:30:00,24.4111
2024-04-08 03:00:00,25.502905
2024-04-08 03:30:00,25.379304
2024-04-08 04:00:00,25.018803
2024-04-08 04:30:00,25.255704
2024-04-08 05:00:00,26.048807
2024-04-08 05:30:00,32.568734
2024-04-08 06:00:00,32.280333
2024-04-08 06:30:00,45.855789
2024-04-08 07:00:00,50.037606
2024-04-08 07:30:00,51.551712
2024-04-08 08:00:00,49.275403
2024-04-08 08:30:00,57.556637
2024-04-08 09:00:00,59.956547
2024-04-08 09:30:00,62.356457
2024-04-08 10:00:00,64.128064
2024-04-08 10:30:00,65.013868
2024-04-08 11:00:00,66.764875
2024-04-08 11:30:00,66.682474
2024-04-08 12:00:00,67.96998
2024-04-08 12:30:00,67.92878
2024-04-08 13:00:00,68.948484
2024-04-08 13:30:00,69.319285
2024-04-08 14:00:00,70.153589
2024-04-08 14:30:00,66.352873
2024-04-08 15:00:00,65.60097
2024-04-08 15:30:00,63.448261
2024-04-08 16:00:00,60.77025
2024-04-08 16:30:00,58.679341
2024-04-08 17:00:00,57.278536
2024-04-08 17:30:00,55.218527
2024-04-08 18:00:00,34.803843
2024-04-08 18:30:00,33.310337
2024-04-08 19:00:00,33.114636
2024-04-08 19:30:00,31.868331
2024-04-08 20:00:00,28.314817
2024-04-08 20:30:00,29.509621
2024-04-08 21:00:00,30.251224
2024-04-08 21:30:00,28.922519
2024-04-08 22:00:00,26.594709
2024-04-08 22:30:00,25.430805
2024-04-08 23:00:00,25.008503
2024-04-08 23:30:00,25.142403
2024-04-09 00:00:00,24.596501
2024-04-09 00:30:00,24.153599
2024-04-09 01:00:00,24.2463
2024-04-09 01:30:00,23.854898
2024-04-09 02:00:00,24.431701
2024-04-09 02:30:00,24.143299
2024-04-09 03:00:00,24.483201
2024-04-09 03:30:00,24.071199
2024-04-09 04:00:00,24.761302
2024-04-09 04:30:00,24.2875
2024-04-09 05:00:00,24.761302
2024-04-09 05:30:00,25.554405
2024-04-09 06:00:00,26.584409
2024-04-09 06:30:00,27.356913
2024-04-09 07:00:00,26.543209
2024-04-09 07:30:00,27.377513
2024-04-09 08:00:00,27.192112
2024-04-09 08:30:00,27.429013
2024-04-09 09:00:00,28.314817
2024-04-09 09:30:00,39.438862
2024-04-09 10:00:00,33.351537
2024-04-09 10:30:00,34.669943
2024-04-09 11:00:00,33.722339
2024-04-09 11:30:00,37.440654
2024-04-09 12:00:00,33.320637
2024-04-09 12:30:00,28.489917
2024-04-09 13:00:00,33.660539
2024-04-09 13:30:00,31.816831
2024-04-09 14:00:00,28.551717
2024-04-09 14:30:00,34.855343
2024-04-09 15:00:00,29.04612
2024-04-09 15:30:00,29.25212
2024-04-09 16:00:00,28.819519
2024-04-09 16:30:00,28.417817
2024-04-09 17:00:00,29.20062
2024-04-09 17:30:00,29.787723
2024-04-09 18:00:00,26.409309
2024-04-09 18:30:00,25.585305
2024-04-09 19:00:00,25.461705
2024-04-09 19:30:00,25.420505
2024-04-09 20:00:00,25.101203
2024-04-09 20:30:00,24.452301
2024-04-09 21:00:00,24.946703
2024-04-09 21:30:00,24.2566
2024-04-09 22:00:00,24.3081
2024-04-09 22:30:00,24.3905
2024-04-09 23:00:00,24.3081
2024-04-09 23:30:00,23.978499
2024-04-10 00:00:00,23.844598
2024-04-10 00:30:00,23.514997
2024-04-10 01:00:00,23.617997
2024-04-10 01:30:00,23.813698
2024-04-10 02:00:00,23.638597
2024-04-10 02:30:00,23.185395
2024-04-10 03:00:00,23.422296
2024-04-10 03:30:00,23.175095
2024-04-10 04:00:00,23.710698
2024-04-10 04:30:00,23.010295
2024-04-10 05:00:00,23.391396
2024-04-10 05:30:00,23.175095
2024-04-10 06:00:00,23.525297
2024-04-10 06:30:00,23.329596
2024-04-10 07:00:00,23.432596
2024-04-10 07:30:00,23.514997
2024-04-10 08:00:00,24.1845
2024-04-10 08:30:00,32.692335
2024-04-10 09:00:00,25.894307
2024-04-10 09:30:00,26.64621
2024-04-10 10:00:00,28.283916
2024-04-10 10:30:00,30.240924
2024-04-10 11:00:00,28.778318
2024-04-10 11:30:00,28.314817
2024-04-10 12:00:00,29.25212
2024-04-10 12:30:00,31.219428
2024-04-10 13:00:00,30.282125
2024-04-10 13:30:00,29.27272
2024-04-10 14:00:00,34.639043
2024-04-10 14:30:00,33.495738
2024-04-10 15:00:00,33.475138
2024-04-10 15:30:00,27.841015
2024-04-10 16:00:00,27.068511
2024-04-10 16:30:00,27.933715
2024-04-10 17:00:00,27.501113
2024-04-10 17:30:00,25.533805
2024-04-10 18:00:00,25.729506
2024-04-10 18:30:00,25.266004
2024-04-10 19:00:00,25.832506
2024-04-10 19:30:00,24.957003
2024-04-10 20:00:00,25.111503
2024-04-10 20:30:00,25.224804
2024-04-10 21:00:00,24.689202
2024-04-10 21:30:00,24.864302
2024-04-10 22:00:00,24.781902
2024-04-10 22:30:00,24.3802
2024-04-10 23:00:00,24.957003
2024-04-10 23:30:00,24.2669
2024-04-11 00:00:00,23.545897
2024-04-11 00:30:00,22.979395
2024-04-11 01:00:00,23.401696
2024-04-11 01:30:00,23.329596
2024-04-11 02:00:00,23.350196
2024-04-11 02:30:00,23.144195
2024-04-11 03:00:00,23.319296
2024-04-11 03:30:00,23.308996
2024-04-11 04:00:00,23.205995
2024-04-11 04:30:00,29.530222
2024-04-11 05:00:00,32.877735
2024-04-11 05:30:00,26.594709
2024-04-11 06:00:00,29.859823
2024-04-11 06:30:00,56.557533
2024-04-11 07:00:00,68.443782
2024-04-11 07:30:00,60.162548
2024-04-11 08:00:00,62.201956
2024-04-11 08:30:00,63.561562
2024-04-11 09:00:00,64.735766
2024-04-11 09:30:00,65.734871
2024-04-11 10:00:00,66.507374
2024-04-11 10:30:00,67.887579
2024-04-11 11:00:00,67.475578
2024-04-11 11:30:00,66.960576
2024-04-11 12:00:00,67.465278
2024-04-11 12:30:00,66.424973
2024-04-11 13:00:00,67.753679
2024-04-11 13:30:00,65.240468
2024-04-11 14:00:00,65.63187
2024-04-11 14:30:00,64.704866
2024-04-11 15:00:00,64.632766
2024-04-11 15:30:00,63.983863
2024-04-11 16:00:00,62.150456
2024-04-11 16:30:00,60.553949
2024-04-11 17:00:00,60.80115
2024-04-11 17:30:00,57.453636
2024-04-11 18:00:00,40.314366
2024-04-11 18:30:00,36.40035
2024-04-11 19:00:00,37.893856
2024-04-11 19:30:00,36.194349
2024-04-11 20:00:00,32.187632
2024-04-11 20:30:00,31.363629
2024-04-11 21:00:00,32.125832
2024-04-11 21:30:00,30.210024
2024-04-11 22:00:00,27.573213
2024-04-11 22:30:00,28.500217
2024-04-11 23:00:00,28.376617
2024-04-11 23:30:00,28.016115
2024-04-12 00:00:00,26.347508
2024-04-12 00:30:00,24.977603
2024-04-12 01:00:00,25.523505
2024-04-12 01:30:00,26.419609
2024-04-12 02:00:00,27.964615
2024-04-12 02:30:00,24.2566
2024-04-12 03:00:00,24.2875
2024-04-12 03:30:00,25.523505
2024-04-12 04:00:00,24.802502
2024-04-12 04:30:00,30.766227
2024-04-12 05:00:00,32.774735
2024-04-12 05:30:00,27.768914
2024-04-12 06:00:00,31.404829
2024-04-12 06:30:00,55.88803
2024-04-12 07:00:00,61.450053
2024-04-12 07:30:00,58.638141
2024-04-12 08:00:00,59.709346
2024-04-12 08:30:00,61.233752
2024-04-12 09:00:00,61.841454
2024-04-12 09:30:00,63.19076
2024-04-12 10:00:00,64.406165
2024-04-12 10:30:00,65.230168
2024-04-12 11:00:00,65.075668
2024-04-12 11:30:00,66.280773
2024-04-12 12:00:00,67.063576
2024-04-12 12:30:00,65.61127
2024-04-12 13:00:00,66.466174
2024-04-12 13:30:00,66.095372
2024-04-12 14:00:00,68.721883
2024-04-12 14:30:00,62.974459
2024-04-12 15:00:00,62.160756
2024-04-12 15:30:00,61.810554
2024-04-12 16:00:00,60.430349
2024-04-12 16:30:00,57.474237
2024-04-12 17:00:00,52.489016
2024-04-12 17:30:00,53.51902
2024-04-12 18:00:00,37.883556
2024-04-12 18:30:00,34.144641
2024-04-12 19:00:00,33.361837
2024-04-12 19:30:00,33.145536
2024-04-12 20:00:00,29.973123
2024-04-12 20:30:00,31.281229
2024-04-12 21:00:00,32.094932
2024-04-12 21:30:00,31.49753
2024-04-12 22:00:00,30.632326
2024-04-12 22:30:00,30.477825
2024-04-12 23:00:00,29.437521
2024-04-12 23:30:00,29.942223
2024-04-13 00:00:00,26.285708
2024-04-13 00:30:00,25.255704
2024-04-13 01:00:00,25.327804
2024-04-13 01:30:00,25.544105
2024-04-13 02:00:00,24.2051
2024-04-13 02:30:00,24.689202
2024-04-13 03:00:00,24.977603
2024-04-13 03:30:00,25.636806
2024-04-13 04:00:00,24.833402
2024-04-13 04:30:00,25.945807
2024-04-13 05:00:00,26.512309
2024-04-13 05:30:00,27.604114
2024-04-13 06:00:00,30.601426
2024-04-13 06:30:00,40.396766
2024-04-13 07:00:00,43.600079
2024-04-13 07:30:00,44.454983
2024-04-13 08:00:00,46.803393
2024-04-13 08:30:00,48.142398
2024-04-13 09:00:00,52.375716
2024-04-13 09:30:00,65.961471
2024-04-13 10:00:00,63.819063
2024-04-13 10:30:00,62.222556
2024-04-13 11:00:00,62.438857
2024-04-13 11:30:00,62.459457
2024-04-13 12:00:00,62.068055
2024-04-13 12:30:00,63.036259
2024-04-13 13:00:00,66.558874
2024-04-13 13:30:00,64.622466
2024-04-13 14:00:00,67.918479
2024-04-13 14:30:00,63.365861
2024-04-13 15:00:00,61.450053
2024-04-13 15:30:00,59.709346
2024-04-13 16:00:00,58.164339
2024-04-13 16:30:00,56.516333
2024-04-13 17:00:00,54.713825
2024-04-13 17:30:00,52.633217
2024-04-13 18:00:00,37.038952
2024-04-13 18:30:00,34.546342
2024-04-13 19:00:00,33.742939
2024-04-13 19:30:00,33.485438
2024-04-13 20:00:00,29.859823
2024-04-13 20:30:00,30.632326
2024-04-13 21:00:00,30.714726
2024-04-13 21:30:00,29.993723
2024-04-13 22:00:00,27.573213
2024-04-13 22:30:00,28.026415
2024-04-13 23:00:00,29.15942
2024-04-13 23:30:00,27.871915
2024-04-14 00:00:00,25.482305
2024-04-14 00:30:00,23.298696
2024-04-14 01:00:00,23.875498
2024-04-14 01:30:00,24.627401
2024-04-14 02:00:00,23.999099
2024-04-14 02:30:00,24.1948
2024-04-14 03:00:00,23.175095
2024-04-14 03:30:00,23.308996
2024-04-14 04:00:00,23.401696
2024-04-14 04:30:00,23.896098
2024-04-14 05:00:00,24.596501
2024-04-14 05:30:00,24.854002
2024-04-14 06:00:00,28.881319
2024-04-14 06:30:00,39.758164
2024-04-14 07:00:00,43.043877
2024-04-14 07:30:00,44.609484
2024-04-14 08:00:00,46.010289
2024-04-14 08:30:00,47.122694
2024-04-14 09:00:00,51.850413
2024-04-14 09:30:00,66.486774
2024-04-14 10:00:00,61.645754
2024-04-14 10:30:00,64.231064
2024-04-14 11:00:00,63.829363
2024-04-14 11:30:00,64.406165
2024-04-14 12:00:00,63.973563
2024-04-14 12:30:00,64.025063
2024-04-14 13:00:00,64.900567
2024-04-14 13:30:00,64.632766
2024-04-14 14:00:00,64.086864
2024-04-14 14:30:00,62.675758
2024-04-14 15:00:00,61.532453
2024-04-14 15:30:00,59.596045
2024-04-14 16:00:00,56.619333
2024-04-14 16:30:00,55.506928
2024-04-14 17:00:00,53.48812
2024-04-14 17:30:00,52.622917
2024-04-14 18:00:00,36.235549
2024-04-14 18:30:00,32.712935
2024-04-14 19:00:00,32.074332
2024-04-14 19:30:00,31.126728
2024-04-14 20:00:00,28.726818
2024-04-14 20:30:00,29.437521
2024-04-14 21:00:00,30.426325
2024-04-14 21:30:00,29.355121
2024-04-14 22:00:00,28.016115
2024-04-14 22:30:00,27.964615
2024-04-14 23:00:00,28.150016
2024-04-14 23:30:00,28.448717
2024-04-15 00:00:00,23.411996
2024-04-15 00:30:00,22.979395
2024-04-15 01:00:00,22.876394
2024-04-15 01:30:00,22.866094
2024-04-15 02:00:00,22.484993
2024-04-15 02:30:00,22.320192
2024-04-15 03:00:00,22.217191
2024-04-15 03:30:00,22.237792
2024-04-15 04:00:00,22.299592
2024-04-15 04:30:00,23.061795
2024-04-15 05:00:00,22.680693
2024-04-15 05:30:00,23.195695
2024-04-15 06:00:00,22.495293
2024-04-15 06:30:00,22.855794
2024-04-15 07:00:00,23.432596
2024-04-15 07:30:00,23.741598
2024-04-15 08:00:00,23.896098
2024-04-15 08:30:00,23.937299
2024-04-15 09:00:00,24.339
2024-04-15 09:30:00,24.936403
2024-04-15 10:00:00,24.843702
2024-04-15 10:30:00,25.070303
2024-04-15 11:00:00,24.534701
2024-04-15 11:30:00,24.802502
2024-04-15 12:00:00,24.884902
2024-04-15 12:30:00,24.3596
2024-04-15 13:00:00,25.224804
2024-04-15 13:30:00,25.173304
2024-04-15 14:00:00,25.286604
2024-04-15 14:30:00,25.008503
2024-04-15 15:00:00,24.967303
2024-04-15 15:30:00,24.462601
2024-04-15 16:00:00,24.864302
2024-04-15 16:30:00,24.915803
2024-04-15 17:00:00,24.174199
2024-04-15 17:30:00,24.081499
2024-04-15 18:00:00,24.091799
2024-04-15 18:30:00,23.968199
2024-04-15 19:00:00,23.875498
2024-04-15 19:30:00,24.3184
2024-04-15 20:00:00,22.917594
2024-04-15 20:30:00,22.855794
2024-04-15 21:00:00,22.557093
2024-04-15 21:30:00,22.515893
2024-04-15 22:00:00,22.031791
2024-04-15 22:30:00,21.95969
2024-04-15 23:00:00,21.702189
2024-04-15 23:30:00,22.227491
2024-04-16 00:00:00,22.309892
2024-04-16 00:30:00,22.381992
2024-04-16 01:00:00,22.134791
2024-04-16 01:30:00,22.381992
2024-04-16 02:00:00,22.268692
2024-04-16 02:30:00,22.690993
2024-04-16 03:00:00,22.299592
2024-04-16 03:30:00,22.773394
2024-04-16 04:00:00,22.330492
2024-04-16 04:30:00,22.577693
2024-04-16 05:00:00,22.351092
2024-04-16 05:30:00,22.546793
2024-04-16 06:00:00,22.546793
2024-04-16 06:30:00,22.505593
2024-04-16 07:00:00,22.526193
2024-04-16 07:30:00,22.999995
2024-04-16 08:00:00,22.495293
2024-04-16 08:30:00,22.608593
2024-04-16 09:00:00,22.660093
2024-04-16 09:30:00,22.557093
2024-04-16 10:00:00,22.454092
2024-04-16 10:30:00,22.824894
2024-04-16 11:00:00,23.030895
2024-04-16 11:30:00,23.164795
2024-04-16 12:00:00,22.969095
2024-04-16 12:30:00,22.618893
2024-04-16 13:00:00,23.041195
2024-04-16 13:30:00,23.133895
2024-04-16 14:00:00,23.072095
2024-04-16 14:30:00,22.505593
2024-04-16 15:00:00,22.783694
2024-04-16 15:30:00,22.824894
2024-04-16 16:00:00,22.907294
2024-04-16 16:30:00,22.464392
2024-04-16 17:00:00,22.268692
2024-04-16 17:30:00,22.536493
2024-04-16 18:00:00,22.351092
2024-04-16 18:30:00,22.680693
2024-04-16 19:00:00,22.175991
2024-04-16 19:30:00,22.587993
2024-04-16 20:00:00,22.371692
2024-04-16 20:30:00,22.217191
2024-04-16 21:00:00,22.278992
2024-04-16 21:30:00,22.186291
2024-04-16 22:00:00,22.732194
2024-04-16 22:30:00,22.330492
2024-04-16 23:00:00,22.381992
2024-04-16 23:30:00,22.577693
2024-04-17 00:00:00,22.618893
2024-04-17 00:30:00,22.618893
2024-04-17 01:00:00,22.608593
2024-04-17 01:30:00,22.608593
2024-04-17 02:00:00,22.412892
2024-04-17 02:30:00,22.526193
2024-04-17 03:00:00,22.402592
2024-04-17 03:30:00,22.690993
2024-04-17 04:00:00,22.381992
2024-04-17 04:30:00,22.927894
2024-04-17 05:00:00,22.824894
2024-04-17 05:30:00,22.670393
2024-04-17 06:00:00,22.392292
2024-04-17 06:30:00,22.896994
2024-04-17 07:00:00,22.484993
2024-04-17 07:30:00,22.763094
2024-04-17 08:00:00,22.845494
2024-04-17 08:30:00,23.865198
2024-04-17 09:00:00,23.453197
2024-04-17 09:30:00,23.494397
2024-04-17 10:00:00,23.762198
2024-04-17 10:30:00,30.271825
2024-04-17 11:00:00,23.803398
2024-04-17 11:30:00,24.2772
2024-04-17 12:00:00,23.803398
2024-04-17 12:30:00,28.922519
2024-04-17 13:00:00,25.049703
2024-04-17 13:30:00,24.3596
2024-04-17 14:00:00,24.884902
2024-04-17 14:30:00,29.10792
2024-04-17 15:00:00,25.729506
2024-04-17 15:30:00,25.585305
2024-04-17 16:00:00,22.752794
2024-04-17 16:30:00,22.763094
2024-04-17 17:00:00,23.092695
2024-04-17 17:30:00,22.618893
2024-04-17 18:00:00,22.639493
2024-04-17 18:30:00,22.639493
2024-04-17 19:00:00,22.577693
2024-04-17 19:30:00,22.577693
2024-04-17 20:00:00,22.340792
2024-04-17 20:30:00,22.752794
2024-04-17 21:00:00,22.433492
2024-04-17 21:30:00,22.629193
2024-04-17 22:00:00,22.763094
2024-04-17 22:30:00,22.649793
2024-04-17 23:00:00,22.670393
2024-04-17 23:30:00,22.567393
2024-04-18 00:00:00,22.237792
2024-04-18 00:30:00,22.855794
2024-04-18 01:00:00,22.484993
2024-04-18 01:30:00,22.248092
2024-04-18 02:00:00,22.526193
2024-04-18 02:30:00,22.732194
2024-04-18 03:00:00,22.165691
2024-04-18 03:30:00,22.690993
2024-04-18 04:00:00,22.299592
2024-04-18 04:30:00,22.649793
2024-04-18 05:00:00,23.072095
2024-04-18 05:30:00,22.999995
2024-04-18 06:00:00,22.536493
2024-04-18 06:30:00,22.093591
2024-04-18 07:00:00,23.484097
2024-04-18 07:30:00,23.834298
2024-04-18 08:00:00,23.999099
2024-04-18 08:30:00,24.122699
2024-04-18 09:00:00,24.575901
2024-04-18 09:30:00,24.998203
2024-04-18 10:00:00,24.4008
2024-04-18 10:30:00,25.255704
2024-04-18 11:00:00,25.214504
2024-04-18 11:30:00,25.441105
2024-04-18 12:00:00,25.121803
2024-04-18 12:30:00,25.090903
2024-04-18 13:00:00,25.441105
2024-04-18 13:30:00,25.667706
2024-04-18 14:00:00,26.120907
2024-04-18 14:30:00,25.163004
2024-04-18 15:00:00,25.451405
2024-04-18 15:30:00,24.967303
2024-04-18 16:00:00,25.245404
2024-04-18 16:30:00,24.946703
2024-04-18 17:00:00,25.193904
2024-04-18 17:30:00,24.761302
2024-04-18 18:00:00,24.575901
2024-04-18 18:30:00,24.3596
2024-04-18 19:00:00,24.091799
2024-04-18 19:30:00,24.122699
2024-04-18 20:00:00,23.113295
2024-04-18 20:30:00,22.495293
2024-04-18 21:00:00,22.392292
2024-04-18 21:30:00,22.433492
2024-04-18 22:00:00,22.217191
2024-04-18 22:30:00,22.629193
2024-04-18 23:00:00,22.072991
2024-04-18 23:30:00,22.165691
2024-04-19 00:00:00,22.134791
2024-04-19 00:30:00,22.299592
2024-04-19 01:00:00,22.289292
2024-04-19 01:30:00,22.155391
2024-04-19 02:00:00,22.072991
2024-04-19 02:30:00,22.237792
2024-04-19 03:00:00,22.381992
2024-04-19 03:30:00,22.155391
2024-04-19 04:00:00,22.371692
2024-04-19 04:30:00,24.472901
2024-04-19 05:00:00,31.075228
2024-04-19 05:30:00,24.524401
2024-04-19 06:00:00,28.520817
2024-04-19 06:30:00,38.717859
2024-04-19 07:00:00,47.071194
2024-04-19 07:30:00,48.832501
2024-04-19 08:00:00,48.389599
2024-04-19 08:30:00,54.868326
2024-04-19 09:00:00,57.330036
2024-04-19 09:30:00,60.914451
2024-04-19 10:00:00,62.789058
2024-04-19 10:30:00,63.654262
2024-04-19 11:00:00,63.365861
2024-04-19 11:30:00,64.220764
2024-04-19 12:00:00,65.075668
2024-04-19 12:30:00,65.322869
2024-04-19 13:00:00,65.61127
2024-04-19 13:30:00,70.50379
2024-04-19 14:00:00,67.341677
2024-04-19 14:30:00,63.479161
2024-04-19 15:00:00,61.645754
2024-04-19 15:30:00,60.605449
2024-04-19 16:00:00,58.28794
2024-04-19 16:30:00,56.526633
2024-04-19 17:00:00,54.806526
2024-04-19 17:30:00,53.004018
2024-04-19 18:00:00,34.906844
2024-04-19 18:30:00,31.785931
2024-04-19 19:00:00,31.67263
2024-04-19 19:30:00,31.332729
2024-04-19 20:00:00,28.088216
2024-04-19 20:30:00,29.283021
2024-04-19 21:00:00,29.478721
2024-04-19 21:30:00,29.427221
2024-04-19 22:00:00,28.016115
2024-04-19 22:30:00,28.448717
2024-04-19 23:00:00,29.19032
2024-04-19 23:30:00,28.273616
2024-04-20 00:00:00,24.081499
2024-04-20 00:30:00,22.608593
2024-04-20 01:00:00,22.690993
2024-04-20 01:30:00,22.845494
2024-04-20 02:00:00,22.587993
2024-04-20 02:30:00,22.608593
2024-04-20 03:00:00,22.742494
2024-04-20 03:30:00,22.999995
2024-04-20 04:00:00,23.226596
2024-04-20 04:30:00,25.049703
2024-04-20 05:00:00,28.994619
2024-04-20 05:30:00,25.080603
2024-04-20 06:00:00,28.994619
2024-04-20 06:30:00,42.261074
2024-04-20 07:00:00,57.556637
2024-04-20 07:30:00,53.848622
2024-04-20 08:00:00,56.691433
2024-04-20 08:30:00,59.060443
2024-04-20 09:00:00,60.193448
2024-04-20 09:30:00,60.945351
2024-04-20 10:00:00,61.089551
2024-04-20 10:30:00,61.800254
2024-04-20 11:00:00,62.459457
2024-04-20 11:30:00,63.09806
2024-04-20 12:00:00,63.417361
2024-04-20 12:30:00,64.612166
2024-04-20 13:00:00,65.58037
2024-04-20 13:30:00,66.538274
2024-04-20 14:00:00,67.866979
2024-04-20 14:30:00,63.736662
2024-04-20 15:00:00,63.005359
2024-04-20 15:30:00,61.347052
2024-04-20 16:00:00,58.689642
2024-04-20 16:30:00,57.021035
2024-04-20 17:00:00,55.187627
2024-04-20 17:30:00,53.261519
2024-04-20 18:00:00,34.886244
2024-04-20 18:30:00,32.249433
2024-04-20 19:00:00,31.755031
2024-04-20 19:30:00,30.941327
2024-04-20 20:00:00,26.82131
2024-04-20 20:30:00,27.449613
2024-04-20 21:00:00,28.500217
2024-04-20 21:30:00,30.725026
2024-04-20 22:00:00,26.306308
2024-04-20 22:30:00,24.462601
2024-04-20 23:00:00,23.556197
2024-04-20 23:30:00,23.896098
2024-04-21 00:00:00,22.289292
2024-04-21 00:30:00,22.701293
2024-04-21 01:00:00,22.536493
2024-04-21 01:30:00,22.433492
2024-04-21 02:00:00,22.433492
2024-04-21 02:30:00,22.526193
2024-04-21 03:00:00,22.227491
2024-04-21 03:30:00,22.454092
2024-04-21 04:00:00,22.320192
2024-04-21 04:30:00,23.061795
2024-04-21 05:00:00,27.665914
2024-04-21 05:30:00,26.007607
2024-04-21 06:00:00,22.474692
2024-04-21 06:30:00,22.392292
2024-04-21 07:00:00,23.082395
2024-04-21 07:30:00,23.710698
2024-04-21 08:00:00,23.700398
2024-04-21 08:30:00,23.916698
2024-04-21 09:00:00,27.367213
2024-04-21 09:30:00,28.160316
2024-04-21 10:00:00,25.317504
2024-04-21 10:30:00,26.285708
2024-04-21 11:00:00,25.935507
2024-04-21 11:30:00,32.074332
2024-04-21 12:00:00,26.76981
2024-04-21 12:30:00,27.501113
2024-04-21 13:00:00,29.313921
2024-04-21 13:30:00,30.714726
2024-04-21 14:00:00,27.264212
2024-04-21 14:30:00,27.583514
2024-04-21 15:00:00,28.737118
2024-04-21 15:30:00,29.035819
2024-04-21 16:00:00,28.850419
2024-04-21 16:30:00,29.19032
2024-04-21 17:00:00,28.798919
2024-04-21 17:30:00,27.583514
2024-04-21 18:00:00,27.542313
2024-04-21 18:30:00,27.521713
2024-04-21 19:00:00,26.914011
2024-04-21 19:30:00,27.233312
2024-04-21 20:00:00,26.151808
2024-04-21 20:30:00,26.079707
2024-04-21 21:00:00,25.132103
2024-04-21 21:30:00,25.101203
2024-04-21 22:00:00,25.121803
2024-04-21 22:30:00,24.823102
2024-04-21 23:00:00,24.503801
2024-04-21 23:30:00,24.678902
2024-04-22 00:00:00,25.502905
2024-04-22 00:30:00,26.203308
2024-04-22 01:00:00,25.255704
2024-04-22 01:30:00,24.575901
2024-04-22 02:00:00,24.740702
2024-04-22 02:30:00,25.183604
2024-04-22 03:00:00,24.751002
2024-04-22 03:30:00,24.761302
2024-04-22 04:00:00,25.276304
2024-04-22 04:30:00,26.69771
2024-04-22 05:00:00,33.124936
2024-04-22 05:30:00,25.513205
2024-04-22 06:00:00,28.253016
2024-04-22 06:30:00,42.477375
2024-04-22 07:00:00,58.885342
2024-04-22 07:30:00,52.901018
2024-04-22 08:00:00,56.887134
2024-04-22 08:30:00,59.173744
2024-04-22 09:00:00,60.965951
2024-04-22 09:30:00,60.945351
2024-04-22 10:00:00,61.995955
2024-04-22 10:30:00,62.943559
2024-04-22 11:00:00,63.695462
2024-04-22 11:30:00,64.334065
2024-04-22 12:00:00,64.540066
2024-04-22 12:30:00,65.240468
2024-04-22 13:00:00,65.909971
2024-04-22 13:30:00,65.899671
2024-04-22 14:00:00,64.797567
2024-04-22 14:30:00,63.458561
2024-04-22 15:00:00,62.263756
2024-04-22 15:30:00,60.100747
2024-04-22 16:00:00,57.845038
2024-04-22 16:30:00,56.506033
2024-04-22 17:00:00,54.260623
2024-04-22 17:30:00,52.262415
2024-04-22 18:00:00,33.887139
2024-04-22 18:30:00,32.197933
2024-04-22 19:00:00,32.115532
2024-04-22 19:30:00,36.843252
2024-04-22 20:00:00,27.542313
2024-04-22 20:30:00,30.271825
2024-04-22 21:00:00,29.664122
2024-04-22 21:30:00,30.477825
2024-04-22 22:00:00,25.698606
2024-04-22 22:30:00,24.678902
2024-04-22 23:00:00,24.143299
2024-04-22 23:30:00,23.865198
2024-04-23 00:00:00,22.979395
2024-04-23 00:30:00,23.226596
2024-04-23 01:00:00,23.041195
2024-04-23 01:30:00,22.443792
2024-04-23 02:00:00,22.598293
2024-04-23 02:30:00,22.896994
2024-04-23 03:00:00,22.196591
2024-04-23 03:30:00,22.598293
2024-04-23 04:00:00,22.546793
2024-04-23 04:30:00,23.556197
2024-04-23 05:00:00,22.145091
2024-04-23 05:30:00,22.690993
2024-04-23 06:00:00,22.948494
2024-04-23 06:30:00,23.360496
2024-04-23 07:00:00,23.072095
2024-04-23 07:30:00,23.072095
2024-04-23 08:00:00,23.102995
2024-04-23 08:30:00,23.514997
2024-04-23 09:00:00,23.514997
2024-04-23 09:30:00,23.247196
2024-04-23 10:00:00,23.401696
2024-04-23 10:30:00,23.896098
2024-04-23 11:00:00,23.669497
2024-04-23 11:30:00,24.606801
2024-04-23 12:00:00,25.276304
2024-04-23 12:30:00,25.152704
2024-04-23 13:00:00,25.121803
2024-04-23 13:30:00,25.060003
2024-04-23 14:00:00,25.472005
2024-04-23 14:30:00,25.358704
2024-04-23 15:00:00,25.090903
2024-04-23 15:30:00,24.967303
2024-04-23 16:00:00,24.122699
2024-04-23 16:30:00,23.803398
2024-04-23 17:00:00,23.968199
2024-04-23 17:30:00,28.386917
2024-04-23 18:00:00,31.888931
2024-04-23 18:30:00,30.477825
2024-04-23 19:00:00,24.2257
2024-04-23 19:30:00,23.432596
2024-04-23 20:00:00,23.576797
2024-04-23 20:30:00,23.854898
2024-04-23 21:00:00,23.484097
2024-04-23 21:30:00,23.195695
2024-04-23 22:00:00,22.660093
2024-04-23 22:30:00,23.123595
2024-04-23 23:00:00,22.598293
2024-04-23 23:30:00,23.514997
2024-04-24 00:00:00,22.989695
2024-04-24 00:30:00,22.752794
2024-04-24 01:00:00,22.515893
2024-04-24 01:30:00,22.639493
2024-04-24 02:00:00,22.793994
2024-04-24 02:30:00,22.134791
2024-04-24 03:00:00,22.175991
2024-04-24 03:30:00,22.598293
2024-04-24 04:00:00,22.340792
2024-04-24 04:30:00,22.701293
2024-04-24 05:00:00,22.557093
2024-04-24 05:30:00,22.557093
2024-04-24 06:00:00,22.443792
2024-04-24 06:30:00,22.495293
2024-04-24 07:00:00,22.423192
2024-04-24 07:30:00,22.835194
2024-04-24 08:00:00,23.154495
2024-04-24 08:30:00,30.024624
2024-04-24 09:00:00,26.81101
2024-04-24 09:30:00,24.648001
2024-04-24 10:00:00,25.286604
2024-04-24 10:30:00,32.723235
2024-04-24 11:00:00,24.957003
2024-04-24 11:30:00,25.853106
2024-04-24 12:00:00,30.725026
2024-04-24 12:30:00,26.347508
2024-04-24 13:00:00,26.460809
2024-04-24 13:30:00,33.207337
2024-04-24 14:00:00,25.708906
2024-04-24 14:30:00,26.914011
2024-04-24 15:00:00,29.13882
2024-04-24 15:30:00,25.276304
2024-04-24 16:00:00,24.926103
2024-04-24 16:30:00,23.813698
2024-04-24 17:00:00,23.638597
2024-04-24 17:30:00,23.535597
2024-04-24 18:00:00,23.556197
2024-04-24 18:30:00,23.442896
2024-04-24 19:00:00,23.411996
2024-04-24 19:30:00,23.298696
2024-04-24 20:00:00,23.298696
2024-04-24 20:30:00,23.453197
2024-04-24 21:00:00,23.113295
2024-04-24 21:30:00,23.278096
2024-04-24 22:00:00,22.464392
2024-04-24 22:30:00,23.061795
2024-04-24 23:00:00,22.732194
2024-04-24 23:30:00,22.896994
2024-04-25 00:00:00,22.855794
2024-04-25 00:30:00,22.979395
2024-04-25 01:00:00,22.443792
2024-04-25 01:30:00,22.268692
2024-04-25 02:00:00,22.629193
2024-04-25 02:30:00,22.484993
2024-04-25 03:00:00,22.690993
2024-04-25 03:30:00,22.793994
2024-04-25 04:00:00,22.670393
2024-04-25 04:30:00,25.873706
2024-04-25 05:00:00,33.598738
2024-04-25 05:30:00,35.483646
2024-04-25 06:00:00,37.811456
2024-04-25 06:30:00,50.068506
2024-04-25 07:00:00,73.109701
2024-04-25 07:30:00,61.769354
2024-04-25 08:00:00,63.18046
2024-04-25 08:30:00,64.354665
2024-04-25 09:00:00,64.879967
2024-04-25 09:30:00,64.128064
2024-04-25 10:00:00,63.613062
2024-04-25 10:30:00,64.179564
2024-04-25 11:00:00,64.921167
2024-04-25 11:30:00,63.798463
2024-04-25 12:00:00,62.274056
2024-04-25 12:30:00,62.922959
2024-04-25 13:00:00,65.188968
2024-04-25 13:30:00,63.716062
2024-04-25 14:00:00,64.560666
2024-04-25 14:30:00,68.10388
2024-04-25 15:00:00,63.489461
2024-04-25 15:30:00,62.016555
2024-04-25 16:00:00,61.007151
2024-04-25 16:30:00,58.154039
2024-04-25 17:00:00,56.300032
2024-04-25 17:30:00,53.714721
2024-04-25 18:00:00,35.081944
2024-04-25 18:30:00,32.105232
2024-04-25 19:00:00,31.868331
2024-04-25 19:30:00,31.198828
2024-04-25 20:00:00,28.047015
2024-04-25 20:30:00,27.995515
2024-04-25 21:00:00,30.446925
2024-04-25 21:30:00,29.643522
2024-04-25 22:00:00,25.152704
2024-04-25 22:30:00,23.813698
2024-04-25 23:00:00,23.298696
2024-04-25 23:30:00,22.896994
2024-04-26 00:00:00,23.041195
2024-04-26 00:30:00,22.381992
2024-04-26 01:00:00,22.742494
2024-04-26 01:30:00,22.072991
2024-04-26 02:00:00,22.649793
2024-04-26 02:30:00,22.155391
2024-04-26 03:00:00,22.227491
2024-04-26 03:30:00,22.042091
2024-04-26 04:00:00,22.866094
2024-04-26 04:30:00,23.308996
2024-04-26 05:00:00,24.2257
2024-04-26 05:30:00,24.843702
2024-04-26 06:00:00,29.25212
2024-04-26 06:30:00,38.90326
2024-04-26 07:00:00,43.095377
2024-04-26 07:30:00,44.949385
2024-04-26 08:00:00,46.597392
2024-04-26 08:30:00,48.049698
2024-04-26 09:00:00,48.884001
2024-04-26 09:30:00,48.5544
2024-04-26 10:00:00,57.618437
2024-04-26 10:30:00,51.397212
2024-04-26 11:00:00,53.972222
2024-04-26 11:30:00,63.11866
2024-04-26 12:00:00,60.615749
2024-04-26 12:30:00,61.347052
2024-04-26 13:00:00,62.191656
2024-04-26 13:30:00,66.620674
2024-04-26 14:00:00,62.129856
2024-04-26 14:30:00,59.894746
2024-04-26 15:00:00,61.995955
2024-04-26 15:30:00,58.24674
2024-04-26 16:00:00,55.94983
2024-04-26 16:30:00,54.518124
2024-04-26 17:00:00,52.684717
2024-04-26 17:30:00,51.469312
2024-04-26 18:00:00,34.474242
2024-04-26 18:30:00,32.043432
2024-04-26 19:00:00,32.270033
2024-04-26 19:30:00,31.044328
2024-04-26 20:00:00,28.798919
2024-04-26 20:30:00,30.302725
2024-04-26 21:00:00,30.694126
2024-04-26 21:30:00,30.107024
2024-04-26 22:00:00,28.943119
2024-04-26 22:30:00,28.160316
2024-04-26 23:00:00,28.356017
2024-04-26 23:30:00,28.150016
2024-04-27 00:00:00,23.720998
2024-04-27 00:30:00,22.711593
2024-04-27 01:00:00,23.082395
2024-04-27 01:30:00,22.598293
2024-04-27 02:00:00,22.927894
2024-04-27 02:30:00,22.289292
2024-04-27 03:00:00,22.381992
2024-04-27 03:30:00,22.495293
2024-04-27 04:00:00,23.473797
2024-04-27 04:30:00,23.782798
2024-04-27 05:00:00,24.967303
2024-04-27 05:30:00,26.296008
2024-04-27 06:00:00,31.270929
2024-04-27 06:30:00,40.757268
2024-04-27 07:00:00,44.609484
2024-04-27 07:30:00,45.124486
2024-04-27 08:00:00,46.957893
2024-04-27 08:30:00,48.5647
2024-04-27 09:00:00,49.893405
2024-04-27 09:30:00,49.512304
2024-04-27 10:00:00,50.305407
2024-04-27 10:30:00,49.996406
2024-04-27 11:00:00,50.305407
2024-04-27 11:30:00,50.243607
2024-04-27 12:00:00,50.676209
2024-04-27 12:30:00,50.562908
2024-04-27 13:00:00,50.192107
2024-04-27 13:30:00,52.581716
2024-04-27 14:00:00,51.685613
2024-04-27 14:30:00,49.234203
2024-04-27 15:00:00,52.427216
2024-04-27 15:30:00,48.750101
2024-04-27 16:00:00,46.308991
2024-04-27 16:30:00,46.463491
2024-04-27 17:00:00,44.537383
2024-04-27 17:30:00,43.68248
2024-04-27 18:00:00,33.248537
2024-04-27 18:30:00,32.373033
2024-04-27 19:00:00,32.383333
2024-04-27 19:30:00,31.961032
2024-04-27 20:00:00,27.490813
2024-04-27 20:30:00,28.881319
2024-04-27 21:00:00,30.797127
2024-04-27 21:30:00,30.282125
2024-04-27 22:00:00,25.472005
2024-04-27 22:30:00,23.772498
2024-04-27 23:00:00,23.298696
2024-04-27 23:30:00,23.587097
2024-04-28 00:00:00,23.463497
2024-04-28 00:30:00,23.391396
2024-04-28 01:00:00,23.370796
2024-04-28 01:30:00,23.102995
2024-04-28 02:00:00,23.566497
2024-04-28 02:30:00,23.010295
2024-04-28 03:00:00,23.576797
2024-04-28 03:30:00,23.545897
2024-04-28 04:00:00,24.431701
2024-04-28 04:30:00,25.554405
2024-04-28 05:00:00,26.131208
2024-04-28 05:30:00,28.531117
2024-04-28 06:00:00,31.435729
2024-04-28 06:30:00,43.115977
2024-04-28 07:00:00,48.6059
2024-04-28 07:30:00,49.347503
2024-04-28 08:00:00,49.965506
2024-04-28 08:30:00,51.222111
2024-04-28 09:00:00,50.892509
2024-04-28 09:30:00,50.295107
2024-04-28 10:00:00,50.727709
2024-04-28 10:30:00,50.542308
2024-04-28 11:00:00,51.05731
2024-04-28 11:30:00,63.11866
2024-04-28 12:00:00,55.414228
2024-04-28 12:30:00,52.787717
2024-04-28 13:00:00,57.165235
2024-04-28 13:30:00,59.008943
2024-04-28 14:00:00,61.048351
2024-04-28 14:30:00,60.234648
2024-04-28 15:00:00,59.843246
2024-04-28 15:30:00,59.699046
2024-04-28 16:00:00,57.937738
2024-04-28 16:30:00,57.216735
2024-04-28 17:00:00,55.651129
2024-04-28 17:30:00,53.920722
2024-04-28 18:00:00,36.142849
2024-04-28 18:30:00,33.011636
2024-04-28 19:00:00,32.434833
2024-04-28 19:30:00,31.961032
2024-04-28 20:00:00,27.562913
2024-04-28 20:30:00,27.810114
2024-04-28 21:00:00,29.592022
2024-04-28 21:30:00,29.756822
2024-04-28 22:00:00,28.016115
2024-04-28 22:30:00,27.892515
2024-04-28 23:00:00,27.356913
2024-04-28 23:30:00,27.923415
2024-04-29 00:00:00,23.669497
2024-04-29 00:30:00,22.814594
2024-04-29 01:00:00,22.557093
2024-04-29 01:30:00,22.402592
2024-04-29 02:00:00,22.979395
2024-04-29 02:30:00,22.423192
2024-04-29 03:00:00,22.835194
2024-04-29 03:30:00,22.866094
2024-04-29 04:00:00,23.072095
2024-04-29 04:30:00,23.844598
2024-04-29 05:00:00,23.854898
2024-04-29 05:30:00,26.553509
2024-04-29 06:00:00,29.684722
2024-04-29 06:30:00,43.867881
2024-04-29 07:00:00,49.522604
2024-04-29 07:30:00,49.852205
2024-04-29 08:00:00,50.501108
2024-04-29 08:30:00,51.222111
2024-04-29 09:00:00,51.191211
2024-04-29 09:30:00,50.078806
2024-04-29 10:00:00,59.081043
2024-04-29 10:30:00,62.634558
2024-04-29 11:00:00,62.624258
2024-04-29 11:30:00,63.849963
2024-04-29 12:00:00,63.036259
2024-04-29 12:30:00,64.107464
2024-04-29 13:00:00,65.61127
2024-04-29 13:30:00,65.51857
2024-04-29 14:00:00,67.506478
2024-04-29 14:30:00,63.973563
2024-04-29 15:00:00,62.943559
2024-04-29 15:30:00,61.213152
2024-04-29 16:00:00,58.28794
2024-04-29 16:30:00,57.206435
2024-04-29 17:00:00,55.012526
2024-04-29 17:30:00,53.148219
2024-04-29 18:00:00,34.834743
2024-04-29 18:30:00,31.734431
2024-04-29 19:00:00,31.51813
2024-04-29 19:30:00,31.044328
2024-04-29 20:00:00,28.304516
2024-04-29 20:30:00,27.799814
2024-04-29 21:00:00,27.882215
2024-04-29 21:30:00,28.108816
2024-04-29 22:00:00,24.524401
2024-04-29 22:30:00,24.2978
2024-04-29 23:00:00,25.760406
2024-04-29 23:30:00,24.514101
2024-04-30 00:00:00,23.772498
2024-04-30 00:30:00,22.896994
2024-04-30 01:00:00,22.711593
2024-04-30 01:30:00,22.773394
2024-04-30 02:00:00,23.257496
2024-04-30 02:30:00,22.536493
2024-04-30 03:00:00,23.113295
2024-04-30 03:30:00,22.670393
2024-04-30 04:00:00,23.247196
2024-04-30 04:30:00,22.763094
2024-04-30 05:00:00,23.113295
2024-04-30 05:30:00,23.484097
2024-04-30 06:00:00,23.731298
2024-04-30 06:30:00,24.3287
2024-04-30 07:00:00,25.441105
2024-04-30 07:30:00,27.408413
2024-04-30 08:00:00,24.987903
2024-04-30 08:30:00,25.554405
2024-04-30 09:00:00,26.574109
2024-04-30 09:30:00,26.254808
2024-04-30 10:00:00,25.379304
2024-04-30 10:30:00,25.781006
2024-04-30 11:00:00,26.275408
2024-04-30 11:30:00,27.161212
2024-04-30 12:00:00,25.379304
2024-04-30 12:30:00,24.627401
2024-04-30 13:00:00,24.864302
2024-04-30 13:30:00,24.926103
2024-04-30 14:00:00,24.4008
2024-04-30 14:30:00,24.2875
2024-04-30 15:00:00,24.1845
2024-04-30 15:30:00,24.236
2024-04-30 16:00:00,24.174199
2024-04-30 16:30:00,24.472901
2024-04-30 17:00:00,24.019699
2024-04-30 17:30:00,23.679797
2024-04-30 18:00:00,23.504697
2024-04-30 18:30:00,23.133895
2024-04-30 19:00:00,23.504697
2024-04-30 19:30:00,23.381096
2024-04-30 20:00:00,23.607697
2024-04-30 20:30:00,23.494397
2024-04-30 21:00:00,22.896994
2024-04-30 21:30:00,22.474692
2024-04-30 22:00:00,22.793994
2024-04-30 22:30:00,22.186291
2024-04-30 23:00:00,22.876394
2024-04-30 23:30:00,22.320192
2024-05-01 00:00:00,22.608593
2024-05-01 00:30:00,22.351092
2024-05-01 01:00:00,22.299592
2024-05-01 01:30:00,21.99059
2024-05-01 02:00:00,22.649793
2024-05-01 02:30:00,22.268692
2024-05-01 03:00:00,22.392292
2024-05-01 03:30:00,22.330492
2024-05-01 04:00:00,22.412892
2024-05-01 04:30:00,22.258392
2024-05-01 05:00:00,22.546793
2024-05-01 05:30:00,22.186291
2024-05-01 06:00:00,22.515893
2024-05-01 06:30:00,22.114191
2024-05-01 07:00:00,23.257496
2024-05-01 07:30:00,22.969095
2024-05-01 08:00:00,24.3287
2024-05-01 08:30:00,31.415129
2024-05-01 09:00:00,25.616205
2024-05-01 09:30:00,25.657406
2024-05-01 10:00:00,25.636806
2024-05-01 10:30:00,27.202412
2024-05-01 11:00:00,27.902815
2024-05-01 11:30:00,27.810114
2024-05-01 12:00:00,27.892515
2024-05-01 12:30:00,28.036715
2024-05-01 13:00:00,28.273616
2024-05-01 13:30:00,28.469317
2024-05-01 14:00:00,27.851315
2024-05-01 14:30:00,24.843702
2024-05-01 15:00:00,26.213608
2024-05-01 15:30:00,26.491709
2024-05-01 16:00:00,25.121803
2024-05-01 16:30:00,23.834298
2024-05-01 17:00:00,23.731298
2024-05-01 17:30:00,23.690097
2024-05-01 18:00:00,23.710698
2024-05-01 18:30:00,23.308996
2024-05-01 19:00:00,23.504697
2024-05-01 19:30:00,23.247196
2024-05-01 20:00:00,23.525297
2024-05-01 20:30:00,23.092695
2024-05-01 21:00:00,23.381096
2024-05-01 21:30:00,23.030895
2024-05-01 22:00:00,23.463497
2024-05-01 22:30:00,23.597397
2024-05-01 23:00:00,23.308996
2024-05-01 23:30:00,23.020595
2024-05-02 00:00:00,22.660093
2024-05-02 00:30:00,22.598293
2024-05-02 01:00:00,22.515893
2024-05-02 01:30:00,22.165691
2024-05-02 02:00:00,22.320192
2024-05-02 02:30:00,22.042091
2024-05-02 03:00:00,22.155391
2024-05-02 03:30:00,22.062691
2024-05-02 04:00:00,22.062691
2024-05-02 04:30:00,26.502009
2024-05-02 05:00:00,29.674422
2024-05-02 05:30:00,25.080603
2024-05-02 06:00:00,30.271825
2024-05-02 06:30:00,47.184494
2024-05-02 07:00:00,58.720542
2024-05-02 07:30:00,56.413332
2024-05-02 08:00:00,57.556637
2024-05-02 08:30:00,59.678446
2024-05-02 09:00:00,61.110151
2024-05-02 09:30:00,62.335857
2024-05-02 10:00:00,64.128064
2024-05-02 10:30:00,64.210464
2024-05-02 11:00:00,65.168368
2024-05-02 11:30:00,65.50827
2024-05-02 12:00:00,64.313465
2024-05-02 12:30:00,61.934155
2024-05-02 13:00:00,60.008047
2024-05-02 13:30:00,61.995955
2024-05-02 14:00:00,65.147768
2024-05-02 14:30:00,61.429453
2024-05-02 15:00:00,62.716958
2024-05-02 15:30:00,60.100747
2024-05-02 16:00:00,58.112839
2024-05-02 16:30:00,56.794434
2024-05-02 17:00:00,54.971326
2024-05-02 17:30:00,52.767117
2024-05-02 18:00:00,34.04164
2024-05-02 18:30:00,32.002232
2024-05-02 19:00:00,31.806531
2024-05-02 19:30:00,31.209128
2024-05-02 20:00:00,27.686514
2024-05-02 20:30:00,28.283916
2024-05-02 21:00:00,30.127624
2024-05-02 21:30:00,30.508726
2024-05-02 22:00:00,24.493501
2024-05-02 22:30:00,23.072095
2024-05-02 23:00:00,22.464392
2024-05-02 23:30:00,22.237792
2024-05-03 00:00:00,22.278992
2024-05-03 00:30:00,22.505593
2024-05-03 01:00:00,22.587993
2024-05-03 01:30:00,22.752794
2024-05-03 02:00:00,22.258392
2024-05-03 02:30:00,22.752794
2024-05-03 03:00:00,22.093591
2024-05-03 03:30:00,22.155391
2024-05-03 04:00:00,22.196591
2024-05-03 04:30:00,23.267796
2024-05-03 05:00:00,23.690097
2024-05-03 05:30:00,24.946703
2024-05-03 06:00:00,29.035819
2024-05-03 06:30:00,42.446475
2024-05-03 07:00:00,49.120902
2024-05-03 07:30:00,49.172402
2024-05-03 08:00:00,50.707109
2024-05-03 08:30:00,52.324215
2024-05-03 09:00:00,51.314811
2024-05-03 09:30:00,52.303615
2024-05-03 10:00:00,55.002226
2024-05-03 10:30:00,51.953414
2024-05-03 11:00:00,61.800254
2024-05-03 11:30:00,64.045664
2024-05-03 12:00:00,64.725466
2024-05-03 12:30:00,63.613062
2024-05-03 13:00:00,63.12896
2024-05-03 13:30:00,62.510957
2024-05-03 14:00:00,66.909075
2024-05-03 14:30:00,64.570966
2024-05-03 15:00:00,61.892955
2024-05-03 15:30:00,59.894746
2024-05-03 16:00:00,58.679341
2024-05-03 16:30:00,56.691433
2024-05-03 17:00:00,55.640829
2024-05-03 17:30:00,50.253907
2024-05-03 18:00:00,34.02104
2024-05-03 18:30:00,32.064032
2024-05-03 19:00:00,31.446029
2024-05-03 19:30:00,31.446029
2024-05-03 20:00:00,27.521713
2024-05-03 20:30:00,28.304516
2024-05-03 21:00:00,27.768914
2024-05-03 21:30:00,29.375721
2024-05-03 22:00:00,26.975811
2024-05-03 22:30:00,28.644418
2024-05-03 23:00:00,27.604114
2024-05-03 23:30:00,27.480513
2024-05-04 00:00:00,23.731298
2024-05-04 00:30:00,21.84639
2024-05-04 01:00:00,22.639493
2024-05-04 01:30:00,21.578589
2024-05-04 02:00:00,22.351092
2024-05-04 02:30:00,22.361392
2024-05-04 03:00:00,22.021491
2024-05-04 03:30:00,22.989695
2024-05-04 04:00:00,22.320192
2024-05-04 04:30:00,25.657406
2024-05-04 05:00:00,30.189424
2024-05-04 05:30:00,25.410205
2024-05-04 06:00:00,29.375721
2024-05-04 06:30:00,40.788168
2024-05-04 07:00:00,46.844593
2024-05-04 07:30:00,47.647996
2024-05-04 08:00:00,48.770701
2024-05-04 08:30:00,51.654713
2024-05-04 09:00:00,50.274507
2024-05-04 09:30:00,51.798913
2024-05-04 10:00:00,56.063131
2024-05-04 10:30:00,51.675313
2024-05-04 11:00:00,53.271819
2024-05-04 11:30:00,57.185835
2024-05-04 12:00:00,65.930571
2024-05-04 12:30:00,65.60097
2024-05-04 13:00:00,66.033572
2024-05-04 13:30:00,67.228377
2024-05-04 14:00:00,70.895192
2024-05-04 14:30:00,67.207777
2024-05-04 15:00:00,66.280773
2024-05-04 15:30:00,64.910867
2024-05-04 16:00:00,62.819959
2024-05-04 16:30:00,60.945351
2024-05-04 17:00:00,58.699942
2024-05-04 17:30:00,57.062235
2024-05-04 18:00:00,34.10344
2024-05-04 18:30:00,31.868331
2024-05-04 19:00:00,31.404829
2024-05-04 19:30:00,30.961927
2024-05-04 20:00:00,26.82131
2024-05-04 20:30:00,27.418713
2024-05-04 21:00:00,27.851315
2024-05-04 21:30:00,27.995515
2024-05-04 22:00:00,24.2875
2024-05-04 22:30:00,22.752794
2024-05-04 23:00:00,22.639493
2024-05-04 23:30:00,22.072991
2024-05-05 00:00:00,22.412892
2024-05-05 00:30:00,22.258392
2024-05-05 01:00:00,22.381992
2024-05-05 01:30:00,22.227491
2024-05-05 02:00:00,22.072991
2024-05-05 02:30:00,21.94939
2024-05-05 03:00:00,22.124491
2024-05-05 03:30:00,22.031791
2024-05-05 04:00:00,22.206891
2024-05-05 04:30:00,22.866094
2024-05-05 05:00:00,24.060899
2024-05-05 05:30:00,26.048807
2024-05-05 06:00:00,29.24182
2024-05-05 06:30:00,42.971777
2024-05-05 07:00:00,49.100302
2024-05-05 07:30:00,48.842801
2024-05-05 08:00:00,49.522604
2024-05-05 08:30:00,50.665909
2024-05-05 09:00:00,50.851309
2024-05-05 09:30:00,49.800705
2024-05-05 10:00:00,50.480508
2024-05-05 10:30:00,52.046114
2024-05-05 11:00:00,58.112839
2024-05-05 11:30:00,54.888926
2024-05-05 12:00:00,57.639037
2024-05-05 12:30:00,61.954755
2024-05-05 13:00:00,65.343469
2024-05-05 13:30:00,65.364069
2024-05-05 14:00:00,72.110597
2024-05-05 14:30:00,66.610374
2024-05-05 15:00:00,65.085968
2024-05-05 15:30:00,64.622466
2024-05-05 16:00:00,64.251664
2024-05-05 16:30:00,63.911763
2024-05-05 17:00:00,56.619333
2024-05-05 17:30:00,54.353324
2024-05-05 18:00:00,33.845939
2024-05-05 18:30:00,32.094932
2024-05-05 19:00:00,32.033132
2024-05-05 19:30:00,30.972227
2024-05-05 20:00:00,27.470213
2024-05-05 20:30:00,28.180916
2024-05-05 21:00:00,28.974019
2024-05-05 21:30:00,29.11822
2024-05-05 22:00:00,27.058211
2024-05-05 22:30:00,27.490813
2024-05-05 23:00:00,27.109712
2024-05-05 23:30:00,26.965511
2024-05-06 00:00:00,23.391396
2024-05-06 00:30:00,22.402592
2024-05-06 01:00:00,22.175991
2024-05-06 01:30:00,22.660093
2024-05-06 02:00:00,22.237792
2024-05-06 02:30:00,22.618893
2024-05-06 03:00:00,22.206891
2024-05-06 03:30:00,22.618893
2024-05-06 04:00:00,22.227491
2024-05-06 04:30:00,22.773394
2024-05-06 05:00:00,23.061795
2024-05-06 05:30:00,24.792202
2024-05-06 06:00:00,28.047015
2024-05-06 06:30:00,43.136578
2024-05-06 07:00:00,47.555296
2024-05-06 07:30:00,48.5441
2024-05-06 08:00:00,49.347503
2024-05-06 08:30:00,50.655608
2024-05-06 09:00:00,49.944906
2024-05-06 09:30:00,50.470208
2024-05-06 10:00:00,51.417812
2024-05-06 10:30:00,69.329585
2024-05-06 11:00:00,64.169264
2024-05-06 11:30:00,64.189864
2024-05-06 12:00:00,63.736662
2024-05-06 12:30:00,63.963263
2024-05-06 13:00:00,70.905492
2024-05-06 13:30:00,65.776071
2024-05-06 14:00:00,65.50827
2024-05-06 14:30:00,64.148664
2024-05-06 15:00:00,62.294656
2024-05-06 15:30:00,60.605449
2024-05-06 16:00:00,58.184939
2024-05-06 16:30:00,56.567833
2024-05-06 17:00:00,54.425424
2024-05-06 17:30:00,52.004914
2024-05-06 18:00:00,33.588438
2024-05-06 18:30:00,31.69323
2024-05-06 19:00:00,31.240029
2024-05-06 19:30:00,30.426325
2024-05-06 20:00:00,26.357808
2024-05-06 20:30:00,26.090007
2024-05-06 21:00:00,28.592918
2024-05-06 21:30:00,29.808323
2024-05-06 22:00:00,24.545001
2024-05-06 22:30:00,23.813698
2024-05-06 23:00:00,23.061795
2024-05-06 23:30:00,23.041195
2024-05-07 00:00:00,21.94939
2024-05-07 00:30:00,21.78459
2024-05-07 01:00:00,21.681589
2024-05-07 01:30:00,22.042091
2024-05-07 02:00:00,22.011191
2024-05-07 02:30:00,22.083291
2024-05-07 03:00:00,21.95969
2024-05-07 03:30:00,22.186291
2024-05-07 04:00:00,21.86699
2024-05-07 04:30:00,22.052391
2024-05-07 05:00:00,22.340792
2024-05-07 05:30:00,23.185395
2024-05-07 06:00:00,23.793098
2024-05-07 06:30:00,24.575901
2024-05-07 07:00:00,23.793098
2024-05-07 07:30:00,24.689202
2024-05-07 08:00:00,23.710698
2024-05-07 08:30:00,23.823998
2024-05-07 09:00:00,24.3699
2024-05-07 09:30:00,24.792202
2024-05-07 10:00:00,25.018803
2024-05-07 10:30:00,25.420505
2024-05-07 11:00:00,27.027311
2024-05-07 11:30:00,27.408413
2024-05-07 12:00:00,28.685618
2024-05-07 12:30:00,33.300037
2024-05-07 13:00:00,27.727714
2024-05-07 13:30:00,30.168824
2024-05-07 14:00:00,32.424533
2024-05-07 14:30:00,26.955211
2024-05-07 15:00:00,28.675318
2024-05-07 15:30:00,28.057315
2024-05-07 16:00:00,27.676214
2024-05-07 16:30:00,26.69771
2024-05-07 17:00:00,23.020595
2024-05-07 17:30:00,22.866094
2024-05-07 18:00:00,22.381992
2024-05-07 18:30:00,22.392292
2024-05-07 19:00:00,21.89789
2024-05-07 19:30:00,22.155391
2024-05-07 20:00:00,22.124491
2024-05-07 20:30:00,21.99059
2024-05-07 21:00:00,21.90819
2024-05-07 21:30:00,22.268692
2024-05-07 22:00:00,21.78459
2024-05-07 22:30:00,22.299592
2024-05-07 23:00:00,21.743389
2024-05-07 23:30:00,22.165691
2024-05-08 00:00:00,22.062691
2024-05-08 00:30:00,21.88759
2024-05-08 01:00:00,21.238687
2024-05-08 01:30:00,21.76399
2024-05-08 02:00:00,21.403488
2024-05-08 02:30:00,21.640389
2024-05-08 03:00:00,21.341688
2024-05-08 03:30:00,21.341688
2024-05-08 04:00:00,21.022387
2024-05-08 04:30:00,21.609489
2024-05-08 05:00:00,20.970886
2024-05-08 05:30:00,21.557989
2024-05-08 06:00:00,21.094487
2024-05-08 06:30:00,21.434388
2024-05-08 07:00:00,21.485888
2024-05-08 07:30:00,21.81549
2024-05-08 08:00:00,22.237792
2024-05-08 08:30:00,28.922519
2024-05-08 09:00:00,22.917594
2024-05-08 09:30:00,23.278096
2024-05-08 10:00:00,23.267796
2024-05-08 10:30:00,27.604114
2024-05-08 11:00:00,29.11822
2024-05-08 11:30:00,24.1845
2024-05-08 12:00:00,23.813698
2024-05-08 12:30:00,25.080603
2024-05-08 13:00:00,29.592022
2024-05-08 13:30:00,28.500217
2024-05-08 14:00:00,24.081499
2024-05-08 14:30:00,23.803398
2024-05-08 15:00:00,24.740702
2024-05-08 15:30:00,29.283021
2024-05-08 16:00:00,22.587993
2024-05-08 16:30:00,21.78459
2024-05-08 17:00:00,22.484993
2024-05-08 17:30:00,22.402592
2024-05-08 18:00:00,22.814594
2024-05-08 18:30:00,22.351092
2024-05-08 19:00:00,22.402592
2024-05-08 19:30:00,22.042091
2024-05-08 20:00:00,22.268692
2024-05-08 20:30:00,21.712489
2024-05-08 21:00:00,22.114191
2024-05-08 21:30:00,21.82579
2024-05-08 22:00:00,21.691889
2024-05-08 22:30:00,21.630089
2024-05-08 23:00:00,21.743389
2024-05-08 23:30:00,22.052391
2024-05-09 00:00:00,21.619789
2024-05-09 00:30:00,21.485888
2024-05-09 01:00:00,21.90819
2024-05-09 01:30:00,21.444688
2024-05-09 02:00:00,21.90819
2024-05-09 02:30:00,21.743389
2024-05-09 03:00:00,22.577693
2024-05-09 03:30:00,21.82579
2024-05-09 04:00:00,22.258392
2024-05-09 04:30:00,23.175095
2024-05-09 05:00:00,29.05642
2024-05-09 05:30:00,28.222116
2024-05-09 06:00:00,28.119116
2024-05-09 06:30:00,42.199274
2024-05-09 07:00:00,46.020589
2024-05-09 07:30:00,47.318395
2024-05-09 08:00:00,49.296003
2024-05-09 08:30:00,59.317944
2024-05-09 09:00:00,57.494837
2024-05-09 09:30:00,58.39094
2024-05-09 10:00:00,61.728154
2024-05-09 10:30:00,60.049247
2024-05-09 11:00:00,67.465278
2024-05-09 11:30:00,66.970876
2024-05-09 12:00:00,68.443782
2024-05-09 12:30:00,68.577682
2024-05-09 13:00:00,68.351081
2024-05-09 13:30:00,68.227481
2024-05-09 14:00:00,71.502894
2024-05-09 14:30:00,69.772487
2024-05-09 15:00:00,66.208672
2024-05-09 15:30:00,63.726362
2024-05-09 16:00:00,61.604554
2024-05-09 16:30:00,60.162548
2024-05-09 17:00:00,57.474237
2024-05-09 17:30:00,55.496628
2024-05-09 18:00:00,34.319741
2024-05-09 18:30:00,32.373033
2024-05-09 19:00:00,31.734431
2024-05-09 19:30:00,31.69323
2024-05-09 20:00:00,28.386917
2024-05-09 20:30:00,28.768018
2024-05-09 21:00:00,28.613518
2024-05-09 21:30:00,30.302725
2024-05-09 22:00:00,25.925207
2024-05-09 22:30:00,24.102099
2024-05-09 23:00:00,23.175095
2024-05-09 23:30:00,23.175095
2024-05-10 00:00:00,22.340792
2024-05-10 00:30:00,21.88759
2024-05-10 01:00:00,22.299592
2024-05-10 01:30:00,22.248092
2024-05-10 02:00:00,22.278992
2024-05-10 02:30:00,22.474692
2024-05-10 03:00:00,22.495293
2024-05-10 03:30:00,22.134791
2024-05-10 04:00:00,22.330492
2024-05-10 04:30:00,22.999995
2024-05-10 05:00:00,23.659197
2024-05-10 05:30:00,24.843702
2024-05-10 06:00:00,27.974915
2024-05-10 06:30:00,41.478271
2024-05-10 07:00:00,46.803393
2024-05-10 07:30:00,47.936397
2024-05-10 08:00:00,51.366311
2024-05-10 08:30:00,50.779209
2024-05-10 09:00:00,50.851309
2024-05-10 09:30:00,52.499316
2024-05-10 10:00:00,61.007151
2024-05-10 10:30:00,62.150456
2024-05-10 11:00:00,63.901463
2024-05-10 11:30:00,65.075668
2024-05-10 12:00:00,66.198372
2024-05-10 12:30:00,66.641274
2024-05-10 13:00:00,67.650678
2024-05-10 13:30:00,72.8831
2024-05-10 14:00:00,69.813687
2024-05-10 14:30:00,67.228377
2024-05-10 15:00:00,64.612166
2024-05-10 15:30:00,62.933259
2024-05-10 16:00:00,60.069847
2024-05-10 16:30:00,58.524841
2024-05-10 17:00:00,56.207331
2024-05-10 17:30:00,54.724125
2024-05-10 18:00:00,33.382437
2024-05-10 18:30:00,32.187632
2024-05-10 19:00:00,31.404829
2024-05-10 19:30:00,30.776527
2024-05-10 20:00:00,30.189424
2024-05-10 20:30:00,30.951627
2024-05-10 21:00:00,29.808323
2024-05-10 21:30:00,29.06672
2024-05-10 22:00:00,28.551717
2024-05-10 22:30:00,28.448717
2024-05-10 23:00:00,28.448717
2024-05-10 23:30:00,28.695918
2024-05-11 00:00:00,24.102099
2024-05-11 00:30:00,23.978499
2024-05-11 01:00:00,23.216296
2024-05-11 01:30:00,23.133895
2024-05-11 02:00:00,23.267796
2024-05-11 02:30:00,23.411996
2024-05-11 03:00:00,23.484097
2024-05-11 03:30:00,22.896994
2024-05-11 04:00:00,22.732194
2024-05-11 04:30:00,23.731298
2024-05-11 05:00:00,29.828923
2024-05-11 05:30:00,25.873706
2024-05-11 06:00:00,29.612622
2024-05-11 06:30:00,44.516783
2024-05-11 07:00:00,53.189419
2024-05-11 07:30:00,52.303615
2024-05-11 08:00:00,49.893405
2024-05-11 08:30:00,52.973118
2024-05-11 09:00:00,64.117764
2024-05-11 09:30:00,59.163443
2024-05-11 10:00:00,59.760846
2024-05-11 10:30:00,60.955651
2024-05-11 11:00:00,62.098956
2024-05-11 11:30:00,62.428557
2024-05-11 12:00:00,64.148664
2024-05-11 12:30:00,61.985655
2024-05-11 13:00:00,67.92878
2024-05-11 13:30:00,67.702179
2024-05-11 14:00:00,65.405269
2024-05-11 14:30:00,66.105672
2024-05-11 15:00:00,63.21136
2024-05-11 15:30:00,61.460353
2024-05-11 16:00:00,59.534245
2024-05-11 16:30:00,58.102539
2024-05-11 17:00:00,56.742934
2024-05-11 17:30:00,54.260623
2024-05-11 18:00:00,34.917144
2024-05-11 18:30:00,32.815935
2024-05-11 19:00:00,32.558434
2024-05-11 19:30:00,31.61083
2024-05-11 20:00:00,29.756822
2024-05-11 20:30:00,30.385125
2024-05-11 21:00:00,29.427221
2024-05-11 21:30:00,28.417817
2024-05-11 22:00:00,26.955211
2024-05-11 22:30:00,24.905502
2024-05-11 23:00:00,24.833402
2024-05-11 23:30:00,25.502905
2024-05-12 00:00:00,24.2772
2024-05-12 00:30:00,24.3905
2024-05-12 01:00:00,23.916698
2024-05-12 01:30:00,23.731298
2024-05-12 02:00:00,23.267796
2024-05-12 02:30:00,22.886694
2024-05-12 03:00:00,23.061795
2024-05-12 03:30:00,22.670393
2024-05-12 04:00:00,23.154495
2024-05-12 04:30:00,26.893411
2024-05-12 05:00:00,28.592918
2024-05-12 05:30:00,25.296904
2024-05-12 06:00:00,29.293321
2024-05-12 06:30:00,45.629188
2024-05-12 07:00:00,60.523049
2024-05-12 07:30:00,55.012526
2024-05-12 08:00:00,57.319736
2024-05-12 08:30:00,57.597837
2024-05-12 09:00:00,58.184939
2024-05-12 09:30:00,58.586641
2024-05-12 10:00:00,58.42184
2024-05-12 10:30:00,55.403928
2024-05-12 11:00:00,53.261519
2024-05-12 11:30:00,51.02641
2024-05-12 12:00:00,50.181807
2024-05-12 12:30:00,50.841009
2024-05-12 13:00:00,51.304511
2024-05-12 13:30:00,51.541412
2024-05-12 14:00:00,52.241815
2024-05-12 14:30:00,49.924305
2024-05-12 15:00:00,48.6883
2024-05-12 15:30:00,48.5956
2024-05-12 16:00:00,46.906393
2024-05-12 16:30:00,45.732188
2024-05-12 17:00:00,44.547683
2024-05-12 17:30:00,44.197482
2024-05-12 18:00:00,33.104336
2024-05-12 18:30:00,31.456329
2024-05-12 19:00:00,31.373929
2024-05-12 19:30:00,31.343029
2024-05-12 20:00:00,27.974915
2024-05-12 20:30:00,29.653822
2024-05-12 21:00:00,29.283021
2024-05-12 21:30:00,30.096724
2024-05-12 22:00:00,28.180916
2024-05-12 22:30:00,27.892515
2024-05-12 23:00:00,27.480513
2024-05-12 23:30:00,27.727714
2024-05-13 00:00:00,24.143299
2024-05-13 00:30:00,23.731298
2024-05-13 01:00:00,23.411996
2024-05-13 01:30:00,23.597397
2024-05-13 02:00:00,22.814594
2024-05-13 02:30:00,22.515893
2024-05-13 03:00:00,22.701293
2024-05-13 03:30:00,22.526193
2024-05-13 04:00:00,22.824894
2024-05-13 04:30:00,23.051495
2024-05-13 05:00:00,23.772498
2024-05-13 05:30:00,26.079707
2024-05-13 06:00:00,29.633222
2024-05-13 06:30:00,45.948489
2024-05-13 07:00:00,56.722333
2024-05-13 07:30:00,52.561116
2024-05-13 08:00:00,52.324215
2024-05-13 08:30:00,51.489912
2024-05-13 09:00:00,49.965506
2024-05-13 09:30:00,49.378403
2024-05-13 10:00:00,49.852205
2024-05-13 10:30:00,49.491704
2024-05-13 11:00:00,49.955206
2024-05-13 11:30:00,50.861609
2024-05-13 12:00:00,49.914005
2024-05-13 12:30:00,50.635008
2024-05-13 13:00:00,50.109706
2024-05-13 13:30:00,52.736217
2024-05-13 14:00:00,53.683821
2024-05-13 14:30:00,49.048802
2024-05-13 15:00:00,48.276299
2024-05-13 15:30:00,47.843697
2024-05-13 16:00:00,45.917589
2024-05-13 16:30:00,45.124486
2024-05-13 17:00:00,42.961477
2024-05-13 17:30:00,42.508275
2024-05-13 18:00:00,33.433938
2024-05-13 18:30:00,33.567838
2024-05-13 19:00:00,32.970436
2024-05-13 19:30:00,31.888931
2024-05-13 20:00:00,28.098516
2024-05-13 20:30:00,29.07702
2024-05-13 21:00:00,28.901919
2024-05-13 21:30:00,28.448717
2024-05-13 22:00:00,25.132103
2024-05-13 22:30:00,24.040299
2024-05-13 23:00:00,23.896098
2024-05-13 23:30:00,23.504697
2024-05-14 00:00:00,22.752794
2024-05-14 00:30:00,22.660093
2024-05-14 01:00:00,22.474692
2024-05-14 01:30:00,22.618893
2024-05-14 02:00:00,22.495293
2024-05-14 02:30:00,22.629193
2024-05-14 03:00:00,22.536493
2024-05-14 03:30:00,22.454092
2024-05-14 04:00:00,22.629193
2024-05-14 04:30:00,22.103891
2024-05-14 05:00:00,22.340792
2024-05-14 05:30:00,22.320192
2024-05-14 06:00:00,23.226596
2024-05-14 06:30:00,23.236896
2024-05-14 07:00:00,25.647106
2024-05-14 07:30:00,26.244508
2024-05-14 08:00:00,26.74921
2024-05-14 08:30:00,27.017011
2024-05-14 09:00:00,26.83161
2024-05-14 09:30:00,26.532909
2024-05-14 10:00:00,28.572318
2024-05-14 10:30:00,29.283021
2024-05-14 11:00:00,26.584409
2024-05-14 11:30:00,26.296008
2024-05-14 12:00:00,26.440209
2024-05-14 12:30:00,26.337208
2024-05-14 13:00:00,25.914907
2024-05-14 13:30:00,26.151808
2024-05-14 14:00:00,25.801606
2024-05-14 14:30:00,25.873706
2024-05-14 15:00:00,25.410205
2024-05-14 15:30:00,25.667706
2024-05-14 16:00:00,23.813698
2024-05-14 16:30:00,23.762198
2024-05-14 17:00:00,23.370796
2024-05-14 17:30:00,23.628297
2024-05-14 18:00:00,23.504697
2024-05-14 18:30:00,23.030895
2024-05-14 19:00:00,22.958794
2024-05-14 19:30:00,22.505593
2024-05-14 20:00:00,22.587993
2024-05-14 20:30:00,22.845494
2024-05-14 21:00:00,22.938194
2024-05-14 21:30:00,22.546793
2024-05-14 22:00:00,22.999995
2024-05-14 22:30:00,22.433492
2024-05-14 23:00:00,22.557093
2024-05-14 23:30:00,22.433492
2024-05-15 00:00:00,22.217191
2024-05-15 00:30:00,22.505593
2024-05-15 01:00:00,22.103891
2024-05-15 01:30:00,22.484993
2024-05-15 02:00:00,22.742494
2024-05-15 02:30:00,22.608593
2024-05-15 03:00:00,22.649793
2024-05-15 03:30:00,22.587993
2024-05-15 04:00:00,22.567393
2024-05-15 04:30:00,22.639493
2024-05-15 05:00:00,22.701293
2024-05-15 05:30:00,22.845494
2024-05-15 06:00:00,22.773394
2024-05-15 06:30:00,23.113295
2024-05-15 07:00:00,23.144195
2024-05-15 07:30:00,23.247196
2024-05-15 08:00:00,24.040299
2024-05-15 08:30:00,25.018803
2024-05-15 09:00:00,24.854002
2024-05-15 09:30:00,24.493501
2024-05-15 10:00:00,24.3596
2024-05-15 10:30:00,24.132999
2024-05-15 11:00:00,29.19032
2024-05-15 11:30:00,28.026415
2024-05-15 12:00:00,26.193008
2024-05-15 12:30:00,25.708906
2024-05-15 13:00:00,26.069407
2024-05-15 13:30:00,26.67711
2024-05-15 14:00:00,32.476034
2024-05-15 14:30:00,26.172408
2024-05-15 15:00:00,27.552613
2024-05-15 15:30:00,30.725026
2024-05-15 16:00:00,25.781006
2024-05-15 16:30:00,27.717414
2024-05-15 17:00:00,24.565601
2024-05-15 17:30:00,24.4111
2024-05-15 18:00:00,24.2051
2024-05-15 18:30:00,23.926998
2024-05-15 19:00:00,24.2051
2024-05-15 19:30:00,23.854898
2024-05-15 20:00:00,24.3081
2024-05-15 20:30:00,23.576797
2024-05-15 21:00:00,24.163899
2024-05-15 21:30:00,23.926998
2024-05-15 22:00:00,23.875498
2024-05-15 22:30:00,23.041195
2024-05-15 23:00:00,23.350196
2024-05-15 23:30:00,22.989695
2024-05-16 00:00:00,22.608593
2024-05-16 00:30:00,22.454092
2024-05-16 01:00:00,22.268692
2024-05-16 01:30:00,22.577693
2024-05-16 02:00:00,22.536493
2024-05-16 02:30:00,22.217191
2024-05-16 03:00:00,22.814594
2024-05-16 03:30:00,22.217191
2024-05-16 04:00:00,22.690993
2024-05-16 04:30:00,23.720998
2024-05-16 05:00:00,32.270033
2024-05-16 05:30:00,25.399905
2024-05-16 06:00:00,28.304516
2024-05-16 06:30:00,43.929681
2024-05-16 07:00:00,51.798913
2024-05-16 07:30:00,53.848622
2024-05-16 08:00:00,55.208227
2024-05-16 08:30:00,61.522153
2024-05-16 09:00:00,54.909526
2024-05-16 09:30:00,55.012526
2024-05-16 10:00:00,64.540066
2024-05-16 10:30:00,62.181356
2024-05-16 11:00:00,62.304956
2024-05-16 11:30:00,63.870563
2024-05-16 12:00:00,64.962367
2024-05-16 12:30:00,65.137468
2024-05-16 13:00:00,65.961471
2024-05-16 13:30:00,68.309881
2024-05-16 14:00:00,68.546782
2024-05-16 14:30:00,64.303165
2024-05-16 15:00:00,63.025959
2024-05-16 15:30:00,61.491253
2024-05-16 16:00:00,60.018347
2024-05-16 16:30:00,57.742038
2024-05-16 17:00:00,56.506033
2024-05-16 17:30:00,52.592016
2024-05-16 18:00:00,35.370346
2024-05-16 18:30:00,32.764435
2024-05-16 19:00:00,32.331833
2024-05-16 19:30:00,31.62113
2024-05-16 20:00:00,29.571422
2024-05-16 20:30:00,29.530222
2024-05-16 21:00:00,29.365421
2024-05-16 21:30:00,28.994619
2024-05-16 22:00:00,26.234208
2024-05-16 22:30:00,25.204204
2024-05-16 23:00:00,25.029103
2024-05-16 23:30:00,24.678902
2024-05-17 00:00:00,23.648897
2024-05-17 00:30:00,23.679797
2024-05-17 01:00:00,22.618893
2024-05-17 01:30:00,22.907294
2024-05-17 02:00:00,22.773394
2024-05-17 02:30:00,22.866094
2024-05-17 03:00:00,22.814594
2024-05-17 03:30:00,22.484993
2024-05-17 04:00:00,22.979395
2024-05-17 04:30:00,23.453197
2024-05-17 05:00:00,27.552613
2024-05-17 05:30:00,25.235104
2024-05-17 06:00:00,28.726818
2024-05-17 06:30:00,44.197482
2024-05-17 07:00:00,54.590225
2024-05-17 07:30:00,52.622917
2024-05-17 08:00:00,54.569625
2024-05-17 08:30:00,56.124931
2024-05-17 09:00:00,56.145531
2024-05-17 09:30:00,52.468416
2024-05-17 10:00:00,58.164339
2024-05-17 10:30:00,56.609033
2024-05-17 11:00:00,66.394073
2024-05-17 11:30:00,62.088656
2024-05-17 12:00:00,62.397657
2024-05-17 12:30:00,62.407957
2024-05-17 13:00:00,62.150456
2024-05-17 13:30:00,62.325556
2024-05-17 14:00:00,64.272264
2024-05-17 14:30:00,63.24226
2024-05-17 15:00:00,61.779654
2024-05-17 15:30:00,60.66725
2024-05-17 16:00:00,57.669937
2024-05-17 16:30:00,56.598733
2024-05-17 17:00:00,52.313915
2024-05-17 17:30:00,50.387807
2024-05-17 18:00:00,35.658747
2024-05-17 18:30:00,32.702635
2024-05-17 19:00:00,32.496634
2024-05-17 19:30:00,31.713831
2024-05-17 20:00:00,30.354225
2024-05-17 20:30:00,30.920727
2024-05-17 21:00:00,30.199724
2024-05-17 21:30:00,29.715622
2024-05-17 22:00:00,29.293321
2024-05-17 22:30:00,29.025519
2024-05-17 23:00:00,28.716518
2024-05-17 23:30:00,28.211816
2024-05-18 00:00:00,25.101203
2024-05-18 00:30:00,24.081499
2024-05-18 01:00:00,23.216296
2024-05-18 01:30:00,23.422296
2024-05-18 02:00:00,23.720998
2024-05-18 02:30:00,23.648897
2024-05-18 03:00:00,23.834298
2024-05-18 03:30:00,22.938194
2024-05-18 04:00:00,23.391396
2024-05-18 04:30:00,23.514997
2024-05-18 05:00:00,24.730402
2024-05-18 05:30:00,25.626505
2024-05-18 06:00:00,30.828027
2024-05-18 06:30:00,45.999989
2024-05-18 07:00:00,52.252115
2024-05-18 07:30:00,52.633217
2024-05-18 08:00:00,54.116423
2024-05-18 08:30:00,53.52932
2024-05-18 09:00:00,52.571416
2024-05-18 09:30:00,51.345711
2024-05-18 10:00:00,60.420049
2024-05-18 10:30:00,62.799358
2024-05-18 11:00:00,64.313465
2024-05-18 11:30:00,63.922063
2024-05-18 12:00:00,64.354665
2024-05-18 12:30:00,63.973563
2024-05-18 13:00:00,65.487669
2024-05-18 13:30:00,65.446469
2024-05-18 14:00:00,67.094476
2024-05-18 14:30:00,65.65247
2024-05-18 15:00:00,62.768458
2024-05-18 15:30:00,61.048351
2024-05-18 16:00:00,58.535141
2024-05-18 16:30:00,56.310332
2024-05-18 17:00:00,54.167923
2024-05-18 17:30:00,52.767117
2024-05-18 18:00:00,36.256149
2024-05-18 18:30:00,32.888035
2024-05-18 19:00:00,32.733535
2024-05-18 19:30:00,31.785931
2024-05-18 20:00:00,29.478721
2024-05-18 20:30:00,29.983423
2024-05-18 21:00:00,29.622922
2024-05-18 21:30:00,28.932819
2024-05-18 22:00:00,25.173304
2024-05-18 22:30:00,24.4008
2024-05-18 23:00:00,27.913115
2024-05-18 23:30:00,25.853106
2024-05-19 00:00:00,23.370796
2024-05-19 00:30:00,23.463497
2024-05-19 01:00:00,22.320192
2024-05-19 01:30:00,22.392292
2024-05-19 02:00:00,22.587993
2024-05-19 02:30:00,22.052391
2024-05-19 03:00:00,22.258392
2024-05-19 03:30:00,22.000891
2024-05-19 04:00:00,22.567393
2024-05-19 04:30:00,22.783694
2024-05-19 05:00:00,27.377513
2024-05-19 05:30:00,25.369004
2024-05-19 06:00:00,29.674422
2024-05-19 06:30:00,44.279882
2024-05-19 07:00:00,50.96461
2024-05-19 07:30:00,51.819513
2024-05-19 08:00:00,53.37482
2024-05-19 08:30:00,53.199719
2024-05-19 09:00:00,52.767117
2024-05-19 09:30:00,51.778313
2024-05-19 10:00:00,51.592912
2024-05-19 10:30:00,59.863846
2024-05-19 11:00:00,61.862055
2024-05-19 11:30:00,62.449157
2024-05-19 12:00:00,62.304956
2024-05-19 12:30:00,62.366757
2024-05-19 13:00:00,62.459457
2024-05-19 13:30:00,64.169264
2024-05-19 14:00:00,73.326002
2024-05-19 14:30:00,65.415569
2024-05-19 15:00:00,62.819959
2024-05-19 15:30:00,61.202852
2024-05-19 16:00:00,59.050143
2024-05-19 16:30:00,55.445128
2024-05-19 17:00:00,55.90863
2024-05-19 17:30:00,54.167923
2024-05-19 18:00:00,37.152253
2024-05-19 18:30:00,32.558434
2024-05-19 19:00:00,32.177332
2024-05-19 19:30:00,31.332729
2024-05-19 20:00:00,29.622922
2024-05-19 20:30:00,29.375721
2024-05-19 21:00:00,29.962823
2024-05-19 21:30:00,30.199724
2024-05-19 22:00:00,28.768018
2024-05-19 22:30:00,28.088216
2024-05-19 23:00:00,27.954315
2024-05-19 23:30:00,28.088216
2024-05-20 00:00:00,23.576797
2024-05-20 00:30:00,24.1845
2024-05-20 01:00:00,23.216296
2024-05-20 01:30:00,23.257496
2024-05-20 02:00:00,23.329596
2024-05-20 02:30:00,22.680693
2024-05-20 03:00:00,22.907294
2024-05-20 03:30:00,22.732194
2024-05-20 04:00:00,22.948494
2024-05-20 04:30:00,22.866094
2024-05-20 05:00:00,24.112399
2024-05-20 05:30:00,25.193904
2024-05-20 06:00:00,29.489021
2024-05-20 06:30:00,45.618888
2024-05-20 07:00:00,52.519916
2024-05-20 07:30:00,53.137919
2024-05-20 08:00:00,54.641725
2024-05-20 08:30:00,54.487224
2024-05-20 09:00:00,53.766221
2024-05-20 09:30:00,51.757713
2024-05-20 10:00:00,51.211811
2024-05-20 10:30:00,54.549024
2024-05-20 11:00:00,59.544545
2024-05-20 11:30:00,62.819959
2024-05-20 12:00:00,65.137468
2024-05-20 12:30:00,63.788163
2024-05-20 13:00:00,68.896984
2024-05-20 13:30:00,63.654262
2024-05-20 14:00:00,63.880863
2024-05-20 14:30:00,64.519466
2024-05-20 15:00:00,60.85265
2024-05-20 15:30:00,59.647545
2024-05-20 16:00:00,54.631425
2024-05-20 16:30:00,55.146427
2024-05-20 17:00:00,51.479612
2024-05-20 17:30:00,49.728605
2024-05-20 18:00:00,36.122249
2024-05-20 18:30:00,32.826235
2024-05-20 19:00:00,32.136132
2024-05-20 19:30:00,31.353329
2024-05-20 20:00:00,28.788618
2024-05-20 20:30:00,28.314817
2024-05-20 21:00:00,30.519026
2024-05-20 21:30:00,30.096724
2024-05-20 22:00:00,26.75951
2024-05-20 22:30:00,25.245404
2024-05-20 23:00:00,27.078811
2024-05-20 23:30:00,25.183604
2024-05-21 00:00:00,25.698606
2024-05-21 00:30:00,24.091799
2024-05-21 01:00:00,24.503801
2024-05-21 01:30:00,24.143299
2024-05-21 02:00:00,23.751898
2024-05-21 02:30:00,23.298696
2024-05-21 03:00:00,23.514997
2024-05-21 03:30:00,23.288396
2024-05-21 04:00:00,23.648897
2024-05-21 04:30:00,23.319296
2024-05-21 05:00:00,23.473797
2024-05-21 05:30:00,23.782798
2024-05-21 06:00:00,24.998203
2024-05-21 06:30:00,25.163004
2024-05-21 07:00:00,26.254808
2024-05-21 07:30:00,25.987007
2024-05-21 08:00:00,26.203308
2024-05-21 08:30:00,25.729506
2024-05-21 09:00:00,25.389604
2024-05-21 09:30:00,26.84191
2024-05-21 10:00:00,27.418713
2024-05-21 10:30:00,27.377513
2024-05-21 11:00:00,27.470213
2024-05-21 11:30:00,27.655614
2024-05-21 12:00:00,27.223012
2024-05-21 12:30:00,27.181812
2024-05-21 13:00:00,27.954315
2024-05-21 13:30:00,27.923415
2024-05-21 14:00:00,34.721443
2024-05-21 14:30:00,29.715622
2024-05-21 15:00:00,28.428117
2024-05-21 15:30:00,27.944015
2024-05-21 16:00:00,29.05642
2024-05-21 16:30:00,26.914011
2024-05-21 17:00:00,27.902815
2024-05-21 17:30:00,25.719206
2024-05-21 18:00:00,25.420505
2024-05-21 18:30:00,26.337208
2024-05-21 19:00:00,25.121803
2024-05-21 19:30:00,24.4008
2024-05-21 20:00:00,23.113295
2024-05-21 20:30:00,22.546793
2024-05-21 21:00:00,22.587993
2024-05-21 21:30:00,22.629193
2024-05-21 22:00:00,22.711593
2024-05-21 22:30:00,22.608593
2024-05-21 23:00:00,22.886694
2024-05-21 23:30:00,22.423192
2024-05-22 00:00:00,22.289292
2024-05-22 00:30:00,22.011191
2024-05-22 01:00:00,21.77429
2024-05-22 01:30:00,21.80519
2024-05-22 02:00:00,22.289292
2024-05-22 02:30:00,22.021491
2024-05-22 03:00:00,22.072991
2024-05-22 03:30:00,22.206891
2024-05-22 04:00:00,21.88759
2024-05-22 04:30:00,21.91849
2024-05-22 05:00:00,22.114191
2024-05-22 05:30:00,22.062691
2024-05-22 06:00:00,22.237792
2024-05-22 06:30:00,23.072095
2024-05-22 07:00:00,23.576797
2024-05-22 07:30:00,23.587097
2024-05-22 08:00:00,24.2875
2024-05-22 08:30:00,24.823102
2024-05-22 09:00:00,25.224804
2024-05-22 09:30:00,25.173304
2024-05-22 10:00:00,29.633222
2024-05-22 10:30:00,30.931027
2024-05-22 11:00:00,26.172408
2024-05-22 11:30:00,26.162108
2024-05-22 12:00:00,29.921623
2024-05-22 12:30:00,31.837431
2024-05-22 13:00:00,26.563809
2024-05-22 13:30:00,32.692335
2024-05-22 14:00:00,34.00044
2024-05-22 14:30:00,28.407517
2024-05-22 15:00:00,29.828923
2024-05-22 15:30:00,25.873706
2024-05-22 16:00:00,26.852211
2024-05-22 16:30:00,33.99014
2024-05-22 17:00:00,32.815935
2024-05-22 17:30:00,26.017907
2024-05-22 18:00:00,25.842806
2024-05-22 18:30:00,24.431701
2024-05-22 19:00:00,24.3493
2024-05-22 19:30:00,24.895202
2024-05-22 20:00:00,26.275408
2024-05-22 20:30:00,25.667706
2024-05-22 21:00:00,24.122699
2024-05-22 21:30:00,23.772498
2024-05-22 22:00:00,23.617997
2024-05-22 22:30:00,23.494397
2024-05-22 23:00:00,23.617997
2024-05-22 23:30:00,23.082395
2024-05-23 00:00:00,22.752794
2024-05-23 00:30:00,22.320192
2024-05-23 01:00:00,22.484993
2024-05-23 01:30:00,22.227491
2024-05-23 02:00:00,22.701293
2024-05-23 02:30:00,22.361392
2024-05-23 03:00:00,22.526193
2024-05-23 03:30:00,22.134791
2024-05-23 04:00:00,22.175991
2024-05-23 04:30:00,22.927894
2024-05-23 05:00:00,23.916698
2024-05-23 05:30:00,25.585305
2024-05-23 06:00:00,29.015219
2024-05-23 06:30:00,44.145982
2024-05-23 07:00:00,49.275403
2024-05-23 07:30:00,49.388703
2024-05-23 08:00:00,50.92341
2024-05-23 08:30:00,51.459012
2024-05-23 09:00:00,51.520812
2024-05-23 09:30:00,51.283911
2024-05-23 10:00:00,51.232411
2024-05-23 10:30:00,56.578133
2024-05-23 11:00:00,56.382432
2024-05-23 11:30:00,62.933259
2024-05-23 12:00:00,64.261964
2024-05-23 12:30:00,65.487669
2024-05-23 13:00:00,68.412882
2024-05-23 13:30:00,68.907284
2024-05-23 14:00:00,70.689191
2024-05-23 14:30:00,66.198372
2024-05-23 15:00:00,66.867875
2024-05-23 15:30:00,62.572758
2024-05-23 16:00:00,59.122243
2024-05-23 16:30:00,56.609033
2024-05-23 17:00:00,55.362728
2024-05-23 17:30:00,51.850413
2024-05-23 18:00:00,37.842356
2024-05-23 18:30:00,33.794439
2024-05-23 19:00:00,32.815935
2024-05-23 19:30:00,32.084632
2024-05-23 20:00:00,30.467525
2024-05-23 20:30:00,29.015219
2024-05-23 21:00:00,30.282125
2024-05-23 21:30:00,28.809219
2024-05-23 22:00:00,26.296008
2024-05-23 22:30:00,26.172408
2024-05-23 23:00:00,24.802502
2024-05-23 23:30:00,24.895202
2024-05-24 00:00:00,23.700398
2024-05-24 00:30:00,22.773394
2024-05-24 01:00:00,23.844598
2024-05-24 01:30:00,23.010295
2024-05-24 02:00:00,23.710698
2024-05-24 02:30:00,23.020595
2024-05-24 03:00:00,23.164795
2024-05-24 03:30:00,22.763094
2024-05-24 04:00:00,22.721894
2024-05-24 04:30:00,23.514997
2024-05-24 05:00:00,23.957899
2024-05-24 05:30:00,24.781902
2024-05-24 06:00:00,29.10792
2024-05-24 06:30:00,43.218978
2024-05-24 07:00:00,48.121798
2024-05-24 07:30:00,48.214498
2024-05-24 08:00:00,48.945801
2024-05-24 08:30:00,49.306303
2024-05-24 09:00:00,49.378403
2024-05-24 09:30:00,48.811901
2024-05-24 10:00:00,51.294211
2024-05-24 10:30:00,54.765325
2024-05-24 11:00:00,58.123139
2024-05-24 11:30:00,63.695462
2024-05-24 12:00:00,63.499761
2024-05-24 12:30:00,63.376161
2024-05-24 13:00:00,64.179564
2024-05-24 13:30:00,64.498865
2024-05-24 14:00:00,67.259277
2024-05-24 14:30:00,63.468861
2024-05-24 15:00:00,62.377057
2024-05-24 15:30:00,60.038947
2024-05-24 16:00:00,57.875938
2024-05-24 16:30:00,55.97043
2024-05-24 17:00:00,53.44692
2024-05-24 17:30:00,49.656504
2024-05-24 18:00:00,36.894752
2024-05-24 18:30:00,32.836535
2024-05-24 19:00:00,32.527534
2024-05-24 19:30:00,31.775631
2024-05-24 20:00:00,30.817727
2024-05-24 20:30:00,30.591126
2024-05-24 21:00:00,31.075228
2024-05-24 21:30:00,28.448717
2024-05-24 22:00:00,28.747418
2024-05-24 22:30:00,29.20062
2024-05-24 23:00:00,27.696814
2024-05-24 23:30:00,27.171512
2024-05-25 00:00:00,24.102099
2024-05-25 00:30:00,23.999099
2024-05-25 01:00:00,22.927894
2024-05-25 01:30:00,22.927894
2024-05-25 02:00:00,22.690993
2024-05-25 02:30:00,22.495293
2024-05-25 03:00:00,22.639493
2024-05-25 03:30:00,22.340792
2024-05-25 04:00:00,22.577693
2024-05-25 04:30:00,23.051495
2024-05-25 05:00:00,23.298696
2024-05-25 05:30:00,24.534701
2024-05-25 06:00:00,29.09762
2024-05-25 06:30:00,43.012977
2024-05-25 07:00:00,48.5853
2024-05-25 07:30:00,48.183598
2024-05-25 08:00:00,49.223903
2024-05-25 08:30:00,49.605004
2024-05-25 09:00:00,49.780105
2024-05-25 09:30:00,49.337203
2024-05-25 10:00:00,55.692329
2024-05-25 10:30:00,52.828917
2024-05-25 11:00:00,58.638141
2024-05-25 11:30:00,63.808763
2024-05-25 12:00:00,63.015659
2024-05-25 12:30:00,63.056859
2024-05-25 13:00:00,62.696358
2024-05-25 13:30:00,63.922063
2024-05-25 14:00:00,64.807867
2024-05-25 14:30:00,62.304956
2024-05-25 15:00:00,60.986551
2024-05-25 15:30:00,59.688746
2024-05-25 16:00:00,57.669937
2024-05-25 16:30:00,55.506928
2024-05-25 17:00:00,52.056414
2024-05-25 17:30:00,52.859818
2024-05-25 18:00:00,36.43125
2024-05-25 18:30:00,32.867435
2024-05-25 19:00:00,31.415129
2024-05-25 19:30:00,31.65203
2024-05-25 20:00:00,29.334521
2024-05-25 20:30:00,28.798919
2024-05-25 21:00:00,29.530222
2024-05-25 21:30:00,29.870123
2024-05-25 22:00:00,24.854002
2024-05-25 22:30:00,24.2051
2024-05-25 23:00:00,23.102995
2024-05-25 23:30:00,22.907294
2024-05-26 00:00:00,22.701293
2024-05-26 00:30:00,22.845494
2024-05-26 01:00:00,21.93909
2024-05-26 01:30:00,22.186291
2024-05-26 02:00:00,21.733089
2024-05-26 02:30:00,21.691889
2024-05-26 03:00:00,21.599189
2024-05-26 03:30:00,21.86699
2024-05-26 04:00:00,21.619789
2024-05-26 04:30:00,22.783694
2024-05-26 05:00:00,22.938194
2024-05-26 05:30:00,23.782798
2024-05-26 06:00:00,28.180916
2024-05-26 06:30:00,41.890272
2024-05-26 07:00:00,47.833397
2024-05-26 07:30:00,47.596496
2024-05-26 08:00:00,49.491704
2024-05-26 08:30:00,48.935501
2024-05-26 09:00:00,49.399003
2024-05-26 09:30:00,48.6986
2024-05-26 10:00:00,53.982522
2024-05-26 10:30:00,59.523945
2024-05-26 11:00:00,59.832946
2024-05-26 11:30:00,61.347052
2024-05-26 12:00:00,61.336752
2024-05-26 12:30:00,61.656054
2024-05-26 13:00:00,60.471549
2024-05-26 13:30:00,60.883551
2024-05-26 14:00:00,62.191656
2024-05-26 14:30:00,59.966847
2024-05-26 15:00:00,59.348844
2024-05-26 15:30:00,58.22614
2024-05-26 16:00:00,56.114631
2024-05-26 16:30:00,55.022826
2024-05-26 17:00:00,53.879522
2024-05-26 17:30:00,49.924305
2024-05-26 18:00:00,36.070748
2024-05-26 18:30:00,32.321533
2024-05-26 19:00:00,31.353329
2024-05-26 19:30:00,31.64173
2024-05-26 20:00:00,28.438417
2024-05-26 20:30:00,28.386917
2024-05-26 21:00:00,28.603218
2024-05-26 21:30:00,27.459913
2024-05-26 22:00:00,27.614414
2024-05-26 22:30:00,27.284812
2024-05-26 23:00:00,26.82131
2024-05-26 23:30:00,26.944911
2024-05-27 00:00:00,24.2566
2024-05-27 00:30:00,22.639493
2024-05-27 01:00:00,22.289292
2024-05-27 01:30:00,21.691889
2024-05-27 02:00:00,21.89789
2024-05-27 02:30:00,21.032687
2024-05-27 03:00:00,21.640389
2024-05-27 03:30:00,21.362288
2024-05-27 04:00:00,21.82579
2024-05-27 04:30:00,23.257496
2024-05-27 05:00:00,22.680693
2024-05-27 05:30:00,24.4008
2024-05-27 06:00:00,28.510517
2024-05-27 06:30:00,42.024173
2024-05-27 07:00:00,53.034918
2024-05-27 07:30:00,55.85713
2024-05-27 08:00:00,54.301823
2024-05-27 08:30:00,55.218527
2024-05-27 09:00:00,56.032231
2024-05-27 09:30:00,56.712033
2024-05-27 10:00:00,57.721438
2024-05-27 10:30:00,58.38064
2024-05-27 11:00:00,60.121347
2024-05-27 11:30:00,63.952963
2024-05-27 12:00:00,60.74965
2024-05-27 12:30:00,59.441545
2024-05-27 13:00:00,58.936843
2024-05-27 13:30:00,58.545441
2024-05-27 14:00:00,60.574549
2024-05-27 14:30:00,63.23196
2024-05-27 15:00:00,60.85265
2024-05-27 15:30:00,57.958339
2024-05-27 16:00:00,55.743829
2024-05-27 16:30:00,54.394524
2024-05-27 17:00:00,52.406616
2024-05-27 17:30:00,49.028202
2024-05-27 18:00:00,32.280333
2024-05-27 18:30:00,30.477825
2024-05-27 19:00:00,30.137924
2024-05-27 19:30:00,29.478721
2024-05-27 20:00:00,28.026415
2024-05-27 20:30:00,27.418713
2024-05-27 21:00:00,28.459017
2024-05-27 21:30:00,27.871915
2024-05-27 22:00:00,23.710698
2024-05-27 22:30:00,23.010295
2024-05-27 23:00:00,22.031791
2024-05-27 23:30:00,21.403488
2024-05-28 00:00:00,22.505593
2024-05-28 00:30:00,21.712489
2024-05-28 01:00:00,21.248987
2024-05-28 01:30:00,21.176887
2024-05-28 02:00:00,21.094487
2024-05-28 02:30:00,21.444688
2024-05-28 03:00:00,20.847286
2024-05-28 03:30:00,21.166587
2024-05-28 04:00:00,20.806086
2024-05-28 04:30:00,21.042987
2024-05-28 05:00:00,20.785486
2024-05-28 05:30:00,20.744285
2024-05-28 06:00:00,21.310788
2024-05-28 06:30:00,21.619789
2024-05-28 07:00:00,22.186291
2024-05-28 07:30:00,22.381992
2024-05-28 08:00:00,21.87729
2024-05-28 08:30:00,21.207787
2024-05-28 09:00:00,22.330492
2024-05-28 09:30:00,22.443792
2024-05-28 10:00:00,27.501113
2024-05-28 10:30:00,22.618893
2024-05-28 11:00:00,22.660093
2024-05-28 11:30:00,22.886694
2024-05-28 12:00:00,23.690097
2024-05-28 12:30:00,27.449613
2024-05-28 13:00:00,25.739806
2024-05-28 13:30:00,22.464392
2024-05-28 14:00:00,23.164795
2024-05-28 14:30:00,22.577693
2024-05-28 15:00:00,22.938194
2024-05-28 15:30:00,23.865198
2024-05-28 16:00:00,22.721894
2024-05-28 16:30:00,22.258392
2024-05-28 17:00:00,24.163899
2024-05-28 17:30:00,21.527089
2024-05-28 18:00:00,22.289292
2024-05-28 18:30:00,21.79489
2024-05-28 19:00:00,21.290188
2024-05-28 19:30:00,20.754585
2024-05-28 20:00:00,20.795786
2024-05-28 20:30:00,20.929686
2024-05-28 21:00:00,21.269588
2024-05-28 21:30:00,20.939986
2024-05-28 22:00:00,20.764885
2024-05-28 22:30:00,21.022387
2024-05-28 23:00:00,20.960586
2024-05-28 23:30:00,20.713385
2024-05-29 00:00:00,20.754585
2024-05-29 00:30:00,20.146883
2024-05-29 01:00:00,20.404384
2024-05-29 01:30:00,20.476484
2024-05-29 02:00:00,20.486784
2024-05-29 02:30:00,20.394084
2024-05-29 03:00:00,20.569185
2024-05-29 03:30:00,20.476484
2024-05-29 04:00:00,20.600085
2024-05-29 04:30:00,20.373484
2024-05-29 05:00:00,20.352884
2024-05-29 05:30:00,20.280783
2024-05-29 06:00:00,20.620685
2024-05-29 06:30:00,20.785486
2024-05-29 07:00:00,21.001786
2024-05-29 07:30:00,21.145987
2024-05-29 08:00:00,21.89789
2024-05-29 08:30:00,21.557989
2024-05-29 09:00:00,21.96999
2024-05-29 09:30:00,25.997307
2024-05-29 10:00:00,24.112399
2024-05-29 10:30:00,22.711593
2024-05-29 11:00:00,22.670393
2024-05-29 11:30:00,22.814594
2024-05-29 12:00:00,23.072095
2024-05-29 12:30:00,30.137924
2024-05-29 13:00:00,23.082395
2024-05-29 13:30:00,23.247196
2024-05-29 14:00:00,22.423192
2024-05-29 14:30:00,22.515893
2024-05-29 15:00:00,22.402592
2024-05-29 15:30:00,23.803398
2024-05-29 16:00:00,23.473797
2024-05-29 16:30:00,22.443792
2024-05-29 17:00:00,24.060899
2024-05-29 17:30:00,23.350196
2024-05-29 18:00:00,21.630089
2024-05-29 18:30:00,22.845494
2024-05-29 19:00:00,21.012086
2024-05-29 19:30:00,21.053287
2024-05-29 20:00:00,20.960586
2024-05-29 20:30:00,21.156287
2024-05-29 21:00:00,20.682485
2024-05-29 21:30:00,21.042987
2024-05-29 22:00:00,20.713385
2024-05-29 22:30:00,21.228387
2024-05-29 23:00:00,20.795786
2024-05-29 23:30:00,20.795786
2024-05-30 00:00:00,20.177783
2024-05-30 00:30:00,20.332284
2024-05-30 01:00:00,20.291084
2024-05-30 01:30:00,20.229283
2024-05-30 02:00:00,20.146883
2024-05-30 02:30:00,20.249883
2024-05-30 03:00:00,20.239583
2024-05-30 03:30:00,20.311684
2024-05-30 04:00:00,20.260183
2024-05-30 04:30:00,20.198383
2024-05-30 05:00:00,20.352884
2024-05-30 05:30:00,20.311684
2024-05-30 06:00:00,20.249883
2024-05-30 06:30:00,20.795786
2024-05-30 07:00:00,21.691889
2024-05-30 07:30:00,22.031791
2024-05-30 08:00:00,22.330492
2024-05-30 08:30:00,22.248092
2024-05-30 09:00:00,22.464392
2024-05-30 09:30:00,22.814594
2024-05-30 10:00:00,24.3905
2024-05-30 10:30:00,26.605009
2024-05-30 11:00:00,24.153599
2024-05-30 11:30:00,26.141508
2024-05-30 12:00:00,26.131208
2024-05-30 12:30:00,26.079707
2024-05-30 13:00:00,26.543209
2024-05-30 13:30:00,26.347508
2024-05-30 14:00:00,26.965511
2024-05-30 14:30:00,27.532013
2024-05-30 15:00:00,26.368109
2024-05-30 15:30:00,25.904607
2024-05-30 16:00:00,25.636806
2024-05-30 16:30:00,31.188528
2024-05-30 17:00:00,25.358704
2024-05-30 17:30:00,24.2978
2024-05-30 18:00:00,24.2669
2024-05-30 18:30:00,23.926998
2024-05-30 19:00:00,24.2257
2024-05-30 19:30:00,23.370796
2024-05-30 20:00:00,21.691889
2024-05-30 20:30:00,21.475588
2024-05-30 21:00:00,21.485888
2024-05-30 21:30:00,20.991486
2024-05-30 22:00:00,21.084187
2024-05-30 22:30:00,20.775185
2024-05-30 23:00:00,20.713385
2024-05-30 23:30:00,20.579485
2024-05-31 00:00:00,20.692785
2024-05-31 00:30:00,20.301384
2024-05-31 01:00:00,20.610385
2024-05-31 01:30:00,20.558885
2024-05-31 02:00:00,20.888486
2024-05-31 02:30:00,20.569185
2024-05-31 03:00:00,20.764885
2024-05-31 03:30:00,20.857586
2024-05-31 04:00:00,20.620685
2024-05-31 04:30:00,20.703085
2024-05-31 05:00:00,21.063587
2024-05-31 05:30:00,22.412892
2024-05-31 06:00:00,27.006711
2024-05-31 06:30:00,39.274062
2024-05-31 07:00:00,44.516783
2024-05-31 07:30:00,45.443787
2024-05-31 08:00:00,48.286599
2024-05-31 08:30:00,48.348399
2024-05-31 09:00:00,49.903705
2024-05-31 09:30:00,57.587537
2024-05-31 10:00:00,57.196135
2024-05-31 10:30:00,60.595149
2024-05-31 11:00:00,61.542753
2024-05-31 11:30:00,63.530661
2024-05-31 12:00:00,64.303165
2024-05-31 12:30:00,64.426765
2024-05-31 13:00:00,65.940871
2024-05-31 13:30:00,72.131197
2024-05-31 14:00:00,67.578578
2024-05-31 14:30:00,64.643066
2024-05-31 15:00:00,63.808763
2024-05-31 15:30:00,62.428557
2024-05-31 16:00:00,60.84235
2024-05-31 16:30:00,60.286148
2024-05-31 17:00:00,57.989239
2024-05-31 17:30:00,54.693225
2024-05-31 18:00:00,34.381541
2024-05-31 18:30:00,31.940431
2024-05-31 19:00:00,30.107024
2024-05-31 19:30:00,30.137924
2024-05-31 20:00:00,28.397217
2024-05-31 20:30:00,27.851315
2024-05-31 21:00:00,27.552613
2024-05-31 21:30:00,28.819519
2024-05-31 22:00:00,27.058211
2024-05-31 22:30:00,26.76981
2024-05-31 23:00:00,26.419609
2024-05-31 23:30:00,26.151808
2024-06-01 00:00:00,22.505593
2024-06-01 00:30:00,21.77429
2024-06-01 01:00:00,20.970886
2024-06-01 01:30:00,21.351988
2024-06-01 02:00:00,21.187187
2024-06-01 02:30:00,21.063587
2024-06-01 03:00:00,20.703085
2024-06-01 03:30:00,21.042987
2024-06-01 04:00:00,21.022387
2024-06-01 04:30:00,21.496188
2024-06-01 05:00:00,21.80519
2024-06-01 05:30:00,22.557093
2024-06-01 06:00:00,27.799814
2024-06-01 06:30:00,40.407066
2024-06-01 07:00:00,45.732188
2024-06-01 07:30:00,49.502004
2024-06-01 08:00:00,48.956101
2024-06-01 08:30:00,49.471104
2024-06-01 09:00:00,48.894301
2024-06-01 09:30:00,49.100302
2024-06-01 10:00:00,54.878626
2024-06-01 10:30:00,58.504241
2024-06-01 11:00:00,63.705762
2024-06-01 11:30:00,60.883551
2024-06-01 12:00:00,60.873251
2024-06-01 12:30:00,61.336752
2024-06-01 13:00:00,61.800254
2024-06-01 13:30:00,63.07746
2024-06-01 14:00:00,68.938184
2024-06-01 14:30:00,60.327348
2024-06-01 15:00:00,59.029543
2024-06-01 15:30:00,60.492149
2024-06-01 16:00:00,57.041635
2024-06-01 16:30:00,55.352428
2024-06-01 17:00:00,52.962818
2024-06-01 17:30:00,49.409303
2024-06-01 18:00:00,34.752343
2024-06-01 18:30:00,32.723235
2024-06-01 19:00:00,35.071644
2024-06-01 19:30:00,34.08284
2024-06-01 20:00:00,29.427221
2024-06-01 20:30:00,29.828923
2024-06-01 21:00:00,27.830715
2024-06-01 21:30:00,27.871915
2024-06-01 22:00:00,26.275408
2024-06-01 22:30:00,23.236896
2024-06-01 23:00:00,22.392292
2024-06-01 23:30:00,22.361392
2024-06-02 00:00:00,22.505593
2024-06-02 00:30:00,26.223908
2024-06-02 01:00:00,24.3287
2024-06-02 01:30:00,21.91849
2024-06-02 02:00:00,21.88759
2024-06-02 02:30:00,22.763094
2024-06-02 03:00:00,22.454092
2024-06-02 03:30:00,26.574109
2024-06-02 04:00:00,23.751898
2024-06-02 04:30:00,22.093591
2024-06-02 05:00:00,22.515893
2024-06-02 05:30:00,23.525297
2024-06-02 06:00:00,28.407517
2024-06-02 06:30:00,42.158073
2024-06-02 07:00:00,51.211811
2024-06-02 07:30:00,47.514096
2024-06-02 08:00:00,52.787717
2024-06-02 08:30:00,50.027306
2024-06-02 09:00:00,52.540516
2024-06-02 09:30:00,57.597837
2024-06-02 10:00:00,53.210019
2024-06-02 10:30:00,55.620229
2024-06-02 11:00:00,59.338544
2024-06-02 11:30:00,59.709346
2024-06-02 12:00:00,64.498865
2024-06-02 12:30:00,58.617541
2024-06-02 13:00:00,58.442441
2024-06-02 13:30:00,58.751442
2024-06-02 14:00:00,62.510957
2024-06-02 14:30:00,57.948038
2024-06-02 15:00:00,57.515437
2024-06-02 15:30:00,53.48812
2024-06-02 16:00:00,54.775625
2024-06-02 16:30:00,53.735321
2024-06-02 17:00:00,52.458116
2024-06-02 17:30:00,50.676209
2024-06-02 18:00:00,34.711143
2024-06-02 18:30:00,31.137028
2024-06-02 19:00:00,33.547238
2024-06-02 19:30:00,33.073436
2024-06-02 20:00:00,28.603218
2024-06-02 20:30:00,27.367213
2024-06-02 21:00:00,26.934611
2024-06-02 21:30:00,30.065824
2024-06-02 22:00:00,27.583514
2024-06-02 22:30:00,26.162108
2024-06-02 23:00:00,25.060003
2024-06-02 23:30:00,25.935507
2024-06-03 00:00:00,22.412892
2024-06-03 00:30:00,24.854002
2024-06-03 01:00:00,24.730402
2024-06-03 01:30:00,22.732194
2024-06-03 02:00:00,23.102995
2024-06-03 02:30:00,22.402592
2024-06-03 03:00:00,21.85669
2024-06-03 03:30:00,22.351092
2024-06-03 04:00:00,23.484097
2024-06-03 04:30:00,25.430805
2024-06-03 05:00:00,22.979395
2024-06-03 05:30:00,24.627401
2024-06-03 06:00:00,29.489021
2024-06-03 06:30:00,42.683376
2024-06-03 07:00:00,46.813693
2024-06-03 07:30:00,47.761297
2024-06-03 08:00:00,49.079702
2024-06-03 08:30:00,49.532904
2024-06-03 09:00:00,48.935501
2024-06-03 09:30:00,57.649337
2024-06-03 10:00:00,50.140606
2024-06-03 10:30:00,58.720542
2024-06-03 11:00:00,57.978939
2024-06-03 11:30:00,54.415124
2024-06-03 12:00:00,57.845038
2024-06-03 12:30:00,55.92923
2024-06-03 13:00:00,58.957443
2024-06-03 13:30:00,60.347948
2024-06-03 14:00:00,59.111943
2024-06-03 14:30:00,55.90863
2024-06-03 15:00:00,48.358699
2024-06-03 15:30:00,52.396316
2024-06-03 16:00:00,49.635904
2024-06-03 16:30:00,46.865193
2024-06-03 17:00:00,44.207782
2024-06-03 17:30:00,49.193002
2024-06-03 18:00:00,33.93864
2024-06-03 18:30:00,32.589334
2024-06-03 19:00:00,31.785931
2024-06-03 19:30:00,30.601426
2024-06-03 20:00:00,27.696814
2024-06-03 20:30:00,31.013428
2024-06-03 21:00:00,27.120012
2024-06-03 21:30:00,27.315712
2024-06-03 22:00:00,24.565601
2024-06-03 22:30:00,24.050599
2024-06-03 23:00:00,27.243612
2024-06-03 23:30:00,24.854002
2024-06-04 00:00:00,22.526193
2024-06-04 00:30:00,22.392292
2024-06-04 01:00:00,21.77429
2024-06-04 01:30:00,22.474692
2024-06-04 02:00:00,22.608593
2024-06-04 02:30:00,23.061795
2024-06-04 03:00:00,22.896994
2024-06-04 03:30:00,22.577693
2024-06-04 04:00:00,22.114191
2024-06-04 04:30:00,22.536493
2024-06-04 05:00:00,22.248092
2024-06-04 05:30:00,23.082395
2024-06-04 06:00:00,24.637701
2024-06-04 06:30:00,24.648001
2024-06-04 07:00:00,24.998203
2024-06-04 07:30:00,26.048807
2024-06-04 08:00:00,24.946703
2024-06-04 08:30:00,24.751002
2024-06-04 09:00:00,24.091799
2024-06-04 09:30:00,24.555301
2024-06-04 10:00:00,27.109712
2024-06-04 10:30:00,26.955211
2024-06-04 11:00:00,25.369004
2024-06-04 11:30:00,25.461705
2024-06-04 12:00:00,25.410205
2024-06-04 12:30:00,25.956107
2024-06-04 13:00:00,26.924311
2024-06-04 13:30:00,24.3699
2024-06-04 14:00:00,23.834298
2024-06-04 14:30:00,24.050599
2024-06-04 15:00:00,24.2978
2024-06-04 15:30:00,28.592918
2024-06-04 16:00:00,26.347508
2024-06-04 16:30:00,24.864302
2024-06-04 17:00:00,24.029999
2024-06-04 17:30:00,23.545897
2024-06-04 18:00:00,22.752794
2024-06-04 18:30:00,21.279888
2024-06-04 19:00:00,21.104787
2024-06-04 19:30:00,22.783694
2024-06-04 20:00:00,22.804294
2024-06-04 20:30:00,22.402592
2024-06-04 21:00:00,22.392292
2024-06-04 21:30:00,22.629193
2024-06-04 22:00:00,22.351092
2024-06-04 22:30:00,23.041195
2024-06-04 23:00:00,22.443792
2024-06-04 23:30:00,22.845494
2024-06-05 00:00:00,22.763094
2024-06-05 00:30:00,22.423192
2024-06-05 01:00:00,22.629193
2024-06-05 01:30:00,22.587993
2024-06-05 02:00:00,22.835194
2024-06-05 02:30:00,23.113295
2024-06-05 03:00:00,22.721894
2024-06-05 03:30:00,22.938194
2024-06-05 04:00:00,22.206891
2024-06-05 04:30:00,22.186291
2024-06-05 05:00:00,23.154495
2024-06-05 05:30:00,22.629193
2024-06-05 06:00:00,23.133895
2024-06-05 06:30:00,23.432596
2024-06-05 07:00:00,23.041195
2024-06-05 07:30:00,23.648897
2024-06-05 08:00:00,23.628297
2024-06-05 08:30:00,24.050599
2024-06-05 09:00:00,24.040299
2024-06-05 09:30:00,24.3493
2024-06-05 10:00:00,24.586201
2024-06-05 10:30:00,24.431701
2024-06-05 11:00:00,24.823102
2024-06-05 11:30:00,25.966407
2024-06-05 12:00:00,25.235104
2024-06-05 12:30:00,25.080603
2024-06-05 13:00:00,25.678006
2024-06-05 13:30:00,26.048807
2024-06-05 14:00:00,30.426325
2024-06-05 14:30:00,24.1948
2024-06-05 15:00:00,22.938194
2024-06-05 15:30:00,24.163899
2024-06-05 16:00:00,23.587097
2024-06-05 16:30:00,24.565601
2024-06-05 17:00:00,24.3287
2024-06-05 17:30:00,24.2463
2024-06-05 18:00:00,27.614414
2024-06-05 18:30:00,26.914011
2024-06-05 19:00:00,24.091799
2024-06-05 19:30:00,24.3287
2024-06-05 20:00:00,24.452301
2024-06-05 20:30:00,23.494397
2024-06-05 21:00:00,23.669497
2024-06-05 21:30:00,24.987903
2024-06-05 22:00:00,30.179124
2024-06-05 22:30:00,23.762198
2024-06-05 23:00:00,23.803398
2024-06-05 23:30:00,23.947599
2024-06-06 00:00:00,23.751898
2024-06-06 00:30:00,23.288396
2024-06-06 01:00:00,24.2772
2024-06-06 01:30:00,30.385125
2024-06-06 02:00:00,23.226596
2024-06-06 02:30:00,22.917594
2024-06-06 03:00:00,23.422296
2024-06-06 03:30:00,23.494397
2024-06-06 04:00:00,23.236896
2024-06-06 04:30:00,25.193904
2024-06-06 05:00:00,30.436625
2024-06-06 05:30:00,29.787723
2024-06-06 06:00:00,28.953419
2024-06-06 06:30:00,46.19569
2024-06-06 07:00:00,53.41602
2024-06-06 07:30:00,58.195239
2024-06-06 08:00:00,56.547233
2024-06-06 08:30:00,55.270027
2024-06-06 09:00:00,52.880418
2024-06-06 09:30:00,57.175535
2024-06-06 10:00:00,52.870118
2024-06-06 10:30:00,55.723229
2024-06-06 11:00:00,56.639933
2024-06-06 11:30:00,59.791746
2024-06-06 12:00:00,53.961922
2024-06-06 12:30:00,51.459012
2024-06-06 13:00:00,51.11911
2024-06-06 13:30:00,52.324215
2024-06-06 14:00:00,54.064922
2024-06-06 14:30:00,52.293315
2024-06-06 15:00:00,52.159415
2024-06-06 15:30:00,50.789509
2024-06-06 16:00:00,50.161206
2024-06-06 16:30:00,50.017006
2024-06-06 17:00:00,49.182702
2024-06-06 17:30:00,48.389599
2024-06-06 18:00:00,32.723235
2024-06-06 18:30:00,31.198828
2024-06-06 19:00:00,30.065824
2024-06-06 19:30:00,29.18002
2024-06-06 20:00:00,28.047015
2024-06-06 20:30:00,27.593814
2024-06-06 21:00:00,27.655614
2024-06-06 21:30:00,27.212712
2024-06-06 22:00:00,23.411996
2024-06-06 22:30:00,22.000891
2024-06-06 23:00:00,21.660989
2024-06-06 23:30:00,21.557989
2024-06-07 00:00:00,22.052391
2024-06-07 00:30:00,21.166587
2024-06-07 01:00:00,20.857586
2024-06-07 01:30:00,21.156287
2024-06-07 02:00:00,21.444688
2024-06-07 02:30:00,21.218087
2024-06-07 03:00:00,21.269588
2024-06-07 03:30:00,21.660989
2024-06-07 04:00:00,21.485888
2024-06-07 04:30:00,20.981186
2024-06-07 05:00:00,21.321088
2024-06-07 05:30:00,23.102995
2024-06-07 06:00:00,28.119116
2024-06-07 06:30:00,47.277195
2024-06-07 07:00:00,51.510512
2024-06-07 07:30:00,51.860713
2024-06-07 08:00:00,54.765325
2024-06-07 08:30:00,53.48812
2024-06-07 09:00:00,52.674417
2024-06-07 09:30:00,52.324215
2024-06-07 10:00:00,50.645308
2024-06-07 10:30:00,50.748309
2024-06-07 11:00:00,51.263311
2024-06-07 11:30:00,51.376611
2024-06-07 12:00:00,51.963714
2024-06-07 12:30:00,50.810109
2024-06-07 13:00:00,50.181807
2024-06-07 13:30:00,57.690537
2024-06-07 14:00:00,50.346607
2024-06-07 14:30:00,50.696809
2024-06-07 15:00:00,52.447816
2024-06-07 15:30:00,48.4926
2024-06-07 16:00:00,49.646204
2024-06-07 16:30:00,48.5956
2024-06-07 17:00:00,48.389599
2024-06-07 17:30:00,48.471999
2024-06-07 18:00:00,33.712039
2024-06-07 18:30:00,32.239133
2024-06-07 19:00:00,31.837431
2024-06-07 19:30:00,31.353329
2024-06-07 20:00:00,29.24182
2024-06-07 20:30:00,29.859823
2024-06-07 21:00:00,29.21092
2024-06-07 21:30:00,28.613518
2024-06-07 22:00:00,26.543209
2024-06-07 22:30:00,26.460809
2024-06-07 23:00:00,26.553509
2024-06-07 23:30:00,26.141508
2024-06-08 00:00:00,24.174199
2024-06-08 00:30:00,23.350196
2024-06-08 01:00:00,23.247196
2024-06-08 01:30:00,23.442896
2024-06-08 02:00:00,23.216296
2024-06-08 02:30:00,23.360496
2024-06-08 03:00:00,22.443792
2024-06-08 03:30:00,22.773394
2024-06-08 04:00:00,23.092695
2024-06-08 04:30:00,22.660093
2024-06-08 05:00:00,23.329596
2024-06-08 05:30:00,24.895202
2024-06-08 06:00:00,29.756822
2024-06-08 06:30:00,50.315707
2024-06-08 07:00:00,58.092239
2024-06-08 07:30:00,57.989239
2024-06-08 08:00:00,54.940426
2024-06-08 08:30:00,60.471549
2024-06-08 09:00:00,54.250323
2024-06-08 09:30:00,52.190315
2024-06-08 10:00:00,51.582612
2024-06-08 10:30:00,51.603212
2024-06-08 11:00:00,50.696809
2024-06-08 11:30:00,50.295107
2024-06-08 12:00:00,50.480508
2024-06-08 12:30:00,49.955206
2024-06-08 13:00:00,55.383328
2024-06-08 13:30:00,49.769805
2024-06-08 14:00:00,50.707109
2024-06-08 14:30:00,50.274507
2024-06-08 15:00:00,49.038502
2024-06-08 15:30:00,47.853997
2024-06-08 16:00:00,47.946697
2024-06-08 16:30:00,48.121798
2024-06-08 17:00:00,45.917589
2024-06-08 17:30:00,46.05149
2024-06-08 18:00:00,33.598738
2024-06-08 18:30:00,32.239133
2024-06-08 19:00:00,30.539626
2024-06-08 19:30:00,31.198828
2024-06-08 20:00:00,30.652926
2024-06-08 20:30:00,30.652926
2024-06-08 21:00:00,30.436625
2024-06-08 21:30:00,29.695022
2024-06-08 22:00:00,28.386917
2024-06-08 22:30:00,26.996411
2024-06-08 23:00:00,28.016115
2024-06-08 23:30:00,26.74921
2024-06-09 00:00:00,26.914011
2024-06-09 00:30:00,26.79041
2024-06-09 01:00:00,25.832506
2024-06-09 01:30:00,26.450509
2024-06-09 02:00:00,26.296008
2024-06-09 02:30:00,26.491709
2024-06-09 03:00:00,25.544105
2024-06-09 03:30:00,25.430805
2024-06-09 04:00:00,25.575005
2024-06-09 04:30:00,26.83161
2024-06-09 05:00:00,27.521713
2024-06-09 05:30:00,29.468421
2024-06-09 06:00:00,33.011636
2024-06-09 06:30:00,47.668596
2024-06-09 07:00:00,51.10881
2024-06-09 07:30:00,52.458116
2024-06-09 08:00:00,54.538724
2024-06-09 08:30:00,55.280327
2024-06-09 09:00:00,54.569625
2024-06-09 09:30:00,53.076118
2024-06-09 10:00:00,53.086418
2024-06-09 10:30:00,50.583508
2024-06-09 11:00:00,50.295107
2024-06-09 11:30:00,50.655608
2024-06-09 12:00:00,49.831605
2024-06-09 12:30:00,55.568729
2024-06-09 13:00:00,51.191211
2024-06-09 13:30:00,49.460804
2024-06-09 14:00:00,55.362728
2024-06-09 14:30:00,52.015214
2024-06-09 15:00:00,49.852205
2024-06-09 15:30:00,48.894301
2024-06-09 16:00:00,48.338099
2024-06-09 16:30:00,46.741592
2024-06-09 17:00:00,45.443787
2024-06-09 17:30:00,45.515887
2024-06-09 18:00:00,33.361837
2024-06-09 18:30:00,32.290633
2024-06-09 19:00:00,31.713831
2024-06-09 19:30:00,31.106128
2024-06-09 20:00:00,30.282125
2024-06-09 20:30:00,30.148224
2024-06-09 21:00:00,29.622922
2024-06-09 21:30:00,28.541417
2024-06-09 22:00:00,27.913115
2024-06-09 22:30:00,26.69771
2024-06-09 23:00:00,26.100307
2024-06-09 23:30:00,26.275408
2024-06-10 00:00:00,24.823102
2024-06-10 00:30:00,24.658301
2024-06-10 01:00:00,25.276304
2024-06-10 01:30:00,24.503801
2024-06-10 02:00:00,24.658301
2024-06-10 02:30:00,23.854898
2024-06-10 03:00:00,24.462601
2024-06-10 03:30:00,24.472901
2024-06-10 04:00:00,24.833402
2024-06-10 04:30:00,24.987903
2024-06-10 05:00:00,25.060003
2024-06-10 05:30:00,27.665914
2024-06-10 06:00:00,30.951627
2024-06-10 06:30:00,47.163894
2024-06-10 07:00:00,53.045218
2024-06-10 07:30:00,52.262415
2024-06-10 08:00:00,53.961922
2024-06-10 08:30:00,54.250323
2024-06-10 09:00:00,54.167923
2024-06-10 09:30:00,53.210019
2024-06-10 10:00:00,50.810109
2024-06-10 10:30:00,50.583508
2024-06-10 11:00:00,50.542308
2024-06-10 11:30:00,51.448712
2024-06-10 12:00:00,53.941322
2024-06-10 12:30:00,50.542308
2024-06-10 13:00:00,50.490808
2024-06-10 13:30:00,50.150906
2024-06-10 14:00:00,53.117319
2024-06-10 14:30:00,49.100302
2024-06-10 15:00:00,48.791301
2024-06-10 15:30:00,48.296899
2024-06-10 16:00:00,41.776972
2024-06-10 16:30:00,49.059102
2024-06-10 17:00:00,46.28839
2024-06-10 17:30:00,46.453191
2024-06-10 18:00:00,31.188528
2024-06-10 18:30:00,31.343029
2024-06-10 19:00:00,30.683826
2024-06-10 19:30:00,30.704426
2024-06-10 20:00:00,30.951627
2024-06-10 20:30:00,28.603218
2024-06-10 21:00:00,29.283021
2024-06-10 21:30:00,27.985215
2024-06-10 22:00:00,26.357808
2024-06-10 22:30:00,25.956107
2024-06-10 23:00:00,26.213608
2024-06-10 23:30:00,26.131208
2024-06-11 00:00:00,26.357808
2024-06-11 00:30:00,24.143299
2024-06-11 01:00:00,25.101203
2024-06-11 01:30:00,24.823102
2024-06-11 02:00:00,24.936403
2024-06-11 02:30:00,25.595605
2024-06-11 03:00:00,24.3081
2024-06-11 03:30:00,25.647106
2024-06-11 04:00:00,24.792202
2024-06-11 04:30:00,24.946703
2024-06-11 05:00:00,25.338104
2024-06-11 05:30:00,24.637701
2024-06-11 06:00:00,25.080603
2024-06-11 06:30:00,26.038507
2024-06-11 07:00:00,26.244508
2024-06-11 07:30:00,25.585305
2024-06-11 08:00:00,26.141508
2024-06-11 08:30:00,26.275408
2024-06-11 09:00:00,26.172408
2024-06-11 09:30:00,25.667706
2024-06-11 10:00:00,25.801606
2024-06-11 10:30:00,26.80071
2024-06-11 11:00:00,26.69771
2024-06-11 11:30:00,27.799814
2024-06-11 12:00:00,26.460809
2024-06-11 12:30:00,26.193008
2024-06-11 13:00:00,27.212712
2024-06-11 13:30:00,27.810114
2024-06-11 14:00:00,26.75951
2024-06-11 14:30:00,26.141508
2024-06-11 15:00:00,27.089111
2024-06-11 15:30:00,25.523505
2024-06-11 16:00:00,25.132103
2024-06-11 16:30:00,26.048807
2024-06-11 17:00:00,25.801606
2024-06-11 17:30:00,24.555301
2024-06-11 18:00:00,24.555301
2024-06-11 18:30:00,25.090903
2024-06-11 19:00:00,23.484097
2024-06-11 19:30:00,23.720998
2024-06-11 20:00:00,22.330492
2024-06-11 20:30:00,23.885798
2024-06-11 21:00:00,23.463497
2024-06-11 21:30:00,23.844598
2024-06-11 22:00:00,24.4214
2024-06-11 22:30:00,23.545897
2024-06-11 23:00:00,23.278096
2024-06-11 23:30:00,23.195695
2024-06-12 00:00:00,23.247196
2024-06-12 00:30:00,22.495293
2024-06-12 01:00:00,23.648897
2024-06-12 01:30:00,23.628297
2024-06-12 02:00:00,23.453197
2024-06-12 02:30:00,23.504697
2024-06-12 03:00:00,22.969095
2024-06-12 03:30:00,22.804294
2024-06-12 04:00:00,22.433492
2024-06-12 04:30:00,22.567393
2024-06-12 05:00:00,22.876394
2024-06-12 05:30:00,23.154495
2024-06-12 06:00:00,23.566497
2024-06-12 06:30:00,22.495293
2024-06-12 07:00:00,22.608593
2024-06-12 07:30:00,23.226596
2024-06-12 08:00:00,23.113295
2024-06-12 08:30:00,25.286604
2024-06-12 09:00:00,23.834298
2024-06-12 09:30:00,25.585305
2024-06-12 10:00:00,23.545897
2024-06-12 10:30:00,23.957899
2024-06-12 11:00:00,24.029999
2024-06-12 11:30:00,24.2463
2024-06-12 12:00:00,24.3184
2024-06-12 12:30:00,23.442896
2024-06-12 13:00:00,24.781902
2024-06-12 13:30:00,24.854002
2024-06-12 14:00:00,25.492605
2024-06-12 14:30:00,24.3596
2024-06-12 15:00:00,25.987007
2024-06-12 15:30:00,24.112399
2024-06-12 16:00:00,23.319296
2024-06-12 16:30:00,22.999995
2024-06-12 17:00:00,24.2051
2024-06-12 17:30:00,24.627401
2024-06-12 18:00:00,23.988799
2024-06-12 18:30:00,25.121803
2024-06-12 19:00:00,23.267796
2024-06-12 19:30:00,22.793994
2024-06-12 20:00:00,22.752794
2024-06-12 20:30:00,23.422296
2024-06-12 21:00:00,23.442896
2024-06-12 21:30:00,23.226596
2024-06-12 22:00:00,23.216296
2024-06-12 22:30:00,22.031791
2024-06-12 23:00:00,22.670393
2024-06-12 23:30:00,23.205995
2024-06-13 00:00:00,22.484993
2024-06-13 00:30:00,22.031791
2024-06-13 01:00:00,21.85669
2024-06-13 01:30:00,21.424088
2024-06-13 02:00:00,22.186291
2024-06-13 02:30:00,22.114191
2024-06-13 03:00:00,22.145091
2024-06-13 03:30:00,21.79489
2024-06-13 04:00:00,21.145987
2024-06-13 04:30:00,22.103891
2024-06-13 05:00:00,22.474692
2024-06-13 05:30:00,25.266004
2024-06-13 06:00:00,29.901023
2024-06-13 06:30:00,46.978493
2024-06-13 07:00:00,52.715617
2024-06-13 07:30:00,53.034918
2024-06-13 08:00:00,55.331828
2024-06-13 08:30:00,55.77473
2024-06-13 09:00:00,54.260623
2024-06-13 09:30:00,53.848622
2024-06-13 10:00:00,52.756817
2024-06-13 10:30:00,52.715617
2024-06-13 11:00:00,50.490808
2024-06-13 11:30:00,49.409303
2024-06-13 12:00:00,50.109706
2024-06-13 12:30:00,49.821305
2024-06-13 13:00:00,50.346607
2024-06-13 13:30:00,51.170611
2024-06-13 14:00:00,48.956101
2024-06-13 14:30:00,47.874597
2024-06-13 15:00:00,48.5235
2024-06-13 15:30:00,48.7192
2024-06-13 16:00:00,48.132098
2024-06-13 16:30:00,47.596496
2024-06-13 17:00:00,44.877285
2024-06-13 17:30:00,44.506483
2024-06-13 18:00:00,33.97984
2024-06-13 18:30:00,32.537834
2024-06-13 19:00:00,31.713831
2024-06-13 19:30:00,30.992828
2024-06-13 20:00:00,28.922519
2024-06-13 20:30:00,29.05642
2024-06-13 21:00:00,29.416921
2024-06-13 21:30:00,28.860719
2024-06-13 22:00:00,26.481409
2024-06-13 22:30:00,25.791306
2024-06-13 23:00:00,24.884902
2024-06-13 23:30:00,24.884902
2024-06-14 00:00:00,25.523505
2024-06-14 00:30:00,25.595605
2024-06-14 01:00:00,25.338104
2024-06-14 01:30:00,25.039403
2024-06-14 02:00:00,24.668602
2024-06-14 02:30:00,25.276304
2024-06-14 03:00:00,25.163004
2024-06-14 03:30:00,25.420505
2024-06-14 04:00:00,25.111503
2024-06-14 04:30:00,24.534701
2024-06-14 05:00:00,23.947599
2024-06-14 05:30:00,25.945807
2024-06-14 06:00:00,30.446925
2024-06-14 06:30:00,36.596051
2024-06-14 07:00:00,39.387362
2024-06-14 07:30:00,40.365866
2024-06-14 08:00:00,41.715172
2024-06-14 08:30:00,41.550371
2024-06-14 09:00:00,51.675313
2024-06-14 09:30:00,53.910422
2024-06-14 10:00:00,52.138815
2024-06-14 10:30:00,50.902809
2024-06-14 11:00:00,51.366311
2024-06-14 11:30:00,51.963714
2024-06-14 12:00:00,52.849517
2024-06-14 12:30:00,51.479612
2024-06-14 13:00:00,51.469312
2024-06-14 13:30:00,52.427216
2024-06-14 14:00:00,59.647545
2024-06-14 14:30:00,55.568729
2024-06-14 15:00:00,50.346607
2024-06-14 15:30:00,49.090002
2024-06-14 16:00:00,48.5235
2024-06-14 16:30:00,48.399899
2024-06-14 17:00:00,46.11329
2024-06-14 17:30:00,45.855789
2024-06-14 18:00:00,32.857135
2024-06-14 18:30:00,31.961032
2024-06-14 19:00:00,31.394529
2024-06-14 19:30:00,31.827131
2024-06-14 20:00:00,30.972227
2024-06-14 20:30:00,31.250329
2024-06-14 21:00:00,29.870123
2024-06-14 21:30:00,28.850419
2024-06-14 22:00:00,28.706218
2024-06-14 22:30:00,28.253016
2024-06-14 23:00:00,28.211816
2024-06-14 23:30:00,28.747418
2024-06-15 00:00:00,27.253912
2024-06-15 00:30:00,26.048807
2024-06-15 01:00:00,25.884007
2024-06-15 01:30:00,26.73891
2024-06-15 02:00:00,25.327804
2024-06-15 02:30:00,24.864302
2024-06-15 03:00:00,25.441105
2024-06-15 03:30:00,24.833402
2024-06-15 04:00:00,24.2257
2024-06-15 04:30:00,23.854898
2024-06-15 05:00:00,25.101203
2024-06-15 05:30:00,26.64621
2024-06-15 06:00:00,29.952523
2024-06-15 06:30:00,45.289286
2024-06-15 07:00:00,54.188523
2024-06-15 07:30:00,54.559325
2024-06-15 08:00:00,54.816826
2024-06-15 08:30:00,55.064027
2024-06-15 09:00:00,53.704421
2024-06-15 09:30:00,51.170611
2024-06-15 10:00:00,51.479612
2024-06-15 10:30:00,50.789509
2024-06-15 11:00:00,52.756817
2024-06-15 11:30:00,52.540516
2024-06-15 12:00:00,57.639037
2024-06-15 12:30:00,55.517228
2024-06-15 13:00:00,56.269132
2024-06-15 13:30:00,56.083731
2024-06-15 14:00:00,56.413332
2024-06-15 14:30:00,57.278536
2024-06-15 15:00:00,62.026855
2024-06-15 15:30:00,60.75995
2024-06-15 16:00:00,54.724125
2024-06-15 16:30:00,50.387807
2024-06-15 17:00:00,46.391391
2024-06-15 17:30:00,45.423187
2024-06-15 18:00:00,34.07254
2024-06-15 18:30:00,32.671734
2024-06-15 19:00:00,31.755031
2024-06-15 19:30:00,30.611726
2024-06-15 20:00:00,29.643522
2024-06-15 20:30:00,29.695022
2024-06-15 21:00:00,29.16972
2024-06-15 21:30:00,28.273616
2024-06-15 22:00:00,26.234208
2024-06-15 22:30:00,24.843702
2024-06-15 23:00:00,25.430805
2024-06-15 23:30:00,25.420505
2024-06-16 00:00:00,25.564705
2024-06-16 00:30:00,25.472005
2024-06-16 01:00:00,24.514101
2024-06-16 01:30:00,25.245404
2024-06-16 02:00:00,24.792202
2024-06-16 02:30:00,24.4008
2024-06-16 03:00:00,24.884902
2024-06-16 03:30:00,24.874602
2024-06-16 04:00:00,24.730402
2024-06-16 04:30:00,25.647106
2024-06-16 05:00:00,25.904607
2024-06-16 05:30:00,29.437521
2024-06-16 06:00:00,32.331833
2024-06-16 06:30:00,49.079702
2024-06-16 07:00:00,54.178223
2024-06-16 07:30:00,54.353324
2024-06-16 08:00:00,54.106123
2024-06-16 08:30:00,54.610825
2024-06-16 09:00:00,54.343024
2024-06-16 09:30:00,53.271819
2024-06-16 10:00:00,52.283015
2024-06-16 10:30:00,52.313915
2024-06-16 11:00:00,55.105227
2024-06-16 11:30:00,51.500212
2024-06-16 12:00:00,51.13971
2024-06-16 12:30:00,52.921618
2024-06-16 13:00:00,54.755025
2024-06-16 13:30:00,59.771146
2024-06-16 14:00:00,61.357352
2024-06-16 14:30:00,59.369444
2024-06-16 15:00:00,58.39094
2024-06-16 15:30:00,57.711137
2024-06-16 16:00:00,55.537829
2024-06-16 16:30:00,49.048802
2024-06-16 17:00:00,46.514991
2024-06-16 17:30:00,45.824889
2024-06-16 18:00:00,33.361837
2024-06-16 18:30:00,32.146432
2024-06-16 19:00:00,31.291529
2024-06-16 19:30:00,30.611726
2024-06-16 20:00:00,29.025519
2024-06-16 20:30:00,29.643522
2024-06-16 21:00:00,29.293321
2024-06-16 21:30:00,29.23152
2024-06-16 22:00:00,27.789514
2024-06-16 22:30:00,26.532909
2024-06-16 23:00:00,27.274512
2024-06-16 23:30:00,26.903711
2024-06-17 00:00:00,26.62561
2024-06-17 00:30:00,26.038507
2024-06-17 01:00:00,24.596501
2024-06-17 01:30:00,25.235104
2024-06-17 02:00:00,23.762198
2024-06-17 02:30:00,24.071199
2024-06-17 03:00:00,23.679797
2024-06-17 03:30:00,23.041195
2024-06-17 04:00:00,22.763094
2024-06-17 04:30:00,24.3184
2024-06-17 05:00:00,23.617997
2024-06-17 05:30:00,25.647106
2024-06-17 06:00:00,30.714726
2024-06-17 06:30:00,46.13389
2024-06-17 07:00:00,49.883105
2024-06-17 07:30:00,49.368103
2024-06-17 08:00:00,49.718305
2024-06-17 08:30:00,50.94401
2024-06-17 09:00:00,49.862505
2024-06-17 09:30:00,50.562908
2024-06-17 10:00:00,51.603212
2024-06-17 10:30:00,58.061339
2024-06-17 11:00:00,63.922063
2024-06-17 11:30:00,60.81145
2024-06-17 12:00:00,61.944455
2024-06-17 12:30:00,61.882655
2024-06-17 13:00:00,61.779654
2024-06-17 13:30:00,63.056859
2024-06-17 14:00:00,61.408853
2024-06-17 14:30:00,61.522153
2024-06-17 15:00:00,60.70845
2024-06-17 15:30:00,60.100747
2024-06-17 16:00:00,57.803838
2024-06-17 16:30:00,56.063131
2024-06-17 17:00:00,50.418707
2024-06-17 17:30:00,52.942218
2024-06-17 18:00:00,37.481854
2024-06-17 18:30:00,34.330041
2024-06-17 19:00:00,32.074332
2024-06-17 19:30:00,33.794439
2024-06-17 20:00:00,30.622026
2024-06-17 20:30:00,32.898335
2024-06-17 21:00:00,29.911323
2024-06-17 21:30:00,28.160316
2024-06-17 22:00:00,25.513205
2024-06-17 22:30:00,25.090903
2024-06-17 23:00:00,24.761302
2024-06-17 23:30:00,23.885798
2024-06-18 00:00:00,24.3184
2024-06-18 00:30:00,23.865198
2024-06-18 01:00:00,23.988799
2024-06-18 01:30:00,24.3287
2024-06-18 02:00:00,24.637701
2024-06-18 02:30:00,25.090903
2024-06-18 03:00:00,23.679797
2024-06-18 03:30:00,23.968199
2024-06-18 04:00:00,23.545897
2024-06-18 04:30:00,23.556197
2024-06-18 05:00:00,22.917594
2024-06-18 05:30:00,24.153599
2024-06-18 06:00:00,24.4008
2024-06-18 06:30:00,24.668602
2024-06-18 07:00:00,26.223908
2024-06-18 07:30:00,25.657406
2024-06-18 08:00:00,25.719206
2024-06-18 08:30:00,25.266004
2024-06-18 09:00:00,26.84191
2024-06-18 09:30:00,26.090007
2024-06-18 10:00:00,30.416025
2024-06-18 10:30:00,27.923415
2024-06-18 11:00:00,28.108816
2024-06-18 11:30:00,26.460809
2024-06-18 12:00:00,26.203308
2024-06-18 12:30:00,24.3596
2024-06-18 13:00:00,25.296904
2024-06-18 13:30:00,27.089111
2024-06-18 14:00:00,29.12852
2024-06-18 14:30:00,25.389604
2024-06-18 15:00:00,24.977603
2024-06-18 15:30:00,24.153599
2024-06-18 16:00:00,24.122699
2024-06-18 16:30:00,24.720102
2024-06-18 17:00:00,23.700398
2024-06-18 17:30:00,24.163899
2024-06-18 18:00:00,24.565601
2024-06-18 18:30:00,24.534701
2024-06-18 19:00:00,24.2875
2024-06-18 19:30:00,23.205995
2024-06-18 20:00:00,22.845494
2024-06-18 20:30:00,24.112399
2024-06-18 21:00:00,23.844598
2024-06-18 21:30:00,23.690097
2024-06-18 22:00:00,23.679797
2024-06-18 22:30:00,22.309892
2024-06-18 23:00:00,23.175095
2024-06-18 23:30:00,23.154495
2024-06-19 00:00:00,23.484097
2024-06-19 00:30:00,22.979395
2024-06-19 01:00:00,22.907294
2024-06-19 01:30:00,22.454092
2024-06-19 02:00:00,22.845494
2024-06-19 02:30:00,22.680693
2024-06-19 03:00:00,22.443792
2024-06-19 03:30:00,23.381096
2024-06-19 04:00:00,21.87729
2024-06-19 04:30:00,22.577693
2024-06-19 05:00:00,22.783694
2024-06-19 05:30:00,23.308996
2024-06-19 06:00:00,22.783694
2024-06-19 06:30:00,22.660093
2024-06-19 07:00:00,22.855794
2024-06-19 07:30:00,23.226596
2024-06-19 08:00:00,25.018803
2024-06-19 08:30:00,23.762198
2024-06-19 09:00:00,23.957899
2024-06-19 09:30:00,27.841015
2024-06-19 10:00:00,24.596501
2024-06-19 10:30:00,23.875498
2024-06-19 11:00:00,23.999099
2024-06-19 11:30:00,25.451405
2024-06-19 12:00:00,25.513205
2024-06-19 12:30:00,24.678902
2024-06-19 13:00:00,25.399905
2024-06-19 13:30:00,28.489917
2024-06-19 14:00:00,24.998203
2024-06-19 14:30:00,24.493501
2024-06-19 15:00:00,26.028207
2024-06-19 15:30:00,26.193008
2024-06-19 16:00:00,25.101203
2024-06-19 16:30:00,25.029103
2024-06-19 17:00:00,24.854002
2024-06-19 17:30:00,25.142403
2024-06-19 18:00:00,25.173304
2024-06-19 18:30:00,26.481409
2024-06-19 19:00:00,24.102099
2024-06-19 19:30:00,24.174199
2024-06-19 20:00:00,23.793098
2024-06-19 20:30:00,23.751898
2024-06-19 21:00:00,24.658301
2024-06-19 21:30:00,24.493501
2024-06-19 22:00:00,24.1845
2024-06-19 22:30:00,24.143299
2024-06-19 23:00:00,23.226596
2024-06-19 23:30:00,24.102099
2024-06-20 00:00:00,23.823998
2024-06-20 00:30:00,23.834298
2024-06-20 01:00:00,23.793098
2024-06-20 01:30:00,23.257496
2024-06-20 02:00:00,22.557093
2024-06-20 02:30:00,22.886694
2024-06-20 03:00:00,22.773394
2024-06-20 03:30:00,22.958794
2024-06-20 04:00:00,23.051495
2024-06-20 04:30:00,22.320192
2024-06-20 05:00:00,22.886694
2024-06-20 05:30:00,24.534701
2024-06-20 06:00:00,29.12852
2024-06-20 06:30:00,44.702184
2024-06-20 07:00:00,53.57052
2024-06-20 07:30:00,49.296003
2024-06-20 08:00:00,50.181807
2024-06-20 08:30:00,51.520812
2024-06-20 09:00:00,54.827126
2024-06-20 09:30:00,50.429008
2024-06-20 10:00:00,54.868326
2024-06-20 10:30:00,54.003122
2024-06-20 11:00:00,55.002226
2024-06-20 11:30:00,55.96013
2024-06-20 12:00:00,56.804734
2024-06-20 12:30:00,59.390044
2024-06-20 13:00:00,60.162548
2024-06-20 13:30:00,61.934155
2024-06-20 14:00:00,62.603658
2024-06-20 14:30:00,56.887134
2024-06-20 15:00:00,55.692329
2024-06-20 15:30:00,53.622021
2024-06-20 16:00:00,51.860713
2024-06-20 16:30:00,51.386911
2024-06-20 17:00:00,50.408407
2024-06-20 17:30:00,49.090002
2024-06-20 18:00:00,34.731743
2024-06-20 18:30:00,31.178228
2024-06-20 19:00:00,29.643522
2024-06-20 19:30:00,29.653822
2024-06-20 20:00:00,29.21092
2024-06-20 20:30:00,28.757718
2024-06-20 21:00:00,23.391396
2024-06-20 21:30:00,21.93909
2024-06-20 22:00:00,21.310788
2024-06-20 22:30:00,21.362288
2024-06-20 23:00:00,20.836986
2024-06-20 23:30:00,21.084187
2024-06-21 00:00:00,19.693681
2024-06-21 00:30:00,22.886694
2024-06-21 01:00:00,22.783694
2024-06-21 01:30:00,23.597397
2024-06-21 02:00:00,23.597397
2024-06-21 02:30:00,23.875498
2024-06-21 03:00:00,22.381992
2024-06-21 03:30:00,22.701293
2024-06-21 04:00:00,23.020595
2024-06-21 04:30:00,23.669497
2024-06-21 05:00:00,23.247196
2024-06-21 05:30:00,24.575901
2024-06-21 06:00:00,28.263316
2024-06-21 06:30:00,43.74428
2024-06-21 07:00:00,53.271819
2024-06-21 07:30:00,49.605004
2024-06-21 08:00:00,50.748309
2024-06-21 08:30:00,51.850413
2024-06-21 09:00:00,50.243607
2024-06-21 09:30:00,55.89833
2024-06-21 10:00:00,53.36452
2024-06-21 10:30:00,54.147323
2024-06-21 11:00:00,53.848622
2024-06-21 11:30:00,56.979834
2024-06-21 12:00:00,59.307644
2024-06-21 12:30:00,59.050143
2024-06-21 13:00:00,59.441545
2024-06-21 13:30:00,59.235544
2024-06-21 14:00:00,58.638141
2024-06-21 14:30:00,58.40124
2024-06-21 15:00:00,57.762638
2024-06-21 15:30:00,57.350636
2024-06-21 16:00:00,55.692329
2024-06-21 16:30:00,54.343024
2024-06-21 17:00:00,52.622917
2024-06-21 17:30:00,50.676209
2024-06-21 18:00:00,36.225249
2024-06-21 18:30:00,32.836535
2024-06-21 19:00:00,32.888035
2024-06-21 19:30:00,33.238237
2024-06-21 20:00:00,30.117324
2024-06-21 20:30:00,30.477825
2024-06-21 21:00:00,23.010295
2024-06-21 21:30:00,20.939986
2024-06-21 22:00:00,19.662781
2024-06-21 22:30:00,20.363184
2024-06-21 23:00:00,20.095383
2024-06-21 23:30:00,20.373484
2024-06-22 00:00:00,19.37438
2024-06-22 00:30:00,19.32288
2024-06-22 01:00:00,19.250779
2024-06-22 01:30:00,26.605009
2024-06-22 02:00:00,27.799814
2024-06-22 02:30:00,25.708906
2024-06-22 03:00:00,25.997307
2024-06-22 03:30:00,26.944911
2024-06-22 04:00:00,27.861615
2024-06-22 04:30:00,27.511413
2024-06-22 05:00:00,27.511413
2024-06-22 05:30:00,28.129416
2024-06-22 06:00:00,32.074332
2024-06-22 06:30:00,45.021485
2024-06-22 07:00:00,54.487224
2024-06-22 07:30:00,51.00581
2024-06-22 08:00:00,52.262415
2024-06-22 08:30:00,53.210019
2024-06-22 09:00:00,51.04701
2024-06-22 09:30:00,54.487224
2024-06-22 10:00:00,51.541412
2024-06-22 10:30:00,58.802942
2024-06-22 11:00:00,61.635454
2024-06-22 11:30:00,61.862055
2024-06-22 12:00:00,61.295552
2024-06-22 12:30:00,62.943559
2024-06-22 13:00:00,63.355561
2024-06-22 13:30:00,63.314361
2024-06-22 14:00:00,62.346157
2024-06-22 14:30:00,62.181356
2024-06-22 15:00:00,61.563353
2024-06-22 15:30:00,62.181356
2024-06-22 16:00:00,59.688746
2024-06-22 16:30:00,55.568729
2024-06-22 17:00:00,52.283015
2024-06-22 17:30:00,46.751892
2024-06-22 18:00:00,33.619338
2024-06-22 18:30:00,31.59023
2024-06-22 19:00:00,30.137924
2024-06-22 19:30:00,30.354225
2024-06-22 20:00:00,30.477825
2024-06-22 20:30:00,29.365421
2024-06-22 21:00:00,13.606356
2024-06-22 21:30:00,12.710252
2024-06-22 22:00:00,13.070754
2024-06-22 22:30:00,11.144646
2024-06-22 23:00:00,12.18495
2024-06-22 23:30:00,12.287951
2024-06-23 00:00:00,20.167483
2024-06-23 00:30:00,26.450509
2024-06-23 01:00:00,24.720102
2024-06-23 01:30:00,25.966407
2024-06-23 02:00:00,26.090007
2024-06-23 02:30:00,26.244508
2024-06-23 03:00:00,25.925207
2024-06-23 03:30:00,26.502009
2024-06-23 04:00:00,25.667706
2024-06-23 04:30:00,25.739806
2024-06-23 05:00:00,25.976707
2024-06-23 05:30:00,26.78011
2024-06-23 06:00:00,30.560226
2024-06-23 06:30:00,46.545892
2024-06-23 07:00:00,49.615304
2024-06-23 07:30:00,50.315707
2024-06-23 08:00:00,52.468416
2024-06-23 08:30:00,52.849517
2024-06-23 09:00:00,52.324215
2024-06-23 09:30:00,51.665013
2024-06-23 10:00:00,50.789509
2024-06-23 10:30:00,49.285703
2024-06-23 11:00:00,49.780105
2024-06-23 11:30:00,50.212707
2024-06-23 12:00:00,51.726813
2024-06-23 12:30:00,50.98521
2024-06-23 13:00:00,50.511408
2024-06-23 13:30:00,49.296003
2024-06-23 14:00:00,53.024618
2024-06-23 14:30:00,51.943114
2024-06-23 15:00:00,51.438412
2024-06-23 15:30:00,50.192107
2024-06-23 16:00:00,49.924305
2024-06-23 16:30:00,49.357803
2024-06-23 17:00:00,48.080598
2024-06-23 17:30:00,47.215394
2024-06-23 18:00:00,32.888035
2024-06-23 18:30:00,31.075228
2024-06-23 19:00:00,30.416025
2024-06-23 19:30:00,30.632326
2024-06-23 20:00:00,29.993723
2024-06-23 20:30:00,30.045224
2024-06-23 21:00:00,30.282125
2024-06-23 21:30:00,29.365421
2024-06-23 22:00:00,28.459017
2024-06-23 22:30:00,28.057315
2024-06-23 23:00:00,27.841015
2024-06-23 23:30:00,27.398113
2024-06-24 00:00:00,27.284812
2024-06-24 00:30:00,27.573213
2024-06-24 01:00:00,25.884007
2024-06-24 01:30:00,27.202412
2024-06-24 02:00:00,27.439313
2024-06-24 02:30:00,27.006711
2024-06-24 03:00:00,27.789514
2024-06-24 03:30:00,27.501113
2024-06-24 04:00:00,28.263316
2024-06-24 04:30:00,26.368109
2024-06-24 05:00:00,26.347508
2024-06-24 05:30:00,29.602322
2024-06-24 06:00:00,32.002232
2024-06-24 06:30:00,49.409303
2024-06-24 07:00:00,51.974014
2024-06-24 07:30:00,53.652921
2024-06-24 08:00:00,54.137023
2024-06-24 08:30:00,54.301823
2024-06-24 09:00:00,53.56022
2024-06-24 09:30:00,50.98521
2024-06-24 10:00:00,50.768909
2024-06-24 10:30:00,50.367207
2024-06-24 11:00:00,50.161206
2024-06-24 11:30:00,50.748309
2024-06-24 12:00:00,50.377507
2024-06-24 12:30:00,49.017902
2024-06-24 13:00:00,49.193002
2024-06-24 13:30:00,50.573208
2024-06-24 14:00:00,49.687404
2024-06-24 14:30:00,49.059102
2024-06-24 15:00:00,48.5132
2024-06-24 15:30:00,47.514096
2024-06-24 16:00:00,46.628292
2024-06-24 16:30:00,45.732188
2024-06-24 17:00:00,44.012081
2024-06-24 17:30:00,43.68248
2024-06-24 18:00:00,30.488125
2024-06-24 18:30:00,30.364525
2024-06-24 19:00:00,29.890723
2024-06-24 19:30:00,29.489021
2024-06-24 20:00:00,27.377513
2024-06-24 20:30:00,26.460809
2024-06-24 21:00:00,25.719206
2024-06-24 21:30:00,25.873706
2024-06-24 22:00:00,22.557093
2024-06-24 22:30:00,21.89789
2024-06-24 23:00:00,22.103891
2024-06-24 23:30:00,22.443792
2024-06-25 00:00:00,22.268692
2024-06-25 00:30:00,21.176887
2024-06-25 01:00:00,20.445584
2024-06-25 01:30:00,20.085083
2024-06-25 02:00:00,19.817282
2024-06-25 02:30:00,20.424984
2024-06-25 03:00:00,20.682485
2024-06-25 03:30:00,20.311684
2024-06-25 04:00:00,20.507384
2024-06-25 04:30:00,20.517684
2024-06-25 05:00:00,20.651585
2024-06-25 05:30:00,20.373484
2024-06-25 06:00:00,21.115087
2024-06-25 06:30:00,21.331388
2024-06-25 07:00:00,21.424088
2024-06-25 07:30:00,20.764885
2024-06-25 08:00:00,21.382888
2024-06-25 08:30:00,22.433492
2024-06-25 09:00:00,23.782798
2024-06-25 09:30:00,23.370796
2024-06-25 10:00:00,22.711593
2024-06-25 10:30:00,23.298696
2024-06-25 11:00:00,23.308996
2024-06-25 11:30:00,22.248092
2024-06-25 12:00:00,25.842806
2024-06-25 12:30:00,23.628297
2024-06-25 13:00:00,22.227491
2024-06-25 13:30:00,21.91849
2024-06-25 14:00:00,20.867886
2024-06-25 14:30:00,21.485888
2024-06-25 15:00:00,21.372588
2024-06-25 15:30:00,21.722789
2024-06-25 16:00:00,21.042987
2024-06-25 16:30:00,21.81549
2024-06-25 17:00:00,21.434388
2024-06-25 17:30:00,21.75369
2024-06-25 18:00:00,21.434388
2024-06-25 18:30:00,20.672185
2024-06-25 19:00:00,20.342584
2024-06-25 19:30:00,21.125387
2024-06-25 20:00:00,20.723685
2024-06-25 20:30:00,21.176887
2024-06-25 21:00:00,20.970886
2024-06-25 21:30:00,21.238687
2024-06-25 22:00:00,21.485888
2024-06-25 22:30:00,20.270483
2024-06-25 23:00:00,20.929686
2024-06-25 23:30:00,21.125387
2024-06-26 00:00:00,20.888486
2024-06-26 00:30:00,20.404384
2024-06-26 01:00:00,20.260183
2024-06-26 01:30:00,20.085083
2024-06-26 02:00:00,20.280783
2024-06-26 02:30:00,19.281679
2024-06-26 03:00:00,19.580381
2024-06-26 03:30:00,19.53918
2024-06-26 04:00:00,19.46708
2024-06-26 04:30:00,19.971782
2024-06-26 05:00:00,19.662781
2024-06-26 05:30:00,20.095383
2024-06-26 06:00:00,19.837882
2024-06-26 06:30:00,20.023282
2024-06-26 07:00:00,20.033582
2024-06-26 07:30:00,20.239583
2024-06-26 08:00:00,20.321984
2024-06-26 08:30:00,20.785486
2024-06-26 09:00:00,20.538285
2024-06-26 09:30:00,19.961482
2024-06-26 10:00:00,20.548585
2024-06-26 10:30:00,20.857586
2024-06-26 11:00:00,21.393188
2024-06-26 11:30:00,23.885798
2024-06-26 12:00:00,21.279888
2024-06-26 12:30:00,22.072991
2024-06-26 13:00:00,21.84639
2024-06-26 13:30:00,22.031791
2024-06-26 14:00:00,21.454988
2024-06-26 14:30:00,20.569185
2024-06-26 15:00:00,22.134791
2024-06-26 15:30:00,21.403488
2024-06-26 16:00:00,21.75369
2024-06-26 16:30:00,21.248987
2024-06-26 17:00:00,22.145091
2024-06-26 17:30:00,21.660989
2024-06-26 18:00:00,21.331388
2024-06-26 18:30:00,21.094487
2024-06-26 19:00:00,20.497084
2024-06-26 19:30:00,20.795786
2024-06-26 20:00:00,20.888486
2024-06-26 20:30:00,20.455884
2024-06-26 21:00:00,20.548585
2024-06-26 21:30:00,21.012086
2024-06-26 22:00:00,21.238687
2024-06-26 22:30:00,20.208683
2024-06-26 23:00:00,20.373484
2024-06-26 23:30:00,21.125387
2024-06-27 00:00:00,20.764885
2024-06-27 00:30:00,20.517684
2024-06-27 01:00:00,20.455884
2024-06-27 01:30:00,20.229283
2024-06-27 02:00:00,20.527984
2024-06-27 02:30:00,19.909982
2024-06-27 03:00:00,19.621581
2024-06-27 03:30:00,20.352884
2024-06-27 04:00:00,20.600085
2024-06-27 04:30:00,20.105683
2024-06-27 05:00:00,21.76399
2024-06-27 05:30:00,23.030895
2024-06-27 06:00:00,27.727714
2024-06-27 06:30:00,46.18539
2024-06-27 07:00:00,53.53962
2024-06-27 07:30:00,53.024618
2024-06-27 08:00:00,54.343024
2024-06-27 08:30:00,53.961922
2024-06-27 09:00:00,52.025514
2024-06-27 09:30:00,49.780105
2024-06-27 10:00:00,51.12941
2024-06-27 10:30:00,53.43662
2024-06-27 11:00:00,57.618437
2024-06-27 11:30:00,55.290628
2024-06-27 12:00:00,56.990135
2024-06-27 12:30:00,54.353324
2024-06-27 13:00:00,53.36452
2024-06-27 13:30:00,51.562012
2024-06-27 14:00:00,51.963714
2024-06-27 14:30:00,53.941322
2024-06-27 15:00:00,56.063131
2024-06-27 15:30:00,52.489016
2024-06-27 16:00:00,50.810109
2024-06-27 16:30:00,49.697705
2024-06-27 17:00:00,47.781897
2024-06-27 17:30:00,45.536487
2024-06-27 18:00:00,32.692335
2024-06-27 18:30:00,33.310337
2024-06-27 19:00:00,31.858031
2024-06-27 19:30:00,30.024624
2024-06-27 20:00:00,29.633222
2024-06-27 20:30:00,28.366317
2024-06-27 21:00:00,29.581722
2024-06-27 21:30:00,28.047015
2024-06-27 22:00:00,24.617101
2024-06-27 22:30:00,25.801606
2024-06-27 23:00:00,22.515893
2024-06-27 23:30:00,23.236896
2024-06-28 00:00:00,23.360496
2024-06-28 00:30:00,22.938194
2024-06-28 01:00:00,21.80519
2024-06-28 01:30:00,23.370796
2024-06-28 02:00:00,22.680693
2024-06-28 02:30:00,21.88759
2024-06-28 03:00:00,21.691889
2024-06-28 03:30:00,23.041195
2024-06-28 04:00:00,22.660093
2024-06-28 04:30:00,23.164795
2024-06-28 05:00:00,23.185395
2024-06-28 05:30:00,24.3905
2024-06-28 06:00:00,27.851315
2024-06-28 06:30:00,45.649788
2024-06-28 07:00:00,52.725917
2024-06-28 07:30:00,51.984314
2024-06-28 08:00:00,52.901018
2024-06-28 08:30:00,52.159415
2024-06-28 09:00:00,51.170611
2024-06-28 09:30:00,49.502004
2024-06-28 10:00:00,48.575
2024-06-28 10:30:00,48.4823
2024-06-28 11:00:00,53.673521
2024-06-28 11:30:00,51.829813
2024-06-28 12:00:00,53.57052
2024-06-28 12:30:00,59.740246
2024-06-28 13:00:00,59.884446
2024-06-28 13:30:00,60.172848
2024-06-28 14:00:00,63.499761
2024-06-28 14:30:00,62.459457
2024-06-28 15:00:00,56.681133
2024-06-28 15:30:00,53.39542
2024-06-28 16:00:00,50.851309
2024-06-28 16:30:00,48.822201
2024-06-28 17:00:00,46.916693
2024-06-28 17:30:00,43.65158
2024-06-28 18:00:00,31.67263
2024-06-28 18:30:00,30.292425
2024-06-28 19:00:00,29.26242
2024-06-28 19:30:00,29.04612
2024-06-28 20:00:00,28.428117
2024-06-28 20:30:00,28.088216
2024-06-28 21:00:00,27.326012
2024-06-28 21:30:00,27.233312
2024-06-28 22:00:00,26.090007
2024-06-28 22:30:00,24.967303
2024-06-28 23:00:00,24.792202
2024-06-28 23:30:00,24.874602
2024-06-29 00:00:00,22.701293
2024-06-29 00:30:00,21.042987
2024-06-29 01:00:00,20.682485
2024-06-29 01:30:00,21.197487
2024-06-29 02:00:00,21.76399
2024-06-29 02:30:00,21.527089
2024-06-29 03:00:00,20.857586
2024-06-29 03:30:00,20.867886
2024-06-29 04:00:00,21.516789
2024-06-29 04:30:00,21.660989
2024-06-29 05:00:00,21.578589
2024-06-29 05:30:00,23.308996
2024-06-29 06:00:00,27.398113
2024-06-29 06:30:00,44.145982
2024-06-29 07:00:00,50.058206
2024-06-29 07:30:00,51.09851
2024-06-29 08:00:00,52.221215
2024-06-29 08:30:00,51.675313
2024-06-29 09:00:00,50.243607
2024-06-29 09:30:00,49.172402
2024-06-29 10:00:00,48.6265
2024-06-29 10:30:00,53.36452
2024-06-29 11:00:00,57.875938
2024-06-29 11:30:00,57.525737
2024-06-29 12:00:00,59.379744
2024-06-29 12:30:00,58.957443
2024-06-29 13:00:00,59.122243
2024-06-29 13:30:00,60.193448
2024-06-29 14:00:00,61.676654
2024-06-29 14:30:00,58.957443
2024-06-29 15:00:00,58.648441
2024-06-29 15:30:00,57.731738
2024-06-29 16:00:00,53.652921
2024-06-29 16:30:00,54.209123
2024-06-29 17:00:00,50.902809
2024-06-29 17:30:00,49.862505
2024-06-29 18:00:00,34.371241
2024-06-29 18:30:00,30.127624
2024-06-29 19:00:00,29.870123
2024-06-29 19:30:00,28.778318
2024-06-29 20:00:00,26.532909
2024-06-29 20:30:00,27.635014
2024-06-29 21:00:00,26.986111
2024-06-29 21:30:00,26.357808
2024-06-29 22:00:00,22.886694
2024-06-29 22:30:00,21.702189
2024-06-29 23:00:00,22.309892
2024-06-29 23:30:00,20.836986
2024-06-30 00:00:00,22.464392
2024-06-30 00:30:00,21.248987
2024-06-30 01:00:00,20.919386
2024-06-30 01:30:00,21.084187
2024-06-30 02:00:00,22.072991
2024-06-30 02:30:00,20.744285
2024-06-30 03:00:00,21.197487
2024-06-30 03:30:00,21.259287
2024-06-30 04:00:00,22.186291
2024-06-30 04:30:00,21.671289
2024-06-30 05:00:00,21.88759
2024-06-30 05:30:00,23.020595
2024-06-30 06:00:00,27.779214
2024-06-30 06:30:00,42.518575
2024-06-30 07:00:00,56.588433
2024-06-30 07:30:00,51.994614
2024-06-30 08:00:00,53.014318
2024-06-30 08:30:00,54.384224
2024-06-30 09:00:00,53.652921
2024-06-30 09:30:00,53.42632
2024-06-30 10:00:00,53.961922
2024-06-30 10:30:00,50.305407
2024-06-30 11:00:00,48.5338
2024-06-30 11:30:00,51.211811
2024-06-30 12:00:00,50.356907
2024-06-30 12:30:00,50.398107
2024-06-30 13:00:00,50.511408
2024-06-30 13:30:00,51.665013
2024-06-30 14:00:00,51.242711
2024-06-30 14:30:00,51.417812
2024-06-30 15:00:00,51.160311
2024-06-30 15:30:00,50.511408
2024-06-30 16:00:00,49.749205
2024-06-30 16:30:00,49.285703
2024-06-30 17:00:00,47.833397
2024-06-30 17:30:00,46.772492
2024-06-30 18:00:00,32.682034
2024-06-30 18:30:00,31.003128
2024-06-30 19:00:00,30.168824
2024-06-30 19:30:00,29.499321
2024-06-30 20:00:00,27.109712
2024-06-30 20:30:00,28.273616
2024-06-30 21:00:00,27.181812
2024-06-30 21:30:00,27.985215
2024-06-30 22:00:00,25.708906
2024-06-30 22:30:00,26.069407
2024-06-30 23:00:00,25.956107
2024-06-30 23:30:00,25.327804
2024-07-01 00:00:00,22.824894
2024-07-01 00:30:00,21.630089
2024-07-01 01:00:00,21.413788
2024-07-01 01:30:00,21.619789
2024-07-01 02:00:00,21.104787
2024-07-01 02:30:00,21.115087
2024-07-01 03:00:00,21.475588
2024-07-01 03:30:00,21.290188
2024-07-01 04:00:00,21.537389
2024-07-01 04:30:00,21.557989
2024-07-01 05:00:00,22.505593
2024-07-01 05:30:00,25.451405
2024-07-01 06:00:00,29.015219
2024-07-01 06:30:00,45.124486
2024-07-01 07:00:00,48.5235
2024-07-01 07:30:00,51.665013
2024-07-01 08:00:00,53.137919
2024-07-01 08:30:00,52.839217
2024-07-01 09:00:00,52.416916
2024-07-01 09:30:00,51.860713
2024-07-01 10:00:00,51.695913
2024-07-01 10:30:00,51.747413
2024-07-01 11:00:00,50.624708
2024-07-01 11:30:00,51.644413
2024-07-01 12:00:00,50.686509
2024-07-01 12:30:00,50.562908
2024-07-01 13:00:00,50.758609
2024-07-01 13:30:00,49.440203
2024-07-01 14:00:00,48.224798
2024-07-01 14:30:00,48.945801
2024-07-01 15:00:00,48.6059
2024-07-01 15:30:00,47.905497
2024-07-01 16:00:00,45.886689
2024-07-01 16:30:00,45.814589
2024-07-01 17:00:00,45.464387
2024-07-01 17:30:00,44.331382
2024-07-01 18:00:00,31.868331
2024-07-01 18:30:00,31.064928
2024-07-01 19:00:00,31.229729
2024-07-01 19:30:00,30.333625
2024-07-01 20:00:00,27.748314
2024-07-01 20:30:00,27.841015
2024-07-01 21:00:00,27.789514
2024-07-01 21:30:00,27.047911
2024-07-01 22:00:00,23.247196
2024-07-01 22:30:00,21.475588
2024-07-01 23:00:00,22.309892
2024-07-01 23:30:00,22.145091
2024-07-02 00:00:00,23.061795
2024-07-02 00:30:00,22.763094
2024-07-02 01:00:00,22.814594
2024-07-02 01:30:00,22.526193
2024-07-02 02:00:00,22.412892
2024-07-02 02:30:00,21.660989
2024-07-02 03:00:00,22.721894
2024-07-02 03:30:00,22.351092
2024-07-02 04:00:00,22.536493
2024-07-02 04:30:00,22.567393
2024-07-02 05:00:00,22.134791
2024-07-02 05:30:00,22.660093
2024-07-02 06:00:00,22.443792
2024-07-02 06:30:00,23.741598
2024-07-02 07:00:00,24.050599
2024-07-02 07:30:00,23.391396
2024-07-02 08:00:00,22.206891
2024-07-02 08:30:00,22.783694
2024-07-02 09:00:00,23.257496
2024-07-02 09:30:00,23.648897
2024-07-02 10:00:00,23.504697
2024-07-02 10:30:00,23.587097
2024-07-02 11:00:00,23.854898
2024-07-02 11:30:00,24.915803
2024-07-02 12:00:00,23.175095
2024-07-02 12:30:00,23.514997
2024-07-02 13:00:00,23.638597
2024-07-02 13:30:00,24.493501
2024-07-02 14:00:00,24.040299
2024-07-02 14:30:00,25.307204
2024-07-02 15:00:00,25.410205
2024-07-02 15:30:00,23.422296
2024-07-02 16:00:00,21.434388
2024-07-02 16:30:00,28.448717
2024-07-02 17:00:00,23.216296
2024-07-02 17:30:00,22.330492
2024-07-02 18:00:00,22.515893
2024-07-02 18:30:00,22.423192
2024-07-02 19:00:00,22.134791
2024-07-02 19:30:00,21.125387
2024-07-02 20:00:00,20.981186
2024-07-02 20:30:00,21.362288
2024-07-02 21:00:00,21.599189
2024-07-02 21:30:00,21.197487
2024-07-02 22:00:00,21.77429
2024-07-02 22:30:00,21.702189
2024-07-02 23:00:00,21.145987
2024-07-02 23:30:00,20.713385
2024-07-03 00:00:00,20.085083
2024-07-03 00:30:00,20.661885
2024-07-03 01:00:00,20.888486
2024-07-03 01:30:00,20.867886
2024-07-03 02:00:00,20.950286
2024-07-03 02:30:00,21.053287
2024-07-03 03:00:00,20.909086
2024-07-03 03:30:00,20.836986
2024-07-03 04:00:00,20.630985
2024-07-03 04:30:00,19.848182
2024-07-03 05:00:00,21.166587
2024-07-03 05:30:00,20.909086
2024-07-03 06:00:00,21.259287
2024-07-03 06:30:00,21.321088
2024-07-03 07:00:00,21.176887
2024-07-03 07:30:00,21.496188
2024-07-03 08:00:00,21.95969
2024-07-03 08:30:00,21.609489
2024-07-03 09:00:00,21.671289
2024-07-03 09:30:00,22.134791
2024-07-03 10:00:00,22.103891
2024-07-03 10:30:00,22.835194
2024-07-03 11:00:00,22.701293
2024-07-03 11:30:00,22.711593
2024-07-03 12:00:00,22.031791
2024-07-03 12:30:00,21.743389
2024-07-03 13:00:00,26.584409
2024-07-03 13:30:00,22.381992
2024-07-03 14:00:00,22.175991
2024-07-03 14:30:00,22.206891
2024-07-03 15:00:00,21.94939
2024-07-03 15:30:00,21.743389
2024-07-03 16:00:00,21.79489
2024-07-03 16:30:00,21.619789
2024-07-03 17:00:00,21.94939
2024-07-03 17:30:00,22.011191
2024-07-03 18:00:00,22.103891
2024-07-03 18:30:00,22.361392
2024-07-03 19:00:00,21.042987
2024-07-03 19:30:00,21.89789
2024-07-03 20:00:00,21.321088
2024-07-03 20:30:00,21.84639
2024-07-03 21:00:00,22.011191
2024-07-03 21:30:00,22.093591
2024-07-03 22:00:00,21.89789
2024-07-03 22:30:00,21.568289
2024-07-03 23:00:00,20.816386
2024-07-03 23:30:00,21.609489
2024-07-04 00:00:00,21.300488
2024-07-04 00:30:00,21.218087
2024-07-04 01:00:00,21.444688
2024-07-04 01:30:00,21.228387
2024-07-04 02:00:00,21.166587
2024-07-04 02:30:00,21.094487
2024-07-04 03:00:00,21.640389
2024-07-04 03:30:00,21.197487
2024-07-04 04:00:00,20.713385
2024-07-04 04:30:00,21.259287
2024-07-04 05:00:00,22.268692
2024-07-04 05:30:00,23.617997
2024-07-04 06:00:00,28.077916
2024-07-04 06:30:00,46.957893
2024-07-04 07:00:00,53.786821
2024-07-04 07:30:00,53.807421
2024-07-04 08:00:00,53.601421
2024-07-04 08:30:00,53.168819
2024-07-04 09:00:00,51.984314
2024-07-04 09:30:00,51.479612
2024-07-04 10:00:00,49.635904
2024-07-04 10:30:00,50.99551
2024-07-04 11:00:00,58.936843
2024-07-04 11:30:00,58.699942
2024-07-04 12:00:00,59.822646
2024-07-04 12:30:00,61.985655
2024-07-04 13:00:00,60.65695
2024-07-04 13:30:00,60.584849
2024-07-04 14:00:00,62.809658
2024-07-04 14:30:00,58.916242
2024-07-04 15:00:00,58.679341
2024-07-04 15:30:00,57.700837
2024-07-04 16:00:00,57.453636
2024-07-04 16:30:00,54.991926
2024-07-04 17:00:00,48.317499
2024-07-04 17:30:00,44.351983
2024-07-04 18:00:00,33.114636
2024-07-04 18:30:00,32.208233
2024-07-04 19:00:00,30.354225
2024-07-04 19:30:00,30.889827
2024-07-04 20:00:00,28.603218
2024-07-04 20:30:00,29.612622
2024-07-04 21:00:00,29.901023
2024-07-04 21:30:00,28.685618
2024-07-04 22:00:00,24.565601
2024-07-04 22:30:00,24.483201
2024-07-04 23:00:00,24.040299
2024-07-04 23:30:00,24.2566
2024-07-05 00:00:00,23.453197
2024-07-05 00:30:00,22.855794
2024-07-05 01:00:00,23.010295
2024-07-05 01:30:00,22.649793
2024-07-05 02:00:00,22.031791
2024-07-05 02:30:00,21.630089
2024-07-05 03:00:00,22.443792
2024-07-05 03:30:00,22.598293
2024-07-05 04:00:00,22.866094
2024-07-05 04:30:00,23.391396
2024-07-05 05:00:00,23.257496
2024-07-05 05:30:00,24.689202
2024-07-05 06:00:00,28.860719
2024-07-05 06:30:00,45.804288
2024-07-05 07:00:00,50.820409
2024-07-05 07:30:00,52.468416
2024-07-05 08:00:00,53.313019
2024-07-05 08:30:00,53.41602
2024-07-05 09:00:00,52.272715
2024-07-05 09:30:00,50.490808
2024-07-05 10:00:00,49.162102
2024-07-05 10:30:00,52.622917
2024-07-05 11:00:00,57.474237
2024-07-05 11:30:00,49.265103
2024-07-05 12:00:00,49.151802
2024-07-05 12:30:00,48.4823
2024-07-05 13:00:00,50.181807
2024-07-05 13:30:00,51.15001
2024-07-05 14:00:00,52.839217
2024-07-05 14:30:00,50.820409
2024-07-05 15:00:00,51.12941
2024-07-05 15:30:00,51.541412
2024-07-05 16:00:00,47.246294
2024-07-05 16:30:00,46.834293
2024-07-05 17:00:00,45.299586
2024-07-05 17:30:00,44.238682
2024-07-05 18:00:00,33.433938
2024-07-05 18:30:00,32.774735
2024-07-05 19:00:00,31.64173
2024-07-05 19:30:00,30.931027
2024-07-05 20:00:00,29.653822
2024-07-05 20:30:00,28.005815
2024-07-05 21:00:00,29.499321
2024-07-05 21:30:00,28.860719
2024-07-05 22:00:00,28.665018
2024-07-05 22:30:00,28.582618
2024-07-05 23:00:00,27.130312
2024-07-05 23:30:00,27.058211
2024-07-06 00:00:00,24.050599
2024-07-06 00:30:00,24.3287
2024-07-06 01:00:00,23.298696
2024-07-06 01:30:00,22.845494
2024-07-06 02:00:00,22.536493
2024-07-06 02:30:00,22.917594
2024-07-06 03:00:00,22.742494
2024-07-06 03:30:00,22.907294
2024-07-06 04:00:00,23.587097
2024-07-06 04:30:00,23.123595
2024-07-06 05:00:00,23.648897
2024-07-06 05:30:00,24.781902
2024-07-06 06:00:00,28.860719
2024-07-06 06:30:00,44.424083
2024-07-06 07:00:00,49.038502
2024-07-06 07:30:00,51.273611
2024-07-06 08:00:00,53.282119
2024-07-06 08:30:00,54.662325
2024-07-06 09:00:00,54.240023
2024-07-06 09:30:00,51.05731
2024-07-06 10:00:00,52.231515
2024-07-06 10:30:00,56.145531
2024-07-06 11:00:00,49.532904
2024-07-06 11:30:00,48.5853
2024-07-06 12:00:00,48.461699
2024-07-06 12:30:00,49.934605
2024-07-06 13:00:00,49.718305
2024-07-06 13:30:00,50.212707
2024-07-06 14:00:00,52.561116
2024-07-06 14:30:00,49.862505
2024-07-06 15:00:00,49.934605
2024-07-06 15:30:00,48.162998
2024-07-06 16:00:00,48.307199
2024-07-06 16:30:00,47.647996
2024-07-06 17:00:00,46.25749
2024-07-06 17:30:00,45.351087
2024-07-06 18:00:00,32.939536
2024-07-06 18:30:00,32.846835
2024-07-06 19:00:00,31.229729
2024-07-06 19:30:00,31.332729
2024-07-06 20:00:00,29.437521
2024-07-06 20:30:00,28.562018
2024-07-06 21:00:00,28.737118
2024-07-06 21:30:00,27.274512
2024-07-06 22:00:00,24.699502
2024-07-06 22:30:00,23.535597
2024-07-06 23:00:00,23.937299
2024-07-06 23:30:00,24.071199
2024-07-07 00:00:00,24.452301
2024-07-07 00:30:00,23.968199
2024-07-07 01:00:00,23.267796
2024-07-07 01:30:00,23.082395
2024-07-07 02:00:00,23.432596
2024-07-07 02:30:00,22.526193
2024-07-07 03:00:00,23.556197
2024-07-07 03:30:00,23.617997
2024-07-07 04:00:00,23.278096
2024-07-07 04:30:00,23.288396
2024-07-07 05:00:00,23.267796
2024-07-07 05:30:00,24.4214
2024-07-07 06:00:00,28.706218
2024-07-07 06:30:00,43.78548
2024-07-07 07:00:00,49.759505
2024-07-07 07:30:00,51.603212
2024-07-07 08:00:00,56.536933
2024-07-07 08:30:00,57.618437
2024-07-07 09:00:00,53.40572
2024-07-07 09:30:00,50.573208
2024-07-07 10:00:00,48.451399
2024-07-07 10:30:00,48.6162
2024-07-07 11:00:00,50.264207
2024-07-07 11:30:00,49.440203
2024-07-07 12:00:00,56.011631
2024-07-07 12:30:00,50.758609
2024-07-07 13:00:00,48.966402
2024-07-07 13:30:00,49.048802
2024-07-07 14:00:00,50.573208
2024-07-07 14:30:00,47.977597
2024-07-07 15:00:00,51.12941
2024-07-07 15:30:00,50.552608
2024-07-07 16:00:00,46.710692
2024-07-07 16:30:00,46.576792
2024-07-07 17:00:00,43.878181
2024-07-07 17:30:00,43.229278
2024-07-07 18:00:00,31.55933
2024-07-07 18:30:00,30.931027
2024-07-07 19:00:00,31.126728
2024-07-07 19:30:00,30.776527
2024-07-07 20:00:00,28.891619
2024-07-07 20:30:00,30.735326
2024-07-07 21:00:00,29.509621
2024-07-07 21:30:00,28.562018
2024-07-07 22:00:00,27.995515
2024-07-07 22:30:00,25.739806
2024-07-07 23:00:00,27.017011
2024-07-07 23:30:00,27.027311
2024-07-08 00:00:00,23.442896
2024-07-08 00:30:00,22.629193
2024-07-08 01:00:00,22.907294
2024-07-08 01:30:00,22.042091
2024-07-08 02:00:00,22.237792
2024-07-08 02:30:00,20.878186
2024-07-08 03:00:00,21.76399
2024-07-08 03:30:00,22.062691
2024-07-08 04:00:00,22.155391
2024-07-08 04:30:00,22.371692
2024-07-08 05:00:00,22.855794
2024-07-08 05:30:00,25.781006
2024-07-08 06:00:00,30.519026
2024-07-08 06:30:00,44.207782
2024-07-08 07:00:00,51.531112
2024-07-08 07:30:00,51.757713
2024-07-08 08:00:00,51.613512
2024-07-08 08:30:00,51.294211
2024-07-08 09:00:00,51.160311
2024-07-08 09:30:00,49.223903
2024-07-08 10:00:00,48.729501
2024-07-08 10:30:00,47.998198
2024-07-08 11:00:00,51.603212
2024-07-08 11:30:00,49.481404
2024-07-08 12:00:00,49.811005
2024-07-08 12:30:00,49.460804
2024-07-08 13:00:00,54.219423
2024-07-08 13:30:00,52.241815
2024-07-08 14:00:00,50.696809
2024-07-08 14:30:00,50.799809
2024-07-08 15:00:00,49.986106
2024-07-08 15:30:00,46.453191
2024-07-08 16:00:00,49.821305
2024-07-08 16:30:00,45.227486
2024-07-08 17:00:00,42.693676
2024-07-08 17:30:00,41.467971
2024-07-08 18:00:00,30.920727
2024-07-08 18:30:00,30.158524
2024-07-08 19:00:00,29.427221
2024-07-08 19:30:00,29.612622
2024-07-08 20:00:00,26.543209
2024-07-08 20:30:00,26.512309
2024-07-08 21:00:00,27.387813
2024-07-08 21:30:00,27.017011
2024-07-08 22:00:00,23.102995
2024-07-08 22:30:00,22.464392
2024-07-08 23:00:00,22.134791
2024-07-08 23:30:00,22.536493
2024-07-09 00:00:00,21.630089
2024-07-09 00:30:00,21.269588
2024-07-09 01:00:00,21.599189
2024-07-09 01:30:00,21.712489
2024-07-09 02:00:00,21.91849
2024-07-09 02:30:00,21.671289
2024-07-09 03:00:00,21.99059
2024-07-09 03:30:00,21.238687
2024-07-09 04:00:00,21.90819
2024-07-09 04:30:00,21.660989
2024-07-09 05:00:00,21.650689
2024-07-09 05:30:00,21.372588
2024-07-09 06:00:00,22.464392
2024-07-09 06:30:00,22.536493
2024-07-09 07:00:00,23.381096
2024-07-09 07:30:00,24.3596
2024-07-09 08:00:00,24.946703
2024-07-09 08:30:00,24.884902
2024-07-09 09:00:00,25.111503
2024-07-09 09:30:00,24.761302
2024-07-09 10:00:00,23.566497
2024-07-09 10:30:00,23.494397
2024-07-09 11:00:00,24.483201
2024-07-09 11:30:00,24.884902
2024-07-09 12:00:00,26.368109
2024-07-09 12:30:00,27.315712
2024-07-09 13:00:00,26.368109
2024-07-09 13:30:00,25.605905
2024-07-09 14:00:00,23.617997
2024-07-09 14:30:00,23.308996
2024-07-09 15:00:00,24.843702
2024-07-09 15:30:00,24.781902
2024-07-09 16:00:00,23.762198
2024-07-09 16:30:00,23.175095
2024-07-09 17:00:00,24.431701
2024-07-09 17:30:00,24.122699
2024-07-09 18:00:00,24.2566
2024-07-09 18:30:00,23.607697
2024-07-09 19:00:00,23.648897
2024-07-09 19:30:00,22.814594
2024-07-09 20:00:00,23.381096
2024-07-09 20:30:00,23.690097
2024-07-09 21:00:00,23.710698
2024-07-09 21:30:00,23.885798
2024-07-09 22:00:00,23.720998
2024-07-09 22:30:00,24.3802
2024-07-09 23:00:00,23.638597
2024-07-09 23:30:00,23.164795
2024-07-10 00:00:00,21.85669
2024-07-10 00:30:00,21.424088
2024-07-10 01:00:00,22.042091
2024-07-10 01:30:00,21.82579
2024-07-10 02:00:00,21.660989
2024-07-10 02:30:00,22.155391
2024-07-10 03:00:00,21.568289
2024-07-10 03:30:00,21.053287
2024-07-10 04:00:00,21.547689
2024-07-10 04:30:00,21.691889
2024-07-10 05:00:00,21.81549
2024-07-10 05:30:00,21.630089
2024-07-10 06:00:00,21.743389
2024-07-10 06:30:00,22.083291
2024-07-10 07:00:00,21.93909
2024-07-10 07:30:00,22.155391
2024-07-10 08:00:00,22.515893
2024-07-10 08:30:00,21.86699
2024-07-10 09:00:00,22.268692
2024-07-10 09:30:00,22.855794
2024-07-10 10:00:00,22.896994
2024-07-10 10:30:00,23.133895
2024-07-10 11:00:00,23.762198
2024-07-10 11:30:00,26.162108
2024-07-10 12:00:00,23.772498
2024-07-10 12:30:00,22.217191
2024-07-10 13:00:00,22.969095
2024-07-10 13:30:00,22.598293
2024-07-10 14:00:00,22.557093
2024-07-10 14:30:00,22.134791
2024-07-10 15:00:00,22.557093
2024-07-10 15:30:00,22.196591
2024-07-10 16:00:00,22.196591
2024-07-10 16:30:00,22.289292
2024-07-10 17:00:00,22.114191
2024-07-10 17:30:00,22.289292
2024-07-10 18:00:00,22.670393
2024-07-10 18:30:00,22.402592
2024-07-10 19:00:00,22.217191
2024-07-10 19:30:00,22.165691
2024-07-10 20:00:00,22.340792
2024-07-10 20:30:00,21.89789
2024-07-10 21:00:00,21.80519
2024-07-10 21:30:00,21.053287
2024-07-10 22:00:00,21.630089
2024-07-10 22:30:00,22.145091
2024-07-10 23:00:00,21.85669
2024-07-10 23:30:00,22.320192
2024-07-11 00:00:00,21.85669
2024-07-11 00:30:00,22.042091
2024-07-11 01:00:00,22.690993
2024-07-11 01:30:00,21.547689
2024-07-11 02:00:00,21.98029
2024-07-11 02:30:00,22.083291
2024-07-11 03:00:00,22.268692
2024-07-11 03:30:00,22.793994
2024-07-11 04:00:00,22.793994
2024-07-11 04:30:00,22.557093
2024-07-11 05:00:00,23.144195
2024-07-11 05:30:00,26.162108
2024-07-11 06:00:00,30.673526
2024-07-11 06:30:00,46.762192
2024-07-11 07:00:00,52.653817
2024-07-11 07:30:00,52.859818
2024-07-11 08:00:00,54.126723
2024-07-11 08:30:00,53.076118
2024-07-11 09:00:00,51.695913
2024-07-11 09:30:00,50.768909
2024-07-11 10:00:00,51.304511
2024-07-11 10:30:00,52.633217
2024-07-11 11:00:00,58.092239
2024-07-11 11:30:00,56.897434
2024-07-11 12:00:00,55.383328
2024-07-11 12:30:00,57.865638
2024-07-11 13:00:00,58.741142
2024-07-11 13:30:00,62.191656
2024-07-11 14:00:00,59.905047
2024-07-11 14:30:00,59.317944
2024-07-11 15:00:00,52.592016
2024-07-11 15:30:00,50.253907
2024-07-11 16:00:00,54.260623
2024-07-11 16:30:00,49.625604
2024-07-11 17:00:00,48.853101
2024-07-11 17:30:00,47.740696
2024-07-11 18:00:00,34.360941
2024-07-11 18:30:00,33.341237
2024-07-11 19:00:00,32.300933
2024-07-11 19:30:00,31.57993
2024-07-11 20:00:00,29.05642
2024-07-11 20:30:00,29.787723
2024-07-11 21:00:00,29.09762
2024-07-11 21:30:00,27.944015
2024-07-11 22:00:00,24.895202
2024-07-11 22:30:00,23.484097
2024-07-11 23:00:00,23.370796
2024-07-11 23:30:00,22.999995
2024-07-12 00:00:00,22.742494
2024-07-12 00:30:00,22.072991
2024-07-12 01:00:00,21.527089
2024-07-12 01:30:00,21.578589
2024-07-12 02:00:00,20.672185
2024-07-12 02:30:00,21.115087
2024-07-12 03:00:00,21.341688
2024-07-12 03:30:00,21.630089
2024-07-12 04:00:00,21.84639
2024-07-12 04:30:00,22.536493
2024-07-12 05:00:00,22.454092
2024-07-12 05:30:00,23.834298
2024-07-12 06:00:00,28.850419
2024-07-12 06:30:00,43.950281
2024-07-12 07:00:00,50.017006
2024-07-12 07:30:00,51.12941
2024-07-12 08:00:00,51.170611
2024-07-12 08:30:00,51.479612
2024-07-12 09:00:00,50.542308
2024-07-12 09:30:00,49.625604
2024-07-12 10:00:00,49.502004
2024-07-12 10:30:00,52.272715
2024-07-12 11:00:00,56.835634
2024-07-12 11:30:00,60.420049
2024-07-12 12:00:00,60.265548
2024-07-12 12:30:00,59.935947
2024-07-12 13:00:00,60.193448
2024-07-12 13:30:00,60.327348
2024-07-12 14:00:00,60.81145
2024-07-12 14:30:00,60.059547
2024-07-12 15:00:00,62.583058
2024-07-12 15:30:00,54.363624
2024-07-12 16:00:00,55.537829
2024-07-12 16:30:00,50.150906
2024-07-12 17:00:00,46.20599
2024-07-12 17:30:00,45.042085
2024-07-12 18:00:00,32.311233
2024-07-12 18:30:00,31.147328
2024-07-12 19:00:00,29.890723
2024-07-12 19:30:00,29.437521
2024-07-12 20:00:00,27.861615
2024-07-12 20:30:00,26.162108
2024-07-12 21:00:00,26.388709
2024-07-12 21:30:00,26.481409
2024-07-12 22:00:00,25.214504
2024-07-12 22:30:00,24.998203
2024-07-12 23:00:00,24.658301
2024-07-12 23:30:00,24.957003
2024-07-13 00:00:00,20.970886
2024-07-13 00:30:00,21.073887
2024-07-13 01:00:00,20.301384
2024-07-13 01:30:00,20.857586
2024-07-13 02:00:00,20.826686
2024-07-13 02:30:00,20.466184
2024-07-13 03:00:00,20.579485
2024-07-13 03:30:00,20.661885
2024-07-13 04:00:00,20.847286
2024-07-13 04:30:00,20.991486
2024-07-13 05:00:00,21.516789
2024-07-13 05:30:00,22.660093
2024-07-13 06:00:00,28.047015
2024-07-13 06:30:00,44.805184
2024-07-13 07:00:00,51.520812
2024-07-13 07:30:00,51.500212
2024-07-13 08:00:00,51.283911
2024-07-13 08:30:00,51.778313
2024-07-13 09:00:00,49.285703
2024-07-13 09:30:00,48.935501
2024-07-13 10:00:00,48.6265
2024-07-13 10:30:00,54.023722
2024-07-13 11:00:00,58.184939
2024-07-13 11:30:00,60.512749
2024-07-13 12:00:00,60.626049
2024-07-13 12:30:00,60.74965
2024-07-13 13:00:00,59.822646
2024-07-13 13:30:00,54.734425
2024-07-13 14:00:00,65.992372
2024-07-13 14:30:00,58.998643
2024-07-13 15:00:00,59.729946
2024-07-13 15:30:00,54.106123
2024-07-13 16:00:00,56.279432
2024-07-13 16:30:00,52.561116
2024-07-13 17:00:00,49.646204
2024-07-13 17:30:00,49.028202
2024-07-13 18:00:00,33.547238
2024-07-13 18:30:00,30.385125
2024-07-13 19:00:00,29.025519
2024-07-13 19:30:00,28.325117
2024-07-13 20:00:00,25.842806
2024-07-13 20:30:00,25.338104
2024-07-13 21:00:00,26.203308
2024-07-13 21:30:00,25.811906
2024-07-13 22:00:00,22.701293
2024-07-13 22:30:00,21.506489
2024-07-13 23:00:00,21.475588
2024-07-13 23:30:00,22.484993
2024-07-14 00:00:00,20.785486
2024-07-14 00:30:00,21.403488
2024-07-14 01:00:00,19.755481
2024-07-14 01:30:00,20.270483
2024-07-14 02:00:00,20.744285
2024-07-14 02:30:00,20.600085
2024-07-14 03:00:00,21.063587
2024-07-14 03:30:00,20.497084
2024-07-14 04:00:00,21.279888
2024-07-14 04:30:00,20.878186
2024-07-14 05:00:00,20.795786
2024-07-14 05:30:00,21.403488
2024-07-14 06:00:00,26.78011
2024-07-14 06:30:00,42.096273
2024-07-14 07:00:00,48.781001
2024-07-14 07:30:00,49.893405
2024-07-14 08:00:00,50.779209
2024-07-14 08:30:00,50.521708
2024-07-14 09:00:00,49.429903
2024-07-14 09:30:00,47.555296
2024-07-14 10:00:00,48.101198
2024-07-14 10:30:00,46.916693
2024-07-14 11:00:00,52.355115
2024-07-14 11:30:00,47.544996
2024-07-14 12:00:00,50.758609
2024-07-14 12:30:00,57.103435
2024-07-14 13:00:00,57.299136
2024-07-14 13:30:00,55.094927
2024-07-14 14:00:00,54.373924
2024-07-14 14:30:00,57.803838
2024-07-14 15:00:00,54.044322
2024-07-14 15:30:00,54.229723
2024-07-14 16:00:00,51.613512
2024-07-14 16:30:00,50.841009
2024-07-14 17:00:00,49.800705
2024-07-14 17:30:00,49.069402
2024-07-14 18:00:00,33.464838
2024-07-14 18:30:00,30.951627
2024-07-14 19:00:00,29.653822
2024-07-14 19:30:00,27.974915
2024-07-14 20:00:00,25.822206
2024-07-14 20:30:00,27.521713
2024-07-14 21:00:00,27.315712
2024-07-14 21:30:00,25.884007
2024-07-14 22:00:00,24.946703
2024-07-14 22:30:00,24.112399
2024-07-14 23:00:00,24.1948
2024-07-14 23:30:00,24.019699
2024-07-15 00:00:00,21.331388
2024-07-15 00:30:00,20.723685
2024-07-15 01:00:00,20.703085
2024-07-15 01:30:00,20.775185
2024-07-15 02:00:00,20.764885
2024-07-15 02:30:00,20.517684
2024-07-15 03:00:00,20.527984
2024-07-15 03:30:00,20.074783
2024-07-15 04:00:00,20.826686
2024-07-15 04:30:00,20.970886
2024-07-15 05:00:00,21.310788
2024-07-15 05:30:00,22.557093
2024-07-15 06:00:00,27.738014
2024-07-15 06:30:00,43.023277
2024-07-15 07:00:00,52.952518
2024-07-15 07:30:00,48.5956
2024-07-15 08:00:00,49.728605
2024-07-15 08:30:00,50.676209
2024-07-15 09:00:00,49.955206
2024-07-15 09:30:00,50.202407
2024-07-15 10:00:00,52.272715
2024-07-15 10:30:00,50.212707
2024-07-15 11:00:00,54.940426
2024-07-15 11:30:00,54.167923
2024-07-15 12:00:00,57.350636
2024-07-15 12:30:00,58.37034
2024-07-15 13:00:00,58.030439
2024-07-15 13:30:00,56.547233
2024-07-15 14:00:00,54.064922
2024-07-15 14:30:00,52.293315
2024-07-15 15:00:00,49.883105
2024-07-15 15:30:00,51.541412
2024-07-15 16:00:00,45.742488
2024-07-15 16:30:00,46.319291
2024-07-15 17:00:00,43.991481
2024-07-15 17:30:00,47.895197
2024-07-15 18:00:00,30.982528
2024-07-15 18:30:00,29.849523
2024-07-15 19:00:00,28.428117
2024-07-15 19:30:00,28.448717
2024-07-15 20:00:00,26.100307
2024-07-15 20:30:00,25.729506
2024-07-15 21:00:00,25.729506
2024-07-15 21:30:00,25.770706
2024-07-15 22:00:00,22.165691
2024-07-15 22:30:00,20.909086
2024-07-15 23:00:00,20.579485
2024-07-15 23:30:00,20.054183
2024-07-16 00:00:00,20.321984
2024-07-16 00:30:00,20.610385
2024-07-16 01:00:00,20.291084
2024-07-16 01:30:00,20.517684
2024-07-16 02:00:00,20.167483
2024-07-16 02:30:00,20.558885
2024-07-16 03:00:00,20.455884
2024-07-16 03:30:00,20.342584
2024-07-16 04:00:00,19.817282
2024-07-16 04:30:00,19.590681
2024-07-16 05:00:00,20.455884
2024-07-16 05:30:00,20.404384
2024-07-16 06:00:00,21.032687
2024-07-16 06:30:00,20.816386
2024-07-16 07:00:00,21.98029
2024-07-16 07:30:00,24.174199
2024-07-16 08:00:00,24.895202
2024-07-16 08:30:00,24.174199
2024-07-16 09:00:00,22.567393
2024-07-16 09:30:00,24.1948
2024-07-16 10:00:00,23.144195
2024-07-16 10:30:00,23.350196
2024-07-16 11:00:00,23.556197
2024-07-16 11:30:00,23.700398
2024-07-16 12:00:00,22.690993
2024-07-16 12:30:00,22.577693
2024-07-16 13:00:00,21.94939
2024-07-16 13:30:00,23.329596
2024-07-16 14:00:00,21.238687
2024-07-16 14:30:00,21.79489
2024-07-16 15:00:00,21.88759
2024-07-16 15:30:00,21.90819
2024-07-16 16:00:00,21.001786
2024-07-16 16:30:00,21.76399
2024-07-16 17:00:00,21.053287
2024-07-16 17:30:00,20.785486
2024-07-16 18:00:00,20.558885
2024-07-16 18:30:00,19.899682
2024-07-16 19:00:00,22.175991
2024-07-16 19:30:00,19.930582
2024-07-16 20:00:00,20.229283
2024-07-16 20:30:00,20.239583
2024-07-16 21:00:00,20.394084
2024-07-16 21:30:00,19.920282
2024-07-16 22:00:00,19.961482
2024-07-16 22:30:00,19.178679
2024-07-16 23:00:00,19.848182
2024-07-16 23:30:00,19.920282
2024-07-17 00:00:00,19.951182
2024-07-17 00:30:00,20.321984
2024-07-17 01:00:00,20.291084
2024-07-17 01:30:00,20.352884
2024-07-17 02:00:00,20.280783
2024-07-17 02:30:00,18.756377
2024-07-17 03:00:00,19.745181
2024-07-17 03:30:00,19.776081
2024-07-17 04:00:00,20.115983
2024-07-17 04:30:00,20.260183
2024-07-17 05:00:00,19.920282
2024-07-17 05:30:00,20.455884
2024-07-17 06:00:00,20.095383
2024-07-17 06:30:00,19.127179
2024-07-17 07:00:00,19.703981
2024-07-17 07:30:00,20.435284
2024-07-17 08:00:00,20.497084
2024-07-17 08:30:00,22.206891
2024-07-17 09:00:00,21.321088
2024-07-17 09:30:00,21.547689
2024-07-17 10:00:00,20.311684
2024-07-17 10:30:00,21.712489
2024-07-17 11:00:00,21.496188
2024-07-17 11:30:00,21.630089
2024-07-17 12:00:00,22.721894
2024-07-17 12:30:00,21.393188
2024-07-17 13:00:00,22.660093
2024-07-17 13:30:00,20.847286
2024-07-17 14:00:00,20.466184
2024-07-17 14:30:00,21.393188
2024-07-17 15:00:00,22.320192
2024-07-17 15:30:00,21.393188
2024-07-17 16:00:00,20.970886
2024-07-17 16:30:00,21.712489
2024-07-17 17:00:00,20.476484
2024-07-17 17:30:00,20.713385
2024-07-17 18:00:00,21.568289
2024-07-17 18:30:00,21.568289
2024-07-17 19:00:00,21.382888
2024-07-17 19:30:00,21.290188
2024-07-17 20:00:00,21.465288
2024-07-17 20:30:00,20.054183
2024-07-17 21:00:00,20.579485
2024-07-17 21:30:00,20.960586
2024-07-17 22:00:00,21.187187
2024-07-17 22:30:00,20.836986
2024-07-17 23:00:00,20.898786
2024-07-17 23:30:00,20.723685
2024-07-18 00:00:00,19.53918
2024-07-18 00:30:00,19.065378
2024-07-18 01:00:00,19.827582
2024-07-18 01:30:00,19.745181
2024-07-18 02:00:00,20.033582
2024-07-18 02:30:00,19.858482
2024-07-18 03:00:00,20.115983
2024-07-18 03:30:00,20.383784
2024-07-18 04:00:00,20.218983
2024-07-18 04:30:00,20.435284
2024-07-18 05:00:00,20.414684
2024-07-18 05:30:00,23.628297
2024-07-18 06:00:00,29.09762
2024-07-18 06:30:00,45.299586
2024-07-18 07:00:00,50.707109
2024-07-18 07:30:00,53.900122
2024-07-18 08:00:00,52.550816
2024-07-18 08:30:00,55.177327
2024-07-18 09:00:00,52.993718
2024-07-18 09:30:00,51.737113
2024-07-18 10:00:00,51.211811
2024-07-18 10:30:00,48.801601
2024-07-18 11:00:00,53.034918
2024-07-18 11:30:00,49.646204
2024-07-18 12:00:00,50.810109
2024-07-18 12:30:00,54.827126
2024-07-18 13:00:00,50.047906
2024-07-18 13:30:00,48.863401
2024-07-18 14:00:00,48.7192
2024-07-18 14:30:00,48.6162
2024-07-18 15:00:00,50.459908
2024-07-18 15:30:00,49.275403
2024-07-18 16:00:00,46.679792
2024-07-18 16:30:00,47.936397
2024-07-18 17:00:00,45.999989
2024-07-18 17:30:00,45.618888
2024-07-18 18:00:00,32.898335
2024-07-18 18:30:00,31.198828
2024-07-18 19:00:00,31.075228
2024-07-18 19:30:00,29.509621
2024-07-18 20:00:00,27.109712
2024-07-18 20:30:00,28.500217
2024-07-18 21:00:00,27.470213
2024-07-18 21:30:00,26.862511
2024-07-18 22:00:00,22.557093
2024-07-18 22:30:00,21.77429
2024-07-18 23:00:00,21.300488
2024-07-18 23:30:00,21.218087
2024-07-19 00:00:00,21.290188
2024-07-19 00:30:00,21.506489
2024-07-19 01:00:00,19.848182
2024-07-19 01:30:00,21.012086
2024-07-19 02:00:00,20.497084
2024-07-19 02:30:00,20.919386
2024-07-19 03:00:00,21.176887
2024-07-19 03:30:00,21.053287
2024-07-19 04:00:00,20.775185
2024-07-19 04:30:00,20.847286
2024-07-19 05:00:00,20.435284
2024-07-19 05:30:00,22.577693
2024-07-19 06:00:00,27.490813
2024-07-19 06:30:00,45.814589
2024-07-19 07:00:00,53.43662
2024-07-19 07:30:00,53.261519
2024-07-19 08:00:00,53.58082
2024-07-19 08:30:00,52.942218
2024-07-19 09:00:00,52.066714
2024-07-19 09:30:00,49.378403
2024-07-19 10:00:00,48.884001
2024-07-19 10:30:00,49.368103
2024-07-19 11:00:00,54.682925
2024-07-19 11:30:00,49.780105
2024-07-19 12:00:00,49.605004
2024-07-19 12:30:00,50.717409
2024-07-19 13:00:00,53.034918
2024-07-19 13:30:00,49.368103
2024-07-19 14:00:00,49.141502
2024-07-19 14:30:00,49.460804
2024-07-19 15:00:00,48.863401
2024-07-19 15:30:00,47.874597
2024-07-19 16:00:00,47.050594
2024-07-19 16:30:00,45.907289
2024-07-19 17:00:00,44.918485
2024-07-19 17:30:00,44.753684
2024-07-19 18:00:00,32.280333
2024-07-19 18:30:00,31.59023
2024-07-19 19:00:00,30.117324
2024-07-19 19:30:00,29.396321
2024-07-19 20:00:00,26.64621
2024-07-19 20:30:00,26.67711
2024-07-19 21:00:00,27.264212
2024-07-19 21:30:00,26.440209
2024-07-19 22:00:00,25.575005
2024-07-19 22:30:00,24.689202
2024-07-19 23:00:00,24.4111
2024-07-19 23:30:00,24.112399
2024-07-20 00:00:00,22.042091
2024-07-20 00:30:00,22.320192
2024-07-20 01:00:00,20.682485
2024-07-20 01:30:00,21.403488
2024-07-20 02:00:00,20.816386
2024-07-20 02:30:00,20.208683
2024-07-20 03:00:00,20.218983
2024-07-20 03:30:00,21.001786
2024-07-20 04:00:00,21.218087
2024-07-20 04:30:00,21.187187
2024-07-20 05:00:00,20.754585
2024-07-20 05:30:00,22.701293
2024-07-20 06:00:00,27.913115
2024-07-20 06:30:00,45.454087
2024-07-20 07:00:00,52.530216
2024-07-20 07:30:00,53.034918
2024-07-20 08:00:00,53.797121
2024-07-20 08:30:00,53.56022
2024-07-20 09:00:00,52.447816
2024-07-20 09:30:00,50.98521
2024-07-20 10:00:00,50.233307
2024-07-20 10:30:00,48.822201
2024-07-20 11:00:00,56.155831
2024-07-20 11:30:00,54.126723
2024-07-20 12:00:00,59.493045
2024-07-20 12:30:00,58.43214
2024-07-20 13:00:00,58.081939
2024-07-20 13:30:00,59.214944
2024-07-20 14:00:00,57.731738
2024-07-20 14:30:00,57.731738
2024-07-20 15:00:00,55.506928
2024-07-20 15:30:00,54.404824
2024-07-20 16:00:00,53.57052
2024-07-20 16:30:00,51.479612
2024-07-20 17:00:00,46.18539
2024-07-20 17:30:00,45.495287
2024-07-20 18:00:00,36.822652
2024-07-20 18:30:00,31.68293
2024-07-20 19:00:00,29.942223
2024-07-20 19:30:00,30.446925
2024-07-20 20:00:00,26.934611
2024-07-20 20:30:00,27.398113
2024-07-20 21:00:00,27.501113
2024-07-20 21:30:00,26.316608
2024-07-20 22:00:00,22.649793
2024-07-20 22:30:00,20.177783
2024-07-20 23:00:00,21.135687
2024-07-20 23:30:00,21.88759
2024-07-21 00:00:00,20.785486
2024-07-21 00:30:00,21.022387
2024-07-21 01:00:00,20.404384
2024-07-21 01:30:00,20.548585
2024-07-21 02:00:00,20.373484
2024-07-21 02:30:00,19.168379
2024-07-21 03:00:00,20.373484
2024-07-21 03:30:00,20.455884
2024-07-21 04:00:00,20.713385
2024-07-21 04:30:00,20.569185
2024-07-21 05:00:00,20.867886
2024-07-21 05:30:00,23.041195
2024-07-21 06:00:00,27.429013
2024-07-21 06:30:00,42.425875
2024-07-21 07:00:00,48.791301
2024-07-21 07:30:00,50.027306
2024-07-21 08:00:00,52.561116
2024-07-21 08:30:00,53.168819
2024-07-21 09:00:00,52.653817
2024-07-21 09:30:00,51.10881
2024-07-21 10:00:00,49.378403
2024-07-21 10:30:00,48.6471
2024-07-21 11:00:00,48.811901
2024-07-21 11:30:00,50.604108
2024-07-21 12:00:00,51.469312
2024-07-21 12:30:00,49.079702
2024-07-21 13:00:00,49.234203
2024-07-21 13:30:00,49.512304
2024-07-21 14:00:00,52.015214
2024-07-21 14:30:00,47.565596
2024-07-21 15:00:00,47.297795
2024-07-21 15:30:00,46.844593
2024-07-21 16:00:00,47.215394
2024-07-21 16:30:00,47.256594
2024-07-21 17:00:00,44.928785
2024-07-21 17:30:00,44.619784
2024-07-21 18:00:00,32.228833
2024-07-21 18:30:00,30.879527
2024-07-21 19:00:00,29.478721
2024-07-21 19:30:00,29.777423
2024-07-21 20:00:00,26.955211
2024-07-21 20:30:00,27.552613
2024-07-21 21:00:00,27.387813
2024-07-21 21:30:00,26.048807
2024-07-21 22:00:00,24.709802
2024-07-21 22:30:00,24.1948
2024-07-21 23:00:00,23.793098
2024-07-21 23:30:00,24.163899
2024-07-22 00:00:00,21.712489
2024-07-22 00:30:00,21.032687
2024-07-22 01:00:00,20.733985
2024-07-22 01:30:00,21.300488
2024-07-22 02:00:00,20.713385
2024-07-22 02:30:00,20.558885
2024-07-22 03:00:00,20.486784
2024-07-22 03:30:00,20.177783
2024-07-22 04:00:00,19.858482
2024-07-22 04:30:00,20.960586
2024-07-22 05:00:00,20.610385
2024-07-22 05:30:00,22.773394
2024-07-22 06:00:00,27.552613
2024-07-22 06:30:00,45.381987
2024-07-22 07:00:00,51.201511
2024-07-22 07:30:00,52.128515
2024-07-22 08:00:00,52.983418
2024-07-22 08:30:00,52.015214
2024-07-22 09:00:00,51.665013
2024-07-22 09:30:00,51.304511
2024-07-22 10:00:00,51.417812
2024-07-22 10:30:00,50.717409
2024-07-22 11:00:00,50.418707
2024-07-22 11:30:00,50.779209
2024-07-22 12:00:00,50.624708
2024-07-22 12:30:00,49.687404
2024-07-22 13:00:00,48.6986
2024-07-22 13:30:00,50.161206
2024-07-22 14:00:00,49.440203
2024-07-22 14:30:00,51.407512
2024-07-22 15:00:00,50.562908
2024-07-22 15:30:00,48.286599
2024-07-22 16:00:00,47.503795
2024-07-22 16:30:00,46.19569
2024-07-22 17:00:00,44.310782
2024-07-22 17:30:00,44.331382
2024-07-22 18:00:00,30.982528
2024-07-22 18:30:00,30.488125
2024-07-22 19:00:00,29.06672
2024-07-22 19:30:00,28.798919
2024-07-22 20:00:00,26.512309
2024-07-22 20:30:00,27.017011
2024-07-22 21:00:00,26.68741
2024-07-22 21:30:00,26.70801
2024-07-22 22:00:00,22.763094
2024-07-22 22:30:00,21.516789
2024-07-22 23:00:00,21.81549
2024-07-22 23:30:00,20.981186
2024-07-23 00:00:00,20.249883
2024-07-23 00:30:00,20.136583
2024-07-23 01:00:00,20.497084
2024-07-23 01:30:00,20.816386
2024-07-23 02:00:00,20.939986
2024-07-23 02:30:00,20.785486
2024-07-23 03:00:00,20.960586
2024-07-23 03:30:00,21.424088
2024-07-23 04:00:00,20.301384
2024-07-23 04:30:00,20.136583
2024-07-23 05:00:00,20.857586
2024-07-23 05:30:00,21.084187
2024-07-23 06:00:00,20.826686
2024-07-23 06:30:00,21.578589
2024-07-23 07:00:00,21.87729
2024-07-23 07:30:00,21.79489
2024-07-23 08:00:00,21.80519
2024-07-23 08:30:00,21.79489
2024-07-23 09:00:00,22.371692
2024-07-23 09:30:00,22.443792
2024-07-23 10:00:00,22.958794
2024-07-23 10:30:00,22.670393
2024-07-23 11:00:00,22.629193
2024-07-23 11:30:00,22.618893
2024-07-23 12:00:00,27.974915
2024-07-23 12:30:00,22.268692
2024-07-23 13:00:00,21.609489
2024-07-23 13:30:00,21.599189
2024-07-23 14:00:00,21.218087
2024-07-23 14:30:00,21.403488
2024-07-23 15:00:00,21.403488
2024-07-23 15:30:00,21.691889
2024-07-23 16:00:00,21.93909
2024-07-23 16:30:00,21.485888
2024-07-23 17:00:00,22.557093
2024-07-23 17:30:00,21.042987
2024-07-23 18:00:00,20.363184
2024-07-23 18:30:00,20.692785
2024-07-23 19:00:00,20.692785
2024-07-23 19:30:00,21.351988
2024-07-23 20:00:00,20.136583
2024-07-23 20:30:00,20.641285
2024-07-23 21:00:00,20.095383
2024-07-23 21:30:00,19.889382
2024-07-23 22:00:00,19.261079
2024-07-23 22:30:00,20.064483
2024-07-23 23:00:00,20.054183
2024-07-23 23:30:00,19.776081
2024-07-24 00:00:00,20.270483
2024-07-24 00:30:00,20.002682
2024-07-24 01:00:00,20.136583
2024-07-24 01:30:00,19.765781
2024-07-24 02:00:00,19.281679
2024-07-24 02:30:00,19.920282
2024-07-24 03:00:00,20.012982
2024-07-24 03:30:00,19.745181
2024-07-24 04:00:00,20.095383
2024-07-24 04:30:00,20.260183
2024-07-24 05:00:00,19.940882
2024-07-24 05:30:00,19.961482
2024-07-24 06:00:00,19.230179
2024-07-24 06:30:00,19.868782
2024-07-24 07:00:00,21.063587
2024-07-24 07:30:00,21.073887
2024-07-24 08:00:00,21.547689
2024-07-24 08:30:00,22.206891
2024-07-24 09:00:00,22.330492
2024-07-24 09:30:00,21.84639
2024-07-24 10:00:00,21.557989
2024-07-24 10:30:00,21.78459
2024-07-24 11:00:00,22.804294
2024-07-24 11:30:00,25.884007
2024-07-24 12:00:00,25.307204
2024-07-24 12:30:00,22.412892
2024-07-24 13:00:00,22.351092
2024-07-24 13:30:00,22.320192
2024-07-24 14:00:00,23.803398
2024-07-24 14:30:00,22.196591
2024-07-24 15:00:00,22.505593
2024-07-24 15:30:00,21.248987
2024-07-24 16:00:00,21.496188
2024-07-24 16:30:00,22.145091
2024-07-24 17:00:00,22.721894
2024-07-24 17:30:00,22.083291
2024-07-24 18:00:00,22.536493
2024-07-24 18:30:00,21.485888
2024-07-24 19:00:00,21.424088
2024-07-24 19:30:00,20.723685
2024-07-24 20:00:00,21.84639
2024-07-24 20:30:00,21.660989
2024-07-24 21:00:00,21.712489
2024-07-24 21:30:00,21.712489
2024-07-24 22:00:00,21.619789
2024-07-24 22:30:00,21.084187
2024-07-24 23:00:00,20.414684
2024-07-24 23:30:00,21.279888
2024-07-25 00:00:00,20.857586
2024-07-25 00:30:00,20.373484
2024-07-25 01:00:00,20.589785
2024-07-25 01:30:00,20.486784
2024-07-25 02:00:00,20.610385
2024-07-25 02:30:00,20.208683
2024-07-25 03:00:00,19.642181
2024-07-25 03:30:00,19.37438
2024-07-25 04:00:00,20.682485
2024-07-25 04:30:00,20.486784
2024-07-25 05:00:00,20.775185
2024-07-25 05:30:00,22.248092
2024-07-25 06:00:00,28.891619
2024-07-25 06:30:00,46.319291
2024-07-25 07:00:00,50.686509
2024-07-25 07:30:00,49.862505
2024-07-25 08:00:00,51.994614
2024-07-25 08:30:00,51.541412
2024-07-25 09:00:00,50.346607
2024-07-25 09:30:00,50.006706
2024-07-25 10:00:00,49.502004
2024-07-25 10:30:00,49.203302
2024-07-25 11:00:00,48.956101
2024-07-25 11:30:00,49.326903
2024-07-25 12:00:00,49.790405
2024-07-25 12:30:00,51.325111
2024-07-25 13:00:00,49.975806
2024-07-25 13:30:00,49.728605
2024-07-25 14:00:00,49.862505
2024-07-25 14:30:00,54.981626
2024-07-25 15:00:00,53.848622
2024-07-25 15:30:00,50.645308
2024-07-25 16:00:00,47.184494
2024-07-25 16:30:00,45.330487
2024-07-25 17:00:00,43.043877
2024-07-25 17:30:00,42.302274
2024-07-25 18:00:00,31.734431
2024-07-25 18:30:00,30.477825
2024-07-25 19:00:00,29.684722
2024-07-25 19:30:00,28.871019
2024-07-25 20:00:00,27.305412
2024-07-25 20:30:00,27.768914
2024-07-25 21:00:00,26.450509
2024-07-25 21:30:00,25.008503
2024-07-25 22:00:00,22.278992
2024-07-25 22:30:00,20.970886
2024-07-25 23:00:00,21.691889
2024-07-25 23:30:00,21.176887
2024-07-26 00:00:00,20.785486
2024-07-26 00:30:00,21.042987
2024-07-26 01:00:00,20.146883
2024-07-26 01:30:00,20.054183
2024-07-26 02:00:00,19.43618
2024-07-26 02:30:00,20.012982
2024-07-26 03:00:00,20.208683
2024-07-26 03:30:00,20.435284
2024-07-26 04:00:00,20.600085
2024-07-26 04:30:00,20.692785
2024-07-26 05:00:00,21.259287
2024-07-26 05:30:00,22.639493
2024-07-26 06:00:00,27.532013
2024-07-26 06:30:00,44.805184
2024-07-26 07:00:00,50.810109
2024-07-26 07:30:00,50.480508
2024-07-26 08:00:00,51.13971
2024-07-26 08:30:00,50.851309
2024-07-26 09:00:00,49.934605
2024-07-26 09:30:00,48.863401
2024-07-26 10:00:00,48.729501
2024-07-26 10:30:00,54.064922
2024-07-26 11:00:00,52.890718
2024-07-26 11:30:00,57.391836
2024-07-26 12:00:00,59.760846
2024-07-26 12:30:00,61.542753
2024-07-26 13:00:00,62.583058
2024-07-26 13:30:00,61.398553
2024-07-26 14:00:00,60.399449
2024-07-26 14:30:00,62.438857
2024-07-26 15:00:00,60.337648
2024-07-26 15:30:00,57.628737
2024-07-26 16:00:00,53.261519
2024-07-26 16:30:00,53.117319
2024-07-26 17:00:00,48.183598
2024-07-26 17:30:00,44.557983
2024-07-26 18:00:00,32.455434
2024-07-26 18:30:00,30.292425
2024-07-26 19:00:00,29.787723
2024-07-26 19:30:00,28.273616
2024-07-26 20:00:00,26.944911
2024-07-26 20:30:00,27.645314
2024-07-26 21:00:00,27.068511
2024-07-26 21:30:00,26.388709
2024-07-26 22:00:00,24.792202
2024-07-26 22:30:00,25.018803
2024-07-26 23:00:00,24.689202
2024-07-26 23:30:00,24.462601
2024-07-27 00:00:00,21.238687
2024-07-27 00:30:00,19.55978
2024-07-27 01:00:00,20.126283
2024-07-27 01:30:00,20.291084
2024-07-27 02:00:00,20.517684
2024-07-27 02:30:00,20.311684
2024-07-27 03:00:00,20.424984
2024-07-27 03:30:00,21.063587
2024-07-27 04:00:00,20.198383
2024-07-27 04:30:00,20.291084
2024-07-27 05:00:00,19.909982
2024-07-27 05:30:00,22.052391
2024-07-27 06:00:00,27.171512
2024-07-27 06:30:00,42.621575
2024-07-27 07:00:00,48.842801
2024-07-27 07:30:00,49.141502
2024-07-27 08:00:00,50.624708
2024-07-27 08:30:00,51.02641
2024-07-27 09:00:00,49.326903
2024-07-27 09:30:00,48.430799
2024-07-27 10:00:00,52.828917
2024-07-27 10:30:00,59.163443
2024-07-27 11:00:00,58.28794
2024-07-27 11:30:00,59.832946
2024-07-27 12:00:00,62.057755
2024-07-27 12:30:00,62.593358
2024-07-27 13:00:00,62.881759
2024-07-27 13:30:00,64.952067
2024-07-27 14:00:00,67.310777
2024-07-27 14:30:00,66.816375
2024-07-27 15:00:00,60.255248
2024-07-27 15:30:00,57.896538
2024-07-27 16:00:00,53.776521
2024-07-27 16:30:00,54.981626
2024-07-27 17:00:00,50.037606
2024-07-27 17:30:00,47.802497
2024-07-27 18:00:00,34.257941
2024-07-27 18:30:00,31.064928
2024-07-27 19:00:00,29.344821
2024-07-27 19:30:00,29.06672
2024-07-27 20:00:00,27.964615
2024-07-27 20:30:00,26.78011
2024-07-27 21:00:00,26.316608
2024-07-27 21:30:00,25.585305
2024-07-27 22:00:00,22.618893
2024-07-27 22:30:00,21.619789
2024-07-27 23:00:00,21.104787
2024-07-27 23:30:00,20.754585
2024-07-28 00:00:00,21.073887
2024-07-28 00:30:00,19.755481
2024-07-28 01:00:00,20.136583
2024-07-28 01:30:00,20.188083
2024-07-28 02:00:00,20.466184
2024-07-28 02:30:00,20.332284
2024-07-28 03:00:00,20.270483
2024-07-28 03:30:00,20.703085
2024-07-28 04:00:00,20.074783
2024-07-28 04:30:00,20.445584
2024-07-28 05:00:00,19.837882
2024-07-28 05:30:00,22.309892
2024-07-28 06:00:00,27.398113
2024-07-28 06:30:00,43.115977
2024-07-28 07:00:00,49.450503
2024-07-28 07:30:00,49.368103
2024-07-28 08:00:00,49.738905
2024-07-28 08:30:00,50.882209
2024-07-28 09:00:00,49.563804
2024-07-28 09:30:00,47.575896
2024-07-28 10:00:00,47.689196
2024-07-28 10:30:00,52.231515
2024-07-28 11:00:00,54.013422
2024-07-28 11:30:00,54.476924
2024-07-28 12:00:00,56.825334
2024-07-28 12:30:00,56.063131
2024-07-28 13:00:00,57.978939
2024-07-28 13:30:00,59.781446
2024-07-28 14:00:00,60.244948
2024-07-28 14:30:00,64.972667
2024-07-28 15:00:00,57.391836
2024-07-28 15:30:00,56.00133
2024-07-28 16:00:00,54.590225
2024-07-28 16:30:00,52.540516
2024-07-28 17:00:00,48.5235
2024-07-28 17:30:00,46.617992
2024-07-28 18:00:00,32.929236
2024-07-28 18:30:00,30.735326
2024-07-28 19:00:00,28.768018
2024-07-28 19:30:00,28.623818
2024-07-28 20:00:00,27.099412
2024-07-28 20:30:00,26.62561
2024-07-28 21:00:00,27.037611
2024-07-28 21:30:00,27.398113
2024-07-28 22:00:00,25.750106
2024-07-28 22:30:00,25.121803
2024-07-28 23:00:00,23.628297
2024-07-28 23:30:00,24.081499
2024-07-29 00:00:00,21.248987
2024-07-29 00:30:00,21.053287
2024-07-29 01:00:00,20.867886
2024-07-29 01:30:00,20.909086
2024-07-29 02:00:00,20.857586
2024-07-29 02:30:00,21.166587
2024-07-29 03:00:00,20.280783
2024-07-29 03:30:00,20.249883
2024-07-29 04:00:00,19.961482
2024-07-29 04:30:00,20.517684
2024-07-29 05:00:00,21.094487
2024-07-29 05:30:00,22.701293
2024-07-29 06:00:00,28.139716
2024-07-29 06:30:00,43.074777
2024-07-29 07:00:00,48.204198
2024-07-29 07:30:00,48.080598
2024-07-29 08:00:00,48.399899
2024-07-29 08:30:00,48.5029
2024-07-29 09:00:00,47.009393
2024-07-29 09:30:00,47.586196
2024-07-29 10:00:00,56.639933
2024-07-29 10:30:00,53.51902
2024-07-29 11:00:00,57.299136
2024-07-29 11:30:00,59.925647
2024-07-29 12:00:00,61.326452
2024-07-29 12:30:00,60.615749
2024-07-29 13:00:00,60.67755
2024-07-29 13:30:00,61.728154
2024-07-29 14:00:00,62.098956
2024-07-29 14:30:00,62.428557
2024-07-29 15:00:00,63.036259
2024-07-29 15:30:00,58.833842
2024-07-29 16:00:00,56.052831
2024-07-29 16:30:00,54.507824
2024-07-29 17:00:00,48.286599
2024-07-29 17:30:00,48.770701
2024-07-29 18:00:00,31.724131
2024-07-29 18:30:00,30.292425
2024-07-29 19:00:00,28.644418
2024-07-29 19:30:00,28.150016
2024-07-29 20:00:00,25.163004
2024-07-29 20:30:00,25.358704
2024-07-29 21:00:00,26.182708
2024-07-29 21:30:00,25.245404
2024-07-29 22:00:00,22.289292
2024-07-29 22:30:00,22.299592
2024-07-29 23:00:00,22.124491
2024-07-29 23:30:00,21.413788
2024-07-30 00:00:00,19.776081
2024-07-30 00:30:00,20.074783
2024-07-30 01:00:00,20.672185
2024-07-30 01:30:00,20.167483
2024-07-30 02:00:00,21.691889
2024-07-30 02:30:00,21.207787
2024-07-30 03:00:00,21.218087
2024-07-30 03:30:00,20.342584
2024-07-30 04:00:00,20.970886
2024-07-30 04:30:00,20.610385
2024-07-30 05:00:00,20.888486
2024-07-30 05:30:00,21.073887
2024-07-30 06:00:00,21.640389
2024-07-30 06:30:00,21.207787
2024-07-30 07:00:00,21.084187
2024-07-30 07:30:00,22.412892
2024-07-30 08:00:00,22.186291
2024-07-30 08:30:00,23.185395
2024-07-30 09:00:00,22.598293
2024-07-30 09:30:00,23.072095
2024-07-30 10:00:00,21.619789
2024-07-30 10:30:00,21.454988
2024-07-30 11:00:00,23.896098
2024-07-30 11:30:00,24.040299
2024-07-30 12:00:00,22.732194
2024-07-30 12:30:00,22.443792
2024-07-30 13:00:00,21.372588
2024-07-30 13:30:00,21.413788
2024-07-30 14:00:00,22.464392
2024-07-30 14:30:00,21.89789
2024-07-30 15:00:00,21.321088
2024-07-30 15:30:00,21.084187
2024-07-30 16:00:00,20.188083
2024-07-30 16:30:00,21.032687
2024-07-30 17:00:00,20.682485
2024-07-30 17:30:00,22.855794
2024-07-30 18:00:00,21.403488
2024-07-30 18:30:00,20.383784
2024-07-30 19:00:00,20.826686
2024-07-30 19:30:00,19.724581
2024-07-30 20:00:00,20.538285
2024-07-30 20:30:00,20.373484
2024-07-30 21:00:00,20.600085
2024-07-30 21:30:00,20.270483
2024-07-30 22:00:00,19.776081
2024-07-30 22:30:00,19.992382
2024-07-30 23:00:00,19.32288
2024-07-30 23:30:00,20.105683
2024-07-31 00:00:00,19.765781
2024-07-31 00:30:00,19.611281
2024-07-31 01:00:00,20.115983
2024-07-31 01:30:00,19.188979
2024-07-31 02:00:00,19.806982
2024-07-31 02:30:00,18.550376
2024-07-31 03:00:00,19.858482
2024-07-31 03:30:00,19.683381
2024-07-31 04:00:00,19.920282
2024-07-31 04:30:00,19.961482
2024-07-31 05:00:00,19.786381
2024-07-31 05:30:00,19.930582
2024-07-31 06:00:00,19.168379
2024-07-31 06:30:00,20.188083
2024-07-31 07:00:00,20.414684
2024-07-31 07:30:00,20.878186
2024-07-31 08:00:00,21.125387
2024-07-31 08:30:00,21.135687
2024-07-31 09:00:00,21.176887
2024-07-31 09:30:00,20.692785
2024-07-31 10:00:00,21.578589
2024-07-31 10:30:00,21.444688
2024-07-31 11:00:00,22.114191
2024-07-31 11:30:00,22.855794
2024-07-31 12:00:00,21.77429
2024-07-31 12:30:00,22.227491
2024-07-31 13:00:00,22.134791
2024-07-31 13:30:00,21.94939
2024-07-31 14:00:00,20.806086
2024-07-31 14:30:00,21.475588
2024-07-31 15:00:00,20.888486
2024-07-31 15:30:00,21.290188
2024-07-31 16:00:00,21.269588
2024-07-31 16:30:00,20.857586
2024-07-31 17:00:00,21.321088
2024-07-31 17:30:00,20.960586
2024-07-31 18:00:00,20.630985
2024-07-31 18:30:00,21.218087
2024-07-31 19:00:00,21.321088
2024-07-31 19:30:00,21.599189
2024-07-31 20:00:00,21.135687
2024-07-31 20:30:00,20.280783
2024-07-31 21:00:00,20.569185
2024-07-31 21:30:00,19.796681
2024-07-31 22:00:00,20.744285
2024-07-31 22:30:00,20.754585
2024-07-31 23:00:00,20.641285
2024-07-31 23:30:00,21.032687
2024-08-01 00:00:00,20.249883
2024-08-01 00:30:00,18.766677
2024-08-01 01:00:00,18.879978
2024-08-01 01:30:00,19.570081
2024-08-01 02:00:00,20.198383
2024-08-01 02:30:00,19.848182
2024-08-01 03:00:00,19.683381
2024-08-01 03:30:00,19.36408
2024-08-01 04:00:00,20.146883
2024-08-01 04:30:00,19.003578
2024-08-01 05:00:00,20.239583
2024-08-01 05:30:00,20.970886
2024-08-01 06:00:00,27.305412
2024-08-01 06:30:00,40.592467
2024-08-01 07:00:00,52.437516
2024-08-01 07:30:00,45.196586
2024-08-01 08:00:00,47.411095
2024-08-01 08:30:00,51.00581
2024-08-01 09:00:00,48.420499
2024-08-01 09:30:00,54.713825
2024-08-01 10:00:00,52.942218
2024-08-01 10:30:00,49.944906
2024-08-01 11:00:00,57.783238
2024-08-01 11:30:00,48.389599
2024-08-01 12:00:00,56.773834
2024-08-01 12:30:00,58.28794
2024-08-01 13:00:00,56.351532
2024-08-01 13:30:00,49.296003
2024-08-01 14:00:00,49.048802
2024-08-01 14:30:00,47.905497
2024-08-01 15:00:00,47.812797
2024-08-01 15:30:00,48.111498
2024-08-01 16:00:00,47.524396
2024-08-01 16:30:00,46.731292
2024-08-01 17:00:00,45.000885
2024-08-01 17:30:00,44.022381
2024-08-01 18:00:00,31.806531
2024-08-01 18:30:00,30.601426
2024-08-01 19:00:00,29.293321
2024-08-01 19:30:00,28.551717
2024-08-01 20:00:00,26.584409
2024-08-01 20:30:00,26.563809
2024-08-01 21:00:00,27.810114
2024-08-01 21:30:00,26.80071
2024-08-01 22:00:00,21.81549
2024-08-01 22:30:00,20.703085
2024-08-01 23:00:00,20.733985
2024-08-01 23:30:00,20.486784
2024-08-02 00:00:00,20.816386
2024-08-02 00:30:00,20.074783
2024-08-02 01:00:00,20.991486
2024-08-02 01:30:00,20.239583
2024-08-02 02:00:00,20.085083
2024-08-02 02:30:00,19.33318
2024-08-02 03:00:00,20.095383
2024-08-02 03:30:00,19.951182
2024-08-02 04:00:00,20.260183
2024-08-02 04:30:00,20.424984
2024-08-02 05:00:00,20.878186
2024-08-02 05:30:00,22.340792
2024-08-02 06:00:00,27.521713
2024-08-02 06:30:00,44.630084
2024-08-02 07:00:00,49.800705
2024-08-02 07:30:00,49.512304
2024-08-02 08:00:00,51.479612
2024-08-02 08:30:00,51.08821
2024-08-02 09:00:00,50.429008
2024-08-02 09:30:00,49.254803
2024-08-02 10:00:00,48.5853
2024-08-02 10:30:00,49.151802
2024-08-02 11:00:00,49.079702
2024-08-02 11:30:00,48.090898
2024-08-02 12:00:00,49.790405
2024-08-02 12:30:00,49.409303
2024-08-02 13:00:00,49.831605
2024-08-02 13:30:00,49.666804
2024-08-02 14:00:00,50.408407
2024-08-02 14:30:00,49.759505
2024-08-02 15:00:00,49.048802
2024-08-02 15:30:00,48.317499
2024-08-02 16:00:00,46.834293
2024-08-02 16:30:00,45.701288
2024-08-02 17:00:00,43.981181
2024-08-02 17:30:00,43.455879
2024-08-02 18:00:00,32.156732
2024-08-02 18:30:00,31.425429
2024-08-02 19:00:00,29.458121
2024-08-02 19:30:00,29.12852
2024-08-02 20:00:00,27.047911
2024-08-02 20:30:00,28.829819
2024-08-02 21:00:00,27.223012
2024-08-02 21:30:00,25.719206
2024-08-02 22:00:00,24.462601
2024-08-02 22:30:00,24.720102
2024-08-02 23:00:00,24.545001
2024-08-02 23:30:00,24.472901
2024-08-03 00:00:00,21.640389
2024-08-03 00:30:00,20.579485
2024-08-03 01:00:00,20.455884
2024-08-03 01:30:00,20.826686
2024-08-03 02:00:00,20.620685
2024-08-03 02:30:00,19.36408
2024-08-03 03:00:00,19.724581
2024-08-03 03:30:00,20.806086
2024-08-03 04:00:00,20.414684
2024-08-03 04:30:00,20.651585
2024-08-03 05:00:00,20.764885
2024-08-03 05:30:00,22.165691
2024-08-03 06:00:00,27.305412
2024-08-03 06:30:00,46.07209
2024-08-03 07:00:00,51.242711
2024-08-03 07:30:00,51.459012
2024-08-03 08:00:00,51.479612
2024-08-03 08:30:00,51.05731
2024-08-03 09:00:00,51.15001
2024-08-03 09:30:00,49.399003
2024-08-03 10:00:00,50.851309
2024-08-03 10:30:00,49.110602
2024-08-03 11:00:00,49.244503
2024-08-03 11:30:00,49.543204
2024-08-03 12:00:00,49.677104
2024-08-03 12:30:00,49.223903
2024-08-03 13:00:00,49.151802
2024-08-03 13:30:00,50.449608
2024-08-03 14:00:00,50.501108
2024-08-03 14:30:00,48.873701
2024-08-03 15:00:00,47.678896
2024-08-03 15:30:00,47.823097
2024-08-03 16:00:00,47.009393
2024-08-03 16:30:00,46.17509
2024-08-03 17:00:00,44.434383
2024-08-03 17:30:00,42.703976
2024-08-03 18:00:00,32.249433
2024-08-03 18:30:00,35.123145
2024-08-03 19:00:00,30.096724
2024-08-03 19:30:00,29.334521
2024-08-03 20:00:00,27.913115
2024-08-03 20:30:00,27.810114
2024-08-03 21:00:00,26.883111
2024-08-03 21:30:00,26.450509
2024-08-03 22:00:00,22.948494
2024-08-03 22:30:00,21.341688
2024-08-03 23:00:00,20.733985
2024-08-03 23:30:00,20.661885
2024-08-04 00:00:00,20.929686
2024-08-04 00:30:00,20.816386
2024-08-04 01:00:00,21.042987
2024-08-04 01:30:00,20.497084
2024-08-04 02:00:00,21.042987
2024-08-04 02:30:00,20.836986
2024-08-04 03:00:00,20.847286
2024-08-04 03:30:00,20.558885
2024-08-04 04:00:00,20.054183
2024-08-04 04:30:00,20.795786
2024-08-04 05:00:00,21.197487
2024-08-04 05:30:00,22.886694
2024-08-04 06:00:00,28.963719
2024-08-04 06:30:00,46.18539
2024-08-04 07:00:00,50.387807
2024-08-04 07:30:00,53.48812
2024-08-04 08:00:00,56.454532
2024-08-04 08:30:00,52.262415
2024-08-04 09:00:00,49.708005
2024-08-04 09:30:00,46.968193
2024-08-04 10:00:00,45.886689
2024-08-04 10:30:00,46.875493
2024-08-04 11:00:00,46.514991
2024-08-04 11:30:00,48.162998
2024-08-04 12:00:00,49.048802
2024-08-04 12:30:00,50.089106
2024-08-04 13:00:00,50.470208
2024-08-04 13:30:00,49.172402
2024-08-04 14:00:00,49.213603
2024-08-04 14:30:00,51.09851
2024-08-04 15:00:00,48.6162
2024-08-04 15:30:00,48.739801
2024-08-04 16:00:00,48.018798
2024-08-04 16:30:00,47.575896
2024-08-04 17:00:00,44.187182
2024-08-04 17:30:00,44.125382
2024-08-04 18:00:00,30.714726
2024-08-04 18:30:00,30.920727
2024-08-04 19:00:00,29.499321
2024-08-04 19:30:00,36.53425
2024-08-04 20:00:00,27.295112
2024-08-04 20:30:00,27.995515
2024-08-04 21:00:00,26.64621
2024-08-04 21:30:00,26.151808
2024-08-04 22:00:00,25.636806
2024-08-04 22:30:00,24.153599
2024-08-04 23:00:00,23.195695
2024-08-04 23:30:00,23.628297
2024-08-05 00:00:00,20.909086
2024-08-05 00:30:00,20.157183
2024-08-05 01:00:00,19.837882
2024-08-05 01:30:00,19.806982
2024-08-05 02:00:00,19.868782
2024-08-05 02:30:00,19.858482
2024-08-05 03:00:00,19.930582
2024-08-05 03:30:00,19.868782
2024-08-05 04:00:00,18.756377
2024-08-05 04:30:00,20.136583
2024-08-05 05:00:00,20.177783
2024-08-05 05:30:00,21.557989
2024-08-05 06:00:00,27.758614
2024-08-05 06:30:00,46.813693
2024-08-05 07:00:00,52.056414
2024-08-05 07:30:00,51.726813
2024-08-05 08:00:00,52.870118
2024-08-05 08:30:00,50.92341
2024-08-05 09:00:00,50.789509
2024-08-05 09:30:00,49.079702
2024-08-05 10:00:00,49.666804
2024-08-05 10:30:00,49.213603
2024-08-05 11:00:00,47.987897
2024-08-05 11:30:00,49.347503
2024-08-05 12:00:00,49.543204
2024-08-05 12:30:00,49.038502
2024-08-05 13:00:00,48.162998
2024-08-05 13:30:00,56.094031
2024-08-05 14:00:00,51.901914
2024-08-05 14:30:00,49.460804
2024-08-05 15:00:00,47.843697
2024-08-05 15:30:00,46.793093
2024-08-05 16:00:00,45.629188
2024-08-05 16:30:00,44.331382
2024-08-05 17:00:00,42.456775
2024-08-05 17:30:00,41.42677
2024-08-05 18:00:00,29.695022
2024-08-05 18:30:00,29.427221
2024-08-05 19:00:00,28.479617
2024-08-05 19:30:00,27.830715
2024-08-05 20:00:00,26.512309
2024-08-05 20:30:00,27.326012
2024-08-05 21:00:00,26.378409
2024-08-05 21:30:00,25.863406
2024-08-05 22:00:00,23.535597
2024-08-05 22:30:00,22.021491
2024-08-05 23:00:00,20.507384
2024-08-05 23:30:00,20.682485
2024-08-06 00:00:00,19.961482
2024-08-06 00:30:00,19.827582
2024-08-06 01:00:00,20.074783
2024-08-06 01:30:00,19.693681
2024-08-06 02:00:00,20.177783
2024-08-06 02:30:00,19.858482
2024-08-06 03:00:00,19.50828
2024-08-06 03:30:00,20.291084
2024-08-06 04:00:00,19.796681
2024-08-06 04:30:00,19.312579
2024-08-06 05:00:00,19.055078
2024-08-06 05:30:00,19.837882
2024-08-06 06:00:00,20.198383
2024-08-06 06:30:00,20.630985
2024-08-06 07:00:00,20.260183
2024-08-06 07:30:00,20.486784
2024-08-06 08:00:00,21.063587
2024-08-06 08:30:00,22.454092
2024-08-06 09:00:00,22.804294
2024-08-06 09:30:00,22.649793
2024-08-06 10:00:00,22.248092
2024-08-06 10:30:00,22.361392
2024-08-06 11:00:00,21.691889
2024-08-06 11:30:00,22.299592
2024-08-06 12:00:00,21.98029
2024-08-06 12:30:00,22.248092
2024-08-06 13:00:00,24.3905
2024-08-06 13:30:00,23.308996
2024-08-06 14:00:00,21.95969
2024-08-06 14:30:00,21.331388
2024-08-06 15:00:00,21.166587
2024-08-06 15:30:00,21.588889
2024-08-06 16:00:00,20.291084
2024-08-06 16:30:00,20.785486
2024-08-06 17:00:00,20.352884
2024-08-06 17:30:00,20.981186
2024-08-06 18:00:00,20.414684
2024-08-06 18:30:00,20.270483
2024-08-06 19:00:00,20.538285
2024-08-06 19:30:00,20.198383
2024-08-06 20:00:00,20.023282
2024-08-06 20:30:00,20.085083
2024-08-06 21:00:00,20.229283
2024-08-06 21:30:00,20.157183
2024-08-06 22:00:00,19.168379
2024-08-06 22:30:00,20.167483
2024-08-06 23:00:00,19.827582
2024-08-06 23:30:00,20.167483
2024-08-07 00:00:00,19.765781
2024-08-07 00:30:00,19.827582
2024-08-07 01:00:00,19.34348
2024-08-07 01:30:00,19.848182
2024-08-07 02:00:00,18.869678
2024-08-07 02:30:00,19.065378
2024-08-07 03:00:00,19.38468
2024-08-07 03:30:00,19.54948
2024-08-07 04:00:00,19.40528
2024-08-07 04:30:00,19.806982
2024-08-07 05:00:00,19.49798
2024-08-07 05:30:00,19.590681
2024-08-07 06:00:00,19.868782
2024-08-07 06:30:00,19.930582
2024-08-07 07:00:00,19.786381
2024-08-07 07:30:00,20.342584
2024-08-07 08:00:00,20.321984
2024-08-07 08:30:00,20.188083
2024-08-07 09:00:00,20.146883
2024-08-07 09:30:00,21.022387
2024-08-07 10:00:00,23.906398
2024-08-07 10:30:00,22.526193
2024-08-07 11:00:00,21.619789
2024-08-07 11:30:00,22.124491
2024-08-07 12:00:00,22.000891
2024-08-07 12:30:00,22.948494
2024-08-07 13:00:00,23.545897
2024-08-07 13:30:00,20.754585
2024-08-07 14:00:00,20.569185
2024-08-07 14:30:00,20.486784
2024-08-07 15:00:00,20.404384
2024-08-07 15:30:00,21.094487
2024-08-07 16:00:00,20.744285
2024-08-07 16:30:00,21.042987
2024-08-07 17:00:00,21.722789
2024-08-07 17:30:00,20.270483
2024-08-07 18:00:00,20.610385
2024-08-07 18:30:00,20.383784
2024-08-07 19:00:00,20.136583
2024-08-07 19:30:00,20.383784
2024-08-07 20:00:00,20.445584
2024-08-07 20:30:00,20.517684
2024-08-07 21:00:00,20.146883
2024-08-07 21:30:00,20.074783
2024-08-07 22:00:00,20.002682
2024-08-07 22:30:00,19.302279
2024-08-07 23:00:00,19.41558
2024-08-07 23:30:00,20.476484
2024-08-08 00:00:00,19.909982
2024-08-08 00:30:00,19.240479
2024-08-08 01:00:00,18.993278
2024-08-08 01:30:00,19.33318
2024-08-08 02:00:00,19.52888
2024-08-08 02:30:00,18.570976
2024-08-08 03:00:00,18.849078
2024-08-08 03:30:00,19.49798
2024-08-08 04:00:00,19.631881
2024-08-08 04:30:00,19.199279
2024-08-08 05:00:00,19.858482
2024-08-08 05:30:00,21.290188
2024-08-08 06:00:00,26.83161
2024-08-08 06:30:00,42.992377
2024-08-08 07:00:00,47.503795
2024-08-08 07:30:00,48.770701
2024-08-08 08:00:00,49.017902
2024-08-08 08:30:00,49.182702
2024-08-08 09:00:00,49.357803
2024-08-08 09:30:00,49.996406
2024-08-08 10:00:00,59.647545
2024-08-08 10:30:00,59.513645
2024-08-08 11:00:00,59.626945
2024-08-08 11:30:00,61.068951
2024-08-08 12:00:00,61.717854
2024-08-08 12:30:00,63.07746
2024-08-08 13:00:00,62.830259
2024-08-08 13:30:00,62.881759
2024-08-08 14:00:00,63.28346
2024-08-08 14:30:00,64.715166
2024-08-08 15:00:00,61.151352
2024-08-08 15:30:00,58.596941
2024-08-08 16:00:00,55.99103
2024-08-08 16:30:00,54.528424
2024-08-08 17:00:00,53.36452
2024-08-08 17:30:00,48.420499
2024-08-08 18:00:00,32.228833
2024-08-08 18:30:00,30.982528
2024-08-08 19:00:00,28.706218
2024-08-08 19:30:00,27.521713
2024-08-08 20:00:00,24.606801
2024-08-08 20:30:00,25.811906
2024-08-08 21:00:00,25.533805
2024-08-08 21:30:00,24.977603
2024-08-08 22:00:00,22.011191
2024-08-08 22:30:00,20.466184
2024-08-08 23:00:00,20.095383
2024-08-08 23:30:00,19.590681
2024-08-09 00:00:00,19.940882
2024-08-09 00:30:00,19.714281
2024-08-09 01:00:00,20.208683
2024-08-09 01:30:00,19.868782
2024-08-09 02:00:00,20.177783
2024-08-09 02:30:00,19.971782
2024-08-09 03:00:00,19.168379
2024-08-09 03:30:00,20.002682
2024-08-09 04:00:00,19.590681
2024-08-09 04:30:00,19.889382
2024-08-09 05:00:00,20.497084
2024-08-09 05:30:00,22.330492
2024-08-09 06:00:00,27.686514
2024-08-09 06:30:00,44.238682
2024-08-09 07:00:00,53.210019
2024-08-09 07:30:00,48.101198
2024-08-09 08:00:00,48.6059
2024-08-09 08:30:00,57.865638
2024-08-09 09:00:00,51.283911
2024-08-09 09:30:00,60.152248
2024-08-09 10:00:00,50.93371
2024-08-09 10:30:00,59.317944
2024-08-09 11:00:00,53.148219
2024-08-09 11:30:00,49.800705
2024-08-09 12:00:00,49.687404
2024-08-09 12:30:00,49.059102
2024-08-09 13:00:00,52.798017
2024-08-09 13:30:00,58.895642
2024-08-09 14:00:00,51.613512
2024-08-09 14:30:00,53.38512
2024-08-09 15:00:00,57.803838
2024-08-09 15:30:00,47.617096
2024-08-09 16:00:00,47.102094
2024-08-09 16:30:00,45.783688
2024-08-09 17:00:00,44.125382
2024-08-09 17:30:00,42.796676
2024-08-09 18:00:00,31.57993
2024-08-09 18:30:00,30.828027
2024-08-09 19:00:00,28.726818
2024-08-09 19:30:00,28.901919
2024-08-09 20:00:00,27.707114
2024-08-09 20:30:00,27.738014
2024-08-09 21:00:00,27.346613
2024-08-09 21:30:00,26.71831
2024-08-09 22:00:00,24.658301
2024-08-09 22:30:00,24.236
2024-08-09 23:00:00,24.493501
2024-08-09 23:30:00,24.143299
2024-08-10 00:00:00,20.538285
2024-08-10 00:30:00,19.879082
2024-08-10 01:00:00,20.239583
2024-08-10 01:30:00,19.54948
2024-08-10 02:00:00,19.034478
2024-08-10 02:30:00,19.662781
2024-08-10 03:00:00,20.126283
2024-08-10 03:30:00,20.218983
2024-08-10 04:00:00,20.445584
2024-08-10 04:30:00,20.569185
2024-08-10 05:00:00,19.827582
2024-08-10 05:30:00,20.713385
2024-08-10 06:00:00,26.007607
2024-08-10 06:30:00,41.097169
2024-08-10 07:00:00,46.545892
2024-08-10 07:30:00,48.729501
2024-08-10 08:00:00,49.151802
2024-08-10 08:30:00,49.429903
2024-08-10 09:00:00,49.769805
2024-08-10 09:30:00,48.904601
2024-08-10 10:00:00,49.337203
2024-08-10 10:30:00,47.792197
2024-08-10 11:00:00,52.283015
2024-08-10 11:30:00,53.797121
2024-08-10 12:00:00,50.398107
2024-08-10 12:30:00,50.92341
2024-08-10 13:00:00,49.986106
2024-08-10 13:30:00,49.347503
2024-08-10 14:00:00,49.265103
2024-08-10 14:30:00,51.551712
2024-08-10 15:00:00,49.543204
2024-08-10 15:30:00,48.420499
2024-08-10 16:00:00,48.5235
2024-08-10 16:30:00,47.575896
2024-08-10 17:00:00,46.030889
2024-08-10 17:30:00,44.527083
2024-08-10 18:00:00,31.744731
2024-08-10 18:30:00,30.879527
2024-08-10 19:00:00,29.581722
2024-08-10 19:30:00,28.994619
2024-08-10 20:00:00,26.296008
2024-08-10 20:30:00,27.336312
2024-08-10 21:00:00,27.130312
2024-08-10 21:30:00,26.78011
2024-08-10 22:00:00,22.896994
2024-08-10 22:30:00,21.207787
2024-08-10 23:00:00,20.888486
2024-08-10 23:30:00,21.104787
2024-08-11 00:00:00,20.641285
2024-08-11 00:30:00,20.981186
2024-08-11 01:00:00,20.466184
2024-08-11 01:30:00,20.950286
2024-08-11 02:00:00,20.332284
2024-08-11 02:30:00,20.270483
2024-08-11 03:00:00,19.106579
2024-08-11 03:30:00,20.291084
2024-08-11 04:00:00,20.558885
2024-08-11 04:30:00,20.733985
2024-08-11 05:00:00,21.012086
2024-08-11 05:30:00,21.89789
2024-08-11 06:00:00,27.799814
2024-08-11 06:30:00,47.091794
2024-08-11 07:00:00,52.664117
2024-08-11 07:30:00,53.199719
2024-08-11 08:00:00,52.262415
2024-08-11 08:30:00,50.707109
2024-08-11 09:00:00,50.614408
2024-08-11 09:30:00,49.687404
2024-08-11 10:00:00,49.656504
2024-08-11 10:30:00,50.264207
2024-08-11 11:00:00,50.676209
2024-08-11 11:30:00,50.748309
2024-08-11 12:00:00,51.325111
2024-08-11 12:30:00,49.841905
2024-08-11 13:00:00,50.490808
2024-08-11 13:30:00,51.191211
2024-08-11 14:00:00,51.479612
2024-08-11 14:30:00,58.875042
2024-08-11 15:00:00,50.253907
2024-08-11 15:30:00,48.461699
2024-08-11 16:00:00,47.050594
2024-08-11 16:30:00,46.06179
2024-08-11 17:00:00,43.64128
2024-08-11 17:30:00,42.714276
2024-08-11 18:00:00,30.879527
2024-08-11 18:30:00,31.013428
2024-08-11 19:00:00,29.478721
2024-08-11 19:30:00,29.746522
2024-08-11 20:00:00,27.810114
2024-08-11 20:30:00,28.417817
2024-08-11 21:00:00,27.707114
2024-08-11 21:30:00,26.399009
2024-08-11 22:00:00,25.296904
2024-08-11 22:30:00,24.174199
2024-08-11 23:00:00,23.720998
2024-08-11 23:30:00,24.163899
2024-08-12 00:00:00,21.218087
2024-08-12 00:30:00,20.476484
2024-08-12 01:00:00,20.569185
2024-08-12 01:30:00,20.548585
2024-08-12 02:00:00,20.630985
2024-08-12 02:30:00,20.229283
2024-08-12 03:00:00,20.497084
2024-08-12 03:30:00,19.776081
2024-08-12 04:00:00,19.631881
2024-08-12 04:30:00,19.51858
2024-08-12 05:00:00,20.239583
2024-08-12 05:30:00,21.733089
2024-08-12 06:00:00,26.955211
2024-08-12 06:30:00,43.064477
2024-08-12 07:00:00,52.540516
2024-08-12 07:30:00,52.870118
2024-08-12 08:00:00,54.446024
2024-08-12 08:30:00,53.045218
2024-08-12 09:00:00,51.675313
2024-08-12 09:30:00,51.10881
2024-08-12 10:00:00,50.614408
2024-08-12 10:30:00,50.295107
2024-08-12 11:00:00,50.779209
2024-08-12 11:30:00,50.521708
2024-08-12 12:00:00,48.956101
2024-08-12 12:30:00,48.029098
2024-08-12 13:00:00,48.770701
2024-08-12 13:30:00,49.120902
2024-08-12 14:00:00,50.120006
2024-08-12 14:30:00,47.812797
2024-08-12 15:00:00,47.915797
2024-08-12 15:30:00,47.390495
2024-08-12 16:00:00,45.289286
2024-08-12 16:30:00,45.299586
2024-08-12 17:00:00,44.084181
2024-08-12 17:30:00,44.001781
2024-08-12 18:00:00,30.467525
2024-08-12 18:30:00,29.777423
2024-08-12 19:00:00,28.984319
2024-08-12 19:30:00,28.881319
2024-08-12 20:00:00,24.2566
2024-08-12 20:30:00,24.926103
2024-08-12 21:00:00,26.83161
2024-08-12 21:30:00,25.636806
2024-08-12 22:00:00,21.681589
2024-08-12 22:30:00,20.394084
2024-08-12 23:00:00,20.569185
2024-08-12 23:30:00,20.476484
2024-08-13 00:00:00,20.188083
2024-08-13 00:30:00,20.198383
2024-08-13 01:00:00,19.868782
2024-08-13 01:30:00,19.43618
2024-08-13 02:00:00,19.35378
2024-08-13 02:30:00,19.889382
2024-08-13 03:00:00,19.683381
2024-08-13 03:30:00,19.673081
2024-08-13 04:00:00,19.724581
2024-08-13 04:30:00,19.879082
2024-08-13 05:00:00,19.621581
2024-08-13 05:30:00,19.920282
2024-08-13 06:00:00,20.826686
2024-08-13 06:30:00,22.361392
2024-08-13 07:00:00,22.536493
2024-08-13 07:30:00,22.845494
2024-08-13 08:00:00,22.474692
2024-08-13 08:30:00,21.063587
2024-08-13 09:00:00,21.702189
2024-08-13 09:30:00,21.444688
2024-08-13 10:00:00,22.021491
2024-08-13 10:30:00,22.557093
2024-08-13 11:00:00,22.577693
2024-08-13 11:30:00,21.93909
2024-08-13 12:00:00,22.999995
2024-08-13 12:30:00,22.989695
2024-08-13 13:00:00,21.92879
2024-08-13 13:30:00,23.236896
2024-08-13 14:00:00,22.309892
2024-08-13 14:30:00,23.051495
2024-08-13 15:00:00,23.154495
2024-08-13 15:30:00,22.042091
2024-08-13 16:00:00,21.042987
2024-08-13 16:30:00,21.557989
2024-08-13 17:00:00,20.929686
2024-08-13 17:30:00,21.197487
2024-08-13 18:00:00,20.919386
2024-08-13 18:30:00,20.188083
2024-08-13 19:00:00,20.857586
2024-08-13 19:30:00,20.558885
2024-08-13 20:00:00,20.352884
2024-08-13 20:30:00,20.074783
2024-08-13 21:00:00,19.281679
2024-08-13 21:30:00,19.662781
2024-08-13 22:00:00,20.229283
2024-08-13 22:30:00,20.218983
2024-08-13 23:00:00,19.940882
2024-08-13 23:30:00,20.301384
2024-08-14 00:00:00,20.198383
2024-08-14 00:30:00,19.786381
2024-08-14 01:00:00,19.54948
2024-08-14 01:30:00,20.033582
2024-08-14 02:00:00,19.848182
2024-08-14 02:30:00,20.002682
2024-08-14 03:00:00,19.961482
2024-08-14 03:30:00,20.527984
2024-08-14 04:00:00,19.580381
2024-08-14 04:30:00,19.45678
2024-08-14 05:00:00,19.889382
2024-08-14 05:30:00,18.251675
2024-08-14 06:00:00,18.231075
2024-08-14 06:30:00,18.200175
2024-08-14 07:00:00,18.735777
2024-08-14 07:30:00,20.054183
2024-08-14 08:00:00,20.208683
2024-08-14 08:30:00,20.342584
2024-08-14 09:00:00,20.260183
2024-08-14 09:30:00,20.466184
2024-08-14 10:00:00,20.692785
2024-08-14 10:30:00,21.022387
2024-08-14 11:00:00,20.960586
2024-08-14 11:30:00,20.960586
2024-08-14 12:00:00,20.939986
2024-08-14 12:30:00,20.950286
2024-08-14 13:00:00,20.816386
2024-08-14 13:30:00,23.370796
2024-08-14 14:00:00,21.001786
2024-08-14 14:30:00,20.981186
2024-08-14 15:00:00,20.847286
2024-08-14 15:30:00,21.238687
2024-08-14 16:00:00,20.867886
2024-08-14 16:30:00,21.084187
2024-08-14 17:00:00,21.001786
2024-08-14 17:30:00,21.290188
2024-08-14 18:00:00,19.796681
2024-08-14 18:30:00,19.034478
2024-08-14 19:00:00,19.013878
2024-08-14 19:30:00,19.50828
2024-08-14 20:00:00,21.691889
2024-08-14 20:30:00,19.570081
2024-08-14 21:00:00,20.043882
2024-08-14 21:30:00,20.888486
2024-08-14 22:00:00,20.373484
2024-08-14 22:30:00,20.589785
2024-08-14 23:00:00,20.486784
2024-08-14 23:30:00,20.363184
2024-08-15 00:00:00,20.146883
2024-08-15 00:30:00,19.899682
2024-08-15 01:00:00,19.642181
2024-08-15 01:30:00,20.095383
2024-08-15 02:00:00,20.023282
2024-08-15 02:30:00,19.683381
2024-08-15 03:00:00,20.126283
2024-08-15 03:30:00,20.074783
2024-08-15 04:00:00,20.064483
2024-08-15 04:30:00,20.455884
2024-08-15 05:00:00,22.124491
2024-08-15 05:30:00,24.4214
2024-08-15 06:00:00,29.13882
2024-08-15 06:30:00,47.122694
2024-08-15 07:00:00,55.692329
2024-08-15 07:30:00,54.157623
2024-08-15 08:00:00,53.44692
2024-08-15 08:30:00,54.755025
2024-08-15 09:00:00,54.703525
2024-08-15 09:30:00,52.200615
2024-08-15 10:00:00,51.829813
2024-08-15 10:30:00,52.664117
2024-08-15 11:00:00,59.369444
2024-08-15 11:30:00,58.37034
2024-08-15 12:00:00,57.886238
2024-08-15 12:30:00,55.311228
2024-08-15 13:00:00,56.681133
2024-08-15 13:30:00,55.177327
2024-08-15 14:00:00,55.651129
2024-08-15 14:30:00,54.270923
2024-08-15 15:00:00,54.796225
2024-08-15 15:30:00,52.509616
2024-08-15 16:00:00,49.522604
2024-08-15 16:30:00,47.998198
2024-08-15 17:00:00,45.660088
2024-08-15 17:30:00,43.63098
2024-08-15 18:00:00,31.950731
2024-08-15 18:30:00,31.363629
2024-08-15 19:00:00,29.355121
2024-08-15 19:30:00,29.04612
2024-08-15 20:00:00,26.852211
2024-08-15 20:30:00,26.63591
2024-08-15 21:00:00,28.211816
2024-08-15 21:30:00,27.264212
2024-08-15 22:00:00,22.402592
2024-08-15 22:30:00,21.032687
2024-08-15 23:00:00,20.558885
2024-08-15 23:30:00,19.693681
2024-08-16 00:00:00,19.40528
2024-08-16 00:30:00,19.982082
2024-08-16 01:00:00,20.239583
2024-08-16 01:30:00,20.002682
2024-08-16 02:00:00,20.249883
2024-08-16 02:30:00,20.218983
2024-08-16 03:00:00,20.126283
2024-08-16 03:30:00,19.909982
2024-08-16 04:00:00,20.589785
2024-08-16 04:30:00,20.620685
2024-08-16 05:00:00,20.641285
2024-08-16 05:30:00,22.495293
2024-08-16 06:00:00,27.552613
2024-08-16 06:30:00,48.925201
2024-08-16 07:00:00,55.527529
2024-08-16 07:30:00,53.230619
2024-08-16 08:00:00,53.240919
2024-08-16 08:30:00,54.095823
2024-08-16 09:00:00,52.880418
2024-08-16 09:30:00,51.943114
2024-08-16 10:00:00,52.458116
2024-08-16 10:30:00,61.480953
2024-08-16 11:00:00,56.845934
2024-08-16 11:30:00,53.683821
2024-08-16 12:00:00,57.700837
2024-08-16 12:30:00,59.039843
2024-08-16 13:00:00,63.685162
2024-08-16 13:30:00,63.489461
2024-08-16 14:00:00,70.318389
2024-08-16 14:30:00,63.685162
2024-08-16 15:00:00,62.191656
2024-08-16 15:30:00,62.037155
2024-08-16 16:00:00,59.812346
2024-08-16 16:30:00,58.040739
2024-08-16 17:00:00,52.612617
2024-08-16 17:30:00,55.599629
2024-08-16 18:00:00,35.020144
2024-08-16 18:30:00,33.609038
2024-08-16 19:00:00,30.343925
2024-08-16 19:30:00,29.437521
2024-08-16 20:00:00,25.863406
2024-08-16 20:30:00,25.791306
2024-08-16 21:00:00,26.460809
2024-08-16 21:30:00,25.945807
2024-08-16 22:00:00,24.761302
2024-08-16 22:30:00,23.885798
2024-08-16 23:00:00,23.360496
2024-08-16 23:30:00,23.741598
2024-08-17 00:00:00,21.506489
2024-08-17 00:30:00,20.342584
2024-08-17 01:00:00,20.239583
2024-08-17 01:30:00,20.023282
2024-08-17 02:00:00,20.301384
2024-08-17 02:30:00,20.806086
2024-08-17 03:00:00,20.620685
2024-08-17 03:30:00,20.991486
2024-08-17 04:00:00,20.435284
2024-08-17 04:30:00,20.692785
2024-08-17 05:00:00,20.836986
2024-08-17 05:30:00,22.340792
2024-08-17 06:00:00,28.459017
2024-08-17 06:30:00,46.556192
2024-08-17 07:00:00,52.046114
2024-08-17 07:30:00,51.211811
2024-08-17 08:00:00,52.375716
2024-08-17 08:30:00,52.015214
2024-08-17 09:00:00,51.283911
2024-08-17 09:30:00,50.830709
2024-08-17 10:00:00,56.021931
2024-08-17 10:30:00,59.111943
2024-08-17 11:00:00,60.605449
2024-08-17 11:30:00,62.892059
2024-08-17 12:00:00,67.218077
2024-08-17 12:30:00,71.750095
2024-08-17 13:00:00,65.044768
2024-08-17 13:30:00,65.188968
2024-08-17 14:00:00,61.264652
2024-08-17 14:30:00,62.953859
2024-08-17 15:00:00,61.728154
2024-08-17 15:30:00,60.317048
2024-08-17 16:00:00,58.895642
2024-08-17 16:30:00,56.114631
2024-08-17 17:00:00,53.096719
2024-08-17 17:30:00,53.199719
2024-08-17 18:00:00,35.215845
2024-08-17 18:30:00,32.702635
2024-08-17 19:00:00,29.828923
2024-08-17 19:30:00,28.386917
2024-08-17 20:00:00,26.78011
2024-08-17 20:30:00,27.573213
2024-08-17 21:00:00,27.274512
2024-08-17 21:30:00,26.399009
2024-08-17 22:00:00,22.145091
2024-08-17 22:30:00,21.022387
2024-08-17 23:00:00,20.321984
2024-08-17 23:30:00,21.063587
2024-08-18 00:00:00,20.352884
2024-08-18 00:30:00,20.455884
2024-08-18 01:00:00,20.898786
2024-08-18 01:30:00,20.558885
2024-08-18 02:00:00,20.012982
2024-08-18 02:30:00,19.106579
2024-08-18 03:00:00,19.951182
2024-08-18 03:30:00,20.043882
2024-08-18 04:00:00,20.342584
2024-08-18 04:30:00,20.105683
2024-08-18 05:00:00,20.229283
2024-08-18 05:30:00,22.103891
2024-08-18 06:00:00,28.005815
2024-08-18 06:30:00,43.321978
2024-08-18 07:00:00,48.791301
2024-08-18 07:30:00,48.945801
2024-08-18 08:00:00,50.120006
2024-08-18 08:30:00,49.512304
2024-08-18 09:00:00,50.027306
2024-08-18 09:30:00,50.573208
2024-08-18 10:00:00,59.874146
2024-08-18 10:30:00,62.284356
2024-08-18 11:00:00,62.603658
2024-08-18 11:30:00,63.314361
2024-08-18 12:00:00,63.664562
2024-08-18 12:30:00,64.467965
2024-08-18 13:00:00,63.685162
2024-08-18 13:30:00,64.962367
2024-08-18 14:00:00,63.870563
2024-08-18 14:30:00,62.150456
2024-08-18 15:00:00,60.574549
2024-08-18 15:30:00,60.976251
2024-08-18 16:00:00,59.802046
2024-08-18 16:30:00,59.070743
2024-08-18 17:00:00,53.972222
2024-08-18 17:30:00,52.715617
2024-08-18 18:00:00,35.329145
2024-08-18 18:30:00,32.991036
2024-08-18 19:00:00,31.343029
2024-08-18 19:30:00,31.013428
2024-08-18 20:00:00,27.892515
2024-08-18 20:30:00,27.676214
2024-08-18 21:00:00,27.830715
2024-08-18 21:30:00,26.028207
2024-08-18 22:00:00,24.3184
2024-08-18 22:30:00,24.339
2024-08-18 23:00:00,24.627401
2024-08-18 23:30:00,24.442001
2024-08-19 00:00:00,21.362288
2024-08-19 00:30:00,20.466184
2024-08-19 01:00:00,21.012086
2024-08-19 01:30:00,20.466184
2024-08-19 02:00:00,20.146883
2024-08-19 02:30:00,19.291979
2024-08-19 03:00:00,20.218983
2024-08-19 03:30:00,20.826686
2024-08-19 04:00:00,20.095383
2024-08-19 04:30:00,20.682485
2024-08-19 05:00:00,21.001786
2024-08-19 05:30:00,22.557093
2024-08-19 06:00:00,26.965511
2024-08-19 06:30:00,43.239578
2024-08-19 07:00:00,50.171506
2024-08-19 07:30:00,51.211811
2024-08-19 08:00:00,52.499316
2024-08-19 08:30:00,52.828917
2024-08-19 09:00:00,51.695913
2024-08-19 09:30:00,50.356907
2024-08-19 10:00:00,49.831605
2024-08-19 10:30:00,49.223903
2024-08-19 11:00:00,50.068506
2024-08-19 11:30:00,50.655608
2024-08-19 12:00:00,50.377507
2024-08-19 12:30:00,50.326007
2024-08-19 13:00:00,50.161206
2024-08-19 13:30:00,50.099406
2024-08-19 14:00:00,48.6574
2024-08-19 14:30:00,48.5441
2024-08-19 15:00:00,47.380195
2024-08-19 15:30:00,47.040294
2024-08-19 16:00:00,46.10299
2024-08-19 16:30:00,45.546787
2024-08-19 17:00:00,43.157178
2024-08-19 17:30:00,42.982077
2024-08-19 18:00:00,31.332729
2024-08-19 18:30:00,30.560226
2024-08-19 19:00:00,29.571422
2024-08-19 19:30:00,27.954315
2024-08-19 20:00:00,25.482305
2024-08-19 20:30:00,27.768914
2024-08-19 21:00:00,26.388709
2024-08-19 21:30:00,26.73891
2024-08-19 22:00:00,23.360496
2024-08-19 22:30:00,21.95969
2024-08-19 23:00:00,21.506489
2024-08-19 23:30:00,21.290188
2024-08-20 00:00:00,21.032687
2024-08-20 00:30:00,19.806982
2024-08-20 01:00:00,20.672185
2024-08-20 01:30:00,20.672185
2024-08-20 02:00:00,21.022387
2024-08-20 02:30:00,20.641285
2024-08-20 03:00:00,20.363184
2024-08-20 03:30:00,20.363184
2024-08-20 04:00:00,20.249883
2024-08-20 04:30:00,20.260183
2024-08-20 05:00:00,19.909982
2024-08-20 05:30:00,20.394084
2024-08-20 06:00:00,19.44648
2024-08-20 06:30:00,19.868782
2024-08-20 07:00:00,20.950286
2024-08-20 07:30:00,21.89789
2024-08-20 08:00:00,21.96999
2024-08-20 08:30:00,22.402592
2024-08-20 09:00:00,22.557093
2024-08-20 09:30:00,22.793994
2024-08-20 10:00:00,23.247196
2024-08-20 10:30:00,23.154495
2024-08-20 11:00:00,23.587097
2024-08-20 11:30:00,23.298696
2024-08-20 12:00:00,22.886694
2024-08-20 12:30:00,22.876394
2024-08-20 13:00:00,23.679797
2024-08-20 13:30:00,23.350196
2024-08-20 14:00:00,23.411996
2024-08-20 14:30:00,23.164795
2024-08-20 15:00:00,23.154495
2024-08-20 15:30:00,23.679797
2024-08-20 16:00:00,22.804294
2024-08-20 16:30:00,22.845494
2024-08-20 17:00:00,22.217191
2024-08-20 17:30:00,21.99059
2024-08-20 18:00:00,22.412892
2024-08-20 18:30:00,22.278992
2024-08-20 19:00:00,21.650689
2024-08-20 19:30:00,22.330492
2024-08-20 20:00:00,21.599189
2024-08-20 20:30:00,21.90819
2024-08-20 21:00:00,22.196591
2024-08-20 21:30:00,21.691889
2024-08-20 22:00:00,21.81549
2024-08-20 22:30:00,21.331388
2024-08-20 23:00:00,20.703085
2024-08-20 23:30:00,20.764885
2024-08-21 00:00:00,19.714281
2024-08-21 00:30:00,20.126283
2024-08-21 01:00:00,19.673081
2024-08-21 01:30:00,19.765781
2024-08-21 02:00:00,18.756377
2024-08-21 02:30:00,19.024178
2024-08-21 03:00:00,19.45678
2024-08-21 03:30:00,19.673081
2024-08-21 04:00:00,19.724581
2024-08-21 04:30:00,19.168379
2024-08-21 05:00:00,19.940882
2024-08-21 05:30:00,19.796681
2024-08-21 06:00:00,19.312579
2024-08-21 06:30:00,19.642181
2024-08-21 07:00:00,20.260183
2024-08-21 07:30:00,20.177783
2024-08-21 08:00:00,20.579485
2024-08-21 08:30:00,21.012086
2024-08-21 09:00:00,21.578589
2024-08-21 09:30:00,21.81549
2024-08-21 10:00:00,21.89789
2024-08-21 10:30:00,22.701293
2024-08-21 11:00:00,22.557093
2024-08-21 11:30:00,29.344821
2024-08-21 12:00:00,22.330492
2024-08-21 12:30:00,22.072991
2024-08-21 13:00:00,22.299592
2024-08-21 13:30:00,22.237792
2024-08-21 14:00:00,21.743389
2024-08-21 14:30:00,21.681589
2024-08-21 15:00:00,21.527089
2024-08-21 15:30:00,22.072991
2024-08-21 16:00:00,20.641285
2024-08-21 16:30:00,21.259287
2024-08-21 17:00:00,21.83609
2024-08-21 17:30:00,21.403488
2024-08-21 18:00:00,21.341688
2024-08-21 18:30:00,21.516789
2024-08-21 19:00:00,21.630089
2024-08-21 19:30:00,21.424088
2024-08-21 20:00:00,20.878186
2024-08-21 20:30:00,20.909086
2024-08-21 21:00:00,21.053287
2024-08-21 21:30:00,20.569185
2024-08-21 22:00:00,20.218983
2024-08-21 22:30:00,20.291084
2024-08-21 23:00:00,20.538285
2024-08-21 23:30:00,20.352884
2024-08-22 00:00:00,19.48768
2024-08-22 00:30:00,19.786381
2024-08-22 01:00:00,19.580381
2024-08-22 01:30:00,19.261079
2024-08-22 02:00:00,18.776977
2024-08-22 02:30:00,19.53918
2024-08-22 03:00:00,19.37438
2024-08-22 03:30:00,19.765781
2024-08-22 04:00:00,19.992382
2024-08-22 04:30:00,19.992382
2024-08-22 05:00:00,20.023282
2024-08-22 05:30:00,22.464392
2024-08-22 06:00:00,28.891619
2024-08-22 06:30:00,41.849072
2024-08-22 07:00:00,50.120006
2024-08-22 07:30:00,49.996406
2024-08-22 08:00:00,50.614408
2024-08-22 08:30:00,52.427216
2024-08-22 09:00:00,53.632321
2024-08-22 09:30:00,50.346607
2024-08-22 10:00:00,50.686509
2024-08-22 10:30:00,55.81593
2024-08-22 11:00:00,56.536933
2024-08-22 11:30:00,55.105227
2024-08-22 12:00:00,54.610825
2024-08-22 12:30:00,56.320632
2024-08-22 13:00:00,57.124035
2024-08-22 13:30:00,59.760846
2024-08-22 14:00:00,59.276744
2024-08-22 14:30:00,57.278536
2024-08-22 15:00:00,55.517228
2024-08-22 15:30:00,54.476924
2024-08-22 16:00:00,54.878626
2024-08-22 16:30:00,47.441995
2024-08-22 17:00:00,44.784584
2024-08-22 17:30:00,43.497079
2024-08-22 18:00:00,32.146432
2024-08-22 18:30:00,32.094932
2024-08-22 19:00:00,30.663226
2024-08-22 19:30:00,29.035819
2024-08-22 20:00:00,24.915803
2024-08-22 20:30:00,25.296904
2024-08-22 21:00:00,26.512309
2024-08-22 21:30:00,26.038507
2024-08-22 22:00:00,22.876394
2024-08-22 22:30:00,21.228387
2024-08-22 23:00:00,21.115087
2024-08-22 23:30:00,21.135687
2024-08-23 00:00:00,20.074783
2024-08-23 00:30:00,19.52888
2024-08-23 01:00:00,20.177783
2024-08-23 01:30:00,20.424984
2024-08-23 02:00:00,19.848182
2024-08-23 02:30:00,20.291084
2024-08-23 03:00:00,20.105683
2024-08-23 03:30:00,20.002682
2024-08-23 04:00:00,20.620685
2024-08-23 04:30:00,19.920282
2024-08-23 05:00:00,20.146883
2024-08-23 05:30:00,21.042987
2024-08-23 06:00:00,26.75951
2024-08-23 06:30:00,44.691884
2024-08-23 07:00:00,50.192107
2024-08-23 07:30:00,49.769805
2024-08-23 08:00:00,50.583508
2024-08-23 08:30:00,50.892509
2024-08-23 09:00:00,50.284807
2024-08-23 09:30:00,50.562908
2024-08-23 10:00:00,57.494837
2024-08-23 10:30:00,54.538724
2024-08-23 11:00:00,56.176431
2024-08-23 11:30:00,58.669041
2024-08-23 12:00:00,61.202852
2024-08-23 12:30:00,62.624258
2024-08-23 13:00:00,63.777862
2024-08-23 13:30:00,56.959234
2024-08-23 14:00:00,68.835183
2024-08-23 14:30:00,68.505582
2024-08-23 15:00:00,62.232856
2024-08-23 15:30:00,60.296448
2024-08-23 16:00:00,58.26734
2024-08-23 16:30:00,55.692329
2024-08-23 17:00:00,51.891614
2024-08-23 17:30:00,51.438412
2024-08-23 18:00:00,34.340341
2024-08-23 18:30:00,33.392737
2024-08-23 19:00:00,30.735326
2024-08-23 19:30:00,30.210024
2024-08-23 20:00:00,27.429013
2024-08-23 20:30:00,27.387813
2024-08-23 21:00:00,27.604114
2024-08-23 21:30:00,27.017011
2024-08-23 22:00:00,25.616205
2024-08-23 22:30:00,24.977603
2024-08-23 23:00:00,24.699502
2024-08-23 23:30:00,24.143299
2024-08-24 00:00:00,19.909982
2024-08-24 00:30:00,19.54948
2024-08-24 01:00:00,20.074783
2024-08-24 01:30:00,20.249883
2024-08-24 02:00:00,20.373484
2024-08-24 02:30:00,19.961482
2024-08-24 03:00:00,20.342584
2024-08-24 03:30:00,19.46708
2024-08-24 04:00:00,19.889382
2024-08-24 04:30:00,19.920282
2024-08-24 05:00:00,20.435284
2024-08-24 05:30:00,21.89789
2024-08-24 06:00:00,27.253912
2024-08-24 06:30:00,41.498871
2024-08-24 07:00:00,46.05149
2024-08-24 07:30:00,47.060894
2024-08-24 08:00:00,49.069402
2024-08-24 08:30:00,53.869222
2024-08-24 09:00:00,56.722333
2024-08-24 09:30:00,61.553053
2024-08-24 10:00:00,55.86743
2024-08-24 10:30:00,68.443782
2024-08-24 11:00:00,70.58619
2024-08-24 11:30:00,67.506478
2024-08-24 12:00:00,69.525286
2024-08-24 12:30:00,68.649783
2024-08-24 13:00:00,69.411986
2024-08-24 13:30:00,69.267785
2024-08-24 14:00:00,67.95968
2024-08-24 14:30:00,66.311673
2024-08-24 15:00:00,65.312569
2024-08-24 15:30:00,64.509165
2024-08-24 16:00:00,62.995059
2024-08-24 16:30:00,61.171952
2024-08-24 17:00:00,58.566041
2024-08-24 17:30:00,54.404824
2024-08-24 18:00:00,35.020144
2024-08-24 18:30:00,34.01074
2024-08-24 19:00:00,31.899231
2024-08-24 19:30:00,30.673526
2024-08-24 20:00:00,27.954315
2024-08-24 20:30:00,29.27272
2024-08-24 21:00:00,29.035819
2024-08-24 21:30:00,28.654718
2024-08-24 22:00:00,24.751002
2024-08-24 22:30:00,22.361392
2024-08-24 23:00:00,21.78459
2024-08-24 23:30:00,22.660093
2024-08-25 00:00:00,21.351988
2024-08-25 00:30:00,20.929686
2024-08-25 01:00:00,21.207787
2024-08-25 01:30:00,20.981186
2024-08-25 02:00:00,20.703085
2024-08-25 02:30:00,19.930582
2024-08-25 03:00:00,20.321984
2024-08-25 03:30:00,20.878186
2024-08-25 04:00:00,20.847286
2024-08-25 04:30:00,20.723685
2024-08-25 05:00:00,20.991486
2024-08-25 05:30:00,22.042091
2024-08-25 06:00:00,26.852211
2024-08-25 06:30:00,40.304066
2024-08-25 07:00:00,45.464387
2024-08-25 07:30:00,46.381091
2024-08-25 08:00:00,48.6471
2024-08-25 08:30:00,50.98521
2024-08-25 09:00:00,59.060443
2024-08-25 09:30:00,59.359144
2024-08-25 10:00:00,60.893851
2024-08-25 10:30:00,54.621125
2024-08-25 11:00:00,51.716513
2024-08-25 11:30:00,61.717854
2024-08-25 12:00:00,55.537829
2024-08-25 12:30:00,51.242711
2024-08-25 13:00:00,55.311228
2024-08-25 13:30:00,64.498865
2024-08-25 14:00:00,59.668146
2024-08-25 14:30:00,60.049247
2024-08-25 15:00:00,57.906838
2024-08-25 15:30:00,58.33944
2024-08-25 16:00:00,56.361832
2024-08-25 16:30:00,55.85713
2024-08-25 17:00:00,53.004018
2024-08-25 17:30:00,51.726813
2024-08-25 18:00:00,35.978048
2024-08-25 18:30:00,32.146432
2024-08-25 19:00:00,30.302725
2024-08-25 19:30:00,30.333625
2024-08-25 20:00:00,28.057315
2024-08-25 20:30:00,28.541417
2024-08-25 21:00:00,28.335417
2024-08-25 21:30:00,28.304516
2024-08-25 22:00:00,26.244508
2024-08-25 22:30:00,25.626505
2024-08-25 23:00:00,24.802502
2024-08-25 23:30:00,24.472901
2024-08-26 00:00:00,21.403488
2024-08-26 00:30:00,20.898786
2024-08-26 01:00:00,20.373484
2024-08-26 01:30:00,21.063587
2024-08-26 02:00:00,20.630985
2024-08-26 02:30:00,20.167483
2024-08-26 03:00:00,20.157183
2024-08-26 03:30:00,20.311684
2024-08-26 04:00:00,20.775185
2024-08-26 04:30:00,20.692785
2024-08-26 05:00:00,21.310788
2024-08-26 05:30:00,22.186291
2024-08-26 06:00:00,27.686514
2024-08-26 06:30:00,41.076569
2024-08-26 07:00:00,46.16479
2024-08-26 07:30:00,47.246294
2024-08-26 08:00:00,48.6265
2024-08-26 08:30:00,49.120902
2024-08-26 09:00:00,49.193002
2024-08-26 09:30:00,47.977597
2024-08-26 10:00:00,48.6162
2024-08-26 10:30:00,49.234203
2024-08-26 11:00:00,52.911318
2024-08-26 11:30:00,54.785925
2024-08-26 12:00:00,50.799809
2024-08-26 12:30:00,49.141502
2024-08-26 13:00:00,49.872805
2024-08-26 13:30:00,50.779209
2024-08-26 14:00:00,52.519916
2024-08-26 14:30:00,53.014318
2024-08-26 15:00:00,48.760401
2024-08-26 15:30:00,48.049698
2024-08-26 16:00:00,45.474687
2024-08-26 16:30:00,44.156282
2024-08-26 17:00:00,42.951177
2024-08-26 17:30:00,41.179569
2024-08-26 18:00:00,30.374825
2024-08-26 18:30:00,30.817727
2024-08-26 19:00:00,30.055524
2024-08-26 19:30:00,29.303621
2024-08-26 20:00:00,27.346613
2024-08-26 20:30:00,28.150016
2024-08-26 21:00:00,27.727714
2024-08-26 21:30:00,26.594709
2024-08-26 22:00:00,23.175095
2024-08-26 22:30:00,22.340792
2024-08-26 23:00:00,21.82579
2024-08-26 23:30:00,25.317504
2024-08-27 00:00:00,20.857586
2024-08-27 00:30:00,20.291084
2024-08-27 01:00:00,19.53918
2024-08-27 01:30:00,20.311684
2024-08-27 02:00:00,20.373484
2024-08-27 02:30:00,20.074783
2024-08-27 03:00:00,19.858482
2024-08-27 03:30:00,19.786381
2024-08-27 04:00:00,20.208683
2024-08-27 04:30:00,20.054183
2024-08-27 05:00:00,19.54948
2024-08-27 05:30:00,20.188083
2024-08-27 06:00:00,20.713385
2024-08-27 06:30:00,21.630089
2024-08-27 07:00:00,22.062691
2024-08-27 07:30:00,22.392292
2024-08-27 08:00:00,22.608593
2024-08-27 08:30:00,22.454092
2024-08-27 09:00:00,21.90819
2024-08-27 09:30:00,26.409309
2024-08-27 10:00:00,23.772498
2024-08-27 10:30:00,25.039403
2024-08-27 11:00:00,24.586201
2024-08-27 11:30:00,25.049703
2024-08-27 12:00:00,22.557093
2024-08-27 12:30:00,22.505593
2024-08-27 13:00:00,22.134791
2024-08-27 13:30:00,25.822206
2024-08-27 14:00:00,24.627401
2024-08-27 14:30:00,22.289292
2024-08-27 15:00:00,22.361392
2024-08-27 15:30:00,22.526193
2024-08-27 16:00:00,20.816386
2024-08-27 16:30:00,21.248987
2024-08-27 17:00:00,20.630985
2024-08-27 17:30:00,20.394084
2024-08-27 18:00:00,20.115983
2024-08-27 18:30:00,20.548585
2024-08-27 19:00:00,20.826686
2024-08-27 19:30:00,20.764885
2024-08-27 20:00:00,20.188083
2024-08-27 20:30:00,20.177783
2024-08-27 21:00:00,19.51858
2024-08-27 21:30:00,19.39498
2024-08-27 22:00:00,20.054183
2024-08-27 22:30:00,20.342584
2024-08-27 23:00:00,20.198383
2024-08-27 23:30:00,20.630985
2024-08-28 00:00:00,20.445584
2024-08-28 00:30:00,19.34348
2024-08-28 01:00:00,19.642181
2024-08-28 01:30:00,19.693681
2024-08-28 02:00:00,20.311684
2024-08-28 02:30:00,20.260183
2024-08-28 03:00:00,20.218983
2024-08-28 03:30:00,20.218983
2024-08-28 04:00:00,19.590681
2024-08-28 04:30:00,19.858482
2024-08-28 05:00:00,19.899682
2024-08-28 05:30:00,20.764885
2024-08-28 06:00:00,21.76399
2024-08-28 06:30:00,21.76399
2024-08-28 07:00:00,21.393188
2024-08-28 07:30:00,21.454988
2024-08-28 08:00:00,21.722789
2024-08-28 08:30:00,22.392292
2024-08-28 09:00:00,22.402592
2024-08-28 09:30:00,21.87729
2024-08-28 10:00:00,22.907294
2024-08-28 10:30:00,22.381992
2024-08-28 11:00:00,22.927894
2024-08-28 11:30:00,23.113295
2024-08-28 12:00:00,23.247196
2024-08-28 12:30:00,22.412892
2024-08-28 13:00:00,22.000891
2024-08-28 13:30:00,23.236896
2024-08-28 14:00:00,22.186291
2024-08-28 14:30:00,22.927894
2024-08-28 15:00:00,21.93909
2024-08-28 15:30:00,22.742494
2024-08-28 16:00:00,21.516789
2024-08-28 16:30:00,20.733985
2024-08-28 17:00:00,20.445584
2024-08-28 17:30:00,20.991486
2024-08-28 18:00:00,21.568289
2024-08-28 18:30:00,21.032687
2024-08-28 19:00:00,21.372588
2024-08-28 19:30:00,21.290188
2024-08-28 20:00:00,21.063587
2024-08-28 20:30:00,20.486784
2024-08-28 21:00:00,20.095383
2024-08-28 21:30:00,20.672185
2024-08-28 22:00:00,20.466184
2024-08-28 22:30:00,20.672185
2024-08-28 23:00:00,20.795786
2024-08-28 23:30:00,21.073887
2024-08-29 00:00:00,20.095383
2024-08-29 00:30:00,19.765781
2024-08-29 01:00:00,18.818177
2024-08-29 01:30:00,19.693681
2024-08-29 02:00:00,19.909982
2024-08-29 02:30:00,19.765781
2024-08-29 03:00:00,19.755481
2024-08-29 03:30:00,20.043882
2024-08-29 04:00:00,20.229283
2024-08-29 04:30:00,20.074783
2024-08-29 05:00:00,19.734881
2024-08-29 05:30:00,21.115087
2024-08-29 06:00:00,26.71831
2024-08-29 06:30:00,42.580375
2024-08-29 07:00:00,47.730396
2024-08-29 07:30:00,48.5956
2024-08-29 08:00:00,50.562908
2024-08-29 08:30:00,51.09851
2024-08-29 09:00:00,51.294211
2024-08-29 09:30:00,50.562908
2024-08-29 10:00:00,49.841905
2024-08-29 10:30:00,54.868326
2024-08-29 11:00:00,49.862505
2024-08-29 11:30:00,49.841905
2024-08-29 12:00:00,50.377507
2024-08-29 12:30:00,50.779209
2024-08-29 13:00:00,51.829813
2024-08-29 13:30:00,58.535141
2024-08-29 14:00:00,51.407512
2024-08-29 14:30:00,52.684717
2024-08-29 15:00:00,49.337203
2024-08-29 15:30:00,48.183598
2024-08-29 16:00:00,48.811901
2024-08-29 16:30:00,47.235994
2024-08-29 17:00:00,45.309886
2024-08-29 17:30:00,44.321082
2024-08-29 18:00:00,33.124936
2024-08-29 18:30:00,32.476034
2024-08-29 19:00:00,31.240029
2024-08-29 19:30:00,30.642626
2024-08-29 20:00:00,27.717414
2024-08-29 20:30:00,28.675318
2024-08-29 21:00:00,27.892515
2024-08-29 21:30:00,26.80071
2024-08-29 22:00:00,23.072095
2024-08-29 22:30:00,22.423192
2024-08-29 23:00:00,21.588889
2024-08-29 23:30:00,22.309892
2024-08-30 00:00:00,21.89789
2024-08-30 00:30:00,20.445584
2024-08-30 01:00:00,20.507384
2024-08-30 01:30:00,20.589785
2024-08-30 02:00:00,20.806086
2024-08-30 02:30:00,20.394084
2024-08-30 03:00:00,20.455884
2024-08-30 03:30:00,20.569185
2024-08-30 04:00:00,20.373484
2024-08-30 04:30:00,20.672185
2024-08-30 05:00:00,20.548585
2024-08-30 05:30:00,23.113295
2024-08-30 06:00:00,27.851315
2024-08-30 06:30:00,38.604559
2024-08-30 07:00:00,49.502004
2024-08-30 07:30:00,49.512304
2024-08-30 08:00:00,50.717409
2024-08-30 08:30:00,50.604108
2024-08-30 09:00:00,49.656504
2024-08-30 09:30:00,49.563804
2024-08-30 10:00:00,49.708005
2024-08-30 10:30:00,54.528424
2024-08-30 11:00:00,49.883105
2024-08-30 11:30:00,49.388703
2024-08-30 12:00:00,51.603212
2024-08-30 12:30:00,49.574104
2024-08-30 13:00:00,50.387807
2024-08-30 13:30:00,50.95431
2024-08-30 14:00:00,51.01611
2024-08-30 14:30:00,50.95431
2024-08-30 15:00:00,48.935501
2024-08-30 15:30:00,47.678896
2024-08-30 16:00:00,47.081494
2024-08-30 16:30:00,45.083286
2024-08-30 17:00:00,44.084181
2024-08-30 17:30:00,43.033577
2024-08-30 18:00:00,33.557538
2024-08-30 18:30:00,32.517234
2024-08-30 19:00:00,30.982528
2024-08-30 19:30:00,30.673526
2024-08-30 20:00:00,26.924311
2024-08-30 20:30:00,28.232416
2024-08-30 21:00:00,28.417817
2024-08-30 21:30:00,27.552613
2024-08-30 22:00:00,25.636806
2024-08-30 22:30:00,25.307204
2024-08-30 23:00:00,25.492605
2024-08-30 23:30:00,25.018803
2024-08-31 00:00:00,21.691889
2024-08-31 00:30:00,20.641285
2024-08-31 01:00:00,20.218983
2024-08-31 01:30:00,20.857586
2024-08-31 02:00:00,20.816386
2024-08-31 02:30:00,20.311684
2024-08-31 03:00:00,21.032687
2024-08-31 03:30:00,21.413788
2024-08-31 04:00:00,20.744285
2024-08-31 04:30:00,20.548585
2024-08-31 05:00:00,20.383784
2024-08-31 05:30:00,22.083291
2024-08-31 06:00:00,27.748314
2024-08-31 06:30:00,44.506483
2024-08-31 07:00:00,50.408407
2024-08-31 07:30:00,50.284807
2024-08-31 08:00:00,51.737113
2024-08-31 08:30:00,52.231515
2024-08-31 09:00:00,51.459012
2024-08-31 09:30:00,50.96461
2024-08-31 10:00:00,50.841009
2024-08-31 10:30:00,51.07791
2024-08-31 11:00:00,50.830709
2024-08-31 11:30:00,50.97491
2024-08-31 12:00:00,51.232411
2024-08-31 12:30:00,50.181807
2024-08-31 13:00:00,51.582612
2024-08-31 13:30:00,51.253011
2024-08-31 14:00:00,51.170611
2024-08-31 14:30:00,51.08821
2024-08-31 15:00:00,50.305407
2024-08-31 15:30:00,49.069402
2024-08-31 16:00:00,48.945801
2024-08-31 16:30:00,48.6574
2024-08-31 17:00:00,47.081494
2024-08-31 17:30:00,46.473791
2024-08-31 18:00:00,36.070748
2024-08-31 18:30:00,34.515442
2024-08-31 19:00:00,32.311233
2024-08-31 19:30:00,30.817727
2024-08-31 20:00:00,29.839223
2024-08-31 20:30:00,29.931923
2024-08-31 21:00:00,29.447821
2024-08-31 21:30:00,28.665018
2024-08-31 22:00:00,24.4008
2024-08-31 22:30:00,23.133895
2024-08-31 23:00:00,22.835194
2024-08-31 23:30:00,23.020595
2024-09-01 00:00:00,22.464392
2024-09-01 00:30:00,22.000891
2024-09-01 01:00:00,20.558885
2024-09-01 01:30:00,19.631881
2024-09-01 02:00:00,20.775185
2024-09-01 02:30:00,20.775185
2024-09-01 03:00:00,20.713385
2024-09-01 03:30:00,20.218983
2024-09-01 04:00:00,20.826686
2024-09-01 04:30:00,20.775185
2024-09-01 05:00:00,20.713385
2024-09-01 05:30:00,21.98029
2024-09-01 06:00:00,26.502009
2024-09-01 06:30:00,47.421395
2024-09-01 07:00:00,54.209123
2024-09-01 07:30:00,53.189419
2024-09-01 08:00:00,54.868326
2024-09-01 08:30:00,53.56022
2024-09-01 09:00:00,52.993718
2024-09-01 09:30:00,52.252115
2024-09-01 10:00:00,51.04701
2024-09-01 10:30:00,51.984314
2024-09-01 11:00:00,52.365415
2024-09-01 11:30:00,53.055518
2024-09-01 12:00:00,53.189419
2024-09-01 12:30:00,52.478716
2024-09-01 13:00:00,52.622917
2024-09-01 13:30:00,53.158519
2024-09-01 14:00:00,53.704421
2024-09-01 14:30:00,52.962818
2024-09-01 15:00:00,51.500212
2024-09-01 15:30:00,50.521708
2024-09-01 16:00:00,48.6677
2024-09-01 16:30:00,46.803393
2024-09-01 17:00:00,45.175986
2024-09-01 17:30:00,45.021485
2024-09-01 18:00:00,34.556642
2024-09-01 18:30:00,33.186737
2024-09-01 19:00:00,32.270033
2024-09-01 19:30:00,32.167032
2024-09-01 20:00:00,29.633222
2024-09-01 20:30:00,29.767122
2024-09-01 21:00:00,29.746522
2024-09-01 21:30:00,29.15942
2024-09-01 22:00:00,28.242716
2024-09-01 22:30:00,27.377513
2024-09-01 23:00:00,27.161212
2024-09-01 23:30:00,26.81101
2024-09-02 00:00:00,23.339896
2024-09-02 00:30:00,22.639493
2024-09-02 01:00:00,22.361392
2024-09-02 01:30:00,22.320192
2024-09-02 02:00:00,21.176887
2024-09-02 02:30:00,20.744285
2024-09-02 03:00:00,21.91849
2024-09-02 03:30:00,21.81549
2024-09-02 04:00:00,22.217191
2024-09-02 04:30:00,22.196591
2024-09-02 05:00:00,22.196591
2024-09-02 05:30:00,23.968199
2024-09-02 06:00:00,29.283021
2024-09-02 06:30:00,48.6471
2024-09-02 07:00:00,55.96013
2024-09-02 07:30:00,54.178223
2024-09-02 08:00:00,54.034022
2024-09-02 08:30:00,53.869222
2024-09-02 09:00:00,53.40572
2024-09-02 09:30:00,52.777417
2024-09-02 10:00:00,53.210019
2024-09-02 10:30:00,53.941322
2024-09-02 11:00:00,60.873251
2024-09-02 11:30:00,54.827126
2024-09-02 12:00:00,54.569625
2024-09-02 12:30:00,53.58082
2024-09-02 13:00:00,52.859818
2024-09-02 13:30:00,51.788613
2024-09-02 14:00:00,56.135231
2024-09-02 14:30:00,52.653817
2024-09-02 15:00:00,50.264207
2024-09-02 15:30:00,47.308095
2024-09-02 16:00:00,45.814589
2024-09-02 16:30:00,44.218082
2024-09-02 17:00:00,41.818172
2024-09-02 17:30:00,42.446475
2024-09-02 18:00:00,31.446029
2024-09-02 18:30:00,31.446029
2024-09-02 19:00:00,30.457225
2024-09-02 19:30:00,30.395425
2024-09-02 20:00:00,28.304516
2024-09-02 20:30:00,28.407517
2024-09-02 21:00:00,28.489917
2024-09-02 21:30:00,27.882215
2024-09-02 22:00:00,23.617997
2024-09-02 22:30:00,22.618893
2024-09-02 23:00:00,22.031791
2024-09-02 23:30:00,21.454988
2024-09-03 00:00:00,20.352884
2024-09-03 00:30:00,20.517684
2024-09-03 01:00:00,21.001786
2024-09-03 01:30:00,20.898786
2024-09-03 02:00:00,21.032687
2024-09-03 02:30:00,20.466184
2024-09-03 03:00:00,20.950286
2024-09-03 03:30:00,21.084187
2024-09-03 04:00:00,21.032687
2024-09-03 04:30:00,20.569185
2024-09-03 05:00:00,20.146883
2024-09-03 05:30:00,20.672185
2024-09-03 06:00:00,21.475588
2024-09-03 06:30:00,22.505593
2024-09-03 07:00:00,22.464392
2024-09-03 07:30:00,22.680693
2024-09-03 08:00:00,23.010295
2024-09-03 08:30:00,23.422296
2024-09-03 09:00:00,24.534701
2024-09-03 09:30:00,23.700398
2024-09-03 10:00:00,23.195695
2024-09-03 10:30:00,24.967303
2024-09-03 11:00:00,27.274512
2024-09-03 11:30:00,24.627401
2024-09-03 12:00:00,24.071199
2024-09-03 12:30:00,24.112399
2024-09-03 13:00:00,24.524401
2024-09-03 13:30:00,24.534701
2024-09-03 14:00:00,26.68741
2024-09-03 14:30:00,24.967303
2024-09-03 15:00:00,24.2463
2024-09-03 15:30:00,24.236
2024-09-03 16:00:00,24.122699
2024-09-03 16:30:00,22.515893
2024-09-03 17:00:00,23.164795
2024-09-03 17:30:00,23.123595
2024-09-03 18:00:00,22.917594
2024-09-03 18:30:00,22.814594
2024-09-03 19:00:00,22.618893
2024-09-03 19:30:00,22.443792
2024-09-03 20:00:00,21.547689
2024-09-03 20:30:00,22.134791
2024-09-03 21:00:00,22.412892
2024-09-03 21:30:00,22.402592
2024-09-03 22:00:00,22.124491
2024-09-03 22:30:00,21.88759
2024-09-03 23:00:00,22.072991
2024-09-03 23:30:00,21.671289
2024-09-04 00:00:00,21.671289
2024-09-04 00:30:00,21.92879
2024-09-04 01:00:00,22.248092
2024-09-04 01:30:00,21.91849
2024-09-04 02:00:00,22.124491
2024-09-04 02:30:00,21.85669
2024-09-04 03:00:00,22.083291
2024-09-04 03:30:00,21.98029
2024-09-04 04:00:00,20.878186
2024-09-04 04:30:00,20.672185
2024-09-04 05:00:00,22.598293
2024-09-04 05:30:00,22.103891
2024-09-04 06:00:00,22.217191
2024-09-04 06:30:00,22.320192
2024-09-04 07:00:00,22.248092
2024-09-04 07:30:00,22.248092
2024-09-04 08:00:00,22.938194
2024-09-04 08:30:00,22.443792
2024-09-04 09:00:00,23.030895
2024-09-04 09:30:00,23.690097
2024-09-04 10:00:00,23.226596
2024-09-04 10:30:00,23.896098
2024-09-04 11:00:00,24.2463
2024-09-04 11:30:00,26.378409
2024-09-04 12:00:00,24.442001
2024-09-04 12:30:00,22.526193
2024-09-04 13:00:00,23.072095
2024-09-04 13:30:00,22.608593
2024-09-04 14:00:00,23.082395
2024-09-04 14:30:00,26.038507
2024-09-04 15:00:00,22.835194
2024-09-04 15:30:00,22.278992
2024-09-04 16:00:00,22.062691
2024-09-04 16:30:00,21.527089
2024-09-04 17:00:00,21.413788
2024-09-04 17:30:00,21.403488
2024-09-04 18:00:00,22.299592
2024-09-04 18:30:00,22.278992
2024-09-04 19:00:00,22.103891
2024-09-04 19:30:00,21.660989
2024-09-04 20:00:00,21.125387
2024-09-04 20:30:00,22.237792
2024-09-04 21:00:00,21.91849
2024-09-04 21:30:00,22.474692
2024-09-04 22:00:00,21.82579
2024-09-04 22:30:00,21.290188
2024-09-04 23:00:00,21.444688
2024-09-04 23:30:00,21.351988
2024-09-05 00:00:00,20.497084
2024-09-05 00:30:00,20.589785
2024-09-05 01:00:00,20.836986
2024-09-05 01:30:00,21.063587
2024-09-05 02:00:00,21.238687
2024-09-05 02:30:00,20.785486
2024-09-05 03:00:00,20.775185
2024-09-05 03:30:00,20.497084
2024-09-05 04:00:00,20.723685
2024-09-05 04:30:00,20.857586
2024-09-05 05:00:00,21.743389
2024-09-05 05:30:00,22.567393
2024-09-05 06:00:00,27.799814
2024-09-05 06:30:00,42.394974
2024-09-05 07:00:00,45.536487
2024-09-05 07:30:00,48.286599
2024-09-05 08:00:00,53.972222
2024-09-05 08:30:00,55.187627
2024-09-05 09:00:00,58.699942
2024-09-05 09:30:00,63.860263
2024-09-05 10:00:00,68.804283
2024-09-05 10:30:00,64.704866
2024-09-05 11:00:00,67.135676
2024-09-05 11:30:00,66.816375
2024-09-05 12:00:00,69.669487
2024-09-05 12:30:00,69.669487
2024-09-05 13:00:00,70.081488
2024-09-05 13:30:00,72.429898
2024-09-05 14:00:00,71.492594
2024-09-05 14:30:00,70.38019
2024-09-05 15:00:00,67.722779
2024-09-05 15:30:00,66.486774
2024-09-05 16:00:00,64.354665
2024-09-05 16:30:00,63.571862
2024-09-05 17:00:00,60.564249
2024-09-05 17:30:00,57.989239
2024-09-05 18:00:00,36.987452
2024-09-05 18:30:00,34.669943
2024-09-05 19:00:00,33.382437
2024-09-05 19:30:00,32.960136
2024-09-05 20:00:00,30.498426
2024-09-05 20:30:00,30.694126
2024-09-05 21:00:00,30.343925
2024-09-05 21:30:00,29.818623
2024-09-05 22:00:00,25.873706
2024-09-05 22:30:00,24.442001
2024-09-05 23:00:00,23.679797
2024-09-05 23:30:00,23.823998
2024-09-06 00:00:00,22.515893
2024-09-06 00:30:00,22.021491
2024-09-06 01:00:00,22.258392
2024-09-06 01:30:00,22.011191
2024-09-06 02:00:00,22.340792
2024-09-06 02:30:00,21.640389
2024-09-06 03:00:00,21.279888
2024-09-06 03:30:00,22.145091
2024-09-06 04:00:00,22.557093
2024-09-06 04:30:00,22.587993
2024-09-06 05:00:00,23.133895
2024-09-06 05:30:00,24.339
2024-09-06 06:00:00,29.05642
2024-09-06 06:30:00,42.291974
2024-09-06 07:00:00,46.28839
2024-09-06 07:30:00,48.018798
2024-09-06 08:00:00,55.352428
2024-09-06 08:30:00,56.856234
2024-09-06 09:00:00,60.296448
2024-09-06 09:30:00,58.071639
2024-09-06 10:00:00,63.427661
2024-09-06 10:30:00,81.051034
2024-09-06 11:00:00,70.009388
2024-09-06 11:30:00,69.370785
2024-09-06 12:00:00,69.576786
2024-09-06 12:30:00,69.319285
2024-09-06 13:00:00,69.308985
2024-09-06 13:30:00,70.205089
2024-09-06 14:00:00,68.629182
2024-09-06 14:30:00,65.951171
2024-09-06 15:00:00,64.354665
2024-09-06 15:30:00,62.892059
2024-09-06 16:00:00,60.83205
2024-09-06 16:30:00,56.073431
2024-09-06 17:00:00,57.463936
2024-09-06 17:30:00,52.344815
2024-09-06 18:00:00,36.709351
2024-09-06 18:30:00,33.454538
2024-09-06 19:00:00,31.023728
2024-09-06 19:30:00,30.240924
2024-09-06 20:00:00,27.150912
2024-09-06 20:30:00,29.839223
2024-09-06 21:00:00,29.08732
2024-09-06 21:30:00,28.016115
2024-09-06 22:00:00,27.212712
2024-09-06 22:30:00,25.307204
2024-09-06 23:00:00,25.472005
2024-09-06 23:30:00,25.523505
2024-09-07 00:00:00,22.896994
2024-09-07 00:30:00,21.85669
2024-09-07 01:00:00,21.98029
2024-09-07 01:30:00,20.857586
2024-09-07 02:00:00,22.093591
2024-09-07 02:30:00,21.444688
2024-09-07 03:00:00,22.042091
2024-09-07 03:30:00,21.300488
2024-09-07 04:00:00,21.145987
2024-09-07 04:30:00,21.351988
2024-09-07 05:00:00,22.258392
2024-09-07 05:30:00,22.969095
2024-09-07 06:00:00,28.077916
2024-09-07 06:30:00,39.727263
2024-09-07 07:00:00,43.950281
2024-09-07 07:30:00,45.701288
2024-09-07 08:00:00,48.420499
2024-09-07 08:30:00,51.788613
2024-09-07 09:00:00,60.595149
2024-09-07 09:30:00,66.095372
2024-09-07 10:00:00,63.746962
2024-09-07 10:30:00,64.632766
2024-09-07 11:00:00,67.063576
2024-09-07 11:30:00,66.177772
2024-09-07 12:00:00,66.126272
2024-09-07 12:30:00,66.424973
2024-09-07 13:00:00,68.186281
2024-09-07 13:30:00,68.10388
2024-09-07 14:00:00,65.343469
2024-09-07 14:30:00,61.470653
2024-09-07 15:00:00,63.643962
2024-09-07 15:30:00,62.706658
2024-09-07 16:00:00,59.276744
2024-09-07 16:30:00,54.621125
2024-09-07 17:00:00,54.538724
2024-09-07 17:30:00,54.209123
2024-09-07 18:00:00,35.504246
2024-09-07 18:30:00,33.794439
2024-09-07 19:00:00,31.878631
2024-09-07 19:30:00,31.415129
2024-09-07 20:00:00,28.860719
2024-09-07 20:30:00,29.808323
2024-09-07 21:00:00,28.726818
2024-09-07 21:30:00,28.860719
2024-09-07 22:00:00,23.669497
2024-09-07 22:30:00,22.392292
2024-09-07 23:00:00,22.124491
2024-09-07 23:30:00,22.299592
2024-09-08 00:00:00,22.093591
2024-09-08 00:30:00,21.547689
2024-09-08 01:00:00,21.83609
2024-09-08 01:30:00,20.558885
2024-09-08 02:00:00,21.300488
2024-09-08 02:30:00,21.290188
2024-09-08 03:00:00,21.84639
2024-09-08 03:30:00,21.660989
2024-09-08 04:00:00,21.176887
2024-09-08 04:30:00,20.836986
2024-09-08 05:00:00,21.176887
2024-09-08 05:30:00,22.701293
2024-09-08 06:00:00,27.758614
2024-09-08 06:30:00,41.066269
2024-09-08 07:00:00,44.650684
2024-09-08 07:30:00,46.24719
2024-09-08 08:00:00,53.251219
2024-09-08 08:30:00,53.168819
2024-09-08 09:00:00,62.696358
2024-09-08 09:30:00,64.220764
2024-09-08 10:00:00,65.477369
2024-09-08 10:30:00,70.781891
2024-09-08 11:00:00,68.412882
2024-09-08 11:30:00,68.464382
2024-09-08 12:00:00,70.163889
2024-09-08 12:30:00,69.669487
2024-09-08 13:00:00,72.059097
2024-09-08 13:30:00,72.079697
2024-09-08 14:00:00,67.485878
2024-09-08 14:30:00,66.033572
2024-09-08 15:00:00,64.838767
2024-09-08 15:30:00,62.129856
2024-09-08 16:00:00,57.742038
2024-09-08 16:30:00,60.018347
2024-09-08 17:00:00,51.912214
2024-09-08 17:30:00,53.951622
2024-09-08 18:00:00,36.935952
2024-09-08 18:30:00,32.496634
2024-09-08 19:00:00,30.828027
2024-09-08 19:30:00,29.952523
2024-09-08 20:00:00,29.643522
2024-09-08 20:30:00,29.427221
2024-09-08 21:00:00,28.891619
2024-09-08 21:30:00,27.120012
2024-09-08 22:00:00,25.245404
2024-09-08 22:30:00,25.719206
2024-09-08 23:00:00,25.523505
2024-09-08 23:30:00,25.214504
2024-09-09 00:00:00,22.186291
2024-09-09 00:30:00,20.682485
2024-09-09 01:00:00,21.640389
2024-09-09 01:30:00,20.970886
2024-09-09 02:00:00,21.87729
2024-09-09 02:30:00,20.991486
2024-09-09 03:00:00,20.548585
2024-09-09 03:30:00,21.135687
2024-09-09 04:00:00,21.290188
2024-09-09 04:30:00,21.568289
2024-09-09 05:00:00,22.505593
2024-09-09 05:30:00,22.814594
2024-09-09 06:00:00,28.294216
2024-09-09 06:30:00,40.087765
2024-09-09 07:00:00,44.588883
2024-09-09 07:30:00,46.329591
2024-09-09 08:00:00,52.973118
2024-09-09 08:30:00,51.428112
2024-09-09 09:00:00,61.419153
2024-09-09 09:30:00,65.69367
2024-09-09 10:00:00,67.403477
2024-09-09 10:30:00,70.132989
2024-09-09 11:00:00,69.803387
2024-09-09 11:30:00,71.070292
2024-09-09 12:00:00,74.623807
2024-09-09 12:30:00,71.265993
2024-09-09 13:00:00,74.314806
2024-09-09 13:30:00,70.009388
2024-09-09 14:00:00,69.514986
2024-09-09 14:30:00,66.600074
2024-09-09 15:00:00,65.66277
2024-09-09 15:30:00,63.448261
2024-09-09 16:00:00,62.006255
2024-09-09 16:30:00,60.018347
2024-09-09 17:00:00,56.845934
2024-09-09 17:30:00,50.892509
2024-09-09 18:00:00,34.937744
2024-09-09 18:30:00,33.083736
2024-09-09 19:00:00,30.611726
2024-09-09 19:30:00,29.890723
2024-09-09 20:00:00,28.160316
2024-09-09 20:30:00,28.963719
2024-09-09 21:00:00,29.324221
2024-09-09 21:30:00,27.676214
2024-09-09 22:00:00,24.163899
2024-09-09 22:30:00,22.917594
2024-09-09 23:00:00,21.88759
2024-09-09 23:30:00,21.79489
2024-09-10 00:00:00,22.196591
2024-09-10 00:30:00,21.85669
2024-09-10 01:00:00,22.289292
2024-09-10 01:30:00,21.630089
2024-09-10 02:00:00,21.87729
2024-09-10 02:30:00,20.280783
2024-09-10 03:00:00,21.187187
2024-09-10 03:30:00,21.300488
2024-09-10 04:00:00,21.86699
2024-09-10 04:30:00,21.79489
2024-09-10 05:00:00,21.568289
2024-09-10 05:30:00,21.372588
2024-09-10 06:00:00,21.557989
2024-09-10 06:30:00,22.464392
2024-09-10 07:00:00,23.494397
2024-09-10 07:30:00,23.710698
2024-09-10 08:00:00,23.947599
2024-09-10 08:30:00,24.668602
2024-09-10 09:00:00,24.1845
2024-09-10 09:30:00,23.576797
2024-09-10 10:00:00,23.422296
2024-09-10 10:30:00,25.286604
2024-09-10 11:00:00,29.921623
2024-09-10 11:30:00,26.78011
2024-09-10 12:00:00,23.700398
2024-09-10 12:30:00,23.339896
2024-09-10 13:00:00,25.317504
2024-09-10 13:30:00,30.488125
2024-09-10 14:00:00,26.66681
2024-09-10 14:30:00,24.2669
2024-09-10 15:00:00,24.339
2024-09-10 15:30:00,22.742494
2024-09-10 16:00:00,23.494397
2024-09-10 16:30:00,23.514997
2024-09-10 17:00:00,24.029999
2024-09-10 17:30:00,23.782798
2024-09-10 18:00:00,22.227491
2024-09-10 18:30:00,21.93909
2024-09-10 19:00:00,21.83609
2024-09-10 19:30:00,21.76399
2024-09-10 20:00:00,21.537389
2024-09-10 20:30:00,22.021491
2024-09-10 21:00:00,21.83609
2024-09-10 21:30:00,21.516789
2024-09-10 22:00:00,22.351092
2024-09-10 22:30:00,21.176887
2024-09-10 23:00:00,21.012086
2024-09-10 23:30:00,21.413788
2024-09-11 00:00:00,21.145987
2024-09-11 00:30:00,21.76399
2024-09-11 01:00:00,20.960586
2024-09-11 01:30:00,20.157183
2024-09-11 02:00:00,20.507384
2024-09-11 02:30:00,21.053287
2024-09-11 03:00:00,21.104787
2024-09-11 03:30:00,20.569185
2024-09-11 04:00:00,21.197487
2024-09-11 04:30:00,20.950286
2024-09-11 05:00:00,20.610385
2024-09-11 05:30:00,20.733985
2024-09-11 06:00:00,20.939986
2024-09-11 06:30:00,21.434388
2024-09-11 07:00:00,21.300488
2024-09-11 07:30:00,21.77429
2024-09-11 08:00:00,21.135687
2024-09-11 08:30:00,21.403488
2024-09-11 09:00:00,22.969095
2024-09-11 09:30:00,23.350196
2024-09-11 10:00:00,23.865198
2024-09-11 10:30:00,24.2978
2024-09-11 11:00:00,31.075228
2024-09-11 11:30:00,25.935507
2024-09-11 12:00:00,25.163004
2024-09-11 12:30:00,24.709802
2024-09-11 13:00:00,24.678902
2024-09-11 13:30:00,24.864302
2024-09-11 14:00:00,22.587993
2024-09-11 14:30:00,22.835194
2024-09-11 15:00:00,22.196591
2024-09-11 15:30:00,23.339896
2024-09-11 16:00:00,23.432596
2024-09-11 16:30:00,24.555301
2024-09-11 17:00:00,23.504697
2024-09-11 17:30:00,22.866094
2024-09-11 18:00:00,22.093591
2024-09-11 18:30:00,23.319296
2024-09-11 19:00:00,23.278096
2024-09-11 19:30:00,23.442896
2024-09-11 20:00:00,22.196591
2024-09-11 20:30:00,21.290188
2024-09-11 21:00:00,21.95969
2024-09-11 21:30:00,22.114191
2024-09-11 22:00:00,22.484993
2024-09-11 22:30:00,22.454092
2024-09-11 23:00:00,21.712489
2024-09-11 23:30:00,21.053287
2024-09-12 00:00:00,21.341688
2024-09-12 00:30:00,20.960586
2024-09-12 01:00:00,21.485888
2024-09-12 01:30:00,20.981186
2024-09-12 02:00:00,20.373484
2024-09-12 02:30:00,21.001786
2024-09-12 03:00:00,21.166587
2024-09-12 03:30:00,22.206891
2024-09-12 04:00:00,21.578589
2024-09-12 04:30:00,22.052391
2024-09-12 05:00:00,21.218087
2024-09-12 05:30:00,22.690993
2024-09-12 06:00:00,27.192112
2024-09-12 06:30:00,39.665463
2024-09-12 07:00:00,44.671284
2024-09-12 07:30:00,45.217186
2024-09-12 08:00:00,47.905497
2024-09-12 08:30:00,56.536933
2024-09-12 09:00:00,55.506928
2024-09-12 09:30:00,61.068951
2024-09-12 10:00:00,64.076564
2024-09-12 10:30:00,63.849963
2024-09-12 11:00:00,67.918479
2024-09-12 11:30:00,66.806075
2024-09-12 12:00:00,69.308985
2024-09-12 12:30:00,71.276293
2024-09-12 13:00:00,71.925196
2024-09-12 13:30:00,75.468411
2024-09-12 14:00:00,73.017
2024-09-12 14:30:00,70.163889
2024-09-12 15:00:00,69.422286
2024-09-12 15:30:00,67.836079
2024-09-12 16:00:00,64.746066
2024-09-12 16:30:00,63.396761
2024-09-12 17:00:00,60.615749
2024-09-12 17:30:00,57.288836
2024-09-12 18:00:00,35.401246
2024-09-12 18:30:00,32.991036
2024-09-12 19:00:00,31.095828
2024-09-12 19:30:00,30.992828
2024-09-12 20:00:00,28.170616
2024-09-12 20:30:00,29.303621
2024-09-12 21:00:00,29.04612
2024-09-12 21:30:00,27.459913
2024-09-12 22:00:00,24.153599
2024-09-12 22:30:00,22.381992
2024-09-12 23:00:00,23.010295
2024-09-12 23:30:00,22.000891
2024-09-13 00:00:00,21.712489
2024-09-13 00:30:00,21.331388
2024-09-13 01:00:00,21.92879
2024-09-13 01:30:00,21.83609
2024-09-13 02:00:00,22.217191
2024-09-13 02:30:00,21.393188
2024-09-13 03:00:00,21.341688
2024-09-13 03:30:00,21.84639
2024-09-13 04:00:00,21.85669
2024-09-13 04:30:00,22.268692
2024-09-13 05:00:00,22.206891
2024-09-13 05:30:00,22.793994
2024-09-13 06:00:00,28.829819
2024-09-13 06:30:00,41.632771
2024-09-13 07:00:00,45.927889
2024-09-13 07:30:00,48.049698
2024-09-13 08:00:00,55.506928
2024-09-13 08:30:00,53.704421
2024-09-13 09:00:00,61.686954
2024-09-13 09:30:00,63.736662
2024-09-13 10:00:00,61.594253
2024-09-13 10:30:00,58.37034
2024-09-13 11:00:00,59.204644
2024-09-13 11:30:00,70.720091
2024-09-13 12:00:00,65.67307
2024-09-13 12:30:00,61.388253
2024-09-13 13:00:00,67.94938
2024-09-13 13:30:00,70.853992
2024-09-13 14:00:00,60.553949
2024-09-13 14:30:00,61.511853
2024-09-13 15:00:00,64.519466
2024-09-13 15:30:00,59.771146
2024-09-13 16:00:00,57.237336
2024-09-13 16:30:00,55.002226
2024-09-13 17:00:00,50.542308
2024-09-13 17:30:00,46.07209
2024-09-13 18:00:00,34.391842
2024-09-13 18:30:00,33.485438
2024-09-13 19:00:00,32.064032
2024-09-13 19:30:00,30.508726
2024-09-13 20:00:00,28.263316
2024-09-13 20:30:00,30.282125
2024-09-13 21:00:00,29.035819
2024-09-13 21:30:00,27.995515
2024-09-13 22:00:00,26.337208
2024-09-13 22:30:00,25.358704
2024-09-13 23:00:00,25.739806
2024-09-13 23:30:00,25.482305
2024-09-14 00:00:00,22.237792
2024-09-14 00:30:00,21.87729
2024-09-14 01:00:00,21.733089
2024-09-14 01:30:00,21.434388
2024-09-14 02:00:00,21.063587
2024-09-14 02:30:00,21.403488
2024-09-14 03:00:00,21.99059
2024-09-14 03:30:00,22.299592
2024-09-14 04:00:00,21.91849
2024-09-14 04:30:00,21.85669
2024-09-14 05:00:00,22.062691
2024-09-14 05:30:00,23.164795
2024-09-14 06:00:00,28.922519
2024-09-14 06:30:00,42.302274
2024-09-14 07:00:00,45.886689
2024-09-14 07:30:00,47.617096
2024-09-14 08:00:00,56.578133
2024-09-14 08:30:00,56.372132
2024-09-14 09:00:00,56.907734
2024-09-14 09:30:00,57.618437
2024-09-14 10:00:00,53.107019
2024-09-14 10:30:00,54.343024
2024-09-14 11:00:00,60.73935
2024-09-14 11:30:00,54.559325
2024-09-14 12:00:00,64.045664
2024-09-14 12:30:00,60.141947
2024-09-14 13:00:00,56.176431
2024-09-14 13:30:00,62.912659
2024-09-14 14:00:00,57.649337
2024-09-14 14:30:00,56.897434
2024-09-14 15:00:00,53.004018
2024-09-14 15:30:00,51.737113
2024-09-14 16:00:00,50.593808
2024-09-14 16:30:00,49.234203
2024-09-14 17:00:00,47.071194
2024-09-14 17:30:00,45.320187
2024-09-14 18:00:00,33.557538
2024-09-14 18:30:00,33.464838
2024-09-14 19:00:00,31.404829
2024-09-14 19:30:00,30.374825
2024-09-14 20:00:00,28.871019
2024-09-14 20:30:00,28.253016
2024-09-14 21:00:00,28.067616
2024-09-14 21:30:00,28.448717
2024-09-14 22:00:00,24.2463
2024-09-14 22:30:00,23.020595
2024-09-14 23:00:00,22.660093
2024-09-14 23:30:00,21.506489
2024-09-15 00:00:00,22.000891
2024-09-15 00:30:00,21.454988
2024-09-15 01:00:00,21.187187
2024-09-15 01:30:00,21.93909
2024-09-15 02:00:00,21.228387
2024-09-15 02:30:00,20.960586
2024-09-15 03:00:00,20.373484
2024-09-15 03:30:00,21.032687
2024-09-15 04:00:00,20.909086
2024-09-15 04:30:00,21.238687
2024-09-15 05:00:00,21.640389
2024-09-15 05:30:00,23.360496
2024-09-15 06:00:00,27.676214
2024-09-15 06:30:00,41.117769
2024-09-15 07:00:00,46.772492
2024-09-15 07:30:00,47.256594
2024-09-15 08:00:00,49.687404
2024-09-15 08:30:00,50.655608
2024-09-15 09:00:00,52.107914
2024-09-15 09:30:00,51.778313
2024-09-15 10:00:00,50.253907
2024-09-15 10:30:00,50.562908
2024-09-15 11:00:00,50.130306
2024-09-15 11:30:00,50.94401
2024-09-15 12:00:00,51.685613
2024-09-15 12:30:00,50.99551
2024-09-15 13:00:00,51.788613
2024-09-15 13:30:00,53.817721
2024-09-15 14:00:00,50.676209
2024-09-15 14:30:00,50.511408
2024-09-15 15:00:00,49.831605
2024-09-15 15:30:00,49.306303
2024-09-15 16:00:00,48.059998
2024-09-15 16:30:00,47.328695
2024-09-15 17:00:00,45.103886
2024-09-15 17:30:00,43.321978
2024-09-15 18:00:00,32.795335
2024-09-15 18:30:00,32.167032
2024-09-15 19:00:00,31.48723
2024-09-15 19:30:00,31.075228
2024-09-15 20:00:00,29.12852
2024-09-15 20:30:00,29.509621
2024-09-15 21:00:00,30.570526
2024-09-15 21:30:00,28.510517
2024-09-15 22:00:00,26.64621
2024-09-15 22:30:00,26.69771
2024-09-15 23:00:00,26.347508
2024-09-15 23:30:00,25.647106
2024-09-16 00:00:00,22.474692
2024-09-16 00:30:00,21.362288
2024-09-16 01:00:00,21.362288
2024-09-16 01:30:00,21.238687
2024-09-16 02:00:00,21.722789
2024-09-16 02:30:00,21.671289
2024-09-16 03:00:00,21.650689
2024-09-16 03:30:00,21.681589
2024-09-16 04:00:00,21.269588
2024-09-16 04:30:00,20.620685
2024-09-16 05:00:00,22.454092
2024-09-16 05:30:00,23.422296
2024-09-16 06:00:00,28.623818
2024-09-16 06:30:00,45.011185
2024-09-16 07:00:00,50.459908
2024-09-16 07:30:00,49.357803
2024-09-16 08:00:00,50.98521
2024-09-16 08:30:00,51.366311
2024-09-16 09:00:00,50.738009
2024-09-16 09:30:00,51.00581
2024-09-16 10:00:00,51.695913
2024-09-16 10:30:00,51.716513
2024-09-16 11:00:00,51.191211
2024-09-16 11:30:00,51.489912
2024-09-16 12:00:00,51.02641
2024-09-16 12:30:00,53.900122
2024-09-16 13:00:00,51.02641
2024-09-16 13:30:00,51.551712
2024-09-16 14:00:00,51.10881
2024-09-16 14:30:00,50.562908
2024-09-16 15:00:00,48.987002
2024-09-16 15:30:00,48.894301
2024-09-16 16:00:00,47.225694
2024-09-16 16:30:00,45.618888
2024-09-16 17:00:00,43.383779
2024-09-16 17:30:00,42.508275
2024-09-16 18:00:00,31.847731
2024-09-16 18:30:00,31.48723
2024-09-16 19:00:00,30.374825
2024-09-16 19:30:00,29.715622
2024-09-16 20:00:00,27.665914
2024-09-16 20:30:00,29.23152
2024-09-16 21:00:00,27.408413
2024-09-16 21:30:00,27.006711
2024-09-16 22:00:00,23.885798
2024-09-16 22:30:00,22.649793
2024-09-16 23:00:00,22.361392
2024-09-16 23:30:00,21.79489
2024-09-17 00:00:00,22.145091
2024-09-17 00:30:00,21.568289
2024-09-17 01:00:00,20.764885
2024-09-17 01:30:00,21.053287
2024-09-17 02:00:00,21.238687
2024-09-17 02:30:00,21.650689
2024-09-17 03:00:00,21.279888
2024-09-17 03:30:00,21.372588
2024-09-17 04:00:00,21.527089
2024-09-17 04:30:00,21.79489
2024-09-17 05:00:00,20.466184
2024-09-17 05:30:00,21.176887
2024-09-17 06:00:00,21.95969
2024-09-17 06:30:00,22.495293
2024-09-17 07:00:00,23.144195
2024-09-17 07:30:00,22.763094
2024-09-17 08:00:00,23.133895
2024-09-17 08:30:00,23.185395
2024-09-17 09:00:00,23.514997
2024-09-17 09:30:00,22.989695
2024-09-17 10:00:00,22.196591
2024-09-17 10:30:00,22.495293
2024-09-17 11:00:00,23.102995
2024-09-17 11:30:00,23.442896
2024-09-17 12:00:00,23.123595
2024-09-17 12:30:00,22.433492
2024-09-17 13:00:00,22.217191
2024-09-17 13:30:00,23.350196
2024-09-17 14:00:00,22.412892
2024-09-17 14:30:00,22.763094
2024-09-17 15:00:00,22.134791
2024-09-17 15:30:00,21.351988
2024-09-17 16:00:00,20.744285
2024-09-17 16:30:00,20.898786
2024-09-17 17:00:00,20.898786
2024-09-17 17:30:00,20.754585
2024-09-17 18:00:00,21.300488
2024-09-17 18:30:00,21.279888
2024-09-17 19:00:00,21.79489
2024-09-17 19:30:00,21.568289
2024-09-17 20:00:00,21.248987
2024-09-17 20:30:00,21.382888
2024-09-17 21:00:00,21.238687
2024-09-17 21:30:00,20.332284
2024-09-17 22:00:00,20.404384
2024-09-17 22:30:00,21.135687
2024-09-17 23:00:00,21.012086
2024-09-17 23:30:00,21.084187
2024-09-18 00:00:00,20.898786
2024-09-18 00:30:00,20.651585
2024-09-18 01:00:00,20.672185
2024-09-18 01:30:00,19.714281
2024-09-18 02:00:00,20.538285
2024-09-18 02:30:00,20.816386
2024-09-18 03:00:00,20.682485
2024-09-18 03:30:00,20.775185
2024-09-18 04:00:00,20.950286
2024-09-18 04:30:00,20.775185
2024-09-18 05:00:00,21.022387
2024-09-18 05:30:00,20.198383
2024-09-18 06:00:00,20.527984
2024-09-18 06:30:00,19.961482
2024-09-18 07:00:00,20.188083
2024-09-18 07:30:00,20.795786
2024-09-18 08:00:00,20.991486
2024-09-18 08:30:00,20.929686
2024-09-18 09:00:00,21.351988
2024-09-18 09:30:00,21.073887
2024-09-18 10:00:00,21.434388
2024-09-18 10:30:00,20.672185
2024-09-18 11:00:00,20.641285
2024-09-18 11:30:00,21.96999
2024-09-18 12:00:00,20.867886
2024-09-18 12:30:00,22.361392
2024-09-18 13:00:00,22.484993
2024-09-18 13:30:00,22.793994
2024-09-18 14:00:00,21.588889
2024-09-18 14:30:00,21.424088
2024-09-18 15:00:00,21.218087
2024-09-18 15:30:00,20.620685
2024-09-18 16:00:00,21.87729
2024-09-18 16:30:00,21.393188
2024-09-18 17:00:00,21.83609
2024-09-18 17:30:00,21.722789
2024-09-18 18:00:00,21.300488
2024-09-18 18:30:00,21.424088
2024-09-18 19:00:00,21.073887
2024-09-18 19:30:00,20.620685
2024-09-18 20:00:00,20.826686
2024-09-18 20:30:00,21.609489
2024-09-18 21:00:00,21.722789
2024-09-18 21:30:00,21.300488
2024-09-18 22:00:00,21.547689
2024-09-18 22:30:00,21.619789
2024-09-18 23:00:00,21.424088
2024-09-18 23:30:00,21.259287
2024-09-19 00:00:00,19.961482
2024-09-19 00:30:00,20.641285
2024-09-19 01:00:00,20.414684
2024-09-19 01:30:00,20.836986
2024-09-19 02:00:00,20.651585
2024-09-19 02:30:00,20.620685
2024-09-19 03:00:00,20.744285
2024-09-19 03:30:00,20.960586
2024-09-19 04:00:00,20.311684
2024-09-19 04:30:00,20.589785
2024-09-19 05:00:00,21.702189
2024-09-19 05:30:00,23.298696
2024-09-19 06:00:00,27.614414
2024-09-19 06:30:00,44.444683
2024-09-19 07:00:00,49.852205
2024-09-19 07:30:00,49.872805
2024-09-19 08:00:00,51.05731
2024-09-19 08:30:00,52.416916
2024-09-19 09:00:00,53.045218
2024-09-19 09:30:00,62.449157
2024-09-19 10:00:00,56.485432
2024-09-19 10:30:00,60.64665
2024-09-19 11:00:00,61.934155
2024-09-19 11:30:00,63.22166
2024-09-19 12:00:00,65.353769
2024-09-19 12:30:00,67.053276
2024-09-19 13:00:00,65.250769
2024-09-19 13:30:00,65.52887
2024-09-19 14:00:00,67.207777
2024-09-19 14:30:00,66.012972
2024-09-19 15:00:00,63.540961
2024-09-19 15:30:00,62.377057
2024-09-19 16:00:00,60.502449
2024-09-19 16:30:00,59.626945
2024-09-19 17:00:00,57.072535
2024-09-19 17:30:00,49.543204
2024-09-19 18:00:00,34.12404
2024-09-19 18:30:00,32.259733
2024-09-19 19:00:00,30.488125
2024-09-19 19:30:00,30.735326
2024-09-19 20:00:00,27.974915
2024-09-19 20:30:00,28.170616
2024-09-19 21:00:00,26.934611
2024-09-19 21:30:00,27.810114
2024-09-19 22:00:00,23.875498
2024-09-19 22:30:00,23.020595
2024-09-19 23:00:00,22.938194
2024-09-19 23:30:00,22.484993
2024-09-20 00:00:00,22.052391
2024-09-20 00:30:00,20.630985
2024-09-20 01:00:00,21.238687
2024-09-20 01:30:00,21.310788
2024-09-20 02:00:00,21.290188
2024-09-20 02:30:00,21.94939
2024-09-20 03:00:00,20.847286
2024-09-20 03:30:00,20.929686
2024-09-20 04:00:00,20.754585
2024-09-20 04:30:00,21.702189
2024-09-20 05:00:00,21.599189
2024-09-20 05:30:00,22.938194
2024-09-20 06:00:00,28.685618
2024-09-20 06:30:00,45.701288
2024-09-20 07:00:00,47.009393
2024-09-20 07:30:00,46.617992
2024-09-20 08:00:00,52.149115
2024-09-20 08:30:00,63.448261
2024-09-20 09:00:00,63.20106
2024-09-20 09:30:00,64.323765
2024-09-20 10:00:00,65.024168
2024-09-20 10:30:00,64.941767
2024-09-20 11:00:00,65.776071
2024-09-20 11:30:00,66.332273
2024-09-20 12:00:00,66.775175
2024-09-20 12:30:00,66.723675
2024-09-20 13:00:00,66.188072
2024-09-20 13:30:00,65.178668
2024-09-20 14:00:00,64.746066
2024-09-20 14:30:00,64.158964
2024-09-20 15:00:00,62.232856
2024-09-20 15:30:00,61.841454
2024-09-20 16:00:00,60.461249
2024-09-20 16:30:00,59.657846
2024-09-20 17:00:00,57.556637
2024-09-20 17:30:00,52.725917
2024-09-20 18:00:00,37.687855
2024-09-20 18:30:00,32.743835
2024-09-20 19:00:00,31.446029
2024-09-20 19:30:00,31.064928
2024-09-20 20:00:00,27.398113
2024-09-20 20:30:00,28.819519
2024-09-20 21:00:00,29.25212
2024-09-20 21:30:00,27.738014
2024-09-20 22:00:00,25.698606
2024-09-20 22:30:00,25.492605
2024-09-20 23:00:00,25.822206
2024-09-20 23:30:00,24.915803
2024-09-21 00:00:00,22.124491
2024-09-21 00:30:00,20.775185
2024-09-21 01:00:00,20.919386
2024-09-21 01:30:00,20.126283
2024-09-21 02:00:00,20.682485
2024-09-21 02:30:00,21.053287
2024-09-21 03:00:00,21.382888
2024-09-21 03:30:00,21.75369
2024-09-21 04:00:00,21.145987
2024-09-21 04:30:00,20.847286
2024-09-21 05:00:00,20.321984
2024-09-21 05:30:00,22.289292
2024-09-21 06:00:00,27.583514
2024-09-21 06:30:00,41.128069
2024-09-21 07:00:00,46.607692
2024-09-21 07:30:00,48.121798
2024-09-21 08:00:00,50.212707
2024-09-21 08:30:00,50.429008
2024-09-21 09:00:00,51.263311
2024-09-21 09:30:00,52.416916
2024-09-21 10:00:00,62.109256
2024-09-21 10:30:00,60.965951
2024-09-21 11:00:00,61.862055
2024-09-21 11:30:00,61.872355
2024-09-21 12:00:00,61.377953
2024-09-21 12:30:00,61.882655
2024-09-21 13:00:00,61.851755
2024-09-21 13:30:00,61.800254
2024-09-21 14:00:00,60.358248
2024-09-21 14:30:00,59.060443
2024-09-21 15:00:00,56.639933
2024-09-21 15:30:00,55.80563
2024-09-21 16:00:00,53.900122
2024-09-21 16:30:00,53.36452
2024-09-21 17:00:00,47.596496
2024-09-21 17:30:00,44.969985
2024-09-21 18:00:00,34.07254
2024-09-21 18:30:00,33.063136
2024-09-21 19:00:00,30.982528
2024-09-21 19:30:00,31.353329
2024-09-21 20:00:00,28.407517
2024-09-21 20:30:00,29.07702
2024-09-21 21:00:00,28.201516
2024-09-21 21:30:00,28.448717
2024-09-21 22:00:00,23.957899
2024-09-21 22:30:00,22.011191
2024-09-21 23:00:00,21.516789
2024-09-21 23:30:00,22.134791
2024-09-22 00:00:00,21.75369
2024-09-22 00:30:00,21.506489
2024-09-22 01:00:00,21.82579
2024-09-22 01:30:00,21.228387
2024-09-22 02:00:00,21.176887
2024-09-22 02:30:00,20.939986
2024-09-22 03:00:00,21.012086
2024-09-22 03:30:00,21.475588
2024-09-22 04:00:00,21.321088
2024-09-22 04:30:00,21.86699
2024-09-22 05:00:00,21.434388
2024-09-22 05:30:00,22.093591
2024-09-22 06:00:00,27.346613
2024-09-22 06:30:00,41.601871
2024-09-22 07:00:00,46.422291
2024-09-22 07:30:00,47.009393
2024-09-22 08:00:00,50.326007
2024-09-22 08:30:00,55.373028
2024-09-22 09:00:00,52.468416
2024-09-22 09:30:00,51.417812
2024-09-22 10:00:00,58.833842
2024-09-22 10:30:00,56.918034
2024-09-22 11:00:00,57.010735
2024-09-22 11:30:00,58.669041
2024-09-22 12:00:00,58.22614
2024-09-22 12:30:00,58.40124
2024-09-22 13:00:00,57.196135
2024-09-22 13:30:00,56.506033
2024-09-22 14:00:00,58.493941
2024-09-22 14:30:00,56.227931
2024-09-22 15:00:00,54.281223
2024-09-22 15:30:00,50.552608
2024-09-22 16:00:00,49.357803
2024-09-22 16:30:00,51.489912
2024-09-22 17:00:00,47.380195
2024-09-22 17:30:00,45.227486
2024-09-22 18:00:00,32.949836
2024-09-22 18:30:00,31.837431
2024-09-22 19:00:00,29.736222
2024-09-22 19:30:00,29.530222
2024-09-22 20:00:00,28.294216
2024-09-22 20:30:00,28.273616
2024-09-22 21:00:00,27.614414
2024-09-22 21:30:00,26.69771
2024-09-22 22:00:00,25.461705
2024-09-22 22:30:00,24.792202
2024-09-22 23:00:00,24.2463
2024-09-22 23:30:00,23.916698
2024-09-23 00:00:00,20.569185
2024-09-23 00:30:00,19.992382
2024-09-23 01:00:00,19.951182
2024-09-23 01:30:00,19.868782
2024-09-23 02:00:00,20.363184
2024-09-23 02:30:00,19.982082
2024-09-23 03:00:00,19.714281
2024-09-23 03:30:00,19.765781
2024-09-23 04:00:00,19.868782
2024-09-23 04:30:00,19.734881
2024-09-23 05:00:00,20.023282
2024-09-23 05:30:00,21.89789
2024-09-23 06:00:00,26.594709
2024-09-23 06:30:00,39.789064
2024-09-23 07:00:00,44.547683
2024-09-23 07:30:00,44.918485
2024-09-23 08:00:00,46.762192
2024-09-23 08:30:00,48.678
2024-09-23 09:00:00,51.417812
2024-09-23 09:30:00,54.899226
2024-09-23 10:00:00,53.50872
2024-09-23 10:30:00,60.986551
2024-09-23 11:00:00,57.196135
2024-09-23 11:30:00,56.691433
2024-09-23 12:00:00,55.352428
2024-09-23 12:30:00,54.363624
2024-09-23 13:00:00,54.394524
2024-09-23 13:30:00,54.425424
2024-09-23 14:00:00,52.828917
2024-09-23 14:30:00,49.203302
2024-09-23 15:00:00,48.276299
2024-09-23 15:30:00,48.162998
2024-09-23 16:00:00,47.205094
2024-09-23 16:30:00,45.783688
2024-09-23 17:00:00,49.131202
2024-09-23 17:30:00,43.538279
2024-09-23 18:00:00,30.580826
2024-09-23 18:30:00,29.921623
2024-09-23 19:00:00,29.09762
2024-09-23 19:30:00,28.201516
2024-09-23 20:00:00,25.616205
2024-09-23 20:30:00,26.234208
2024-09-23 21:00:00,26.914011
2024-09-23 21:30:00,26.141508
2024-09-23 22:00:00,22.196591
2024-09-23 22:30:00,21.310788
2024-09-23 23:00:00,20.486784
2024-09-23 23:30:00,20.291084
2024-09-24 00:00:00,20.620685
2024-09-24 00:30:00,20.126283
2024-09-24 01:00:00,19.817282
2024-09-24 01:30:00,20.054183
2024-09-24 02:00:00,20.270483
2024-09-24 02:30:00,20.177783
2024-09-24 03:00:00,19.652481
2024-09-24 03:30:00,19.714281
2024-09-24 04:00:00,19.858482
2024-09-24 04:30:00,19.961482
2024-09-24 05:00:00,19.837882
2024-09-24 05:30:00,19.982082
2024-09-24 06:00:00,20.229283
2024-09-24 06:30:00,20.486784
2024-09-24 07:00:00,20.692785
2024-09-24 07:30:00,20.919386
2024-09-24 08:00:00,21.053287
2024-09-24 08:30:00,21.001786
2024-09-24 09:00:00,20.589785
2024-09-24 09:30:00,20.847286
2024-09-24 10:00:00,20.507384
2024-09-24 10:30:00,20.888486
2024-09-24 11:00:00,20.898786
2024-09-24 11:30:00,20.682485
2024-09-24 12:00:00,20.620685
2024-09-24 12:30:00,20.167483
2024-09-24 13:00:00,20.260183
2024-09-24 13:30:00,20.445584
2024-09-24 14:00:00,20.188083
2024-09-24 14:30:00,20.311684
2024-09-24 15:00:00,19.837882
2024-09-24 15:30:00,20.043882
2024-09-24 16:00:00,19.765781
2024-09-24 16:30:00,20.054183
2024-09-24 17:00:00,19.920282
2024-09-24 17:30:00,19.39498
2024-09-24 18:00:00,19.868782
2024-09-24 18:30:00,19.693681
2024-09-24 19:00:00,20.373484
2024-09-24 19:30:00,19.806982
2024-09-24 20:00:00,19.673081
2024-09-24 20:30:00,19.755481
2024-09-24 21:00:00,19.42588
2024-09-24 21:30:00,20.074783
2024-09-24 22:00:00,19.734881
2024-09-24 22:30:00,19.868782
2024-09-24 23:00:00,19.693681
2024-09-24 23:30:00,19.683381
2024-09-25 00:00:00,19.621581
2024-09-25 00:30:00,19.52888
2024-09-25 01:00:00,19.52888
2024-09-25 01:30:00,19.590681
2024-09-25 02:00:00,19.39498
2024-09-25 02:30:00,19.590681
2024-09-25 03:00:00,19.745181
2024-09-25 03:30:00,19.39498
2024-09-25 04:00:00,19.48768
2024-09-25 04:30:00,19.33318
2024-09-25 05:00:00,19.734881
2024-09-25 05:30:00,19.673081
2024-09-25 06:00:00,19.806982
2024-09-25 06:30:00,20.054183
2024-09-25 07:00:00,19.683381
2024-09-25 07:30:00,19.734881
2024-09-25 08:00:00,19.580381
2024-09-25 08:30:00,19.817282
2024-09-25 09:00:00,20.085083
2024-09-25 09:30:00,20.177783
2024-09-25 10:00:00,20.455884
2024-09-25 10:30:00,20.455884
2024-09-25 11:00:00,20.476484
2024-09-25 11:30:00,20.342584
2024-09-25 12:00:00,20.744285
2024-09-25 12:30:00,21.187187
2024-09-25 13:00:00,21.290188
2024-09-25 13:30:00,21.413788
2024-09-25 14:00:00,21.279888
2024-09-25 14:30:00,21.073887
2024-09-25 15:00:00,21.578589
2024-09-25 15:30:00,24.606801
2024-09-25 16:00:00,28.654718
2024-09-25 16:30:00,22.042091
2024-09-25 17:00:00,21.80519
2024-09-25 17:30:00,21.012086
2024-09-25 18:00:00,21.032687
2024-09-25 18:30:00,20.754585
2024-09-25 19:00:00,21.290188
2024-09-25 19:30:00,20.867886
2024-09-25 20:00:00,21.053287
2024-09-25 20:30:00,20.919386
2024-09-25 21:00:00,20.816386
2024-09-25 21:30:00,21.145987
2024-09-25 22:00:00,20.630985
2024-09-25 22:30:00,20.836986
2024-09-25 23:00:00,20.733985
2024-09-25 23:30:00,21.166587
2024-09-26 00:00:00,20.497084
2024-09-26 00:30:00,20.064483
2024-09-26 01:00:00,19.940882
2024-09-26 01:30:00,19.930582
2024-09-26 02:00:00,20.620685
2024-09-26 02:30:00,19.817282
2024-09-26 03:00:00,20.291084
2024-09-26 03:30:00,19.611281
2024-09-26 04:00:00,20.280783
2024-09-26 04:30:00,20.280783
2024-09-26 05:00:00,20.239583
2024-09-26 05:30:00,20.291084
2024-09-26 06:00:00,22.381992
2024-09-26 06:30:00,34.855343
2024-09-26 07:00:00,40.273166
2024-09-26 07:30:00,35.710247
2024-09-26 08:00:00,35.905948
2024-09-26 08:30:00,29.571422
2024-09-26 09:00:00,25.667706
2024-09-26 09:30:00,25.183604
2024-09-26 10:00:00,25.338104
2024-09-26 10:30:00,25.616205
2024-09-26 11:00:00,25.863406
2024-09-26 11:30:00,25.925207
2024-09-26 12:00:00,26.193008
2024-09-26 12:30:00,25.842806
2024-09-26 13:00:00,25.595605
2024-09-26 13:30:00,25.956107
2024-09-26 14:00:00,26.141508
2024-09-26 14:30:00,25.914907
2024-09-26 15:00:00,25.770706
2024-09-26 15:30:00,25.894307
2024-09-26 16:00:00,25.904607
2024-09-26 16:30:00,25.657406
2024-09-26 17:00:00,24.339
2024-09-26 17:30:00,23.896098
2024-09-26 18:00:00,23.556197
2024-09-26 18:30:00,23.432596
2024-09-26 19:00:00,22.752794
2024-09-26 19:30:00,22.793994
2024-09-26 20:00:00,20.950286
2024-09-26 20:30:00,20.754585
2024-09-26 21:00:00,20.394084
2024-09-26 21:30:00,20.311684
2024-09-26 22:00:00,20.033582
2024-09-26 22:30:00,19.879082
2024-09-26 23:00:00,20.002682
2024-09-26 23:30:00,19.930582
2024-09-27 00:00:00,19.786381
2024-09-27 00:30:00,19.714281
2024-09-27 01:00:00,19.714281
2024-09-27 01:30:00,19.745181
2024-09-27 02:00:00,19.765781
2024-09-27 02:30:00,19.745181
2024-09-27 03:00:00,20.507384
2024-09-27 03:30:00,20.260183
2024-09-27 04:00:00,20.157183
2024-09-27 04:30:00,20.146883
2024-09-27 05:00:00,20.280783
2024-09-27 05:30:00,21.279888
2024-09-27 06:00:00,25.657406
2024-09-27 06:30:00,40.530667
2024-09-27 07:00:00,44.362283
2024-09-27 07:30:00,45.979389
2024-09-27 08:00:00,53.58082
2024-09-27 08:30:00,56.815034
2024-09-27 09:00:00,52.107914
2024-09-27 09:30:00,59.369444
2024-09-27 10:00:00,53.828022
2024-09-27 10:30:00,56.021931
2024-09-27 11:00:00,59.039843
2024-09-27 11:30:00,58.081939
2024-09-27 12:00:00,60.595149
2024-09-27 12:30:00,62.335857
2024-09-27 13:00:00,62.624258
2024-09-27 13:30:00,61.274952
2024-09-27 14:00:00,59.348844
2024-09-27 14:30:00,57.330036
2024-09-27 15:00:00,56.516333
2024-09-27 15:30:00,55.280327
2024-09-27 16:00:00,51.582612
2024-09-27 16:30:00,56.279432
2024-09-27 17:00:00,51.11911
2024-09-27 17:30:00,48.204198
2024-09-27 18:00:00,35.277645
2024-09-27 18:30:00,32.517234
2024-09-27 19:00:00,30.673526
2024-09-27 19:30:00,29.674422
2024-09-27 20:00:00,27.192112
2024-09-27 20:30:00,27.676214
2024-09-27 21:00:00,28.077916
2024-09-27 21:30:00,27.593814
2024-09-27 22:00:00,25.729506
2024-09-27 22:30:00,25.152704
2024-09-27 23:00:00,24.905502
2024-09-27 23:30:00,24.452301
2024-09-28 00:00:00,21.403488
2024-09-28 00:30:00,20.352884
2024-09-28 01:00:00,20.352884
2024-09-28 01:30:00,20.527984
2024-09-28 02:00:00,20.826686
2024-09-28 02:30:00,20.960586
2024-09-28 03:00:00,20.538285
2024-09-28 03:30:00,20.703085
2024-09-28 04:00:00,20.744285
2024-09-28 04:30:00,20.836986
2024-09-28 05:00:00,20.754585
2024-09-28 05:30:00,21.98029
2024-09-28 06:00:00,27.326012
2024-09-28 06:30:00,39.861164
2024-09-28 07:00:00,44.012081
2024-09-28 07:30:00,45.371687
2024-09-28 08:00:00,48.6574
2024-09-28 08:30:00,51.541412
2024-09-28 09:00:00,57.360936
2024-09-28 09:30:00,55.558429
2024-09-28 10:00:00,52.324215
2024-09-28 10:30:00,62.232856
2024-09-28 11:00:00,58.102539
2024-09-28 11:30:00,60.378848
2024-09-28 12:00:00,60.430349
2024-09-28 12:30:00,60.77025
2024-09-28 13:00:00,62.881759
2024-09-28 13:30:00,63.386461
2024-09-28 14:00:00,62.675758
2024-09-28 14:30:00,60.605449
2024-09-28 15:00:00,58.20554
2024-09-28 15:30:00,54.023722
2024-09-28 16:00:00,58.061339
2024-09-28 16:30:00,56.990135
2024-09-28 17:00:00,53.076118
2024-09-28 17:30:00,50.058206
2024-09-28 18:00:00,35.823547
2024-09-28 18:30:00,33.001336
2024-09-28 19:00:00,31.415129
2024-09-28 19:30:00,30.652926
2024-09-28 20:00:00,29.725922
2024-09-28 20:30:00,29.283021
2024-09-28 21:00:00,29.04612
2024-09-28 21:30:00,28.047015
2024-09-28 22:00:00,22.969095
2024-09-28 22:30:00,21.321088
2024-09-28 23:00:00,21.228387
2024-09-28 23:30:00,21.135687
2024-09-29 00:00:00,20.270483
2024-09-29 00:30:00,20.383784
2024-09-29 01:00:00,20.105683
2024-09-29 01:30:00,20.270483
2024-09-29 02:00:00,20.167483
2024-09-29 02:30:00,20.126283
2024-09-29 03:00:00,20.012982
2024-09-29 03:30:00,20.157183
2024-09-29 04:00:00,20.249883
2024-09-29 04:30:00,20.157183
2024-09-29 05:00:00,20.301384
2024-09-29 05:30:00,22.000891
2024-09-29 06:00:00,26.903711
2024-09-29 06:30:00,44.825784
2024-09-29 07:00:00,51.180911
2024-09-29 07:30:00,48.265999
2024-09-29 08:00:00,53.652921
2024-09-29 08:30:00,58.452741
2024-09-29 09:00:00,57.309436
2024-09-29 09:30:00,59.802046
2024-09-29 10:00:00,57.268236
2024-09-29 10:30:00,69.370785
2024-09-29 11:00:00,78.434823
2024-09-29 11:30:00,68.412882
2024-09-29 12:00:00,68.00088
2024-09-29 12:30:00,69.123584
2024-09-29 13:00:00,68.577682
2024-09-29 13:30:00,70.637691
2024-09-29 14:00:00,70.45229
2024-09-29 14:30:00,67.794879
2024-09-29 15:00:00,66.260173
2024-09-29 15:30:00,64.581266
2024-09-29 16:00:00,61.707554
2024-09-29 16:30:00,60.63635
2024-09-29 17:00:00,59.050143
2024-09-29 17:30:00,52.746517
2024-09-29 18:00:00,37.131653
2024-09-29 18:30:00,33.92834
2024-09-29 19:00:00,32.249433
2024-09-29 19:30:00,30.807427
2024-09-29 20:00:00,30.127624
2024-09-29 20:30:00,29.20062
2024-09-29 21:00:00,29.756822
2024-09-29 21:30:00,29.05642
2024-09-29 22:00:00,26.872811
2024-09-29 22:30:00,25.719206
2024-09-29 23:00:00,25.688306
2024-09-29 23:30:00,25.317504
2024-09-30 00:00:00,21.351988
2024-09-30 00:30:00,20.682485
2024-09-30 01:00:00,20.198383
2024-09-30 01:30:00,20.579485
2024-09-30 02:00:00,20.610385
2024-09-30 02:30:00,20.394084
2024-09-30 03:00:00,20.115983
2024-09-30 03:30:00,20.414684
2024-09-30 04:00:00,20.589785
2024-09-30 04:30:00,20.558885
2024-09-30 05:00:00,21.012086
2024-09-30 05:30:00,21.96999
2024-09-30 06:00:00,27.305412
2024-09-30 06:30:00,41.22077
2024-09-30 07:00:00,48.008498
2024-09-30 07:30:00,45.927889
2024-09-30 08:00:00,48.5441
2024-09-30 08:30:00,50.532008
2024-09-30 09:00:00,51.459012
2024-09-30 09:30:00,59.729946
2024-09-30 10:00:00,53.024618
2024-09-30 10:30:00,55.90863
2024-09-30 11:00:00,52.921618
2024-09-30 11:30:00,59.359144
2024-09-30 12:00:00,54.003122
2024-09-30 12:30:00,53.42632
2024-09-30 13:00:00,52.169715
2024-09-30 13:30:00,51.09851
2024-09-30 14:00:00,53.076118
2024-09-30 14:30:00,49.862505
2024-09-30 15:00:00,49.471104
2024-09-30 15:30:00,48.5956
2024-09-30 16:00:00,47.380195
2024-09-30 16:30:00,46.09269
2024-09-30 17:00:00,43.486779
2024-09-30 17:30:00,41.488571
2024-09-30 18:00:00,31.744731
2024-09-30 18:30:00,31.363629
2024-09-30 19:00:00,30.436625
2024-09-30 19:30:00,29.406621
2024-09-30 20:00:00,26.986111
2024-09-30 20:30:00,27.738014
2024-09-30 21:00:00,27.974915
2024-09-30 21:30:00,27.727714
2024-09-30 22:00:00,22.227491
2024-09-30 22:30:00,21.465288
2024-09-30 23:00:00,21.393188
2024-09-30 23:30:00,21.279888
2024-10-01 00:00:00,20.589785
2024-10-01 00:30:00,20.394084
2024-10-01 01:00:00,20.229283
2024-10-01 01:30:00,20.157183
2024-10-01 02:00:00,20.136583
2024-10-01 02:30:00,20.157183
2024-10-01 03:00:00,20.085083
2024-10-01 03:30:00,20.270483
2024-10-01 04:00:00,20.218983
2024-10-01 04:30:00,20.043882
2024-10-01 05:00:00,20.208683
2024-10-01 05:30:00,20.497084
2024-10-01 06:00:00,21.321088
2024-10-01 06:30:00,21.89789
2024-10-01 07:00:00,21.691889
2024-10-01 07:30:00,22.052391
2024-10-01 08:00:00,22.330492
2024-10-01 08:30:00,22.299592
2024-10-01 09:00:00,22.917594
2024-10-01 09:30:00,24.060899
2024-10-01 10:00:00,23.576797
2024-10-01 10:30:00,23.422296
2024-10-01 11:00:00,23.628297
2024-10-01 11:30:00,23.525297
2024-10-01 12:00:00,23.185395
2024-10-01 12:30:00,22.969095
2024-10-01 13:00:00,22.690993
2024-10-01 13:30:00,22.083291
2024-10-01 14:00:00,22.340792
2024-10-01 14:30:00,22.371692
2024-10-01 15:00:00,22.361392
2024-10-01 15:30:00,21.86699
2024-10-01 16:00:00,21.743389
2024-10-01 16:30:00,21.537389
2024-10-01 17:00:00,20.970886
2024-10-01 17:30:00,20.836986
2024-10-01 18:00:00,21.063587
2024-10-01 18:30:00,20.878186
2024-10-01 19:00:00,20.836986
2024-10-01 19:30:00,20.723685
2024-10-01 20:00:00,20.785486
2024-10-01 20:30:00,20.950286
2024-10-01 21:00:00,20.888486
2024-10-01 21:30:00,20.497084
2024-10-01 22:00:00,20.641285
2024-10-01 22:30:00,20.754585
2024-10-01 23:00:00,20.981186
2024-10-01 23:30:00,20.909086
2024-10-02 00:00:00,20.321984
2024-10-02 00:30:00,20.404384
2024-10-02 01:00:00,20.414684
2024-10-02 01:30:00,20.332284
2024-10-02 02:00:00,20.620685
2024-10-02 02:30:00,20.383784
2024-10-02 03:00:00,20.445584
2024-10-02 03:30:00,20.373484
2024-10-02 04:00:00,20.249883
2024-10-02 04:30:00,20.548585
2024-10-02 05:00:00,20.012982
2024-10-02 05:30:00,19.982082
2024-10-02 06:00:00,19.827582
2024-10-02 06:30:00,19.817282
2024-10-02 07:00:00,20.497084
2024-10-02 07:30:00,20.085083
2024-10-02 08:00:00,20.352884
2024-10-02 08:30:00,21.485888
2024-10-02 09:00:00,21.321088
2024-10-02 09:30:00,21.403488
2024-10-02 10:00:00,22.237792
2024-10-02 10:30:00,23.926998
2024-10-02 11:00:00,23.607697
2024-10-02 11:30:00,21.79489
2024-10-02 12:00:00,21.609489
2024-10-02 12:30:00,21.96999
2024-10-02 13:00:00,21.001786
2024-10-02 13:30:00,21.444688
2024-10-02 14:00:00,21.053287
2024-10-02 14:30:00,21.094487
2024-10-02 15:00:00,21.238687
2024-10-02 15:30:00,24.843702
2024-10-02 16:00:00,21.321088
2024-10-02 16:30:00,20.806086
2024-10-02 17:00:00,21.032687
2024-10-02 17:30:00,21.032687
2024-10-02 18:00:00,20.445584
2024-10-02 18:30:00,20.764885
2024-10-02 19:00:00,20.692785
2024-10-02 19:30:00,20.651585
2024-10-02 20:00:00,20.435284
2024-10-02 20:30:00,20.620685
2024-10-02 21:00:00,20.548585
2024-10-02 21:30:00,20.878186
2024-10-02 22:00:00,20.692785
2024-10-02 22:30:00,20.249883
2024-10-02 23:00:00,19.580381
2024-10-02 23:30:00,19.662781
2024-10-03 00:00:00,19.868782
2024-10-03 00:30:00,19.837882
2024-10-03 01:00:00,19.982082
2024-10-03 01:30:00,19.53918
2024-10-03 02:00:00,19.868782
2024-10-03 02:30:00,20.270483
2024-10-03 03:00:00,20.136583
2024-10-03 03:30:00,20.115983
2024-10-03 04:00:00,19.806982
2024-10-03 04:30:00,21.413788
2024-10-03 05:00:00,27.006711
2024-10-03 05:30:00,39.912664
2024-10-03 06:00:00,45.618888
2024-10-03 06:30:00,46.720992
2024-10-03 07:00:00,48.894301
2024-10-03 07:30:00,49.769805
2024-10-03 08:00:00,50.449608
2024-10-03 08:30:00,52.725917
2024-10-03 09:00:00,54.497524
2024-10-03 09:30:00,53.45722
2024-10-03 10:00:00,54.229723
2024-10-03 10:30:00,56.114631
2024-10-03 11:00:00,58.473341
2024-10-03 11:30:00,61.089551
2024-10-03 12:00:00,63.14956
2024-10-03 12:30:00,62.964159
2024-10-03 13:00:00,65.755471
2024-10-03 13:30:00,61.347052
2024-10-03 14:00:00,61.347052
2024-10-03 14:30:00,61.089551
2024-10-03 15:00:00,60.172848
2024-10-03 15:30:00,59.225244
2024-10-03 16:00:00,58.26734
2024-10-03 16:30:00,55.90863
2024-10-03 17:00:00,34.09314
2024-10-03 17:30:00,32.702635
2024-10-03 18:00:00,31.353329
2024-10-03 18:30:00,30.189424
2024-10-03 19:00:00,27.995515
2024-10-03 19:30:00,28.211816
2024-10-03 20:00:00,28.283916
2024-10-03 20:30:00,28.067616
2024-10-03 21:00:00,23.350196
2024-10-03 21:30:00,21.630089
2024-10-03 22:00:00,21.537389
2024-10-03 22:30:00,21.238687
2024-10-03 23:00:00,20.826686
2024-10-03 23:30:00,20.713385
2024-10-04 00:00:00,20.455884
2024-10-04 00:30:00,20.383784
2024-10-04 01:00:00,20.239583
2024-10-04 01:30:00,20.466184
2024-10-04 02:00:00,20.394084
2024-10-04 02:30:00,20.507384
2024-10-04 03:00:00,20.600085
2024-10-04 03:30:00,20.291084
2024-10-04 04:00:00,20.383784
2024-10-04 04:30:00,21.671289
2024-10-04 05:00:00,27.449613
2024-10-04 05:30:00,39.737564
2024-10-04 06:00:00,44.341682
2024-10-04 06:30:00,45.464387
2024-10-04 07:00:00,47.905497
2024-10-04 07:30:00,56.155831
2024-10-04 08:00:00,61.676654
2024-10-04 08:30:00,63.025959
2024-10-04 09:00:00,66.847275
2024-10-04 09:30:00,65.837871
2024-10-04 10:00:00,65.096268
2024-10-04 10:30:00,67.496178
2024-10-04 11:00:00,67.93908
2024-10-04 11:30:00,69.041184
2024-10-04 12:00:00,70.956992
2024-10-04 12:30:00,69.391386
2024-10-04 13:00:00,69.216285
2024-10-04 13:30:00,68.227481
2024-10-04 14:00:00,67.568278
2024-10-04 14:30:00,67.424077
2024-10-04 15:00:00,65.930571
2024-10-04 15:30:00,64.643066
2024-10-04 16:00:00,62.315256
2024-10-04 16:30:00,60.203748
2024-10-04 17:00:00,35.205545
2024-10-04 17:30:00,33.310337
2024-10-04 18:00:00,31.260629
2024-10-04 18:30:00,30.807427
2024-10-04 19:00:00,29.303621
2024-10-04 19:30:00,28.819519
2024-10-04 20:00:00,28.407517
2024-10-04 20:30:00,28.675318
2024-10-04 21:00:00,26.471109
2024-10-04 21:30:00,26.100307
2024-10-04 22:00:00,25.296904
2024-10-04 22:30:00,25.152704
2024-10-04 23:00:00,21.176887
2024-10-04 23:30:00,21.001786
2024-10-05 00:00:00,20.579485
2024-10-05 00:30:00,20.651585
2024-10-05 01:00:00,20.672185
2024-10-05 01:30:00,20.363184
2024-10-05 02:00:00,21.248987
2024-10-05 02:30:00,20.929686
2024-10-05 03:00:00,20.476484
2024-10-05 03:30:00,20.486784
2024-10-05 04:00:00,20.600085
2024-10-05 04:30:00,22.145091
2024-10-05 05:00:00,28.541417
2024-10-05 05:30:00,47.359595
2024-10-05 06:00:00,44.928785
2024-10-05 06:30:00,46.411991
2024-10-05 07:00:00,58.751442
2024-10-05 07:30:00,64.200164
2024-10-05 08:00:00,66.136572
2024-10-05 08:30:00,72.141497
2024-10-05 09:00:00,68.330481
2024-10-05 09:30:00,69.906388
2024-10-05 10:00:00,70.050588
2024-10-05 10:30:00,69.772487
2024-10-05 11:00:00,70.174189
2024-10-05 11:30:00,69.937288
2024-10-05 12:00:00,70.678891
2024-10-05 12:30:00,70.44199
2024-10-05 13:00:00,70.102088
2024-10-05 13:30:00,68.855783
2024-10-05 14:00:00,67.836079
2024-10-05 14:30:00,67.032676
2024-10-05 15:00:00,65.909971
2024-10-05 15:30:00,64.972667
2024-10-05 16:00:00,63.08776
2024-10-05 16:30:00,60.214048
2024-10-05 17:00:00,35.936848
2024-10-05 17:30:00,33.96954
2024-10-05 18:00:00,32.558434
2024-10-05 18:30:00,31.353329
2024-10-05 19:00:00,29.035819
2024-10-05 19:30:00,29.818623
2024-10-05 20:00:00,28.901919
2024-10-05 20:30:00,29.13882
2024-10-05 21:00:00,25.338104
2024-10-05 21:30:00,23.885798
2024-10-05 22:00:00,23.823998
2024-10-05 22:30:00,23.823998
2024-10-05 23:00:00,22.876394
2024-10-05 23:30:00,21.218087
2024-10-06 00:00:00,21.207787
2024-10-06 00:30:00,21.300488
2024-10-06 01:00:00,21.475588
2024-10-06 01:30:00,21.115087
2024-10-06 02:00:00,20.826686
2024-10-06 02:30:00,21.382888
2024-10-06 03:00:00,21.279888
2024-10-06 03:30:00,21.300488
2024-10-06 04:00:00,21.341688
2024-10-06 04:30:00,22.763094
2024-10-06 05:00:00,29.653822
2024-10-06 05:30:00,48.193898
2024-10-06 06:00:00,46.597392
2024-10-06 06:30:00,48.255699
2024-10-06 07:00:00,52.777417
2024-10-06 07:30:00,62.583058
2024-10-06 08:00:00,55.414228
2024-10-06 08:30:00,61.264652
2024-10-06 09:00:00,68.11418
2024-10-06 09:30:00,64.735766
2024-10-06 10:00:00,65.50827
2024-10-06 10:30:00,67.444678
2024-10-06 11:00:00,68.11418
2024-10-06 11:30:00,68.402581
2024-10-06 12:00:00,68.402581
2024-10-06 12:30:00,67.815479
2024-10-06 13:00:00,66.929675
2024-10-06 13:30:00,65.982072
2024-10-06 14:00:00,65.106568
2024-10-06 14:30:00,64.931467
2024-10-06 15:00:00,63.479161
2024-10-06 15:30:00,62.603658
2024-10-06 16:00:00,61.130752
2024-10-06 16:30:00,54.652025
2024-10-06 17:00:00,34.896544
2024-10-06 17:30:00,33.124936
2024-10-06 18:00:00,31.384229
2024-10-06 18:30:00,30.683826
2024-10-06 19:00:00,27.841015
2024-10-06 19:30:00,28.665018
2024-10-06 20:00:00,28.047015
2024-10-06 20:30:00,27.429013
2024-10-06 21:00:00,25.708906
2024-10-06 21:30:00,24.678902
2024-10-06 22:00:00,24.957003
2024-10-06 22:30:00,24.2566
2024-10-06 23:00:00,21.640389
2024-10-06 23:30:00,20.651585
2024-10-07 00:00:00,20.981186
2024-10-07 00:30:00,20.991486
2024-10-07 01:00:00,21.187187
2024-10-07 01:30:00,20.661885
2024-10-07 02:00:00,20.692785
2024-10-07 02:30:00,20.939986
2024-10-07 03:00:00,20.878186
2024-10-07 03:30:00,21.125387
2024-10-07 04:00:00,20.847286
2024-10-07 04:30:00,22.454092
2024-10-07 05:00:00,28.871019
2024-10-07 05:30:00,51.819513
2024-10-07 06:00:00,57.144635
2024-10-07 06:30:00,54.281223
2024-10-07 07:00:00,60.615749
2024-10-07 07:30:00,60.234648
2024-10-07 08:00:00,62.850859
2024-10-07 08:30:00,62.634558
2024-10-07 09:00:00,63.345261
2024-10-07 09:30:00,63.056859
2024-10-07 10:00:00,69.010284
2024-10-07 10:30:00,63.345261
2024-10-07 11:00:00,63.952963
2024-10-07 11:30:00,63.808763
2024-10-07 12:00:00,64.694566
2024-10-07 12:30:00,63.819063
2024-10-07 13:00:00,62.552157
2024-10-07 13:30:00,62.171056
2024-10-07 14:00:00,61.573653
2024-10-07 14:30:00,61.439753
2024-10-07 15:00:00,59.596045
2024-10-07 15:30:00,57.814138
2024-10-07 16:00:00,56.588433
2024-10-07 16:30:00,54.682925
2024-10-07 17:00:00,33.258837
2024-10-07 17:30:00,32.187632
2024-10-07 18:00:00,30.446925
2024-10-07 18:30:00,29.540522
2024-10-07 19:00:00,27.964615
2024-10-07 19:30:00,28.459017
2024-10-07 20:00:00,28.088216
2024-10-07 20:30:00,27.686514
2024-10-07 21:00:00,23.267796
2024-10-07 21:30:00,21.557989
2024-10-07 22:00:00,21.78459
2024-10-07 22:30:00,21.85669
2024-10-07 23:00:00,20.620685
2024-10-07 23:30:00,20.445584
2024-10-08 00:00:00,20.249883
2024-10-08 00:30:00,20.424984
2024-10-08 01:00:00,20.249883
2024-10-08 01:30:00,20.497084
2024-10-08 02:00:00,20.445584
2024-10-08 02:30:00,20.177783
2024-10-08 03:00:00,20.146883
2024-10-08 03:30:00,20.311684
2024-10-08 04:00:00,20.136583
2024-10-08 04:30:00,20.146883
2024-10-08 05:00:00,21.012086
2024-10-08 05:30:00,22.381992
2024-10-08 06:00:00,23.494397
2024-10-08 06:30:00,22.629193
2024-10-08 07:00:00,23.875498
2024-10-08 07:30:00,23.628297
2024-10-08 08:00:00,23.957899
2024-10-08 08:30:00,25.296904
2024-10-08 09:00:00,28.562018
2024-10-08 09:30:00,27.624714
2024-10-08 10:00:00,24.545001
2024-10-08 10:30:00,24.483201
2024-10-08 11:00:00,24.565601
2024-10-08 11:30:00,23.679797
2024-10-08 12:00:00,26.553509
2024-10-08 12:30:00,24.1845
2024-10-08 13:00:00,23.154495
2024-10-08 13:30:00,22.999995
2024-10-08 14:00:00,23.133895
2024-10-08 14:30:00,23.051495
2024-10-08 15:00:00,22.484993
2024-10-08 15:30:00,25.904607
2024-10-08 16:00:00,22.093591
2024-10-08 16:30:00,21.95969
2024-10-08 17:00:00,21.527089
2024-10-08 17:30:00,21.733089
2024-10-08 18:00:00,21.702189
2024-10-08 18:30:00,21.228387
2024-10-08 19:00:00,21.135687
2024-10-08 19:30:00,21.393188
2024-10-08 20:00:00,21.094487
2024-10-08 20:30:00,21.053287
2024-10-08 21:00:00,21.084187
2024-10-08 21:30:00,20.754585
2024-10-08 22:00:00,20.919386
2024-10-08 22:30:00,21.042987
2024-10-08 23:00:00,21.001786
2024-10-08 23:30:00,21.073887
2024-10-09 00:00:00,20.970886
2024-10-09 00:30:00,21.331388
2024-10-09 01:00:00,21.248987
2024-10-09 01:30:00,21.228387
2024-10-09 02:00:00,21.104787
2024-10-09 02:30:00,21.197487
2024-10-09 03:00:00,21.197487
2024-10-09 03:30:00,21.403488
2024-10-09 04:00:00,21.712489
2024-10-09 04:30:00,21.81549
2024-10-09 05:00:00,21.712489
2024-10-09 05:30:00,21.92879
2024-10-09 06:00:00,21.547689
2024-10-09 06:30:00,21.599189
2024-10-09 07:00:00,21.403488
2024-10-09 07:30:00,21.619789
2024-10-09 08:00:00,22.402592
2024-10-09 08:30:00,27.851315
2024-10-09 09:00:00,23.185395
2024-10-09 09:30:00,23.010295
2024-10-09 10:00:00,23.154495
2024-10-09 10:30:00,22.938194
2024-10-09 11:00:00,26.924311
2024-10-09 11:30:00,26.059107
2024-10-09 12:00:00,23.175095
2024-10-09 12:30:00,23.370796
2024-10-09 13:00:00,22.989695
2024-10-09 13:30:00,23.308996
2024-10-09 14:00:00,23.133895
2024-10-09 14:30:00,27.243612
2024-10-09 15:00:00,23.535597
2024-10-09 15:30:00,23.525297
2024-10-09 16:00:00,22.330492
2024-10-09 16:30:00,22.206891
2024-10-09 17:00:00,21.80519
2024-10-09 17:30:00,21.609489
2024-10-09 18:00:00,21.485888
2024-10-09 18:30:00,21.485888
2024-10-09 19:00:00,21.743389
2024-10-09 19:30:00,21.475588
2024-10-09 20:00:00,21.321088
2024-10-09 20:30:00,21.218087
2024-10-09 21:00:00,21.156287
2024-10-09 21:30:00,21.341688
2024-10-09 22:00:00,21.207787
2024-10-09 22:30:00,21.537389
2024-10-09 23:00:00,21.403488
2024-10-09 23:30:00,21.351988
2024-10-10 00:00:00,21.454988
2024-10-10 00:30:00,21.424088
2024-10-10 01:00:00,21.300488
2024-10-10 01:30:00,21.382888
2024-10-10 02:00:00,21.578589
2024-10-10 02:30:00,21.702189
2024-10-10 03:00:00,21.640389
2024-10-10 03:30:00,21.79489
2024-10-10 04:00:00,21.712489
2024-10-10 04:30:00,23.875498
2024-10-10 05:00:00,27.861615
2024-10-10 05:30:00,46.401691
2024-10-10 06:00:00,60.67755
2024-10-10 06:30:00,56.475132
2024-10-10 07:00:00,62.747858
2024-10-10 07:30:00,67.135676
2024-10-10 08:00:00,66.888475
2024-10-10 08:30:00,65.65247
2024-10-10 09:00:00,66.218973
2024-10-10 09:30:00,65.889371
2024-10-10 10:00:00,66.301373
2024-10-10 10:30:00,65.971771
2024-10-10 11:00:00,65.394969
2024-10-10 11:30:00,64.622466
2024-10-10 12:00:00,64.509165
2024-10-10 12:30:00,66.569174
2024-10-10 13:00:00,62.922959
2024-10-10 13:30:00,62.140156
2024-10-10 14:00:00,61.419153
2024-10-10 14:30:00,60.883551
2024-10-10 15:00:00,59.616645
2024-10-10 15:30:00,58.730842
2024-10-10 16:00:00,57.669937
2024-10-10 16:30:00,55.640829
2024-10-10 17:00:00,34.906844
2024-10-10 17:30:00,32.527534
2024-10-10 18:00:00,31.178228
2024-10-10 18:30:00,30.385125
2024-10-10 19:00:00,28.088216
2024-10-10 19:30:00,27.995515
2024-10-10 20:00:00,27.583514
2024-10-10 20:30:00,27.892515
2024-10-10 21:00:00,22.773394
2024-10-10 21:30:00,22.876394
2024-10-10 22:00:00,21.619789
2024-10-10 22:30:00,23.051495
2024-10-10 23:00:00,21.434388
2024-10-10 23:30:00,21.506489
2024-10-11 00:00:00,21.76399
2024-10-11 00:30:00,21.248987
2024-10-11 01:00:00,20.857586
2024-10-11 01:30:00,21.135687
2024-10-11 02:00:00,20.960586
2024-10-11 02:30:00,21.084187
2024-10-11 03:00:00,21.104787
2024-10-11 03:30:00,21.588889
2024-10-11 04:00:00,21.83609
2024-10-11 04:30:00,23.123595
2024-10-11 05:00:00,28.397217
2024-10-11 05:30:00,41.900572
2024-10-11 06:00:00,46.844593
2024-10-11 06:30:00,48.410199
2024-10-11 07:00:00,55.599629
2024-10-11 07:30:00,64.910867
2024-10-11 08:00:00,62.253456
2024-10-11 08:30:00,61.975355
2024-10-11 09:00:00,61.995955
2024-10-11 09:30:00,59.091343
2024-10-11 10:00:00,63.10836
2024-10-11 10:30:00,63.592462
2024-10-11 11:00:00,63.025959
2024-10-11 11:30:00,63.015659
2024-10-11 12:00:00,63.458561
2024-10-11 12:30:00,66.939975
2024-10-11 13:00:00,62.892059
2024-10-11 13:30:00,61.223452
2024-10-11 14:00:00,57.608137
2024-10-11 14:30:00,58.31884
2024-10-11 15:00:00,58.596941
2024-10-11 15:30:00,57.597837
2024-10-11 16:00:00,57.134335
2024-10-11 16:30:00,54.487224
2024-10-11 17:00:00,35.143745
2024-10-11 17:30:00,32.846835
2024-10-11 18:00:00,31.384229
2024-10-11 18:30:00,30.446925
2024-10-11 19:00:00,28.520817
2024-10-11 19:30:00,29.015219
2024-10-11 20:00:00,28.500217
2024-10-11 20:30:00,28.428117
2024-10-11 21:00:00,27.552613
2024-10-11 21:30:00,26.66681
2024-10-11 22:00:00,25.152704
2024-10-11 22:30:00,25.688306
2024-10-11 23:00:00,22.361392
2024-10-11 23:30:00,21.733089
2024-10-12 00:00:00,21.496188
2024-10-12 00:30:00,21.125387
2024-10-12 01:00:00,21.496188
2024-10-12 01:30:00,21.537389
2024-10-12 02:00:00,22.000891
2024-10-12 02:30:00,21.475588
2024-10-12 03:00:00,21.248987
2024-10-12 03:30:00,21.145987
2024-10-12 04:00:00,21.331388
2024-10-12 04:30:00,21.88759
2024-10-12 05:00:00,27.738014
2024-10-12 05:30:00,41.22077
2024-10-12 06:00:00,47.833397
2024-10-12 06:30:00,53.45722
2024-10-12 07:00:00,49.924305
2024-10-12 07:30:00,51.562012
2024-10-12 08:00:00,51.932814
2024-10-12 08:30:00,51.634112
2024-10-12 09:00:00,51.675313
2024-10-12 09:30:00,56.444232
2024-10-12 10:00:00,58.699942
2024-10-12 10:30:00,54.662325
2024-10-12 11:00:00,51.438412
2024-10-12 11:30:00,59.328244
2024-10-12 12:00:00,53.56022
2024-10-12 12:30:00,51.901914
2024-10-12 13:00:00,52.107914
2024-10-12 13:30:00,57.556637
2024-10-12 14:00:00,51.10881
2024-10-12 14:30:00,50.511408
2024-10-12 15:00:00,49.697705
2024-10-12 15:30:00,54.332724
2024-10-12 16:00:00,53.48812
2024-10-12 16:30:00,50.738009
2024-10-12 17:00:00,34.484542
2024-10-12 17:30:00,33.464838
2024-10-12 18:00:00,32.280333
2024-10-12 18:30:00,31.301829
2024-10-12 19:00:00,28.778318
2024-10-12 19:30:00,30.271825
2024-10-12 20:00:00,29.509621
2024-10-12 20:30:00,28.695918
2024-10-12 21:00:00,24.236
2024-10-12 21:30:00,21.96999
2024-10-12 22:00:00,22.083291
2024-10-12 22:30:00,21.99059
2024-10-12 23:00:00,21.650689
2024-10-12 23:30:00,21.259287
2024-10-13 00:00:00,21.341688
2024-10-13 00:30:00,21.321088
2024-10-13 01:00:00,21.300488
2024-10-13 01:30:00,21.341688
2024-10-13 02:00:00,21.115087
2024-10-13 02:30:00,21.248987
2024-10-13 03:00:00,20.836986
2024-10-13 03:30:00,20.981186
2024-10-13 04:00:00,21.527089
2024-10-13 04:30:00,23.061795
2024-10-13 05:00:00,28.386917
2024-10-13 05:30:00,42.353774
2024-10-13 06:00:00,46.05149
2024-10-13 06:30:00,47.699496
2024-10-13 07:00:00,49.780105
2024-10-13 07:30:00,50.902809
2024-10-13 08:00:00,51.283911
2024-10-13 08:30:00,52.592016
2024-10-13 09:00:00,59.420945
2024-10-13 09:30:00,51.634112
2024-10-13 10:00:00,59.503345
2024-10-13 10:30:00,62.057755
2024-10-13 11:00:00,59.894746
2024-10-13 11:30:00,59.523945
2024-10-13 12:00:00,59.606345
2024-10-13 12:30:00,56.536933
2024-10-13 13:00:00,57.103435
2024-10-13 13:30:00,51.572312
2024-10-13 14:00:00,52.664117
2024-10-13 14:30:00,59.297344
2024-10-13 15:00:00,50.068506
2024-10-13 15:30:00,47.967297
2024-10-13 16:00:00,52.828917
2024-10-13 16:30:00,48.132098
2024-10-13 17:00:00,33.609038
2024-10-13 17:30:00,32.929236
2024-10-13 18:00:00,31.260629
2024-10-13 18:30:00,30.168824
2024-10-13 19:00:00,27.624714
2024-10-13 19:30:00,28.562018
2024-10-13 20:00:00,29.004919
2024-10-13 20:30:00,27.645314
2024-10-13 21:00:00,25.698606
2024-10-13 21:30:00,25.029103
2024-10-13 22:00:00,24.895202
2024-10-13 22:30:00,24.936403
2024-10-13 23:00:00,21.403488
2024-10-13 23:30:00,20.785486
2024-10-14 00:00:00,20.754585
2024-10-14 00:30:00,20.919386
2024-10-14 01:00:00,20.836986
2024-10-14 01:30:00,20.754585
2024-10-14 02:00:00,21.032687
2024-10-14 02:30:00,20.733985
2024-10-14 03:00:00,20.713385
2024-10-14 03:30:00,21.053287
2024-10-14 04:00:00,21.588889
2024-10-14 04:30:00,21.96999
2024-10-14 05:00:00,27.480513
2024-10-14 05:30:00,41.138369
2024-10-14 06:00:00,45.721888
2024-10-14 06:30:00,46.607692
2024-10-14 07:00:00,47.730396
2024-10-14 07:30:00,50.490808
2024-10-14 08:00:00,54.353324
2024-10-14 08:30:00,50.593808
2024-10-14 09:00:00,53.34392
2024-10-14 09:30:00,59.050143
2024-10-14 10:00:00,58.26734
2024-10-14 10:30:00,61.645754
2024-10-14 11:00:00,60.389149
2024-10-14 11:30:00,62.799358
2024-10-14 12:00:00,62.377057
2024-10-14 12:30:00,63.345261
2024-10-14 13:00:00,63.458561
2024-10-14 13:30:00,62.037155
2024-10-14 14:00:00,61.831154
2024-10-14 14:30:00,61.820854
2024-10-14 15:00:00,59.111943
2024-10-14 15:30:00,54.456324
2024-10-14 16:00:00,57.783238
2024-10-14 16:30:00,53.735321
2024-10-14 17:00:00,32.517234
2024-10-14 17:30:00,32.094932
2024-10-14 18:00:00,30.251224
2024-10-14 18:30:00,30.395425
2024-10-14 19:00:00,27.233312
2024-10-14 19:30:00,28.191216
2024-10-14 20:00:00,27.604114
2024-10-14 20:30:00,27.017011
2024-10-14 21:00:00,22.773394
2024-10-14 21:30:00,23.823998
2024-10-14 22:00:00,24.2154
2024-10-14 22:30:00,23.267796
2024-10-14 23:00:00,21.053287
2024-10-14 23:30:00,20.445584
2024-10-15 00:00:00,20.115983
2024-10-15 00:30:00,20.054183
2024-10-15 01:00:00,20.188083
2024-10-15 01:30:00,20.177783
2024-10-15 02:00:00,20.311684
2024-10-15 02:30:00,19.930582
2024-10-15 03:00:00,19.879082
2024-10-15 03:30:00,20.105683
2024-10-15 04:00:00,20.002682
2024-10-15 04:30:00,20.291084
2024-10-15 05:00:00,22.340792
2024-10-15 05:30:00,23.432596
2024-10-15 06:00:00,24.689202
2024-10-15 06:30:00,29.18002
2024-10-15 07:00:00,24.2978
2024-10-15 07:30:00,24.3802
2024-10-15 08:00:00,26.594709
2024-10-15 08:30:00,32.414233
2024-10-15 09:00:00,31.69323
2024-10-15 09:30:00,32.239133
2024-10-15 10:00:00,32.465734
2024-10-15 10:30:00,32.362733
2024-10-15 11:00:00,27.078811
2024-10-15 11:30:00,24.864302
2024-10-15 12:00:00,29.427221
2024-10-15 12:30:00,33.639938
2024-10-15 13:00:00,32.259733
2024-10-15 13:30:00,32.115532
2024-10-15 14:00:00,32.136132
2024-10-15 14:30:00,31.868331
2024-10-15 15:00:00,31.48723
2024-10-15 15:30:00,31.64173
2024-10-15 16:00:00,31.49753
2024-10-15 16:30:00,31.466629
2024-10-15 17:00:00,29.19032
2024-10-15 17:30:00,28.345717
2024-10-15 18:00:00,28.592918
2024-10-15 18:30:00,27.974915
2024-10-15 19:00:00,28.057315
2024-10-15 19:30:00,28.005815
2024-10-15 20:00:00,27.799814
2024-10-15 20:30:00,27.398113
2024-10-15 21:00:00,27.274512
2024-10-15 21:30:00,23.741598
2024-10-15 22:00:00,20.754585
2024-10-15 22:30:00,20.703085
2024-10-15 23:00:00,20.641285
2024-10-15 23:30:00,20.445584
2024-10-16 00:00:00,20.723685
2024-10-16 00:30:00,20.342584
2024-10-16 01:00:00,20.558885
2024-10-16 01:30:00,20.136583
2024-10-16 02:00:00,20.435284
2024-10-16 02:30:00,20.682485
2024-10-16 03:00:00,20.589785
2024-10-16 03:30:00,20.713385
2024-10-16 04:00:00,20.497084
2024-10-16 04:30:00,20.321984
2024-10-16 05:00:00,20.394084
2024-10-16 05:30:00,20.744285
2024-10-16 06:00:00,20.589785
2024-10-16 06:30:00,21.238687
2024-10-16 07:00:00,22.217191
2024-10-16 07:30:00,22.443792
2024-10-16 08:00:00,22.392292
2024-10-16 08:30:00,22.804294
2024-10-16 09:00:00,23.020595
2024-10-16 09:30:00,22.948494
2024-10-16 10:00:00,23.319296
2024-10-16 10:30:00,23.896098
2024-10-16 11:00:00,24.3905
2024-10-16 11:30:00,24.040299
2024-10-16 12:00:00,24.4008
2024-10-16 12:30:00,26.079707
2024-10-16 13:00:00,24.689202
2024-10-16 13:30:00,22.361392
2024-10-16 14:00:00,22.660093
2024-10-16 14:30:00,22.557093
2024-10-16 15:00:00,21.81549
2024-10-16 15:30:00,21.733089
2024-10-16 16:00:00,21.125387
2024-10-16 16:30:00,21.660989
2024-10-16 17:00:00,21.372588
2024-10-16 17:30:00,21.547689
2024-10-16 18:00:00,21.279888
2024-10-16 18:30:00,21.434388
2024-10-16 19:00:00,21.176887
2024-10-16 19:30:00,21.063587
2024-10-16 20:00:00,20.754585
2024-10-16 20:30:00,20.764885
2024-10-16 21:00:00,20.981186
2024-10-16 21:30:00,20.764885
2024-10-16 22:00:00,20.775185
2024-10-16 22:30:00,20.754585
2024-10-16 23:00:00,20.527984
2024-10-16 23:30:00,20.270483
2024-10-17 00:00:00,20.198383
2024-10-17 00:30:00,20.280783
2024-10-17 01:00:00,20.064483
2024-10-17 01:30:00,20.291084
2024-10-17 02:00:00,20.476484
2024-10-17 02:30:00,20.775185
2024-10-17 03:00:00,20.579485
2024-10-17 03:30:00,20.836986
2024-10-17 04:00:00,21.166587
2024-10-17 04:30:00,22.103891
2024-10-17 05:00:00,27.923415
2024-10-17 05:30:00,45.515887
2024-10-17 06:00:00,48.224798
2024-10-17 06:30:00,47.380195
2024-10-17 07:00:00,51.675313
2024-10-17 07:30:00,61.223452
2024-10-17 08:00:00,59.657846
2024-10-17 08:30:00,63.19076
2024-10-17 09:00:00,64.045664
2024-10-17 09:30:00,65.59067
2024-10-17 10:00:00,65.796671
2024-10-17 10:30:00,67.485878
2024-10-17 11:00:00,62.912659
2024-10-17 11:30:00,65.055068
2024-10-17 12:00:00,69.535586
2024-10-17 12:30:00,63.819063
2024-10-17 13:00:00,63.551262
2024-10-17 13:30:00,62.500657
2024-10-17 14:00:00,61.583953
2024-10-17 14:30:00,55.723229
2024-10-17 15:00:00,61.048351
2024-10-17 15:30:00,61.141052
2024-10-17 16:00:00,56.454532
2024-10-17 16:30:00,53.972222
2024-10-17 17:00:00,35.493946
2024-10-17 17:30:00,32.702635
2024-10-17 18:00:00,31.137028
2024-10-17 18:30:00,30.343925
2024-10-17 19:00:00,28.428117
2024-10-17 19:30:00,29.375721
2024-10-17 20:00:00,28.737118
2024-10-17 20:30:00,27.614414
2024-10-17 21:00:00,23.195695
2024-10-17 21:30:00,21.79489
2024-10-17 22:00:00,21.187187
2024-10-17 22:30:00,21.094487
2024-10-17 23:00:00,20.816386
2024-10-17 23:30:00,20.785486
2024-10-18 00:00:00,20.672185
2024-10-18 00:30:00,20.507384
2024-10-18 01:00:00,20.888486
2024-10-18 01:30:00,20.826686
2024-10-18 02:00:00,20.806086
2024-10-18 02:30:00,20.527984
2024-10-18 03:00:00,20.919386
2024-10-18 03:30:00,20.806086
2024-10-18 04:00:00,20.888486
2024-10-18 04:30:00,22.773394
2024-10-18 05:00:00,27.676214
2024-10-18 05:30:00,41.25167
2024-10-18 06:00:00,50.315707
2024-10-18 06:30:00,48.430799
2024-10-18 07:00:00,55.136127
2024-10-18 07:30:00,59.245844
2024-10-18 08:00:00,61.944455
2024-10-18 08:30:00,65.425869
2024-10-18 09:00:00,64.859367
2024-10-18 09:30:00,66.373473
2024-10-18 10:00:00,66.641274
2024-10-18 10:30:00,66.929675
2024-10-18 11:00:00,59.245844
2024-10-18 11:30:00,71.914896
2024-10-18 12:00:00,72.9655
2024-10-18 12:30:00,66.970876
2024-10-18 13:00:00,65.67307
2024-10-18 13:30:00,64.704866
2024-10-18 14:00:00,63.829363
2024-10-18 14:30:00,64.313465
2024-10-18 15:00:00,64.457665
2024-10-18 15:30:00,62.974459
2024-10-18 16:00:00,59.832946
2024-10-18 16:30:00,48.5647
2024-10-18 17:00:00,34.340341
2024-10-18 17:30:00,32.733535
2024-10-18 18:00:00,31.56963
2024-10-18 18:30:00,34.669943
2024-10-18 19:00:00,28.479617
2024-10-18 19:30:00,28.119116
2024-10-18 20:00:00,27.635014
2024-10-18 20:30:00,26.944911
2024-10-18 21:00:00,25.080603
2024-10-18 21:30:00,24.751002
2024-10-18 22:00:00,24.545001
2024-10-18 22:30:00,24.019699
2024-10-18 23:00:00,21.80519
2024-10-18 23:30:00,21.022387
2024-10-19 00:00:00,20.836986
2024-10-19 00:30:00,21.012086
2024-10-19 01:00:00,21.084187
2024-10-19 01:30:00,21.053287
2024-10-19 02:00:00,20.826686
2024-10-19 02:30:00,21.248987
2024-10-19 03:00:00,20.816386
2024-10-19 03:30:00,21.001786
2024-10-19 04:00:00,21.094487
2024-10-19 04:30:00,22.896994
2024-10-19 05:00:00,28.500217
2024-10-19 05:30:00,43.012977
2024-10-19 06:00:00,53.920722
2024-10-19 06:30:00,49.625604
2024-10-19 07:00:00,55.77473
2024-10-19 07:30:00,60.63635
2024-10-19 08:00:00,60.306748
2024-10-19 08:30:00,62.696358
2024-10-19 09:00:00,65.127168
2024-10-19 09:30:00,65.62157
2024-10-19 10:00:00,65.50827
2024-10-19 10:30:00,66.002672
2024-10-19 11:00:00,62.459457
2024-10-19 11:30:00,63.849963
2024-10-19 12:00:00,64.241364
2024-10-19 12:30:00,54.353324
2024-10-19 13:00:00,58.586641
2024-10-19 13:30:00,56.433932
2024-10-19 14:00:00,59.132543
2024-10-19 14:30:00,53.065818
2024-10-19 15:00:00,50.326007
2024-10-19 15:30:00,50.92341
2024-10-19 16:00:00,50.861609
2024-10-19 16:30:00,45.072985
2024-10-19 17:00:00,34.494842
2024-10-19 17:30:00,33.876839
2024-10-19 18:00:00,32.486334
2024-10-19 18:30:00,31.353329
2024-10-19 19:00:00,28.232416
2024-10-19 19:30:00,30.261525
2024-10-19 20:00:00,29.355121
2024-10-19 20:30:00,29.478721
2024-10-19 21:00:00,24.833402
2024-10-19 21:30:00,23.247196
2024-10-19 22:00:00,23.051495
2024-10-19 22:30:00,21.89789
2024-10-19 23:00:00,21.95969
2024-10-19 23:30:00,21.290188
2024-10-20 00:00:00,20.991486
2024-10-20 00:30:00,20.600085
2024-10-20 01:00:00,20.651585
2024-10-20 01:30:00,20.497084
2024-10-20 02:00:00,20.672185
2024-10-20 02:30:00,20.424984
2024-10-20 03:00:00,20.363184
2024-10-20 03:30:00,20.600085
2024-10-20 04:00:00,21.516789
2024-10-20 04:30:00,23.205995
2024-10-20 05:00:00,28.623818
2024-10-20 05:30:00,40.757268
2024-10-20 06:00:00,43.909081
2024-10-20 06:30:00,46.06179
2024-10-20 07:00:00,48.5235
2024-10-20 07:30:00,50.068506
2024-10-20 08:00:00,53.51902
2024-10-20 08:30:00,55.506928
2024-10-20 09:00:00,51.963714
2024-10-20 09:30:00,55.671729
2024-10-20 10:00:00,54.240023
2024-10-20 10:30:00,51.314811
2024-10-20 11:00:00,54.909526
2024-10-20 11:30:00,54.476924
2024-10-20 12:00:00,51.706213
2024-10-20 12:30:00,51.386911
2024-10-20 13:00:00,54.940426
2024-10-20 13:30:00,50.408407
2024-10-20 14:00:00,49.924305
2024-10-20 14:30:00,49.388703
2024-10-20 15:00:00,53.56022
2024-10-20 15:30:00,49.048802
2024-10-20 16:00:00,45.381987
2024-10-20 16:30:00,44.248982
2024-10-20 17:00:00,33.444238
2024-10-20 17:30:00,32.527534
2024-10-20 18:00:00,30.972227
2024-10-20 18:30:00,30.240924
2024-10-20 19:00:00,27.871915
2024-10-20 19:30:00,29.715622
2024-10-20 20:00:00,28.737118
2024-10-20 20:30:00,28.180916
2024-10-20 21:00:00,26.491709
2024-10-20 21:30:00,25.657406
2024-10-20 22:00:00,25.585305
2024-10-20 22:30:00,24.812802
2024-10-20 23:00:00,21.619789
2024-10-20 23:30:00,21.063587
2024-10-21 00:00:00,20.960586
2024-10-21 00:30:00,20.517684
2024-10-21 01:00:00,20.960586
2024-10-21 01:30:00,20.589785
2024-10-21 02:00:00,20.579485
2024-10-21 02:30:00,20.620685
2024-10-21 03:00:00,20.641285
2024-10-21 03:30:00,20.806086
2024-10-21 04:00:00,21.084187
2024-10-21 04:30:00,22.515893
2024-10-21 05:00:00,28.222116
2024-10-21 05:30:00,41.35467
2024-10-21 06:00:00,44.897885
2024-10-21 06:30:00,49.491704
2024-10-21 07:00:00,48.760401
2024-10-21 07:30:00,50.717409
2024-10-21 08:00:00,57.577237
2024-10-21 08:30:00,53.199719
2024-10-21 09:00:00,57.196135
2024-10-21 09:30:00,61.316152
2024-10-21 10:00:00,57.783238
2024-10-21 10:30:00,58.184939
2024-10-21 11:00:00,59.709346
2024-10-21 11:30:00,59.935947
2024-10-21 12:00:00,58.936843
2024-10-21 12:30:00,58.596941
2024-10-21 13:00:00,56.052831
2024-10-21 13:30:00,57.463936
2024-10-21 14:00:00,56.650233
2024-10-21 14:30:00,54.579925
2024-10-21 15:00:00,54.301823
2024-10-21 15:30:00,53.240919
2024-10-21 16:00:00,51.386911
2024-10-21 16:30:00,48.049698
2024-10-21 17:00:00,33.114636
2024-10-21 17:30:00,31.53873
2024-10-21 18:00:00,30.045224
2024-10-21 18:30:00,29.705322
2024-10-21 19:00:00,27.583514
2024-10-21 19:30:00,27.078811
2024-10-21 20:00:00,26.491709
2024-10-21 20:30:00,26.955211
2024-10-21 21:00:00,23.690097
2024-10-21 21:30:00,22.186291
2024-10-21 22:00:00,21.79489
2024-10-21 22:30:00,21.733089
2024-10-21 23:00:00,20.960586
2024-10-21 23:30:00,21.001786
2024-10-22 00:00:00,20.476484
2024-10-22 00:30:00,21.156287
2024-10-22 01:00:00,20.775185
2024-10-22 01:30:00,20.466184
2024-10-22 02:00:00,20.538285
2024-10-22 02:30:00,20.455884
2024-10-22 03:00:00,20.507384
2024-10-22 03:30:00,20.342584
2024-10-22 04:00:00,20.630985
2024-10-22 04:30:00,20.146883
2024-10-22 05:00:00,21.351988
2024-10-22 05:30:00,21.444688
2024-10-22 06:00:00,21.98029
2024-10-22 06:30:00,22.381992
2024-10-22 07:00:00,23.803398
2024-10-22 07:30:00,26.223908
2024-10-22 08:00:00,23.082395
2024-10-22 08:30:00,26.72861
2024-10-22 09:00:00,24.915803
2024-10-22 09:30:00,23.360496
2024-10-22 10:00:00,27.068511
2024-10-22 10:30:00,25.317504
2024-10-22 11:00:00,23.916698
2024-10-22 11:30:00,23.236896
2024-10-22 12:00:00,28.201516
2024-10-22 12:30:00,24.2772
2024-10-22 13:00:00,24.1948
2024-10-22 13:30:00,25.338104
2024-10-22 14:00:00,26.944911
2024-10-22 14:30:00,23.463497
2024-10-22 15:00:00,24.2257
2024-10-22 15:30:00,26.75951
2024-10-22 16:00:00,22.186291
2024-10-22 16:30:00,22.670393
2024-10-22 17:00:00,21.362288
2024-10-22 17:30:00,21.094487
2024-10-22 18:00:00,20.939986
2024-10-22 18:30:00,20.527984
2024-10-22 19:00:00,20.620685
2024-10-22 19:30:00,20.321984
2024-10-22 20:00:00,20.394084
2024-10-22 20:30:00,19.951182
2024-10-22 21:00:00,20.177783
2024-10-22 21:30:00,19.755481
2024-10-22 22:00:00,19.992382
2024-10-22 22:30:00,19.734881
2024-10-22 23:00:00,19.868782
2024-10-22 23:30:00,20.115983
2024-10-23 00:00:00,19.961482
2024-10-23 00:30:00,20.229283
2024-10-23 01:00:00,19.693681
2024-10-23 01:30:00,19.992382
2024-10-23 02:00:00,19.940882
2024-10-23 02:30:00,20.002682
2024-10-23 03:00:00,20.023282
2024-10-23 03:30:00,20.167483
2024-10-23 04:00:00,19.920282
2024-10-23 04:30:00,19.806982
2024-10-23 05:00:00,19.899682
2024-10-23 05:30:00,20.085083
2024-10-23 06:00:00,19.930582
2024-10-23 06:30:00,20.301384
2024-10-23 07:00:00,20.455884
2024-10-23 07:30:00,21.176887
2024-10-23 08:00:00,21.125387
2024-10-23 08:30:00,22.021491
2024-10-23 09:00:00,21.79489
2024-10-23 09:30:00,22.165691
2024-10-23 10:00:00,22.114191
2024-10-23 10:30:00,22.639493
2024-10-23 11:00:00,23.041195
2024-10-23 11:30:00,23.628297
2024-10-23 12:00:00,24.957003
2024-10-23 12:30:00,24.040299
2024-10-23 13:00:00,23.226596
2024-10-23 13:30:00,22.927894
2024-10-23 14:00:00,23.123595
2024-10-23 14:30:00,22.979395
2024-10-23 15:00:00,22.670393
2024-10-23 15:30:00,22.598293
2024-10-23 16:00:00,22.145091
2024-10-23 16:30:00,22.361392
2024-10-23 17:00:00,22.000891
2024-10-23 17:30:00,22.454092
2024-10-23 18:00:00,22.062691
2024-10-23 18:30:00,22.237792
2024-10-23 19:00:00,21.547689
2024-10-23 19:30:00,21.300488
2024-10-23 20:00:00,21.001786
2024-10-23 20:30:00,21.269588
2024-10-23 21:00:00,20.816386
2024-10-23 21:30:00,21.042987
2024-10-23 22:00:00,20.723685
2024-10-23 22:30:00,20.630985
2024-10-23 23:00:00,20.023282
2024-10-23 23:30:00,20.115983
2024-10-24 00:00:00,19.724581
2024-10-24 00:30:00,20.064483
2024-10-24 01:00:00,20.012982
2024-10-24 01:30:00,20.270483
2024-10-24 02:00:00,20.517684
2024-10-24 02:30:00,20.929686
2024-10-24 03:00:00,20.095383
2024-10-24 03:30:00,20.610385
2024-10-24 04:00:00,20.507384
2024-10-24 04:30:00,22.072991
2024-10-24 05:00:00,29.602322
2024-10-24 05:30:00,58.947143
2024-10-24 06:00:00,59.462145
2024-10-24 06:30:00,52.180015
2024-10-24 07:00:00,56.547233
2024-10-24 07:30:00,59.328244
2024-10-24 08:00:00,63.29376
2024-10-24 08:30:00,65.456769
2024-10-24 09:00:00,64.704866
2024-10-24 09:30:00,63.12896
2024-10-24 10:00:00,65.971771
2024-10-24 10:30:00,66.311673
2024-10-24 11:00:00,68.268681
2024-10-24 11:30:00,68.392281
2024-10-24 12:00:00,68.464382
2024-10-24 12:30:00,68.04208
2024-10-24 13:00:00,67.825779
2024-10-24 13:30:00,67.084176
2024-10-24 14:00:00,67.279877
2024-10-24 14:30:00,66.424973
2024-10-24 15:00:00,66.517674
2024-10-24 15:30:00,63.685162
2024-10-24 16:00:00,60.337648
2024-10-24 16:30:00,53.282119
2024-10-24 17:00:00,37.935056
2024-10-24 17:30:00,34.391842
2024-10-24 18:00:00,32.991036
2024-10-24 18:30:00,30.961927
2024-10-24 19:00:00,29.602322
2024-10-24 19:30:00,29.695022
2024-10-24 20:00:00,28.747418
2024-10-24 20:30:00,28.613518
2024-10-24 21:00:00,24.514101
2024-10-24 21:30:00,22.618893
2024-10-24 22:00:00,22.412892
2024-10-24 22:30:00,26.316608
2024-10-24 23:00:00,22.999995
2024-10-24 23:30:00,22.649793
2024-10-25 00:00:00,21.78459
2024-10-25 00:30:00,21.578589
2024-10-25 01:00:00,21.660989
2024-10-25 01:30:00,21.125387
2024-10-25 02:00:00,21.454988
2024-10-25 02:30:00,21.187187
2024-10-25 03:00:00,21.743389
2024-10-25 03:30:00,21.238687
2024-10-25 04:00:00,21.279888
2024-10-25 04:30:00,22.577693
2024-10-25 05:00:00,27.408413
2024-10-25 05:30:00,40.468867
2024-10-25 06:00:00,44.846385
2024-10-25 06:30:00,47.102094
2024-10-25 07:00:00,55.517228
2024-10-25 07:30:00,53.045218
2024-10-25 08:00:00,57.700837
2024-10-25 08:30:00,62.624258
2024-10-25 09:00:00,56.845934
2024-10-25 09:30:00,62.428557
2024-10-25 10:00:00,75.097609
2024-10-25 10:30:00,68.320181
2024-10-25 11:00:00,69.545886
2024-10-25 11:30:00,70.58619
2024-10-25 12:00:00,70.730391
2024-10-25 12:30:00,70.823091
2024-10-25 13:00:00,68.361381
2024-10-25 13:30:00,66.898775
2024-10-25 14:00:00,66.136572
2024-10-25 14:30:00,63.757262
2024-10-25 15:00:00,61.686954
2024-10-25 15:30:00,57.082835
2024-10-25 16:00:00,59.915347
2024-10-25 16:30:00,57.721438
2024-10-25 17:00:00,37.718755
2024-10-25 17:30:00,34.525742
2024-10-25 18:00:00,32.651134
2024-10-25 18:30:00,30.601426
2024-10-25 19:00:00,29.880423
2024-10-25 19:30:00,30.086424
2024-10-25 20:00:00,29.540522
2024-10-25 20:30:00,28.922519
2024-10-25 21:00:00,27.439313
2024-10-25 21:30:00,30.694126
2024-10-25 22:00:00,27.562913
2024-10-25 22:30:00,27.532013
2024-10-25 23:00:00,22.639493
2024-10-25 23:30:00,21.506489
2024-10-26 00:00:00,21.743389
2024-10-26 00:30:00,21.434388
2024-10-26 01:00:00,21.547689
2024-10-26 01:30:00,21.176887
2024-10-26 02:00:00,21.82579
2024-10-26 02:30:00,21.671289
2024-10-26 03:00:00,21.506489
2024-10-26 03:30:00,21.259287
2024-10-26 04:00:00,21.77429
2024-10-26 04:30:00,23.082395
2024-10-26 05:00:00,28.067616
2024-10-26 05:30:00,40.798468
2024-10-26 06:00:00,52.499316
2024-10-26 06:30:00,48.5544
2024-10-26 07:00:00,51.283911
2024-10-26 07:30:00,55.96013
2024-10-26 08:00:00,59.606345
2024-10-26 08:30:00,57.196135
2024-10-26 09:00:00,59.853546
2024-10-26 09:30:00,61.408853
2024-10-26 10:00:00,63.345261
2024-10-26 10:30:00,65.281669
2024-10-26 11:00:00,68.206881
2024-10-26 11:30:00,65.961471
2024-10-26 12:00:00,66.785475
2024-10-26 12:30:00,66.692774
2024-10-26 13:00:00,63.314361
2024-10-26 13:30:00,62.984759
2024-10-26 14:00:00,59.101643
2024-10-26 14:30:00,58.720542
2024-10-26 15:00:00,66.682474
2024-10-26 15:30:00,55.424528
2024-10-26 16:00:00,53.694121
2024-10-26 16:30:00,44.537383
2024-10-26 17:00:00,34.268241
2024-10-26 17:30:00,32.733535
2024-10-26 18:00:00,31.66233
2024-10-26 18:30:00,30.755927
2024-10-26 19:00:00,28.232416
2024-10-26 19:30:00,29.07702
2024-10-26 20:00:00,28.325117
2024-10-26 20:30:00,28.026415
2024-10-26 21:00:00,23.370796
2024-10-26 21:30:00,22.186291
2024-10-26 22:00:00,22.464392
2024-10-26 22:30:00,21.413788
2024-10-26 23:00:00,21.372588
2024-10-26 23:30:00,21.053287
2024-10-27 00:00:00,20.847286
2024-10-27 00:30:00,20.836986
2024-10-27 01:00:00,21.073887
2024-10-27 01:30:00,20.929686
2024-10-27 02:00:00,20.981186
2024-10-27 02:30:00,20.764885
2024-10-27 03:00:00,20.764885
2024-10-27 03:30:00,20.836986
2024-10-27 04:00:00,21.218087
2024-10-27 04:30:00,22.330492
2024-10-27 05:00:00,27.542313
2024-10-27 05:30:00,39.387362
2024-10-27 06:00:00,44.053281
2024-10-27 06:30:00,45.855789
2024-10-27 07:00:00,48.142398
2024-10-27 07:30:00,49.100302
2024-10-27 08:00:00,49.471104
2024-10-27 08:30:00,47.987897
2024-10-27 09:00:00,48.822201
2024-10-27 09:30:00,49.090002
2024-10-27 10:00:00,49.234203
2024-10-27 10:30:00,49.213603
2024-10-27 11:00:00,52.324215
2024-10-27 11:30:00,50.109706
2024-10-27 12:00:00,49.986106
2024-10-27 12:30:00,50.346607
2024-10-27 13:00:00,49.965506
2024-10-27 13:30:00,49.254803
2024-10-27 14:00:00,49.368103
2024-10-27 14:30:00,48.410199
2024-10-27 15:00:00,46.690092
2024-10-27 15:30:00,45.392287
2024-10-27 16:00:00,43.095377
2024-10-27 16:30:00,41.952073
2024-10-27 17:00:00,32.980736
2024-10-27 17:30:00,32.620234
2024-10-27 18:00:00,31.47693
2024-10-27 18:30:00,29.870123
2024-10-27 19:00:00,28.098516
2024-10-27 19:30:00,28.356017
2024-10-27 20:00:00,27.655614
2024-10-27 20:30:00,27.562913
2024-10-27 21:00:00,25.739806
2024-10-27 21:30:00,25.101203
2024-10-27 22:00:00,24.668602
2024-10-27 22:30:00,24.163899
2024-10-27 23:00:00,21.156287
2024-10-27 23:30:00,20.641285
2024-10-28 00:00:00,20.208683
2024-10-28 00:30:00,20.239583
2024-10-28 01:00:00,20.280783
2024-10-28 01:30:00,20.229283
2024-10-28 02:00:00,20.260183
2024-10-28 02:30:00,20.301384
2024-10-28 03:00:00,20.198383
2024-10-28 03:30:00,20.373484
2024-10-28 04:00:00,20.888486
2024-10-28 04:30:00,22.021491
2024-10-28 05:00:00,26.70801
2024-10-28 05:30:00,41.33407
2024-10-28 06:00:00,45.608588
2024-10-28 06:30:00,50.841009
2024-10-28 07:00:00,48.6574
2024-10-28 07:30:00,49.244503
2024-10-28 08:00:00,49.182702
2024-10-28 08:30:00,48.5441
2024-10-28 09:00:00,48.884001
2024-10-28 09:30:00,48.6677
2024-10-28 10:00:00,48.111498
2024-10-28 10:30:00,48.327799
2024-10-28 11:00:00,50.614408
2024-10-28 11:30:00,54.343024
2024-10-28 12:00:00,49.182702
2024-10-28 12:30:00,48.7089
2024-10-28 13:00:00,48.430799
2024-10-28 13:30:00,47.658296
2024-10-28 14:00:00,47.483195
2024-10-28 14:30:00,47.163894
2024-10-28 15:00:00,45.320187
2024-10-28 15:30:00,44.650684
2024-10-28 16:00:00,42.920277
2024-10-28 16:30:00,41.622471
2024-10-28 17:00:00,30.457225
2024-10-28 17:30:00,30.395425
2024-10-28 18:00:00,29.870123
2024-10-28 18:30:00,29.705322
2024-10-28 19:00:00,26.65651
2024-10-28 19:30:00,28.253016
2024-10-28 20:00:00,27.223012
2024-10-28 20:30:00,26.862511
2024-10-28 21:00:00,23.566497
2024-10-28 21:30:00,21.588889
2024-10-28 22:00:00,21.516789
2024-10-28 22:30:00,20.723685
2024-10-28 23:00:00,21.279888
2024-10-28 23:30:00,20.795786
2024-10-29 00:00:00,20.301384
2024-10-29 00:30:00,20.157183
2024-10-29 01:00:00,20.301384
2024-10-29 01:30:00,20.517684
2024-10-29 02:00:00,20.435284
2024-10-29 02:30:00,20.188083
2024-10-29 03:00:00,20.394084
2024-10-29 03:30:00,20.260183
2024-10-29 04:00:00,20.352884
2024-10-29 04:30:00,20.167483
2024-10-29 05:00:00,21.547689
2024-10-29 05:30:00,22.248092
2024-10-29 06:00:00,22.474692
2024-10-29 06:30:00,22.793994
2024-10-29 07:00:00,24.3081
2024-10-29 07:30:00,22.649793
2024-10-29 08:00:00,23.401696
2024-10-29 08:30:00,23.267796
2024-10-29 09:00:00,23.072095
2024-10-29 09:30:00,23.082395
2024-10-29 10:00:00,23.628297
2024-10-29 10:30:00,23.422296
2024-10-29 11:00:00,23.319296
2024-10-29 11:30:00,22.742494
2024-10-29 12:00:00,23.041195
2024-10-29 12:30:00,22.721894
2024-10-29 13:00:00,22.639493
2024-10-29 13:30:00,22.989695
2024-10-29 14:00:00,21.77429
2024-10-29 14:30:00,22.546793
2024-10-29 15:00:00,21.90819
2024-10-29 15:30:00,21.671289
2024-10-29 16:00:00,22.351092
2024-10-29 16:30:00,21.115087
2024-10-29 17:00:00,20.630985
2024-10-29 17:30:00,20.569185
2024-10-29 18:00:00,20.589785
2024-10-29 18:30:00,20.363184
2024-10-29 19:00:00,20.342584
2024-10-29 19:30:00,20.507384
2024-10-29 20:00:00,20.188083
2024-10-29 20:30:00,20.424984
2024-10-29 21:00:00,20.126283
2024-10-29 21:30:00,20.280783
2024-10-29 22:00:00,19.992382
2024-10-29 22:30:00,19.806982
2024-10-29 23:00:00,20.445584
2024-10-29 23:30:00,19.961482
2024-10-30 00:00:00,20.002682
2024-10-30 00:30:00,19.590681
2024-10-30 01:00:00,20.023282
2024-10-30 01:30:00,20.198383
2024-10-30 02:00:00,20.126283
2024-10-30 02:30:00,20.157183
2024-10-30 03:00:00,19.765781
2024-10-30 03:30:00,20.291084
2024-10-30 04:00:00,19.961482
2024-10-30 04:30:00,20.074783
2024-10-30 05:00:00,19.590681
2024-10-30 05:30:00,20.002682
2024-10-30 06:00:00,20.218983
2024-10-30 06:30:00,20.126283
2024-10-30 07:00:00,20.321984
2024-10-30 07:30:00,19.899682
2024-10-30 08:00:00,20.847286
2024-10-30 08:30:00,20.517684
2024-10-30 09:00:00,21.259287
2024-10-30 09:30:00,21.403488
2024-10-30 10:00:00,21.609489
2024-10-30 10:30:00,21.81549
2024-10-30 11:00:00,21.86699
2024-10-30 11:30:00,22.124491
2024-10-30 12:00:00,21.98029
2024-10-30 12:30:00,22.042091
2024-10-30 13:00:00,21.743389
2024-10-30 13:30:00,21.86699
2024-10-30 14:00:00,21.87729
2024-10-30 14:30:00,21.619789
2024-10-30 15:00:00,21.77429
2024-10-30 15:30:00,20.909086
2024-10-30 16:00:00,21.475588
2024-10-30 16:30:00,20.878186
2024-10-30 17:00:00,21.207787
2024-10-30 17:30:00,20.816386
2024-10-30 18:00:00,20.939986
2024-10-30 18:30:00,20.682485
2024-10-30 19:00:00,21.259287
2024-10-30 19:30:00,21.424088
2024-10-30 20:00:00,21.022387
2024-10-30 20:30:00,21.197487
2024-10-30 21:00:00,20.826686
2024-10-30 21:30:00,21.496188
2024-10-30 22:00:00,20.764885
2024-10-30 22:30:00,20.703085
2024-10-30 23:00:00,20.126283
2024-10-30 23:30:00,19.673081
2024-10-31 00:00:00,20.177783
2024-10-31 00:30:00,20.002682
2024-10-31 01:00:00,20.414684
2024-10-31 01:30:00,20.229283
2024-10-31 02:00:00,20.115983
2024-10-31 02:30:00,20.414684
2024-10-31 03:00:00,20.486784
2024-10-31 03:30:00,20.785486
2024-10-31 04:00:00,21.156287
2024-10-31 04:30:00,22.155391
2024-10-31 05:00:00,26.79041
2024-10-31 05:30:00,40.231966
2024-10-31 06:00:00,49.821305
2024-10-31 06:30:00,46.422291
2024-10-31 07:00:00,48.914901
2024-10-31 07:30:00,57.690537
2024-10-31 08:00:00,59.771146
2024-10-31 08:30:00,61.841454
2024-10-31 09:00:00,56.835634
2024-10-31 09:30:00,67.609478
2024-10-31 10:00:00,64.344365
2024-10-31 10:30:00,64.375265
2024-10-31 11:00:00,65.52887
2024-10-31 11:30:00,65.436169
2024-10-31 12:00:00,65.776071
2024-10-31 12:30:00,65.64217
2024-10-31 13:00:00,64.776967
2024-10-31 13:30:00,62.253456
2024-10-31 14:00:00,61.563353
2024-10-31 14:30:00,61.151352
2024-10-31 15:00:00,59.832946
2024-10-31 15:30:00,58.875042
2024-10-31 16:00:00,57.577237
2024-10-31 16:30:00,51.881314
2024-10-31 17:00:00,35.905948
2024-10-31 17:30:00,33.104336
2024-10-31 18:00:00,31.50783
2024-10-31 18:30:00,30.137924
2024-10-31 19:00:00,27.006711
2024-10-31 19:30:00,28.634118
2024-10-31 20:00:00,27.047911
2024-10-31 20:30:00,26.605009
2024-10-31 21:00:00,22.526193
2024-10-31 21:30:00,21.609489
2024-10-31 22:00:00,21.135687
2024-10-31 22:30:00,20.816386
2024-10-31 23:00:00,20.867886
2024-10-31 23:30:00,20.321984
2024-11-01 00:00:00,20.672185
2024-11-01 00:30:00,20.311684
2024-11-01 01:00:00,20.682485
2024-11-01 01:30:00,20.291084
2024-11-01 02:00:00,20.074783
2024-11-01 02:30:00,20.291084
2024-11-01 03:00:00,20.167483
2024-11-01 03:30:00,20.620685
2024-11-01 04:00:00,20.311684
2024-11-01 04:30:00,21.87729
2024-11-01 05:00:00,26.182708
2024-11-01 05:30:00,39.037161
2024-11-01 06:00:00,44.135682
2024-11-01 06:30:00,45.340787
2024-11-01 07:00:00,48.368999
2024-11-01 07:30:00,58.26734
2024-11-01 08:00:00,56.588433
2024-11-01 08:30:00,60.83205
2024-11-01 09:00:00,61.295552
2024-11-01 09:30:00,59.276744
2024-11-01 10:00:00,66.569174
2024-11-01 10:30:00,62.737558
2024-11-01 11:00:00,61.439753
2024-11-01 11:30:00,61.862055
2024-11-01 12:00:00,61.594253
2024-11-01 12:30:00,58.555741
2024-11-01 13:00:00,61.975355
2024-11-01 13:30:00,62.510957
2024-11-01 14:00:00,62.294656
2024-11-01 14:30:00,61.223452
2024-11-01 15:00:00,61.079251
2024-11-01 15:30:00,61.017451
2024-11-01 16:00:00,58.051039
2024-11-01 16:30:00,57.247636
2024-11-01 17:00:00,34.319741
2024-11-01 17:30:00,32.795335
2024-11-01 18:00:00,30.776527
2024-11-01 18:30:00,29.911323
2024-11-01 19:00:00,27.449613
2024-11-01 19:30:00,28.829819
2024-11-01 20:00:00,28.129416
2024-11-01 20:30:00,27.480513
2024-11-01 21:00:00,25.884007
2024-11-01 21:30:00,25.111503
2024-11-01 22:00:00,24.854002
2024-11-01 22:30:00,24.442001
2024-11-01 23:00:00,21.382888
2024-11-01 23:30:00,20.435284
2024-11-02 00:00:00,20.476484
2024-11-02 00:30:00,20.363184
2024-11-02 01:00:00,20.198383
2024-11-02 01:30:00,20.012982
2024-11-02 02:00:00,20.126283
2024-11-02 02:30:00,20.703085
2024-11-02 03:00:00,20.188083
2024-11-02 03:30:00,20.311684
2024-11-02 04:00:00,20.517684
2024-11-02 04:30:00,21.609489
2024-11-02 05:00:00,27.212712
2024-11-02 05:30:00,39.490363
2024-11-02 06:00:00,43.991481
2024-11-02 06:30:00,44.609484
2024-11-02 07:00:00,47.256594
2024-11-02 07:30:00,56.124931
2024-11-02 08:00:00,52.509616
2024-11-02 08:30:00,51.273611
2024-11-02 09:00:00,58.699942
2024-11-02 09:30:00,52.767117
2024-11-02 10:00:00,61.099851
2024-11-02 10:30:00,57.515437
2024-11-02 11:00:00,61.759054
2024-11-02 11:30:00,59.647545
2024-11-02 12:00:00,58.24674
2024-11-02 12:30:00,57.340336
2024-11-02 13:00:00,56.948934
2024-11-02 13:30:00,54.054622
2024-11-02 14:00:00,60.420049
2024-11-02 14:30:00,54.796225
2024-11-02 15:00:00,57.525737
2024-11-02 15:30:00,55.89833
2024-11-02 16:00:00,54.672625
2024-11-02 16:30:00,51.809213
2024-11-02 17:00:00,36.214949
2024-11-02 17:30:00,32.270033
2024-11-02 18:00:00,31.075228
2024-11-02 18:30:00,30.179124
2024-11-02 19:00:00,28.572318
2024-11-02 19:30:00,29.344821
2024-11-02 20:00:00,28.634118
2024-11-02 20:30:00,27.779214
2024-11-02 21:00:00,23.741598
2024-11-02 21:30:00,22.423192
2024-11-02 22:00:00,22.011191
2024-11-02 22:30:00,21.527089
2024-11-02 23:00:00,21.290188
2024-11-02 23:30:00,21.310788
2024-11-03 00:00:00,21.187187
2024-11-03 00:30:00,21.053287
2024-11-03 01:00:00,20.888486
2024-11-03 01:30:00,20.857586
2024-11-03 02:00:00,20.445584
2024-11-03 02:30:00,20.630985
2024-11-03 03:00:00,20.414684
2024-11-03 03:30:00,20.806086
2024-11-03 04:00:00,21.259287
2024-11-03 04:30:00,22.484993
2024-11-03 05:00:00,27.398113
2024-11-03 05:30:00,39.191661
2024-11-03 06:00:00,43.76488
2024-11-03 06:30:00,46.370791
2024-11-03 07:00:00,49.574104
2024-11-03 07:30:00,48.904601
2024-11-03 08:00:00,59.585745
2024-11-03 08:30:00,56.928334
2024-11-03 09:00:00,68.505582
2024-11-03 09:30:00,73.171501
2024-11-03 10:00:00,70.39049
2024-11-03 10:30:00,65.003568
2024-11-03 11:00:00,64.910867
2024-11-03 11:30:00,64.117764
2024-11-03 12:00:00,63.788163
2024-11-03 12:30:00,64.117764
2024-11-03 13:00:00,63.046559
2024-11-03 13:30:00,62.068055
2024-11-03 14:00:00,62.160756
2024-11-03 14:30:00,60.71875
2024-11-03 15:00:00,59.977147
2024-11-03 15:30:00,62.953859
2024-11-03 16:00:00,60.080147
2024-11-03 16:30:00,57.731738
2024-11-03 17:00:00,33.691439
2024-11-03 17:30:00,32.671734
2024-11-03 18:00:00,31.343029
2024-11-03 18:30:00,30.591126
2024-11-03 19:00:00,28.489917
2024-11-03 19:30:00,29.06672
2024-11-03 20:00:00,33.042536
2024-11-03 20:30:00,27.470213
2024-11-03 21:00:00,25.286604
2024-11-03 21:30:00,25.266004
2024-11-03 22:00:00,24.771602
2024-11-03 22:30:00,24.4111
2024-11-03 23:00:00,21.82579
2024-11-03 23:30:00,20.424984
2024-11-04 00:00:00,20.764885
2024-11-04 00:30:00,20.486784
2024-11-04 01:00:00,20.692785
2024-11-04 01:30:00,20.188083
2024-11-04 02:00:00,20.589785
2024-11-04 02:30:00,20.363184
2024-11-04 03:00:00,20.352884
2024-11-04 03:30:00,20.249883
2024-11-04 04:00:00,20.548585
2024-11-04 04:30:00,21.91849
2024-11-04 05:00:00,27.058211
2024-11-04 05:30:00,45.711588
2024-11-04 06:00:00,43.445579
2024-11-04 06:30:00,44.897885
2024-11-04 07:00:00,48.214498
2024-11-04 07:30:00,52.983418
2024-11-04 08:00:00,58.638141
2024-11-04 08:30:00,59.400344
2024-11-04 09:00:00,61.398553
2024-11-04 09:30:00,62.562457
2024-11-04 10:00:00,62.912659
2024-11-04 10:30:00,63.22166
2024-11-04 11:00:00,63.829363
2024-11-04 11:30:00,64.385565
2024-11-04 12:00:00,65.477369
2024-11-04 12:30:00,65.734871
2024-11-04 13:00:00,65.57007
2024-11-04 13:30:00,65.765771
2024-11-04 14:00:00,65.57007
2024-11-04 14:30:00,65.64217
2024-11-04 15:00:00,65.63187
2024-11-04 15:30:00,65.54947
2024-11-04 16:00:00,64.292865
2024-11-04 16:30:00,62.737558
2024-11-04 17:00:00,34.10344
2024-11-04 17:30:00,32.125832
2024-11-04 18:00:00,34.08284
2024-11-04 18:30:00,32.795335
2024-11-04 19:00:00,28.489917
2024-11-04 19:30:00,29.035819
2024-11-04 20:00:00,28.057315
2024-11-04 20:30:00,27.768914
2024-11-04 21:00:00,24.153599
2024-11-04 21:30:00,27.367213
2024-11-04 22:00:00,23.205995
2024-11-04 22:30:00,21.87729
2024-11-04 23:00:00,21.86699
2024-11-04 23:30:00,21.331388
2024-11-05 00:00:00,21.032687
2024-11-05 00:30:00,21.393188
2024-11-05 01:00:00,20.713385
2024-11-05 01:30:00,20.847286
2024-11-05 02:00:00,20.466184
2024-11-05 02:30:00,20.579485
2024-11-05 03:00:00,20.342584
2024-11-05 03:30:00,20.466184
2024-11-05 04:00:00,20.136583
2024-11-05 04:30:00,20.404384
2024-11-05 05:00:00,21.259287
2024-11-05 05:30:00,22.381992
2024-11-05 06:00:00,27.604114
2024-11-05 06:30:00,23.741598
2024-11-05 07:00:00,26.852211
2024-11-05 07:30:00,28.232416
2024-11-05 08:00:00,25.358704
2024-11-05 08:30:00,29.035819
2024-11-05 09:00:00,27.037611
2024-11-05 09:30:00,30.910427
2024-11-05 10:00:00,27.130312
2024-11-05 10:30:00,28.603218
2024-11-05 11:00:00,33.320637
2024-11-05 11:30:00,26.193008
2024-11-05 12:00:00,30.240924
2024-11-05 12:30:00,32.270033
2024-11-05 13:00:00,27.871915
2024-11-05 13:30:00,30.117324
2024-11-05 14:00:00,28.901919
2024-11-05 14:30:00,25.997307
2024-11-05 15:00:00,30.395425
2024-11-05 15:30:00,25.039403
2024-11-05 16:00:00,31.270929
2024-11-05 16:30:00,25.842806
2024-11-05 17:00:00,24.2257
2024-11-05 17:30:00,22.979395
2024-11-05 18:00:00,22.103891
2024-11-05 18:30:00,21.84639
2024-11-05 19:00:00,21.88759
2024-11-05 19:30:00,22.320192
2024-11-05 20:00:00,22.062691
2024-11-05 20:30:00,21.640389
2024-11-05 21:00:00,21.341688
2024-11-05 21:30:00,21.465288
2024-11-05 22:00:00,21.403488
2024-11-05 22:30:00,20.888486
2024-11-05 23:00:00,21.115087
2024-11-05 23:30:00,20.795786
2024-11-06 00:00:00,21.042987
2024-11-06 00:30:00,20.630985
2024-11-06 01:00:00,20.486784
2024-11-06 01:30:00,20.363184
2024-11-06 02:00:00,20.775185
2024-11-06 02:30:00,20.466184
2024-11-06 03:00:00,20.713385
2024-11-06 03:30:00,20.867886
2024-11-06 04:00:00,21.073887
2024-11-06 04:30:00,20.218983
2024-11-06 05:00:00,20.188083
2024-11-06 05:30:00,20.497084
2024-11-06 06:00:00,22.268692
2024-11-06 06:30:00,28.314817
2024-11-06 07:00:00,23.339896
2024-11-06 07:30:00,22.608593
2024-11-06 08:00:00,23.164795
2024-11-06 08:30:00,23.051495
2024-11-06 09:00:00,24.143299
2024-11-06 09:30:00,24.720102
2024-11-06 10:00:00,32.620234
2024-11-06 10:30:00,29.458121
2024-11-06 11:00:00,28.098516
2024-11-06 11:30:00,25.266004
2024-11-06 12:00:00,24.987903
2024-11-06 12:30:00,24.472901
2024-11-06 13:00:00,26.419609
2024-11-06 13:30:00,32.300933
2024-11-06 14:00:00,26.944911
2024-11-06 14:30:00,24.534701
2024-11-06 15:00:00,26.429909
2024-11-06 15:30:00,23.236896
2024-11-06 16:00:00,22.206891
2024-11-06 16:30:00,21.89789
2024-11-06 17:00:00,21.76399
2024-11-06 17:30:00,21.207787
2024-11-06 18:00:00,21.588889
2024-11-06 18:30:00,21.506489
2024-11-06 19:00:00,21.413788
2024-11-06 19:30:00,21.053287
2024-11-06 20:00:00,21.382888
2024-11-06 20:30:00,20.970886
2024-11-06 21:00:00,21.176887
2024-11-06 21:30:00,20.981186
2024-11-06 22:00:00,20.909086
2024-11-06 22:30:00,20.898786
2024-11-06 23:00:00,20.177783
2024-11-06 23:30:00,20.064483
2024-11-07 00:00:00,19.827582
2024-11-07 00:30:00,20.115983
2024-11-07 01:00:00,20.002682
2024-11-07 01:30:00,20.476484
2024-11-07 02:00:00,20.229283
2024-11-07 02:30:00,20.600085
2024-11-07 03:00:00,20.229283
2024-11-07 03:30:00,20.527984
2024-11-07 04:00:00,20.280783
2024-11-07 04:30:00,22.381992
2024-11-07 05:00:00,27.089111
2024-11-07 05:30:00,57.422736
2024-11-07 06:00:00,53.920722
2024-11-07 06:30:00,50.91311
2024-11-07 07:00:00,64.323765
2024-11-07 07:30:00,65.68337
2024-11-07 08:00:00,67.650678
2024-11-07 08:30:00,68.855783
2024-11-07 09:00:00,70.39049
2024-11-07 09:30:00,70.915792
2024-11-07 10:00:00,71.667695
2024-11-07 10:30:00,72.120897
2024-11-07 11:00:00,72.646199
2024-11-07 11:30:00,73.387802
2024-11-07 12:00:00,73.748303
2024-11-07 12:30:00,74.263306
2024-11-07 13:00:00,73.346602
2024-11-07 13:30:00,73.501102
2024-11-07 14:00:00,73.964604
2024-11-07 14:30:00,74.325106
2024-11-07 15:00:00,74.768008
2024-11-07 15:30:00,74.180905
2024-11-07 16:00:00,72.677099
2024-11-07 16:30:00,68.505582
2024-11-07 17:00:00,34.989244
2024-11-07 17:30:00,33.639938
2024-11-07 18:00:00,31.51813
2024-11-07 18:30:00,34.257941
2024-11-07 19:00:00,28.747418
2024-11-07 19:30:00,28.438417
2024-11-07 20:00:00,27.655614
2024-11-07 20:30:00,27.253912
2024-11-07 21:00:00,24.2875
2024-11-07 21:30:00,26.78011
2024-11-07 22:00:00,23.968199
2024-11-07 22:30:00,22.145091
2024-11-07 23:00:00,21.125387
2024-11-07 23:30:00,20.909086
2024-11-08 00:00:00,21.012086
2024-11-08 00:30:00,20.589785
2024-11-08 01:00:00,20.775185
2024-11-08 01:30:00,20.538285
2024-11-08 02:00:00,20.517684
2024-11-08 02:30:00,20.218983
2024-11-08 03:00:00,20.703085
2024-11-08 03:30:00,20.878186
2024-11-08 04:00:00,20.785486
2024-11-08 04:30:00,22.186291
2024-11-08 05:00:00,27.439313
2024-11-08 05:30:00,43.81638
2024-11-08 06:00:00,48.4823
2024-11-08 06:30:00,46.720992
2024-11-08 07:00:00,55.270027
2024-11-08 07:30:00,59.472445
2024-11-08 08:00:00,63.19076
2024-11-08 08:30:00,64.004463
2024-11-08 09:00:00,58.617541
2024-11-08 09:30:00,72.9552
2024-11-08 10:00:00,67.135676
2024-11-08 10:30:00,68.670383
2024-11-08 11:00:00,69.144185
2024-11-08 11:30:00,69.504686
2024-11-08 12:00:00,70.49349
2024-11-08 12:30:00,70.843692
2024-11-08 13:00:00,71.276293
2024-11-08 13:30:00,71.049692
2024-11-08 14:00:00,72.151797
2024-11-08 14:30:00,72.759499
2024-11-08 15:00:00,72.460798
2024-11-08 15:30:00,73.552603
2024-11-08 16:00:00,72.326898
2024-11-08 16:30:00,70.915792
2024-11-08 17:00:00,36.081048
2024-11-08 17:30:00,34.299141
2024-11-08 18:00:00,35.370346
2024-11-08 18:30:00,34.13434
2024-11-08 19:00:00,29.21092
2024-11-08 19:30:00,29.870123
2024-11-08 20:00:00,28.191216
2024-11-08 20:30:00,27.768914
2024-11-08 21:00:00,29.303621
2024-11-08 21:30:00,28.695918
2024-11-08 22:00:00,25.678006
2024-11-08 22:30:00,25.492605
2024-11-08 23:00:00,22.454092
2024-11-08 23:30:00,21.640389
2024-11-09 00:00:00,21.475588
2024-11-09 00:30:00,20.785486
2024-11-09 01:00:00,21.135687
2024-11-09 01:30:00,20.610385
2024-11-09 02:00:00,21.382888
2024-11-09 02:30:00,20.703085
2024-11-09 03:00:00,20.733985
2024-11-09 03:30:00,20.723685
2024-11-09 04:00:00,21.650689
2024-11-09 04:30:00,22.134791
2024-11-09 05:00:00,27.078811
2024-11-09 05:30:00,53.642621
2024-11-09 06:00:00,57.196135
2024-11-09 06:30:00,56.413332
2024-11-09 07:00:00,63.798463
2024-11-09 07:30:00,74.438406
2024-11-09 08:00:00,70.689191
2024-11-09 08:30:00,71.863396
2024-11-09 09:00:00,72.440198
2024-11-09 09:30:00,73.047901
2024-11-09 10:00:00,73.511403
2024-11-09 10:30:00,74.129405
2024-11-09 11:00:00,74.654707
2024-11-09 11:30:00,74.912208
2024-11-09 12:00:00,76.220314
2024-11-09 12:30:00,76.601415
2024-11-09 13:00:00,77.476919
2024-11-09 13:30:00,77.80652
2024-11-09 14:00:00,78.712924
2024-11-09 14:30:00,79.279426
2024-11-09 15:00:00,78.002221
2024-11-09 15:30:00,77.80652
2024-11-09 16:00:00,76.230614
2024-11-09 16:30:00,73.573203
2024-11-09 17:00:00,36.214949
2024-11-09 17:30:00,35.741147
2024-11-09 18:00:00,38.120457
2024-11-09 18:30:00,33.794439
2024-11-09 19:00:00,31.116428
2024-11-09 19:30:00,30.529326
2024-11-09 20:00:00,30.034924
2024-11-09 20:30:00,31.796231
2024-11-09 21:00:00,25.111503
2024-11-09 21:30:00,23.926998
2024-11-09 22:00:00,23.278096
2024-11-09 22:30:00,26.71831
2024-11-09 23:00:00,22.989695
2024-11-09 23:30:00,22.165691
2024-11-10 00:00:00,21.75369
2024-11-10 00:30:00,21.722789
2024-11-10 01:00:00,21.86699
2024-11-10 01:30:00,21.444688
2024-11-10 02:00:00,22.134791
2024-11-10 02:30:00,21.485888
2024-11-10 03:00:00,21.91849
2024-11-10 03:30:00,21.207787
2024-11-10 04:00:00,22.021491
2024-11-10 04:30:00,23.339896
2024-11-10 05:00:00,32.465734
2024-11-10 05:30:00,71.832496
2024-11-10 06:00:00,77.322418
2024-11-10 06:30:00,71.193893
2024-11-10 07:00:00,76.117313
2024-11-10 07:30:00,79.135226
2024-11-10 08:00:00,81.566036
2024-11-10 08:30:00,82.287039
2024-11-10 09:00:00,82.451839
2024-11-10 09:30:00,82.420939
2024-11-10 10:00:00,83.420043
2024-11-10 10:30:00,82.915341
2024-11-10 11:00:00,83.080142
2024-11-10 11:30:00,82.441539
2024-11-10 12:00:00,82.039838
2024-11-10 12:30:00,81.226134
2024-11-10 13:00:00,81.236434
2024-11-10 13:30:00,79.856229
2024-11-10 14:00:00,81.071634
2024-11-10 14:30:00,82.63724
2024-11-10 15:00:00,82.64754
2024-11-10 15:30:00,81.772037
2024-11-10 16:00:00,81.370335
2024-11-10 16:30:00,79.454527
2024-11-10 17:00:00,37.687855
2024-11-10 17:30:00,40.510067
2024-11-10 18:00:00,37.131653
2024-11-10 18:30:00,33.227937
2024-11-10 19:00:00,31.219428
2024-11-10 19:30:00,31.47693
2024-11-10 20:00:00,33.722339
2024-11-10 20:30:00,31.095828
2024-11-10 21:00:00,28.623818
2024-11-10 21:30:00,27.758614
2024-11-10 22:00:00,28.747418
2024-11-10 22:30:00,30.519026
2024-11-10 23:00:00,23.679797
2024-11-10 23:30:00,22.783694
2024-11-11 00:00:00,22.340792
2024-11-11 00:30:00,21.99059
2024-11-11 01:00:00,22.515893
2024-11-11 01:30:00,22.134791
2024-11-11 02:00:00,22.289292
2024-11-11 02:30:00,21.94939
2024-11-11 03:00:00,21.90819
2024-11-11 03:30:00,21.85669
2024-11-11 04:00:00,22.083291
2024-11-11 04:30:00,23.308996
2024-11-11 05:00:00,28.963719
2024-11-11 05:30:00,74.026405
2024-11-11 06:00:00,79.784128
2024-11-11 06:30:00,70.699491
2024-11-11 07:00:00,73.429002
2024-11-11 07:30:00,75.880412
2024-11-11 08:00:00,76.920717
2024-11-11 08:30:00,77.528419
2024-11-11 09:00:00,77.971321
2024-11-11 09:30:00,78.609923
2024-11-11 10:00:00,78.991025
2024-11-11 10:30:00,79.845929
2024-11-11 11:00:00,79.825328
2024-11-11 11:30:00,80.711132
2024-11-11 12:00:00,82.61664
2024-11-11 12:30:00,83.183142
2024-11-11 13:00:00,83.770245
2024-11-11 13:30:00,83.183142
2024-11-11 14:00:00,82.69904
2024-11-11 14:30:00,87.210459
2024-11-11 15:00:00,87.735761
2024-11-11 15:30:00,85.480052
2024-11-11 16:00:00,83.337643
2024-11-11 16:30:00,80.927433
2024-11-11 17:00:00,37.492154
2024-11-11 17:30:00,38.583959
2024-11-11 18:00:00,37.409754
2024-11-11 18:30:00,33.464838
2024-11-11 19:00:00,31.415129
2024-11-11 19:30:00,32.033132
2024-11-11 20:00:00,34.556642
2024-11-11 20:30:00,30.755927
2024-11-11 21:00:00,27.068511
2024-11-11 21:30:00,25.719206
2024-11-11 22:00:00,24.606801
2024-11-11 22:30:00,23.236896
2024-11-11 23:00:00,22.721894
2024-11-11 23:30:00,22.454092
2024-11-12 00:00:00,22.381992
2024-11-12 00:30:00,22.258392
2024-11-12 01:00:00,22.412892
2024-11-12 01:30:00,22.330492
2024-11-12 02:00:00,22.289292
2024-11-12 02:30:00,24.081499
2024-11-12 03:00:00,25.585305
2024-11-12 03:30:00,22.505593
2024-11-12 04:00:00,23.484097
2024-11-12 04:30:00,21.75369
2024-11-12 05:00:00,23.298696
2024-11-12 05:30:00,23.422296
2024-11-12 06:00:00,28.974019
2024-11-12 06:30:00,28.685618
2024-11-12 07:00:00,29.06672
2024-11-12 07:30:00,30.642626
2024-11-12 08:00:00,30.797127
2024-11-12 08:30:00,31.858031
2024-11-12 09:00:00,32.960136
2024-11-12 09:30:00,34.412442
2024-11-12 10:00:00,34.11374
2024-11-12 10:30:00,34.587542
2024-11-12 11:00:00,33.042536
2024-11-12 11:30:00,33.856239
2024-11-12 12:00:00,32.960136
2024-11-12 12:30:00,32.867435
2024-11-12 13:00:00,32.712935
2024-11-12 13:30:00,32.743835
2024-11-12 14:00:00,31.219428
2024-11-12 14:30:00,30.405725
2024-11-12 15:00:00,30.086424
2024-11-12 15:30:00,29.993723
2024-11-12 16:00:00,29.808323
2024-11-12 16:30:00,28.943119
2024-11-12 17:00:00,26.419609
2024-11-12 17:30:00,25.049703
2024-11-12 18:00:00,24.555301
2024-11-12 18:30:00,22.896994
2024-11-12 19:00:00,23.113295
2024-11-12 19:30:00,22.783694
2024-11-12 20:00:00,22.721894
2024-11-12 20:30:00,22.701293
2024-11-12 21:00:00,22.371692
2024-11-12 21:30:00,22.567393
2024-11-12 22:00:00,22.546793
2024-11-12 22:30:00,22.083291
2024-11-12 23:00:00,22.649793
2024-11-12 23:30:00,22.464392
2024-11-13 00:00:00,22.495293
2024-11-13 00:30:00,22.443792
2024-11-13 01:00:00,22.351092
2024-11-13 01:30:00,21.91849
2024-11-13 02:00:00,24.462601
2024-11-13 02:30:00,24.946703
2024-11-13 03:00:00,22.742494
2024-11-13 03:30:00,21.506489
2024-11-13 04:00:00,21.77429
2024-11-13 04:30:00,21.372588
2024-11-13 05:00:00,21.413788
2024-11-13 05:30:00,21.80519
2024-11-13 06:00:00,23.628297
2024-11-13 06:30:00,27.944015
2024-11-13 07:00:00,24.884902
2024-11-13 07:30:00,24.102099
2024-11-13 08:00:00,32.403933
2024-11-13 08:30:00,30.014324
2024-11-13 09:00:00,28.016115
2024-11-13 09:30:00,31.930131
2024-11-13 10:00:00,30.725026
2024-11-13 10:30:00,26.965511
2024-11-13 11:00:00,26.296008
2024-11-13 11:30:00,27.305412
2024-11-13 12:00:00,30.251224
2024-11-13 12:30:00,26.419609
2024-11-13 13:00:00,25.595605
2024-11-13 13:30:00,35.586646
2024-11-13 14:00:00,30.508726
2024-11-13 14:30:00,25.575005
2024-11-13 15:00:00,24.524401
2024-11-13 15:30:00,31.229729
2024-11-13 16:00:00,28.026415
2024-11-13 16:30:00,26.522609
2024-11-13 17:00:00,24.050599
2024-11-13 17:30:00,23.247196
2024-11-13 18:00:00,23.061795
2024-11-13 18:30:00,22.948494
2024-11-13 19:00:00,23.030895
2024-11-13 19:30:00,22.639493
2024-11-13 20:00:00,22.320192
2024-11-13 20:30:00,22.392292
2024-11-13 21:00:00,22.124491
2024-11-13 21:30:00,22.361392
2024-11-13 22:00:00,21.722789
2024-11-13 22:30:00,21.87729
2024-11-13 23:00:00,21.012086
2024-11-13 23:30:00,21.022387
2024-11-14 00:00:00,20.867886
2024-11-14 00:30:00,21.022387
2024-11-14 01:00:00,20.703085
2024-11-14 01:30:00,21.279888
2024-11-14 02:00:00,20.795786
2024-11-14 02:30:00,21.527089
2024-11-14 03:00:00,21.547689
2024-11-14 03:30:00,21.372588
2024-11-14 04:00:00,21.331388
2024-11-14 04:30:00,22.536493
2024-11-14 05:00:00,28.108816
2024-11-14 05:30:00,63.036259
2024-11-14 06:00:00,76.261514
2024-11-14 06:30:00,90.372572
2024-11-14 07:00:00,89.177767
2024-11-14 07:30:00,91.804278
2024-11-14 08:00:00,91.134775
2024-11-14 08:30:00,90.516772
2024-11-14 09:00:00,89.455868
2024-11-14 09:30:00,89.054166
2024-11-14 10:00:00,90.135671
2024-11-14 10:30:00,92.144179
2024-11-14 11:00:00,92.38108
2024-11-14 11:30:00,88.302263
2024-11-14 12:00:00,86.973558
2024-11-14 12:30:00,85.953854
2024-11-14 13:00:00,85.191651
2024-11-14 13:30:00,84.202847
2024-11-14 14:00:00,84.017446
2024-11-14 14:30:00,83.605444
2024-11-14 15:00:00,81.133434
2024-11-14 15:30:00,80.29913
2024-11-14 16:00:00,75.159409
2024-11-14 16:30:00,70.39049
2024-11-14 17:00:00,36.204649
2024-11-14 17:30:00,35.782347
2024-11-14 18:00:00,33.887139
2024-11-14 18:30:00,32.393633
2024-11-14 19:00:00,34.484542
2024-11-14 19:30:00,32.960136
2024-11-14 20:00:00,30.982528
2024-11-14 20:30:00,29.035819
2024-11-14 21:00:00,26.120907
2024-11-14 21:30:00,28.345717
2024-11-14 22:00:00,24.545001
2024-11-14 22:30:00,23.968199
2024-11-14 23:00:00,22.505593
2024-11-14 23:30:00,22.732194
2024-11-15 00:00:00,22.072991
2024-11-15 00:30:00,22.155391
2024-11-15 01:00:00,21.95969
2024-11-15 01:30:00,22.042091
2024-11-15 02:00:00,21.547689
2024-11-15 02:30:00,21.95969
2024-11-15 03:00:00,21.681589
2024-11-15 03:30:00,21.393188
2024-11-15 04:00:00,21.248987
2024-11-15 04:30:00,23.267796
2024-11-15 05:00:00,27.954315
2024-11-15 05:30:00,41.004469
2024-11-15 06:00:00,65.67307
2024-11-15 06:30:00,69.514986
2024-11-15 07:00:00,69.813687
2024-11-15 07:30:00,72.141497
2024-11-15 08:00:00,72.9861
2024-11-15 08:30:00,72.017896
2024-11-15 09:00:00,73.202401
2024-11-15 09:30:00,75.489011
2024-11-15 10:00:00,77.301818
2024-11-15 10:30:00,78.270022
2024-11-15 11:00:00,76.900116
2024-11-15 11:30:00,78.455423
2024-11-15 12:00:00,77.621119
2024-11-15 12:30:00,75.787712
2024-11-15 13:00:00,72.059097
2024-11-15 13:30:00,70.678891
2024-11-15 14:00:00,70.56559
2024-11-15 14:30:00,66.321973
2024-11-15 15:00:00,63.407061
2024-11-15 15:30:00,63.396761
2024-11-15 16:00:00,58.813242
2024-11-15 16:30:00,59.153143
2024-11-15 17:00:00,39.315262
2024-11-15 17:30:00,34.597842
2024-11-15 18:00:00,31.55933
2024-11-15 18:30:00,31.260629
2024-11-15 19:00:00,29.736222
2024-11-15 19:30:00,29.973123
2024-11-15 20:00:00,28.170616
2024-11-15 20:30:00,28.479617
2024-11-15 21:00:00,27.295112
2024-11-15 21:30:00,26.883111
2024-11-15 22:00:00,26.460809
2024-11-15 22:30:00,26.429909
2024-11-15 23:00:00,22.557093
2024-11-15 23:30:00,21.89789
2024-11-16 00:00:00,21.87729
2024-11-16 00:30:00,21.619789
2024-11-16 01:00:00,22.175991
2024-11-16 01:30:00,21.88759
2024-11-16 02:00:00,22.248092
2024-11-16 02:30:00,22.206891
2024-11-16 03:00:00,21.91849
2024-11-16 03:30:00,21.650689
2024-11-16 04:00:00,21.681589
2024-11-16 04:30:00,23.082395
2024-11-16 05:00:00,28.438417
2024-11-16 05:30:00,31.023728
2024-11-16 06:00:00,34.680243
2024-11-16 06:30:00,39.541863
2024-11-16 07:00:00,58.566041
2024-11-16 07:30:00,62.068055
2024-11-16 08:00:00,54.610825
2024-11-16 08:30:00,51.963714
2024-11-16 09:00:00,57.227036
2024-11-16 09:30:00,53.065818
2024-11-16 10:00:00,54.827126
2024-11-16 10:30:00,58.452741
2024-11-16 11:00:00,54.291523
2024-11-16 11:30:00,55.270027
2024-11-16 12:00:00,55.723229
2024-11-16 12:30:00,54.106123
2024-11-16 13:00:00,55.074327
2024-11-16 13:30:00,56.372132
2024-11-16 14:00:00,59.328244
2024-11-16 14:30:00,56.969534
2024-11-16 15:00:00,57.113735
2024-11-16 15:30:00,56.341232
2024-11-16 16:00:00,55.002226
2024-11-16 16:30:00,52.581716
2024-11-16 17:00:00,37.018352
2024-11-16 17:30:00,33.310337
2024-11-16 18:00:00,31.116428
2024-11-16 18:30:00,30.395425
2024-11-16 19:00:00,28.356017
2024-11-16 19:30:00,29.365421
2024-11-16 20:00:00,28.304516
2024-11-16 20:30:00,27.243612
2024-11-16 21:00:00,24.122699
2024-11-16 21:30:00,22.577693
2024-11-16 22:00:00,21.96999
2024-11-16 22:30:00,22.340792
2024-11-16 23:00:00,21.351988
2024-11-16 23:30:00,21.145987
2024-11-17 00:00:00,20.826686
2024-11-17 00:30:00,20.723685
2024-11-17 01:00:00,20.692785
2024-11-17 01:30:00,20.847286
2024-11-17 02:00:00,20.641285
2024-11-17 02:30:00,20.661885
2024-11-17 03:00:00,20.744285
2024-11-17 03:30:00,20.867886
2024-11-17 04:00:00,21.001786
2024-11-17 04:30:00,22.268692
2024-11-17 05:00:00,27.047911
2024-11-17 05:30:00,29.767122
2024-11-17 06:00:00,34.216741
2024-11-17 06:30:00,51.386911
2024-11-17 07:00:00,57.669937
2024-11-17 07:30:00,56.475132
2024-11-17 08:00:00,58.463041
2024-11-17 08:30:00,59.070743
2024-11-17 09:00:00,59.894746
2024-11-17 09:30:00,62.191656
2024-11-17 10:00:00,56.032231
2024-11-17 10:30:00,62.644858
2024-11-17 11:00:00,61.820854
2024-11-17 11:30:00,58.885342
2024-11-17 12:00:00,59.472445
2024-11-17 12:30:00,60.306748
2024-11-17 13:00:00,59.750546
2024-11-17 13:30:00,59.740246
2024-11-17 14:00:00,59.153143
2024-11-17 14:30:00,60.203748
2024-11-17 15:00:00,59.441545
2024-11-17 15:30:00,58.38064
2024-11-17 16:00:00,57.247636
2024-11-17 16:30:00,54.610825
2024-11-17 17:00:00,36.142849
2024-11-17 17:30:00,32.630534
2024-11-17 18:00:00,31.260629
2024-11-17 18:30:00,30.107024
2024-11-17 19:00:00,29.489021
2024-11-17 19:30:00,29.427221
2024-11-17 20:00:00,28.314817
2024-11-17 20:30:00,27.212712
2024-11-17 21:00:00,25.925207
2024-11-17 21:30:00,25.121803
2024-11-17 22:00:00,24.565601
2024-11-17 22:30:00,24.1845
2024-11-17 23:00:00,21.90819
2024-11-17 23:30:00,20.878186
2024-11-18 00:00:00,20.703085
2024-11-18 00:30:00,20.548585
2024-11-18 01:00:00,21.176887
2024-11-18 01:30:00,20.610385
2024-11-18 02:00:00,20.867886
2024-11-18 02:30:00,20.630985
2024-11-18 03:00:00,20.795786
2024-11-18 03:30:00,21.063587
2024-11-18 04:00:00,21.496188
2024-11-18 04:30:00,22.114191
2024-11-18 05:00:00,26.75951
2024-11-18 05:30:00,29.437521
2024-11-18 06:00:00,33.464838
2024-11-18 06:30:00,48.255699
2024-11-18 07:00:00,51.489912
2024-11-18 07:30:00,48.842801
2024-11-18 08:00:00,54.167923
2024-11-18 08:30:00,56.063131
2024-11-18 09:00:00,60.378848
2024-11-18 09:30:00,62.634558
2024-11-18 10:00:00,62.789058
2024-11-18 10:30:00,67.733079
2024-11-18 11:00:00,64.993267
2024-11-18 11:30:00,65.219868
2024-11-18 12:00:00,65.467069
2024-11-18 12:30:00,64.334065
2024-11-18 13:00:00,65.55977
2024-11-18 13:30:00,65.70397
2024-11-18 14:00:00,64.210464
2024-11-18 14:30:00,63.334961
2024-11-18 15:00:00,63.07746
2024-11-18 15:30:00,62.469757
2024-11-18 16:00:00,61.419153
2024-11-18 16:30:00,58.792642
2024-11-18 17:00:00,33.032236
2024-11-18 17:30:00,32.270033
2024-11-18 18:00:00,30.632326
2024-11-18 18:30:00,29.664122
2024-11-18 19:00:00,30.560226
2024-11-18 19:30:00,31.919831
2024-11-18 20:00:00,28.922519
2024-11-18 20:30:00,29.14912
2024-11-18 21:00:00,24.071199
2024-11-18 21:30:00,22.443792
2024-11-18 22:00:00,21.712489
2024-11-18 22:30:00,21.547689
2024-11-18 23:00:00,21.547689
2024-11-18 23:30:00,21.403488
2024-11-19 00:00:00,21.393188
2024-11-19 00:30:00,21.125387
2024-11-19 01:00:00,21.032687
2024-11-19 01:30:00,25.080603
2024-11-19 02:00:00,21.444688
2024-11-19 02:30:00,22.165691
2024-11-19 03:00:00,20.950286
2024-11-19 03:30:00,20.806086
2024-11-19 04:00:00,21.094487
2024-11-19 04:30:00,21.176887
2024-11-19 05:00:00,21.89789
2024-11-19 05:30:00,26.460809
2024-11-19 06:00:00,35.638147
2024-11-19 06:30:00,34.144641
2024-11-19 07:00:00,30.529326
2024-11-19 07:30:00,34.288841
2024-11-19 08:00:00,35.710247
2024-11-19 08:30:00,34.505142
2024-11-19 09:00:00,34.865643
2024-11-19 09:30:00,33.897439
2024-11-19 10:00:00,34.834743
2024-11-19 10:30:00,36.812351
2024-11-19 11:00:00,37.214053
2024-11-19 11:30:00,34.927444
2024-11-19 12:00:00,27.326012
2024-11-19 12:30:00,24.534701
2024-11-19 13:00:00,24.2669
2024-11-19 13:30:00,23.659197
2024-11-19 14:00:00,23.576797
2024-11-19 14:30:00,25.523505
2024-11-19 15:00:00,26.326908
2024-11-19 15:30:00,23.278096
2024-11-19 16:00:00,24.143299
2024-11-19 16:30:00,22.412892
2024-11-19 17:00:00,22.042091
2024-11-19 17:30:00,21.84639
2024-11-19 18:00:00,21.90819
2024-11-19 18:30:00,22.114191
2024-11-19 19:00:00,21.83609
2024-11-19 19:30:00,22.196591
2024-11-19 20:00:00,27.511413
2024-11-19 20:30:00,23.690097
2024-11-19 21:00:00,22.639493
2024-11-19 21:30:00,21.331388
2024-11-19 22:00:00,21.207787
2024-11-19 22:30:00,20.816386
2024-11-19 23:00:00,20.929686
2024-11-19 23:30:00,21.001786
2024-11-20 00:00:00,20.764885
2024-11-20 00:30:00,21.012086
2024-11-20 01:00:00,20.836986
2024-11-20 01:30:00,21.290188
2024-11-20 02:00:00,20.960586
2024-11-20 02:30:00,21.073887
2024-11-20 03:00:00,21.125387
2024-11-20 03:30:00,21.207787
2024-11-20 04:00:00,20.888486
2024-11-20 04:30:00,21.073887
2024-11-20 05:00:00,20.970886
2024-11-20 05:30:00,20.970886
2024-11-20 06:00:00,22.999995
2024-11-20 06:30:00,24.792202
2024-11-20 07:00:00,22.258392
2024-11-20 07:30:00,23.556197
2024-11-20 08:00:00,22.371692
2024-11-20 08:30:00,22.969095
2024-11-20 09:00:00,23.247196
2024-11-20 09:30:00,23.267796
2024-11-20 10:00:00,27.398113
2024-11-20 10:30:00,23.710698
2024-11-20 11:00:00,24.339
2024-11-20 11:30:00,24.637701
2024-11-20 12:00:00,24.102099
2024-11-20 12:30:00,25.575005
2024-11-20 13:00:00,27.150912
2024-11-20 13:30:00,24.545001
2024-11-20 14:00:00,27.439313
2024-11-20 14:30:00,25.616205
2024-11-20 15:00:00,24.884902
2024-11-20 15:30:00,22.948494
2024-11-20 16:00:00,22.175991
2024-11-20 16:30:00,21.99059
2024-11-20 17:00:00,21.91849
2024-11-20 17:30:00,22.155391
2024-11-20 18:00:00,22.361392
2024-11-20 18:30:00,22.072991
2024-11-20 19:00:00,22.165691
2024-11-20 19:30:00,21.557989
2024-11-20 20:00:00,21.90819
2024-11-20 20:30:00,21.290188
2024-11-20 21:00:00,21.78459
2024-11-20 21:30:00,26.048807
2024-11-20 22:00:00,22.340792
2024-11-20 22:30:00,22.969095
2024-11-20 23:00:00,21.362288
2024-11-20 23:30:00,21.176887
2024-11-21 00:00:00,20.939986
2024-11-21 00:30:00,21.001786
2024-11-21 01:00:00,20.909086
2024-11-21 01:30:00,21.331388
2024-11-21 02:00:00,21.341688
2024-11-21 02:30:00,21.485888
2024-11-21 03:00:00,20.960586
2024-11-21 03:30:00,21.485888
2024-11-21 04:00:00,21.712489
2024-11-21 04:30:00,22.711593
2024-11-21 05:00:00,28.150016
2024-11-21 05:30:00,39.098961
2024-11-21 06:00:00,55.094927
2024-11-21 06:30:00,62.912659
2024-11-21 07:00:00,76.869216
2024-11-21 07:30:00,74.108805
2024-11-21 08:00:00,76.127613
2024-11-21 08:30:00,74.953408
2024-11-21 09:00:00,74.860708
2024-11-21 09:30:00,74.180905
2024-11-21 10:00:00,74.273606
2024-11-21 10:30:00,73.284802
2024-11-21 11:00:00,74.726808
2024-11-21 11:30:00,73.944004
2024-11-21 12:00:00,74.191205
2024-11-21 12:30:00,73.521703
2024-11-21 13:00:00,72.306298
2024-11-21 13:30:00,71.883996
2024-11-21 14:00:00,72.162097
2024-11-21 14:30:00,72.069397
2024-11-21 15:00:00,70.977592
2024-11-21 15:30:00,70.627391
2024-11-21 16:00:00,69.669487
2024-11-21 16:30:00,67.650678
2024-11-21 17:00:00,37.780555
2024-11-21 17:30:00,34.422742
2024-11-21 18:00:00,33.258837
2024-11-21 18:30:00,34.453642
2024-11-21 19:00:00,34.247641
2024-11-21 19:30:00,31.260629
2024-11-21 20:00:00,30.735326
2024-11-21 20:30:00,28.541417
2024-11-21 21:00:00,24.967303
2024-11-21 21:30:00,23.700398
2024-11-21 22:00:00,23.587097
2024-11-21 22:30:00,23.350196
2024-11-21 23:00:00,22.927894
2024-11-21 23:30:00,23.010295
2024-11-22 00:00:00,23.937299
2024-11-22 00:30:00,26.162108
2024-11-22 01:00:00,23.257496
2024-11-22 01:30:00,23.813698
2024-11-22 02:00:00,22.732194
2024-11-22 02:30:00,22.773394
2024-11-22 03:00:00,22.866094
2024-11-22 03:30:00,22.835194
2024-11-22 04:00:00,22.855794
2024-11-22 04:30:00,24.071199
2024-11-22 05:00:00,29.04612
2024-11-22 05:30:00,32.084632
2024-11-22 06:00:00,49.502004
2024-11-22 06:30:00,64.210464
2024-11-22 07:00:00,66.455873
2024-11-22 07:30:00,69.175085
2024-11-22 08:00:00,70.771591
2024-11-22 08:30:00,70.781891
2024-11-22 09:00:00,72.512298
2024-11-22 09:30:00,72.007596
2024-11-22 10:00:00,72.914
2024-11-22 10:30:00,72.9655
2024-11-22 11:00:00,73.738003
2024-11-22 11:30:00,75.149109
2024-11-22 12:00:00,75.118209
2024-11-22 12:30:00,75.695012
2024-11-22 13:00:00,75.818612
2024-11-22 13:30:00,75.32421
2024-11-22 14:00:00,75.31391
2024-11-22 14:30:00,76.488115
2024-11-22 15:00:00,76.395414
2024-11-22 15:30:00,74.953408
2024-11-22 16:00:00,74.098505
2024-11-22 16:30:00,71.399894
2024-11-22 17:00:00,39.006261
2024-11-22 17:30:00,40.829368
2024-11-22 18:00:00,38.068957
2024-11-22 18:30:00,34.711143
2024-11-22 19:00:00,32.486334
2024-11-22 19:30:00,33.526638
2024-11-22 20:00:00,30.086424
2024-11-22 20:30:00,28.974019
2024-11-22 21:00:00,27.490813
2024-11-22 21:30:00,31.47693
2024-11-22 22:00:00,28.057315
2024-11-22 22:30:00,27.047911
2024-11-22 23:00:00,24.524401
2024-11-22 23:30:00,22.835194
2024-11-23 00:00:00,22.464392
2024-11-23 00:30:00,22.289292
2024-11-23 01:00:00,22.175991
2024-11-23 01:30:00,22.330492
2024-11-23 02:00:00,22.690993
2024-11-23 02:30:00,22.361392
2024-11-23 03:00:00,22.309892
2024-11-23 03:30:00,22.443792
2024-11-23 04:00:00,22.505593
2024-11-23 04:30:00,24.1948
2024-11-23 05:00:00,28.994619
2024-11-23 05:30:00,35.143745
2024-11-23 06:00:00,52.283015
2024-11-23 06:30:00,61.254352
2024-11-23 07:00:00,75.715612
2024-11-23 07:30:00,71.286593
2024-11-23 08:00:00,73.130301
2024-11-23 08:30:00,72.9449
2024-11-23 09:00:00,74.479607
2024-11-23 09:30:00,74.654707
2024-11-23 10:00:00,74.201505
2024-11-23 10:30:00,74.716507
2024-11-23 11:00:00,75.499311
2024-11-23 11:30:00,74.994609
2024-11-23 12:00:00,74.994609
2024-11-23 12:30:00,75.849512
2024-11-23 13:00:00,77.83742
2024-11-23 13:30:00,78.362722
2024-11-23 14:00:00,78.815924
2024-11-23 14:30:00,76.848616
2024-11-23 15:00:00,74.984309
2024-11-23 15:30:00,75.035809
2024-11-23 16:00:00,73.058201
2024-11-23 16:30:00,71.193893
2024-11-23 17:00:00,37.492154
2024-11-23 17:30:00,42.858476
2024-11-23 18:00:00,36.647551
2024-11-23 18:30:00,34.01074
2024-11-23 19:00:00,36.987452
2024-11-23 19:30:00,38.089557
2024-11-23 20:00:00,36.163449
2024-11-23 20:30:00,36.709351
2024-11-23 21:00:00,32.465734
2024-11-23 21:30:00,30.807427
2024-11-23 22:00:00,30.343925
2024-11-23 22:30:00,29.530222
2024-11-23 23:00:00,29.293321
2024-11-23 23:30:00,28.809219
2024-11-24 00:00:00,26.409309
2024-11-24 00:30:00,22.412892
2024-11-24 01:00:00,22.248092
2024-11-24 01:30:00,22.351092
2024-11-24 02:00:00,22.206891
2024-11-24 02:30:00,22.062691
2024-11-24 03:00:00,22.072991
2024-11-24 03:30:00,22.351092
2024-11-24 04:00:00,22.577693
2024-11-24 04:30:00,23.731298
2024-11-24 05:00:00,28.314817
2024-11-24 05:30:00,35.957448
2024-11-24 06:00:00,49.635904
2024-11-24 06:30:00,61.079251
2024-11-24 07:00:00,60.378848
2024-11-24 07:30:00,67.125376
2024-11-24 08:00:00,68.04208
2024-11-24 08:30:00,69.710687
2024-11-24 09:00:00,71.224793
2024-11-24 09:30:00,71.770695
2024-11-24 10:00:00,72.275397
2024-11-24 10:30:00,71.832496
2024-11-24 11:00:00,72.8831
2024-11-24 11:30:00,72.707999
2024-11-24 12:00:00,73.295102
2024-11-24 12:30:00,73.655603
2024-11-24 13:00:00,73.223001
2024-11-24 13:30:00,73.470202
2024-11-24 14:00:00,73.593803
2024-11-24 14:30:00,72.811
2024-11-24 15:00:00,71.595595
2024-11-24 15:30:00,71.059992
2024-11-24 16:00:00,70.153589
2024-11-24 16:30:00,66.651574
2024-11-24 17:00:00,36.47245
2024-11-24 17:30:00,41.30317
2024-11-24 18:00:00,35.802947
2024-11-24 18:30:00,32.805635
2024-11-24 19:00:00,32.043432
2024-11-24 19:30:00,30.982528
2024-11-24 20:00:00,30.807427
2024-11-24 20:30:00,29.890723
2024-11-24 21:00:00,28.129416
2024-11-24 21:30:00,30.405725
2024-11-24 22:00:00,29.21092
2024-11-24 22:30:00,26.986111
2024-11-24 23:00:00,23.411996
2024-11-24 23:30:00,21.712489
2024-11-25 00:00:00,21.681589
2024-11-25 00:30:00,21.248987
2024-11-25 01:00:00,21.86699
2024-11-25 01:30:00,21.269588
2024-11-25 02:00:00,21.640389
2024-11-25 02:30:00,21.187187
2024-11-25 03:00:00,21.496188
2024-11-25 03:30:00,21.321088
2024-11-25 04:00:00,21.609489
2024-11-25 04:30:00,23.350196
2024-11-25 05:00:00,27.913115
2024-11-25 05:30:00,30.374825
2024-11-25 06:00:00,37.770255
2024-11-25 06:30:00,59.596045
2024-11-25 07:00:00,51.510512
2024-11-25 07:30:00,54.878626
2024-11-25 08:00:00,63.520361
2024-11-25 08:30:00,59.153143
2024-11-25 09:00:00,64.715166
2024-11-25 09:30:00,65.54947
2024-11-25 10:00:00,64.993267
2024-11-25 10:30:00,68.03178
2024-11-25 11:00:00,65.889371
2024-11-25 11:30:00,66.167472
2024-11-25 12:00:00,66.466174
2024-11-25 12:30:00,67.382877
2024-11-25 13:00:00,67.691879
2024-11-25 13:30:00,68.217181
2024-11-25 14:00:00,68.320181
2024-11-25 14:30:00,69.381086
2024-11-25 15:00:00,67.92878
2024-11-25 15:30:00,68.505582
2024-11-25 16:00:00,67.588878
2024-11-25 16:30:00,65.971771
2024-11-25 17:00:00,35.411546
2024-11-25 17:30:00,39.449162
2024-11-25 18:00:00,34.340341
2024-11-25 18:30:00,33.382437
2024-11-25 19:00:00,30.539626
2024-11-25 19:30:00,31.54903
2024-11-25 20:00:00,30.323325
2024-11-25 20:30:00,30.107024
2024-11-25 21:00:00,24.637701
2024-11-25 21:30:00,22.598293
2024-11-25 22:00:00,25.853106
2024-11-25 22:30:00,24.040299
2024-11-25 23:00:00,22.793994
2024-11-25 23:30:00,21.88759
2024-11-26 00:00:00,21.444688
2024-11-26 00:30:00,21.001786
2024-11-26 01:00:00,21.424088
2024-11-26 01:30:00,21.197487
2024-11-26 02:00:00,21.218087
2024-11-26 02:30:00,20.775185
2024-11-26 03:00:00,21.012086
2024-11-26 03:30:00,21.053287
2024-11-26 04:00:00,21.094487
2024-11-26 04:30:00,21.084187
2024-11-26 05:00:00,21.91849
2024-11-26 05:30:00,21.94939
2024-11-26 06:00:00,21.86699
2024-11-26 06:30:00,28.963719
2024-11-26 07:00:00,39.984765
2024-11-26 07:30:00,38.099857
2024-11-26 08:00:00,37.718755
2024-11-26 08:30:00,39.696363
2024-11-26 09:00:00,39.284362
2024-11-26 09:30:00,36.49305
2024-11-26 10:00:00,39.407962
2024-11-26 10:30:00,36.45185
2024-11-26 11:00:00,35.772047
2024-11-26 11:30:00,35.761747
2024-11-26 12:00:00,35.998648
2024-11-26 12:30:00,38.563359
2024-11-26 13:00:00,40.510067
2024-11-26 13:30:00,40.489467
2024-11-26 14:00:00,37.924756
2024-11-26 14:30:00,35.030444
2024-11-26 15:00:00,26.62561
2024-11-26 15:30:00,31.744731
2024-11-26 16:00:00,28.881319
2024-11-26 16:30:00,27.635014
2024-11-26 17:00:00,28.943119
2024-11-26 17:30:00,31.868331
2024-11-26 18:00:00,29.870123
2024-11-26 18:30:00,29.468421
2024-11-26 19:00:00,28.150016
2024-11-26 19:30:00,23.278096
2024-11-26 20:00:00,22.896994
2024-11-26 20:30:00,22.979395
2024-11-26 21:00:00,22.783694
2024-11-26 21:30:00,22.412892
2024-11-26 22:00:00,22.649793
2024-11-26 22:30:00,22.021491
2024-11-26 23:00:00,21.86699
2024-11-26 23:30:00,21.341688
2024-11-27 00:00:00,21.650689
2024-11-27 00:30:00,21.393188
2024-11-27 01:00:00,21.537389
2024-11-27 01:30:00,21.733089
2024-11-27 02:00:00,21.83609
2024-11-27 02:30:00,21.640389
2024-11-27 03:00:00,21.640389
2024-11-27 03:30:00,21.321088
2024-11-27 04:00:00,21.527089
2024-11-27 04:30:00,21.547689
2024-11-27 05:00:00,22.979395
2024-11-27 05:30:00,29.20062
2024-11-27 06:00:00,28.500217
2024-11-27 06:30:00,28.768018
2024-11-27 07:00:00,31.085528
2024-11-27 07:30:00,31.260629
2024-11-27 08:00:00,32.053732
2024-11-27 08:30:00,32.846835
2024-11-27 09:00:00,33.90774
2024-11-27 09:30:00,34.845043
2024-11-27 10:00:00,35.154045
2024-11-27 10:30:00,35.009844
2024-11-27 11:00:00,34.700843
2024-11-27 11:30:00,34.762643
2024-11-27 12:00:00,36.039848
2024-11-27 12:30:00,35.905948
2024-11-27 13:00:00,34.278541
2024-11-27 13:30:00,34.257941
2024-11-27 14:00:00,34.391842
2024-11-27 14:30:00,35.792647
2024-11-27 15:00:00,33.330937
2024-11-27 15:30:00,32.136132
2024-11-27 16:00:00,31.116428
2024-11-27 16:30:00,27.789514
2024-11-27 17:00:00,24.524401
2024-11-27 17:30:00,23.648897
2024-11-27 18:00:00,23.690097
2024-11-27 18:30:00,23.679797
2024-11-27 19:00:00,23.298696
2024-11-27 19:30:00,23.514997
2024-11-27 20:00:00,23.195695
2024-11-27 20:30:00,23.525297
2024-11-27 21:00:00,23.133895
2024-11-27 21:30:00,22.598293
2024-11-27 22:00:00,22.948494
2024-11-27 22:30:00,22.649793
2024-11-27 23:00:00,22.526193
2024-11-27 23:30:00,22.505593
2024-11-28 00:00:00,22.505593
2024-11-28 00:30:00,22.258392
2024-11-28 01:00:00,27.665914
2024-11-28 01:30:00,28.943119
2024-11-28 02:00:00,28.242716
2024-11-28 02:30:00,24.926103
2024-11-28 03:00:00,21.76399
2024-11-28 03:30:00,22.258392
2024-11-28 04:00:00,21.88759
2024-11-28 04:30:00,23.556197
2024-11-28 05:00:00,28.397217
2024-11-28 05:30:00,45.371687
2024-11-28 06:00:00,72.316598
2024-11-28 06:30:00,79.433927
2024-11-28 07:00:00,80.443331
2024-11-28 07:30:00,82.54454
2024-11-28 08:00:00,84.707549
2024-11-28 08:30:00,84.923849
2024-11-28 09:00:00,86.355555
2024-11-28 09:30:00,87.931462
2024-11-28 10:00:00,92.27808
2024-11-28 10:30:00,89.229267
2024-11-28 11:00:00,89.80607
2024-11-28 11:30:00,88.930566
2024-11-28 12:00:00,89.157167
2024-11-28 12:30:00,90.156271
2024-11-28 13:00:00,90.784574
2024-11-28 13:30:00,91.217175
2024-11-28 14:00:00,92.113279
2024-11-28 14:30:00,92.041179
2024-11-28 15:00:00,91.670377
2024-11-28 15:30:00,90.980274
2024-11-28 16:00:00,89.703069
2024-11-28 16:30:00,86.623356
2024-11-28 17:00:00,39.974465
2024-11-28 17:30:00,45.701288
2024-11-28 18:00:00,40.664567
2024-11-28 18:30:00,35.112844
2024-11-28 19:00:00,31.095828
2024-11-28 19:30:00,37.193453
2024-11-28 20:00:00,34.711143
2024-11-28 20:30:00,32.867435
2024-11-28 21:00:00,28.963719
2024-11-28 21:30:00,28.479617
2024-11-28 22:00:00,32.074332
2024-11-28 22:30:00,26.337208
2024-11-28 23:00:00,24.740702
2024-11-28 23:30:00,23.422296
2024-11-29 00:00:00,24.040299
2024-11-29 00:30:00,27.511413
2024-11-29 01:00:00,24.689202
2024-11-29 01:30:00,23.659197
2024-11-29 02:00:00,23.823998
2024-11-29 02:30:00,25.739806
2024-11-29 03:00:00,26.543209
2024-11-29 03:30:00,23.432596
2024-11-29 04:00:00,27.367213
2024-11-29 04:30:00,26.450509
2024-11-29 05:00:00,29.849523
2024-11-29 05:30:00,45.340787
2024-11-29 06:00:00,76.570515
2024-11-29 06:30:00,89.672169
2024-11-29 07:00:00,90.290172
2024-11-29 07:30:00,93.308084
2024-11-29 08:00:00,93.802486
2024-11-29 08:30:00,93.926087
2024-11-29 09:00:00,94.554389
2024-11-29 09:30:00,94.68829
2024-11-29 10:00:00,95.749194
2024-11-29 10:30:00,96.202396
2024-11-29 11:00:00,96.439297
2024-11-29 11:30:00,96.954299
2024-11-29 12:00:00,97.592902
2024-11-29 12:30:00,96.923399
2024-11-29 13:00:00,96.233296
2024-11-29 13:30:00,95.419593
2024-11-29 14:00:00,96.058195
2024-11-29 14:30:00,95.584393
2024-11-29 15:00:00,94.80159
2024-11-29 15:30:00,92.43258
2024-11-29 16:00:00,89.569169
2024-11-29 16:30:00,86.293755
2024-11-29 17:00:00,40.077465
2024-11-29 17:30:00,42.364074
2024-11-29 18:00:00,39.840564
2024-11-29 18:30:00,38.089557
2024-11-29 19:00:00,31.64173
2024-11-29 19:30:00,31.51813
2024-11-29 20:00:00,30.807427
2024-11-29 20:30:00,33.382437
2024-11-29 21:00:00,28.850419
2024-11-29 21:30:00,30.755927
2024-11-29 22:00:00,27.913115
2024-11-29 22:30:00,27.192112
2024-11-29 23:00:00,25.317504
2024-11-29 23:30:00,25.410205
2024-11-30 00:00:00,29.303621
2024-11-30 00:30:00,25.389604
2024-11-30 01:00:00,25.018803
2024-11-30 01:30:00,25.029103
2024-11-30 02:00:00,28.417817
2024-11-30 02:30:00,25.296904
2024-11-30 03:00:00,27.964615
2024-11-30 03:30:00,26.502009
2024-11-30 04:00:00,25.018803
2024-11-30 04:30:00,30.024624
2024-11-30 05:00:00,31.343029
2024-11-30 05:30:00,48.018798
2024-11-30 06:00:00,76.240914
2024-11-30 06:30:00,91.278976
2024-11-30 07:00:00,91.052375
2024-11-30 07:30:00,93.750986
2024-11-30 08:00:00,94.986991
2024-11-30 08:30:00,95.100291
2024-11-30 09:00:00,96.119996
2024-11-30 09:30:00,96.367197
2024-11-30 10:00:00,96.696798
2024-11-30 10:30:00,95.079691
2024-11-30 11:00:00,94.595589
2024-11-30 11:30:00,94.132087
2024-11-30 12:00:00,93.575885
2024-11-30 12:30:00,92.782782
2024-11-30 13:00:00,92.24718
2024-11-30 13:30:00,92.43258
2024-11-30 14:00:00,92.061779
2024-11-30 14:30:00,89.86787
2024-11-30 15:00:00,89.239567
2024-11-30 15:30:00,89.167467
2024-11-30 16:00:00,89.177767
2024-11-30 16:30:00,86.551256
2024-11-30 17:00:00,39.201961
2024-11-30 17:30:00,42.199274
2024-11-30 18:00:00,38.676659
2024-11-30 18:30:00,35.051044
2024-11-30 19:00:00,32.754135
2024-11-30 19:30:00,34.927444
2024-11-30 20:00:00,31.744731
2024-11-30 20:30:00,31.157628
2024-11-30 21:00:00,31.919831
2024-11-30 21:30:00,29.21092
2024-11-30 22:00:00,27.264212
2024-11-30 22:30:00,26.059107
2024-11-30 23:00:00,25.173304
2024-11-30 23:30:00,24.668602
2024-12-01 00:00:00,24.833402
2024-12-01 00:30:00,24.1948
2024-12-01 01:00:00,24.1948
2024-12-01 01:30:00,23.988799
2024-12-01 02:00:00,24.009399
2024-12-01 02:30:00,23.741598
2024-12-01 03:00:00,25.111503
2024-12-01 03:30:00,29.798023
2024-12-01 04:00:00,25.379304
2024-12-01 04:30:00,25.956107
2024-12-01 05:00:00,29.849523
2024-12-01 05:30:00,47.956997
2024-12-01 06:00:00,80.10343
2024-12-01 06:30:00,93.163883
2024-12-01 07:00:00,88.776065
2024-12-01 07:30:00,91.618877
2024-12-01 08:00:00,92.597381
2024-12-01 08:30:00,93.874586
2024-12-01 09:00:00,94.090887
2024-12-01 09:30:00,92.844582
2024-12-01 10:00:00,92.782782
2024-12-01 10:30:00,92.762182
2024-12-01 11:00:00,92.545881
2024-12-01 11:30:00,92.010279
2024-12-01 12:00:00,92.164779
2024-12-01 12:30:00,94.79129
2024-12-01 13:00:00,94.626489
2024-12-01 13:30:00,94.88399
2024-12-01 14:00:00,93.853986
2024-12-01 14:30:00,92.813682
2024-12-01 15:00:00,91.660077
2024-12-01 15:30:00,91.155375
2024-12-01 16:00:00,89.342568
2024-12-01 16:30:00,86.891158
2024-12-01 17:00:00,41.014769
2024-12-01 17:30:00,44.176882
2024-12-01 18:00:00,41.32377
2024-12-01 18:30:00,37.832056
2024-12-01 19:00:00,34.422742
2024-12-01 19:30:00,30.766227
2024-12-01 20:00:00,31.167928
2024-12-01 20:30:00,31.54903
2024-12-01 21:00:00,36.44155
2024-12-01 21:30:00,30.076124
2024-12-01 22:00:00,29.581722
2024-12-01 22:30:00,31.66233
2024-12-01 23:00:00,26.357808
2024-12-01 23:30:00,25.420505
2024-12-02 00:00:00,24.689202
2024-12-02 00:30:00,24.483201
2024-12-02 01:00:00,24.102099
2024-12-02 01:30:00,24.153599
2024-12-02 02:00:00,23.576797
2024-12-02 02:30:00,24.091799
2024-12-02 03:00:00,24.730402
2024-12-02 03:30:00,29.983423
2024-12-02 04:00:00,26.203308
2024-12-02 04:30:00,26.543209
2024-12-02 05:00:00,29.973123
2024-12-02 05:30:00,50.037606
2024-12-02 06:00:00,82.029538
2024-12-02 06:30:00,95.934595
2024-12-02 07:00:00,91.309876
2024-12-02 07:30:00,92.45318
2024-12-02 08:00:00,94.595589
2024-12-02 08:30:00,95.481393
2024-12-02 09:00:00,95.986095
2024-12-02 09:30:00,97.603202
2024-12-02 10:00:00,95.986095
2024-12-02 10:30:00,99.271809
2024-12-02 11:00:00,98.890707
2024-12-02 11:30:00,96.799798
2024-12-02 12:00:00,95.419593
2024-12-02 12:30:00,93.184483
2024-12-02 13:00:00,91.907278
2024-12-02 13:30:00,89.455868
2024-12-02 14:00:00,88.199263
2024-12-02 14:30:00,87.210459
2024-12-02 15:00:00,86.077454
2024-12-02 15:30:00,80.010729
2024-12-02 16:00:00,76.179113
2024-12-02 16:30:00,72.347498
2024-12-02 17:00:00,37.842356
2024-12-02 17:30:00,42.673076
2024-12-02 18:00:00,40.767568
2024-12-02 18:30:00,37.224353
2024-12-02 19:00:00,34.700843
2024-12-02 19:30:00,34.175541
2024-12-02 20:00:00,33.742939
2024-12-02 20:30:00,29.777423
2024-12-02 21:00:00,27.779214
2024-12-02 21:30:00,27.223012
2024-12-02 22:00:00,30.076124
2024-12-02 22:30:00,26.934611
2024-12-02 23:00:00,24.802502
2024-12-02 23:30:00,23.926998
2024-12-03 00:00:00,23.700398
2024-12-03 00:30:00,23.669497
2024-12-03 01:00:00,23.896098
2024-12-03 01:30:00,23.092695
2024-12-03 02:00:00,23.226596
2024-12-03 02:30:00,22.577693
2024-12-03 03:00:00,23.113295
2024-12-03 03:30:00,22.690993
2024-12-03 04:00:00,22.866094
2024-12-03 04:30:00,22.814594
2024-12-03 05:00:00,23.576797
2024-12-03 05:30:00,24.3184
2024-12-03 06:00:00,29.715622
2024-12-03 06:30:00,45.464387
2024-12-03 07:00:00,47.998198
2024-12-03 07:30:00,49.357803
2024-12-03 08:00:00,49.244503
2024-12-03 08:30:00,49.296003
2024-12-03 09:00:00,57.721438
2024-12-03 09:30:00,58.607241
2024-12-03 10:00:00,49.831605
2024-12-03 10:30:00,47.586196
2024-12-03 11:00:00,46.926993
2024-12-03 11:30:00,46.24719
2024-12-03 12:00:00,44.557983
2024-12-03 12:30:00,37.615755
2024-12-03 13:00:00,38.97536
2024-12-03 13:30:00,36.029548
2024-12-03 14:00:00,28.016115
2024-12-03 14:30:00,33.794439
2024-12-03 15:00:00,28.613518
2024-12-03 15:30:00,33.124936
2024-12-03 16:00:00,29.15942
2024-12-03 16:30:00,25.286604
2024-12-03 17:00:00,23.865198
2024-12-03 17:30:00,23.453197
2024-12-03 18:00:00,23.484097
2024-12-03 18:30:00,23.020595
2024-12-03 19:00:00,23.319296
2024-12-03 19:30:00,22.886694
2024-12-03 20:00:00,22.979395
2024-12-03 20:30:00,22.804294
2024-12-03 21:00:00,22.258392
2024-12-03 21:30:00,22.052391
2024-12-03 22:00:00,22.000891
2024-12-03 22:30:00,22.145091
2024-12-03 23:00:00,22.072991
2024-12-03 23:30:00,22.042091
2024-12-04 00:00:00,22.072991
2024-12-04 00:30:00,21.609489
2024-12-04 01:00:00,21.609489
2024-12-04 01:30:00,21.681589
2024-12-04 02:00:00,21.609489
2024-12-04 02:30:00,21.630089
2024-12-04 03:00:00,21.722789
2024-12-04 03:30:00,21.454988
2024-12-04 04:00:00,21.630089
2024-12-04 04:30:00,21.578589
2024-12-04 05:00:00,21.82579
2024-12-04 05:30:00,22.062691
2024-12-04 06:00:00,24.3905
2024-12-04 06:30:00,30.076124
2024-12-04 07:00:00,37.018352
2024-12-04 07:30:00,37.574555
2024-12-04 08:00:00,37.615755
2024-12-04 08:30:00,39.160761
2024-12-04 09:00:00,40.077465
2024-12-04 09:30:00,34.639043
2024-12-04 10:00:00,36.781451
2024-12-04 10:30:00,41.828472
2024-12-04 11:00:00,36.853552
2024-12-04 11:30:00,35.277645
2024-12-04 12:00:00,33.588438
2024-12-04 12:30:00,29.004919
2024-12-04 13:00:00,30.941327
2024-12-04 13:30:00,28.798919
2024-12-04 14:00:00,29.344821
2024-12-04 14:30:00,30.508726
2024-12-04 15:00:00,29.344821
2024-12-04 15:30:00,30.632326
2024-12-04 16:00:00,25.008503
2024-12-04 16:30:00,24.668602
2024-12-04 17:00:00,28.757718
2024-12-04 17:30:00,26.481409
2024-12-04 18:00:00,24.3493
2024-12-04 18:30:00,23.576797
2024-12-04 19:00:00,22.917594
2024-12-04 19:30:00,23.308996
2024-12-04 20:00:00,22.526193
2024-12-04 20:30:00,22.793994
2024-12-04 21:00:00,22.402592
2024-12-04 21:30:00,22.423192
2024-12-04 22:00:00,22.381992
2024-12-04 22:30:00,22.062691
2024-12-04 23:00:00,21.93909
2024-12-04 23:30:00,21.619789
2024-12-05 00:00:00,21.547689
2024-12-05 00:30:00,21.712489
2024-12-05 01:00:00,21.527089
2024-12-05 01:30:00,21.630089
2024-12-05 02:00:00,21.630089
2024-12-05 02:30:00,22.917594
2024-12-05 03:00:00,22.660093
2024-12-05 03:30:00,22.536493
2024-12-05 04:00:00,22.763094
2024-12-05 04:30:00,24.122699
2024-12-05 05:00:00,29.004919
2024-12-05 05:30:00,43.177778
2024-12-05 06:00:00,63.14956
2024-12-05 06:30:00,70.956992
2024-12-05 07:00:00,71.471994
2024-12-05 07:30:00,76.611715
2024-12-05 08:00:00,79.320626
2024-12-05 08:30:00,81.123134
2024-12-05 09:00:00,81.339435
2024-12-05 09:30:00,80.618432
2024-12-05 10:00:00,79.712028
2024-12-05 10:30:00,80.360931
2024-12-05 11:00:00,79.351527
2024-12-05 11:30:00,80.26823
2024-12-05 12:00:00,81.298235
2024-12-05 12:30:00,81.772037
2024-12-05 13:00:00,80.587532
2024-12-05 13:30:00,79.948929
2024-12-05 14:00:00,80.690532
2024-12-05 14:30:00,80.463931
2024-12-05 15:00:00,80.19613
2024-12-05 15:30:00,80.525731
2024-12-05 16:00:00,79.124926
2024-12-05 16:30:00,74.067605
2024-12-05 17:00:00,38.89296
2024-12-05 17:30:00,37.152253
2024-12-05 18:00:00,37.801156
2024-12-05 18:30:00,34.360941
2024-12-05 19:00:00,31.404829
2024-12-05 19:30:00,33.166136
2024-12-05 20:00:00,29.592022
2024-12-05 20:30:00,29.468421
2024-12-05 21:00:00,27.727714
2024-12-05 21:30:00,25.987007
2024-12-05 22:00:00,28.850419
2024-12-05 22:30:00,25.770706
2024-12-05 23:00:00,24.472901
2024-12-05 23:30:00,23.916698
2024-12-06 00:00:00,23.267796
2024-12-06 00:30:00,23.854898
2024-12-06 01:00:00,23.535597
2024-12-06 01:30:00,23.607697
2024-12-06 02:00:00,23.236896
2024-12-06 02:30:00,23.628297
2024-12-06 03:00:00,24.524401
2024-12-06 03:30:00,24.709802
2024-12-06 04:00:00,25.060003
2024-12-06 04:30:00,30.004023
2024-12-06 05:00:00,31.940431
2024-12-06 05:30:00,44.166582
2024-12-06 06:00:00,54.559325
2024-12-06 06:30:00,69.597386
2024-12-06 07:00:00,81.854437
2024-12-06 07:30:00,78.187622
2024-12-06 08:00:00,80.474231
2024-12-06 08:30:00,81.154034
2024-12-06 09:00:00,81.463035
2024-12-06 09:30:00,80.875933
2024-12-06 10:00:00,81.823537
2024-12-06 10:30:00,81.638136
2024-12-06 11:00:00,81.607236
2024-12-06 11:30:00,81.699936
2024-12-06 12:00:00,83.306743
2024-12-06 12:30:00,84.274947
2024-12-06 13:00:00,84.553048
2024-12-06 13:30:00,83.945345
2024-12-06 14:00:00,83.214042
2024-12-06 14:30:00,83.739345
2024-12-06 15:00:00,83.553944
2024-12-06 15:30:00,83.306743
2024-12-06 16:00:00,81.586636
2024-12-06 16:30:00,77.909521
2024-12-06 17:00:00,39.449162
2024-12-06 17:30:00,38.738459
2024-12-06 18:00:00,38.522159
2024-12-06 18:30:00,38.728159
2024-12-06 19:00:00,32.300933
2024-12-06 19:30:00,31.68293
2024-12-06 20:00:00,34.618442
2024-12-06 20:30:00,35.195245
2024-12-06 21:00:00,30.961927
2024-12-06 21:30:00,29.015219
2024-12-06 22:00:00,27.367213
2024-12-06 22:30:00,27.717414
2024-12-06 23:00:00,29.303621
2024-12-06 23:30:00,24.730402
2024-12-07 00:00:00,24.153599
2024-12-07 00:30:00,24.3081
2024-12-07 01:00:00,24.040299
2024-12-07 01:30:00,23.926998
2024-12-07 02:00:00,24.1845
2024-12-07 02:30:00,24.122699
2024-12-07 03:00:00,24.751002
2024-12-07 03:30:00,24.112399
2024-12-07 04:00:00,24.751002
2024-12-07 04:30:00,26.203308
2024-12-07 05:00:00,30.374825
2024-12-07 05:30:00,49.986106
2024-12-07 06:00:00,60.945351
2024-12-07 06:30:00,78.043421
2024-12-07 07:00:00,78.362722
2024-12-07 07:30:00,81.370335
2024-12-07 08:00:00,83.883545
2024-12-07 08:30:00,84.872349
2024-12-07 09:00:00,84.676648
2024-12-07 09:30:00,84.048346
2024-12-07 10:00:00,83.801145
2024-12-07 10:30:00,84.213147
2024-12-07 11:00:00,84.038046
2024-12-07 11:30:00,84.408847
2024-12-07 12:00:00,84.614848
2024-12-07 12:30:00,85.902354
2024-12-07 13:00:00,86.314355
2024-12-07 13:30:00,86.798457
2024-12-07 14:00:00,87.962362
2024-12-07 14:30:00,89.126267
2024-12-07 15:00:00,89.352868
2024-12-07 15:30:00,98.015203
2024-12-07 16:00:00,91.587977
2024-12-07 16:30:00,88.199263
2024-12-07 17:00:00,41.529771
2024-12-07 17:30:00,43.63098
2024-12-07 18:00:00,39.119561
2024-12-07 18:30:00,35.421846
2024-12-07 19:00:00,36.657851
2024-12-07 19:30:00,37.317054
2024-12-07 20:00:00,36.33855
2024-12-07 20:30:00,37.543655
2024-12-07 21:00:00,32.074332
2024-12-07 21:30:00,27.387813
2024-12-07 22:00:00,27.161212
2024-12-07 22:30:00,29.499321
2024-12-07 23:00:00,26.914011
2024-12-07 23:30:00,24.2978
2024-12-08 00:00:00,24.1948
2024-12-08 00:30:00,24.1845
2024-12-08 01:00:00,24.3493
2024-12-08 01:30:00,24.102099
2024-12-08 02:00:00,24.071199
2024-12-08 02:30:00,24.3905
2024-12-08 03:00:00,26.038507
2024-12-08 03:30:00,28.603218
2024-12-08 04:00:00,24.606801
2024-12-08 04:30:00,26.471109
2024-12-08 05:00:00,30.210024
2024-12-08 05:30:00,53.210019
2024-12-08 06:00:00,76.828016
2024-12-08 06:30:00,80.711132
2024-12-08 07:00:00,82.791741
2024-12-08 07:30:00,85.16075
2024-12-08 08:00:00,87.900562
2024-12-08 08:30:00,88.745165
2024-12-08 09:00:00,87.890262
2024-12-08 09:30:00,87.838761
2024-12-08 10:00:00,87.900562
2024-12-08 10:30:00,88.796665
2024-12-08 11:00:00,87.941762
2024-12-08 11:30:00,88.930566
2024-12-08 12:00:00,89.054166
2024-12-08 12:30:00,89.466168
2024-12-08 13:00:00,89.363168
2024-12-08 13:30:00,90.846374
2024-12-08 14:00:00,98.180004
2024-12-08 14:30:00,96.377497
2024-12-08 15:00:00,95.924295
2024-12-08 15:30:00,95.759494
2024-12-08 16:00:00,92.988783
2024-12-08 16:30:00,88.879066
2024-12-08 17:00:00,41.158969
2024-12-08 17:30:00,44.166582
2024-12-08 18:00:00,41.20017
2024-12-08 18:30:00,38.058657
2024-12-08 19:00:00,33.444238
2024-12-08 19:30:00,38.94446
2024-12-08 20:00:00,35.761747
2024-12-08 20:30:00,32.300933
2024-12-08 21:00:00,33.92834
2024-12-08 21:30:00,37.389154
2024-12-08 22:00:00,32.125832
2024-12-08 22:30:00,28.840119
2024-12-08 23:00:00,26.326908
2024-12-08 23:30:00,25.173304
2024-12-09 00:00:00,25.461705
2024-12-09 00:30:00,24.781902
2024-12-09 01:00:00,24.864302
2024-12-09 01:30:00,24.1845
2024-12-09 02:00:00,24.081499
2024-12-09 02:30:00,24.102099
2024-12-09 03:00:00,26.038507
2024-12-09 03:30:00,29.24182
2024-12-09 04:00:00,25.060003
2024-12-09 04:30:00,26.275408
2024-12-09 05:00:00,30.766227
2024-12-09 05:30:00,53.51902
2024-12-09 06:00:00,81.133434
2024-12-09 06:30:00,94.69859
2024-12-09 07:00:00,90.496172
2024-12-09 07:30:00,93.029983
2024-12-09 08:00:00,93.853986
2024-12-09 08:30:00,94.296888
2024-12-09 09:00:00,95.120891
2024-12-09 09:30:00,95.440193
2024-12-09 10:00:00,94.214488
2024-12-09 10:30:00,94.183588
2024-12-09 11:00:00,92.854882
2024-12-09 11:30:00,92.556181
2024-12-09 12:00:00,93.421384
2024-12-09 12:30:00,95.326892
2024-12-09 13:00:00,94.410189
2024-12-09 13:30:00,95.429893
2024-12-09 14:00:00,93.730386
2024-12-09 14:30:00,93.462585
2024-12-09 15:00:00,92.051479
2024-12-09 15:30:00,91.340776
2024-12-09 16:00:00,89.198367
2024-12-09 16:30:00,86.839657
2024-12-09 17:00:00,40.839668
2024-12-09 17:30:00,46.453191
2024-12-09 18:00:00,43.538279
2024-12-09 18:30:00,41.27227
2024-12-09 19:00:00,36.791751
2024-12-09 19:30:00,37.430354
2024-12-09 20:00:00,35.452746
2024-12-09 20:30:00,31.816831
2024-12-09 21:00:00,31.991932
2024-12-09 21:30:00,30.096724
2024-12-09 22:00:00,27.655614
2024-12-09 22:30:00,27.387813
2024-12-09 23:00:00,25.739806
2024-12-09 23:30:00,25.719206
2024-12-10 00:00:00,24.3699
2024-12-10 00:30:00,24.2566
2024-12-10 01:00:00,24.493501
2024-12-10 01:30:00,23.473797
2024-12-10 02:00:00,23.968199
2024-12-10 02:30:00,23.514997
2024-12-10 03:00:00,23.720998
2024-12-10 03:30:00,23.473797
2024-12-10 04:00:00,23.638597
2024-12-10 04:30:00,23.731298
2024-12-10 05:00:00,23.762198
2024-12-10 05:30:00,24.709802
2024-12-10 06:00:00,26.63591
2024-12-10 06:30:00,40.798468
2024-12-10 07:00:00,34.13434
2024-12-10 07:30:00,34.154941
2024-12-10 08:00:00,34.484542
2024-12-10 08:30:00,35.524846
2024-12-10 09:00:00,36.843252
2024-12-10 09:30:00,38.367658
2024-12-10 10:00:00,38.120457
2024-12-10 10:30:00,38.388258
2024-12-10 11:00:00,34.371241
2024-12-10 11:30:00,40.499767
2024-12-10 12:00:00,34.772943
2024-12-10 12:30:00,41.869672
2024-12-10 13:00:00,33.578138
2024-12-10 13:30:00,41.746072
2024-12-10 14:00:00,39.109261
2024-12-10 14:30:00,38.058657
2024-12-10 15:00:00,37.924756
2024-12-10 15:30:00,37.945356
2024-12-10 16:00:00,37.121353
2024-12-10 16:30:00,35.607247
2024-12-10 17:00:00,26.450509
2024-12-10 17:30:00,28.191216
2024-12-10 18:00:00,25.667706
2024-12-10 18:30:00,27.243612
2024-12-10 19:00:00,25.307204
2024-12-10 19:30:00,26.388709
2024-12-10 20:00:00,25.482305
2024-12-10 20:30:00,24.884902
2024-12-10 21:00:00,24.905502
2024-12-10 21:30:00,23.885798
2024-12-10 22:00:00,24.236
2024-12-10 22:30:00,23.751898
2024-12-10 23:00:00,24.915803
2024-12-10 23:30:00,24.081499
2024-12-11 00:00:00,24.503801
2024-12-11 00:30:00,24.4008
2024-12-11 01:00:00,23.854898
2024-12-11 01:30:00,24.823102
2024-12-11 02:00:00,23.731298
2024-12-11 02:30:00,23.988799
2024-12-11 03:00:00,23.813698
2024-12-11 03:30:00,24.236
2024-12-11 04:00:00,24.1845
2024-12-11 04:30:00,23.741598
2024-12-11 05:00:00,24.143299
2024-12-11 05:30:00,25.554405
2024-12-11 06:00:00,28.016115
2024-12-11 06:30:00,38.82086
2024-12-11 07:00:00,40.376166
2024-12-11 07:30:00,39.171061
2024-12-11 08:00:00,39.696363
2024-12-11 08:30:00,41.107469
2024-12-11 09:00:00,42.971777
2024-12-11 09:30:00,43.558879
2024-12-11 10:00:00,43.600079
2024-12-11 10:30:00,43.70308
2024-12-11 11:00:00,44.516783
2024-12-11 11:30:00,45.031785
2024-12-11 12:00:00,46.545892
2024-12-11 12:30:00,45.598288
2024-12-11 13:00:00,42.384674
2024-12-11 13:30:00,42.858476
2024-12-11 14:00:00,42.158073
2024-12-11 14:30:00,38.614859
2024-12-11 15:00:00,37.440654
2024-12-11 15:30:00,41.37527
2024-12-11 16:00:00,32.857135
2024-12-11 16:30:00,27.356913
2024-12-11 17:00:00,32.826235
2024-12-11 17:30:00,28.242716
2024-12-11 18:00:00,25.575005
2024-12-11 18:30:00,24.915803
2024-12-11 19:00:00,25.224804
2024-12-11 19:30:00,25.801606
2024-12-11 20:00:00,25.080603
2024-12-11 20:30:00,24.678902
2024-12-11 21:00:00,24.3596
2024-12-11 21:30:00,24.709802
2024-12-11 22:00:00,24.586201
2024-12-11 22:30:00,24.060899
2024-12-11 23:00:00,23.834298
2024-12-11 23:30:00,24.236
2024-12-12 00:00:00,24.3287
2024-12-12 00:30:00,23.720998
2024-12-12 01:00:00,24.091799
2024-12-12 01:30:00,23.947599
2024-12-12 02:00:00,24.627401
2024-12-12 02:30:00,24.2463
2024-12-12 03:00:00,29.24182
2024-12-12 03:30:00,31.56963
2024-12-12 04:00:00,25.729506
2024-12-12 04:30:00,26.605009
2024-12-12 05:00:00,30.735326
2024-12-12 05:30:00,67.475578
2024-12-12 06:00:00,88.827566
2024-12-12 06:30:00,104.143729
2024-12-12 07:00:00,102.516322
2024-12-12 07:30:00,106.203737
2024-12-12 08:00:00,113.413767
2024-12-12 08:30:00,112.321962
2024-12-12 09:00:00,110.746056
2024-12-12 09:30:00,110.828456
2024-12-12 10:00:00,108.902348
2024-12-12 10:30:00,109.36585
2024-12-12 11:00:00,107.233741
2024-12-12 11:30:00,106.687839
2024-12-12 12:00:00,106.214037
2024-12-12 12:30:00,105.173733
2024-12-12 13:00:00,103.536026
2024-12-12 13:30:00,102.433922
2024-12-12 14:00:00,102.485422
2024-12-12 14:30:00,102.516322
2024-12-12 15:00:00,101.589318
2024-12-12 15:30:00,101.012516
2024-12-12 16:00:00,98.087304
2024-12-12 16:30:00,95.368092
2024-12-12 17:00:00,42.415575
2024-12-12 17:30:00,40.190765
2024-12-12 18:00:00,39.222561
2024-12-12 18:30:00,37.770255
2024-12-12 19:00:00,35.555746
2024-12-12 19:30:00,36.52395
2024-12-12 20:00:00,36.40035
2024-12-12 20:30:00,35.246745
2024-12-12 21:00:00,32.280333
2024-12-12 21:30:00,32.496634
2024-12-12 22:00:00,31.240029
2024-12-12 22:30:00,31.167928
2024-12-12 23:00:00,28.510517
2024-12-12 23:30:00,27.058211
2024-12-13 00:00:00,26.017907
2024-12-13 00:30:00,25.317504
2024-12-13 01:00:00,25.739806
2024-12-13 01:30:00,24.792202
2024-12-13 02:00:00,25.266004
2024-12-13 02:30:00,25.853106
2024-12-13 03:00:00,26.532909
2024-12-13 03:30:00,26.213608
2024-12-13 04:00:00,28.160316
2024-12-13 04:30:00,29.818623
2024-12-13 05:00:00,34.206441
2024-12-13 05:30:00,71.461694
2024-12-13 06:00:00,89.517668
2024-12-13 06:30:00,110.838756
2024-12-13 07:00:00,101.177316
2024-12-13 07:30:00,101.599618
2024-12-13 08:00:00,101.96012
2024-12-13 08:30:00,103.278525
2024-12-13 09:00:00,104.823531
2024-12-13 09:30:00,104.009828
2024-12-13 10:00:00,101.888019
2024-12-13 10:30:00,99.50871
2024-12-13 11:00:00,99.457209
2024-12-13 11:30:00,98.798007
2024-12-13 12:00:00,99.72501
2024-12-13 12:30:00,101.033116
2024-12-13 13:00:00,99.67351
2024-12-13 13:30:00,100.394513
2024-12-13 14:00:00,98.386005
2024-12-13 14:30:00,98.664106
2024-12-13 15:00:00,97.737102
2024-12-13 15:30:00,96.531997
2024-12-13 16:00:00,93.524385
2024-12-13 16:30:00,90.537373
2024-12-13 17:00:00,42.559775
2024-12-13 17:30:00,41.076569
2024-12-13 18:00:00,38.676659
2024-12-13 18:30:00,38.78996
2024-12-13 19:00:00,34.865643
2024-12-13 19:30:00,34.463942
2024-12-13 20:00:00,34.989244
2024-12-13 20:30:00,34.546342
2024-12-13 21:00:00,33.176437
2024-12-13 21:30:00,32.908635
2024-12-13 22:00:00,32.259733
2024-12-13 22:30:00,31.312129
2024-12-13 23:00:00,27.717414
2024-12-13 23:30:00,25.214504
2024-12-14 00:00:00,24.730402
2024-12-14 00:30:00,24.864302
2024-12-14 01:00:00,24.761302
2024-12-14 01:30:00,24.442001
2024-12-14 02:00:00,24.514101
2024-12-14 02:30:00,24.792202
2024-12-14 03:00:00,25.163004
2024-12-14 03:30:00,26.584409
2024-12-14 04:00:00,28.253016
2024-12-14 04:30:00,31.858031
2024-12-14 05:00:00,35.607247
2024-12-14 05:30:00,72.429898
2024-12-14 06:00:00,94.162988
2024-12-14 06:30:00,96.531997
2024-12-14 07:00:00,94.162988
2024-12-14 07:30:00,96.171496
2024-12-14 08:00:00,96.130296
2024-12-14 08:30:00,96.861599
2024-12-14 09:00:00,97.984303
2024-12-14 09:30:00,98.499305
2024-12-14 10:00:00,95.563793
2024-12-14 10:30:00,94.976691
2024-12-14 11:00:00,95.213592
2024-12-14 11:30:00,95.223892
2024-12-14 12:00:00,94.430789
2024-12-14 12:30:00,93.390484
2024-12-14 13:00:00,92.31928
2024-12-14 13:30:00,93.287484
2024-12-14 14:00:00,91.258376
2024-12-14 14:30:00,90.825774
2024-12-14 15:00:00,92.144179
2024-12-14 15:30:00,90.403472
2024-12-14 16:00:00,91.989679
2024-12-14 16:30:00,89.321968
2024-12-14 17:00:00,41.612171
2024-12-14 17:30:00,49.182702
2024-12-14 18:00:00,37.450954
2024-12-14 18:30:00,36.214949
2024-12-14 19:00:00,34.185841
2024-12-14 19:30:00,33.712039
2024-12-14 20:00:00,33.063136
2024-12-14 20:30:00,37.595155
2024-12-14 21:00:00,31.116428
2024-12-14 21:30:00,29.324221
2024-12-14 22:00:00,29.468421
2024-12-14 22:30:00,28.685618
2024-12-14 23:00:00,27.336312
2024-12-14 23:30:00,26.944911
2024-12-15 00:00:00,25.997307
2024-12-15 00:30:00,25.781006
2024-12-15 01:00:00,25.018803
2024-12-15 01:30:00,24.163899
2024-12-15 02:00:00,23.854898
2024-12-15 02:30:00,23.978499
2024-12-15 03:00:00,28.840119
2024-12-15 03:30:00,27.511413
2024-12-15 04:00:00,25.163004
2024-12-15 04:30:00,26.605009
2024-12-15 05:00:00,31.950731
2024-12-15 05:30:00,47.472895
2024-12-15 06:00:00,85.17105
2024-12-15 06:30:00,86.716057
2024-12-15 07:00:00,74.757708
2024-12-15 07:30:00,72.141497
2024-12-15 08:00:00,73.047901
2024-12-15 08:30:00,77.87862
2024-12-15 09:00:00,79.186726
2024-12-15 09:30:00,83.080142
2024-12-15 10:00:00,90.877274
2024-12-15 10:30:00,104.689631
2024-12-15 11:00:00,96.130296
2024-12-15 11:30:00,85.438852
2024-12-15 12:00:00,81.658736
2024-12-15 12:30:00,80.597832
2024-12-15 13:00:00,80.051929
2024-12-15 13:30:00,78.290622
2024-12-15 14:00:00,77.72412
2024-12-15 14:30:00,76.920717
2024-12-15 15:00:00,75.41691
2024-12-15 15:30:00,72.8316
2024-12-15 16:00:00,71.647095
2024-12-15 16:30:00,67.691879
2024-12-15 17:00:00,37.904156
2024-12-15 17:30:00,36.781451
2024-12-15 18:00:00,37.430354
2024-12-15 18:30:00,35.576346
2024-12-15 19:00:00,31.899231
2024-12-15 19:30:00,33.619338
2024-12-15 20:00:00,32.795335
2024-12-15 20:30:00,35.576346
2024-12-15 21:00:00,32.620234
2024-12-15 21:30:00,30.498426
2024-12-15 22:00:00,29.849523
2024-12-15 22:30:00,29.818623
2024-12-15 23:00:00,25.667706
2024-12-15 23:30:00,25.204204
2024-12-16 00:00:00,24.2978
2024-12-16 00:30:00,24.2257
2024-12-16 01:00:00,24.3287
2024-12-16 01:30:00,23.906398
2024-12-16 02:00:00,23.535597
2024-12-16 02:30:00,23.782798
2024-12-16 03:00:00,24.2772
2024-12-16 03:30:00,28.335417
2024-12-16 04:00:00,25.101203
2024-12-16 04:30:00,26.574109
2024-12-16 05:00:00,30.580826
2024-12-16 05:30:00,51.726813
2024-12-16 06:00:00,51.778313
2024-12-16 06:30:00,62.830259
2024-12-16 07:00:00,75.931912
2024-12-16 07:30:00,73.583503
2024-12-16 08:00:00,74.592907
2024-12-16 08:30:00,76.107013
2024-12-16 09:00:00,75.962813
2024-12-16 09:30:00,77.466619
2024-12-16 10:00:00,77.301818
2024-12-16 10:30:00,76.786816
2024-12-16 11:00:00,75.983413
2024-12-16 11:30:00,74.685607
2024-12-16 12:00:00,74.119105
2024-12-16 12:30:00,73.562903
2024-12-16 13:00:00,72.625599
2024-12-16 13:30:00,71.152693
2024-12-16 14:00:00,71.873696
2024-12-16 14:30:00,71.276293
2024-12-16 15:00:00,69.968188
2024-12-16 15:30:00,67.856679
2024-12-16 16:00:00,67.228377
2024-12-16 16:30:00,65.806971
2024-12-16 17:00:00,35.761747
2024-12-16 17:30:00,36.163449
2024-12-16 18:00:00,34.227041
2024-12-16 18:30:00,32.579034
2024-12-16 19:00:00,31.343029
2024-12-16 19:30:00,35.926548
2024-12-16 20:00:00,31.229729
2024-12-16 20:30:00,29.674422
2024-12-16 21:00:00,28.047015
2024-12-16 21:30:00,27.645314
2024-12-16 22:00:00,30.683826
2024-12-16 22:30:00,27.645314
2024-12-16 23:00:00,24.122699
2024-12-16 23:30:00,22.526193
2024-12-17 00:00:00,22.402592
2024-12-17 00:30:00,22.660093
2024-12-17 01:00:00,22.175991
2024-12-17 01:30:00,22.680693
2024-12-17 02:00:00,22.196591
2024-12-17 02:30:00,22.103891
2024-12-17 03:00:00,21.87729
2024-12-17 03:30:00,22.165691
2024-12-17 04:00:00,22.145091
2024-12-17 04:30:00,22.072991
2024-12-17 05:00:00,22.320192
2024-12-17 05:30:00,21.80519
2024-12-17 06:00:00,23.782798
2024-12-17 06:30:00,28.489917
2024-12-17 07:00:00,25.636806
2024-12-17 07:30:00,30.766227
2024-12-17 08:00:00,27.686514
2024-12-17 08:30:00,26.893411
2024-12-17 09:00:00,25.399905
2024-12-17 09:30:00,26.028207
2024-12-17 10:00:00,33.670839
2024-12-17 10:30:00,28.768018
2024-12-17 11:00:00,28.067616
2024-12-17 11:30:00,29.406621
2024-12-17 12:00:00,31.796231
2024-12-17 12:30:00,31.260629
2024-12-17 13:00:00,27.830715
2024-12-17 13:30:00,26.357808
2024-12-17 14:00:00,26.852211
2024-12-17 14:30:00,31.64173
2024-12-17 15:00:00,27.871915
2024-12-17 15:30:00,25.997307
2024-12-17 16:00:00,25.266004
2024-12-17 16:30:00,25.245404
2024-12-17 17:00:00,26.203308
2024-12-17 17:30:00,24.761302
2024-12-17 18:00:00,25.544105
2024-12-17 18:30:00,24.575901
2024-12-17 19:00:00,23.926998
2024-12-17 19:30:00,24.071199
2024-12-17 20:00:00,23.628297
2024-12-17 20:30:00,23.010295
2024-12-17 21:00:00,23.030895
2024-12-17 21:30:00,22.927894
2024-12-17 22:00:00,23.226596
2024-12-17 22:30:00,22.896994
2024-12-17 23:00:00,23.072095
2024-12-17 23:30:00,22.433492
2024-12-18 00:00:00,22.845494
2024-12-18 00:30:00,22.217191
2024-12-18 01:00:00,22.557093
2024-12-18 01:30:00,22.464392
2024-12-18 02:00:00,22.845494
2024-12-18 02:30:00,22.114191
2024-12-18 03:00:00,22.443792
2024-12-18 03:30:00,22.237792
2024-12-18 04:00:00,21.95969
2024-12-18 04:30:00,21.92879
2024-12-18 05:00:00,22.237792
2024-12-18 05:30:00,22.248092
2024-12-18 06:00:00,25.090903
2024-12-18 06:30:00,30.797127
2024-12-18 07:00:00,25.626505
2024-12-18 07:30:00,25.307204
2024-12-18 08:00:00,25.647106
2024-12-18 08:30:00,26.100307
2024-12-18 09:00:00,32.465734
2024-12-18 09:30:00,30.271825
2024-12-18 10:00:00,28.520817
2024-12-18 10:30:00,31.744731
2024-12-18 11:00:00,29.396321
2024-12-18 11:30:00,27.058211
2024-12-18 12:00:00,28.716518
2024-12-18 12:30:00,33.547238
2024-12-18 13:00:00,28.211816
2024-12-18 13:30:00,28.211816
2024-12-18 14:00:00,29.746522
2024-12-18 14:30:00,25.595605
2024-12-18 15:00:00,25.235104
2024-12-18 15:30:00,24.617101
2024-12-18 16:00:00,29.21092
2024-12-18 16:30:00,25.502905
2024-12-18 17:00:00,25.410205
2024-12-18 17:30:00,23.690097
2024-12-18 18:00:00,23.576797
2024-12-18 18:30:00,23.432596
2024-12-18 19:00:00,23.576797
2024-12-18 19:30:00,23.525297
2024-12-18 20:00:00,23.329596
2024-12-18 20:30:00,23.072095
2024-12-18 21:00:00,22.577693
2024-12-18 21:30:00,22.217191
2024-12-18 22:00:00,22.557093
2024-12-18 22:30:00,22.484993
2024-12-18 23:00:00,22.804294
2024-12-18 23:30:00,22.351092
2024-12-19 00:00:00,22.320192
2024-12-19 00:30:00,22.206891
2024-12-19 01:00:00,22.361392
2024-12-19 01:30:00,22.515893
2024-12-19 02:00:00,22.649793
2024-12-19 02:30:00,22.587993
2024-12-19 03:00:00,25.626505
2024-12-19 03:30:00,27.944015
2024-12-19 04:00:00,24.050599
2024-12-19 04:30:00,23.484097
2024-12-19 05:00:00,26.79041
2024-12-19 05:30:00,61.048351
2024-12-19 06:00:00,79.578127
2024-12-19 06:30:00,75.37571
2024-12-19 07:00:00,77.74472
2024-12-19 07:30:00,77.74472
2024-12-19 08:00:00,78.733524
2024-12-19 08:30:00,78.043421
2024-12-19 09:00:00,78.362722
2024-12-19 09:30:00,78.187622
2024-12-19 10:00:00,77.940421
2024-12-19 10:30:00,78.476023
2024-12-19 11:00:00,78.754124
2024-12-19 11:30:00,76.838316
2024-12-19 12:00:00,75.169709
2024-12-19 12:30:00,74.685607
2024-12-19 13:00:00,75.149109
2024-12-19 13:30:00,75.25211
2024-12-19 14:00:00,75.035809
2024-12-19 14:30:00,75.066709
2024-12-19 15:00:00,75.149109
2024-12-19 15:30:00,73.985204
2024-12-19 16:00:00,74.345706
2024-12-19 16:30:00,72.8213
2024-12-19 17:00:00,34.618442
2024-12-19 17:30:00,36.56515
2024-12-19 18:00:00,33.248537
2024-12-19 18:30:00,31.69323
2024-12-19 19:00:00,29.406621
2024-12-19 19:30:00,30.354225
2024-12-19 20:00:00,34.185841
2024-12-19 20:30:00,31.034028
2024-12-19 21:00:00,27.006711
2024-12-19 21:30:00,25.080603
2024-12-19 22:00:00,27.624714
2024-12-19 22:30:00,24.720102
2024-12-19 23:00:00,23.875498
2024-12-19 23:30:00,22.175991
2024-12-20 00:00:00,22.392292
2024-12-20 00:30:00,22.289292
2024-12-20 01:00:00,22.402592
2024-12-20 01:30:00,22.155391
2024-12-20 02:00:00,22.155391
2024-12-20 02:30:00,22.011191
2024-12-20 03:00:00,23.020595
2024-12-20 03:30:00,26.944911
2024-12-20 04:00:00,23.020595
2024-12-20 04:30:00,23.772498
2024-12-20 05:00:00,25.863406
2024-12-20 05:30:00,35.936848
2024-12-20 06:00:00,65.734871
2024-12-20 06:30:00,69.144185
2024-12-20 07:00:00,67.496178
2024-12-20 07:30:00,69.381086
2024-12-20 08:00:00,69.926988
2024-12-20 08:30:00,69.679787
2024-12-20 09:00:00,69.793087
2024-12-20 09:30:00,69.659187
2024-12-20 10:00:00,70.060888
2024-12-20 10:30:00,70.678891
2024-12-20 11:00:00,71.224793
2024-12-20 11:30:00,70.163889
2024-12-20 12:00:00,69.350185
2024-12-20 12:30:00,68.412882
2024-12-20 13:00:00,67.290177
2024-12-20 13:30:00,67.650678
2024-12-20 14:00:00,67.125376
2024-12-20 14:30:00,67.691879
2024-12-20 15:00:00,67.218077
2024-12-20 15:30:00,67.92878
2024-12-20 16:00:00,68.165681
2024-12-20 16:30:00,68.639482
2024-12-20 17:00:00,33.753239
2024-12-20 17:30:00,35.792647
2024-12-20 18:00:00,33.413338
2024-12-20 18:30:00,32.156732
2024-12-20 19:00:00,29.509621
2024-12-20 19:30:00,34.154941
2024-12-20 20:00:00,30.034924
2024-12-20 20:30:00,28.386917
2024-12-20 21:00:00,27.418713
2024-12-20 21:30:00,28.407517
2024-12-20 22:00:00,29.777423
2024-12-20 22:30:00,27.181812
2024-12-20 23:00:00,23.999099
2024-12-20 23:30:00,21.96999
2024-12-21 00:00:00,22.505593
2024-12-21 00:30:00,21.92879
2024-12-21 01:00:00,22.454092
2024-12-21 01:30:00,21.81549
2024-12-21 02:00:00,21.99059
2024-12-21 02:30:00,21.660989
2024-12-21 03:00:00,21.98029
2024-12-21 03:30:00,21.98029
2024-12-21 04:00:00,21.640389
2024-12-21 04:30:00,21.465288
2024-12-21 05:00:00,22.258392
2024-12-21 05:30:00,21.588889
2024-12-21 06:00:00,23.793098
2024-12-21 06:30:00,23.617997
2024-12-21 07:00:00,24.2051
2024-12-21 07:30:00,23.885798
2024-12-21 08:00:00,24.1845
2024-12-21 08:30:00,24.163899
2024-12-21 09:00:00,24.2463
2024-12-21 09:30:00,24.987903
2024-12-21 10:00:00,25.410205
2024-12-21 10:30:00,25.873706
2024-12-21 11:00:00,26.70801
2024-12-21 11:30:00,26.244508
2024-12-21 12:00:00,26.68741
2024-12-21 12:30:00,27.037611
2024-12-21 13:00:00,26.553509
2024-12-21 13:30:00,27.120012
2024-12-21 14:00:00,26.265108
2024-12-21 14:30:00,26.285708
2024-12-21 15:00:00,26.532909
2024-12-21 15:30:00,25.379304
2024-12-21 16:00:00,25.255704
2024-12-21 16:30:00,25.039403
2024-12-21 17:00:00,26.162108
2024-12-21 17:30:00,24.545001
2024-12-21 18:00:00,23.494397
2024-12-21 18:30:00,23.628297
2024-12-21 19:00:00,22.855794
2024-12-21 19:30:00,23.823998
2024-12-21 20:00:00,22.711593
2024-12-21 20:30:00,22.680693
2024-12-21 21:00:00,23.041195
2024-12-21 21:30:00,23.020595
2024-12-21 22:00:00,22.680693
2024-12-21 22:30:00,22.083291
2024-12-21 23:00:00,23.154495
2024-12-21 23:30:00,22.969095
2024-12-22 00:00:00,23.113295
2024-12-22 00:30:00,22.495293
2024-12-22 01:00:00,22.711593
2024-12-22 01:30:00,22.546793
2024-12-22 02:00:00,22.557093
2024-12-22 02:30:00,22.237792
2024-12-22 03:00:00,22.969095
2024-12-22 03:30:00,22.907294
2024-12-22 04:00:00,22.114191
2024-12-22 04:30:00,21.95969
2024-12-22 05:00:00,22.484993
2024-12-22 05:30:00,23.257496
2024-12-22 06:00:00,24.132999
2024-12-22 06:30:00,24.442001
2024-12-22 07:00:00,25.410205
2024-12-22 07:30:00,25.461705
2024-12-22 08:00:00,25.461705
2024-12-22 08:30:00,25.183604
2024-12-22 09:00:00,25.482305
2024-12-22 09:30:00,25.327804
2024-12-22 10:00:00,26.079707
2024-12-22 10:30:00,25.626505
2024-12-22 11:00:00,24.998203
2024-12-22 11:30:00,25.327804
2024-12-22 12:00:00,25.482305
2024-12-22 12:30:00,25.358704
2024-12-22 13:00:00,25.461705
2024-12-22 13:30:00,25.183604
2024-12-22 14:00:00,24.493501
2024-12-22 14:30:00,25.904607
2024-12-22 15:00:00,26.234208
2024-12-22 15:30:00,26.100307
2024-12-22 16:00:00,25.863406
2024-12-22 16:30:00,24.442001
2024-12-22 17:00:00,24.812802
2024-12-22 17:30:00,23.463497
2024-12-22 18:00:00,23.525297
2024-12-22 18:30:00,23.329596
2024-12-22 19:00:00,23.195695
2024-12-22 19:30:00,22.639493
2024-12-22 20:00:00,22.175991
2024-12-22 20:30:00,22.134791
2024-12-22 21:00:00,21.743389
2024-12-22 21:30:00,21.619789
2024-12-22 22:00:00,21.733089
2024-12-22 22:30:00,21.733089
2024-12-22 23:00:00,23.061795
2024-12-22 23:30:00,22.763094
2024-12-23 00:00:00,23.185395
2024-12-23 00:30:00,22.186291
2024-12-23 01:00:00,22.495293
2024-12-23 01:30:00,21.83609
2024-12-23 02:00:00,22.423192
2024-12-23 02:30:00,21.84639
2024-12-23 03:00:00,22.124491
2024-12-23 03:30:00,22.072991
2024-12-23 04:00:00,21.630089
2024-12-23 04:30:00,22.783694
2024-12-23 05:00:00,35.360046
2024-12-23 05:30:00,68.557082
2024-12-23 06:00:00,87.56066
2024-12-23 06:30:00,88.662765
2024-12-23 07:00:00,81.916237
2024-12-23 07:30:00,81.401235
2024-12-23 08:00:00,80.10343
2024-12-23 08:30:00,79.485427
2024-12-23 09:00:00,78.970425
2024-12-23 09:30:00,73.284802
2024-12-23 10:00:00,71.853096
2024-12-23 10:30:00,70.56559
2024-12-23 11:00:00,69.597386
2024-12-23 11:30:00,69.154485
2024-12-23 12:00:00,68.938184
2024-12-23 12:30:00,68.330481
2024-12-23 13:00:00,67.156276
2024-12-23 13:30:00,67.516778
2024-12-23 14:00:00,67.084176
2024-12-23 14:30:00,67.290177
2024-12-23 15:00:00,67.92878
2024-12-23 15:30:00,69.051484
2024-12-23 16:00:00,69.710687
2024-12-23 16:30:00,69.041184
2024-12-23 17:00:00,31.49753
2024-12-23 17:30:00,29.952523
2024-12-23 18:00:00,29.756822
2024-12-23 18:30:00,28.891619
2024-12-23 19:00:00,27.635014
2024-12-23 19:30:00,27.511413
2024-12-23 20:00:00,26.73891
2024-12-23 20:30:00,26.285708
2024-12-23 21:00:00,24.091799
2024-12-23 21:30:00,22.886694
2024-12-23 22:00:00,21.79489
2024-12-23 22:30:00,21.77429
2024-12-23 23:00:00,21.660989
2024-12-23 23:30:00,21.83609
2024-12-24 00:00:00,21.650689
2024-12-24 00:30:00,21.98029
2024-12-24 01:00:00,21.76399
2024-12-24 01:30:00,21.454988
2024-12-24 02:00:00,21.80519
2024-12-24 02:30:00,21.176887
2024-12-24 03:00:00,21.568289
2024-12-24 03:30:00,21.372588
2024-12-24 04:00:00,21.187187
2024-12-24 04:30:00,21.331388
2024-12-24 05:00:00,21.362288
2024-12-24 05:30:00,21.506489
2024-12-24 06:00:00,21.619789
2024-12-24 06:30:00,21.80519
2024-12-24 07:00:00,22.866094
2024-12-24 07:30:00,28.840119
2024-12-24 08:00:00,24.3493
2024-12-24 08:30:00,23.628297
2024-12-24 09:00:00,23.576797
2024-12-24 09:30:00,23.587097
2024-12-24 10:00:00,24.658301
2024-12-24 10:30:00,28.057315
2024-12-24 11:00:00,26.440209
2024-12-24 11:30:00,25.461705
2024-12-24 12:00:00,24.596501
2024-12-24 12:30:00,24.4111
2024-12-24 13:00:00,23.195695
2024-12-24 13:30:00,23.957899
2024-12-24 14:00:00,24.3287
2024-12-24 14:30:00,24.514101
2024-12-24 15:00:00,23.865198
2024-12-24 15:30:00,29.04612
2024-12-24 16:00:00,25.163004
2024-12-24 16:30:00,24.596501
2024-12-24 17:00:00,24.565601
2024-12-24 17:30:00,24.060899
2024-12-24 18:00:00,24.122699
2024-12-24 18:30:00,22.299592
2024-12-24 19:00:00,22.145091
2024-12-24 19:30:00,22.268692
2024-12-24 20:00:00,21.712489
2024-12-24 20:30:00,21.547689
2024-12-24 21:00:00,21.372588
2024-12-24 21:30:00,21.403488
2024-12-24 22:00:00,21.145987
2024-12-24 22:30:00,21.372588
2024-12-24 23:00:00,21.259287
2024-12-24 23:30:00,21.733089
2024-12-25 00:00:00,21.228387
2024-12-25 00:30:00,20.795786
2024-12-25 01:00:00,21.145987
2024-12-25 01:30:00,21.084187
2024-12-25 02:00:00,21.393188
2024-12-25 02:30:00,21.176887
2024-12-25 03:00:00,21.475588
2024-12-25 03:30:00,21.094487
2024-12-25 04:00:00,20.816386
2024-12-25 04:30:00,21.053287
2024-12-25 05:00:00,21.248987
2024-12-25 05:30:00,21.393188
2024-12-25 06:00:00,21.485888
2024-12-25 06:30:00,21.176887
2024-12-25 07:00:00,22.052391
2024-12-25 07:30:00,22.567393
2024-12-25 08:00:00,23.144195
2024-12-25 08:30:00,22.618893
2024-12-25 09:00:00,23.298696
2024-12-25 09:30:00,25.338104
2024-12-25 10:00:00,32.991036
2024-12-25 10:30:00,24.586201
2024-12-25 11:00:00,24.2875
2024-12-25 11:30:00,23.617997
2024-12-25 12:00:00,23.391396
2024-12-25 12:30:00,23.710698
2024-12-25 13:00:00,22.660093
2024-12-25 13:30:00,23.545897
2024-12-25 14:00:00,24.2669
2024-12-25 14:30:00,23.906398
2024-12-25 15:00:00,23.370796
2024-12-25 15:30:00,23.072095
2024-12-25 16:00:00,23.051495
2024-12-25 16:30:00,22.783694
2024-12-25 17:00:00,23.020595
2024-12-25 17:30:00,22.814594
2024-12-25 18:00:00,22.896994
2024-12-25 18:30:00,23.051495
2024-12-25 19:00:00,22.999995
2024-12-25 19:30:00,22.608593
2024-12-25 20:00:00,22.155391
2024-12-25 20:30:00,22.515893
2024-12-25 21:00:00,22.031791
2024-12-25 21:30:00,22.289292
2024-12-25 22:00:00,21.91849
2024-12-25 22:30:00,22.155391
2024-12-25 23:00:00,21.588889
2024-12-25 23:30:00,21.053287
2024-12-26 00:00:00,21.166587
2024-12-26 00:30:00,21.259287
2024-12-26 01:00:00,21.187187
2024-12-26 01:30:00,21.434388
2024-12-26 02:00:00,21.218087
2024-12-26 02:30:00,20.909086
2024-12-26 03:00:00,21.351988
2024-12-26 03:30:00,21.393188
2024-12-26 04:00:00,21.145987
2024-12-26 04:30:00,21.86699
2024-12-26 05:00:00,24.442001
2024-12-26 05:30:00,43.867881
2024-12-26 06:00:00,70.792191
2024-12-26 06:30:00,85.06805
2024-12-26 07:00:00,77.610819
2024-12-26 07:30:00,75.066709
2024-12-26 08:00:00,70.46259
2024-12-26 08:30:00,69.813687
2024-12-26 09:00:00,68.320181
2024-12-26 09:30:00,70.689191
2024-12-26 10:00:00,71.533794
2024-12-26 10:30:00,68.10388
2024-12-26 11:00:00,64.869667
2024-12-26 11:30:00,64.251664
2024-12-26 12:00:00,63.489461
2024-12-26 12:30:00,63.324661
2024-12-26 13:00:00,62.686058
2024-12-26 13:30:00,63.056859
2024-12-26 14:00:00,62.304956
2024-12-26 14:30:00,63.324661
2024-12-26 15:00:00,63.12896
2024-12-26 15:30:00,63.757262
2024-12-26 16:00:00,63.09806
2024-12-26 16:30:00,61.975355
2024-12-26 17:00:00,31.219428
2024-12-26 17:30:00,29.622922
2024-12-26 18:00:00,29.025519
2024-12-26 18:30:00,28.860719
2024-12-26 19:00:00,26.74921
2024-12-26 19:30:00,27.521713
2024-12-26 20:00:00,26.71831
2024-12-26 20:30:00,26.883111
2024-12-26 21:00:00,23.947599
2024-12-26 21:30:00,23.453197
2024-12-26 22:00:00,22.557093
2024-12-26 22:30:00,22.227491
2024-12-26 23:00:00,21.125387
2024-12-26 23:30:00,21.269588
2024-12-27 00:00:00,20.641285
2024-12-27 00:30:00,21.001786
2024-12-27 01:00:00,20.795786
2024-12-27 01:30:00,20.939986
2024-12-27 02:00:00,20.713385
2024-12-27 02:30:00,20.733985
2024-12-27 03:00:00,20.981186
2024-12-27 03:30:00,20.867886
2024-12-27 04:00:00,20.847286
2024-12-27 04:30:00,21.557989
2024-12-27 05:00:00,23.319296
2024-12-27 05:30:00,29.23152
2024-12-27 06:00:00,52.406616
2024-12-27 06:30:00,66.012972
2024-12-27 07:00:00,62.037155
2024-12-27 07:30:00,63.520361
2024-12-27 08:00:00,63.942663
2024-12-27 08:30:00,63.561562
2024-12-27 09:00:00,62.583058
2024-12-27 09:30:00,58.112839
2024-12-27 10:00:00,60.69815
2024-12-27 10:30:00,63.355561
2024-12-27 11:00:00,55.537829
2024-12-27 11:30:00,78.476023
2024-12-27 12:00:00,72.192997
2024-12-27 12:30:00,63.685162
2024-12-27 13:00:00,62.078355
2024-12-27 13:30:00,60.85265
2024-12-27 14:00:00,60.82175
2024-12-27 14:30:00,61.625154
2024-12-27 15:00:00,61.223452
2024-12-27 15:30:00,61.233752
2024-12-27 16:00:00,60.502449
2024-12-27 16:30:00,60.584849
2024-12-27 17:00:00,30.529326
2024-12-27 17:30:00,30.446925
2024-12-27 18:00:00,29.777423
2024-12-27 18:30:00,30.230624
2024-12-27 19:00:00,26.306308
2024-12-27 19:30:00,26.141508
2024-12-27 20:00:00,26.81101
2024-12-27 20:30:00,26.038507
2024-12-27 21:00:00,24.823102
2024-12-27 21:30:00,24.452301
2024-12-27 22:00:00,24.2772
2024-12-27 22:30:00,23.504697
2024-12-27 23:00:00,21.382888
2024-12-27 23:30:00,20.641285
2024-12-28 00:00:00,20.836986
2024-12-28 00:30:00,21.084187
2024-12-28 01:00:00,20.764885
2024-12-28 01:30:00,20.867886
2024-12-28 02:00:00,20.486784
2024-12-28 02:30:00,20.713385
2024-12-28 03:00:00,20.878186
2024-12-28 03:30:00,20.960586
2024-12-28 04:00:00,20.466184
2024-12-28 04:30:00,21.073887
2024-12-28 05:00:00,20.672185
2024-12-28 05:30:00,21.454988
2024-12-28 06:00:00,21.76399
2024-12-28 06:30:00,22.557093
2024-12-28 07:00:00,22.711593
2024-12-28 07:30:00,22.835194
2024-12-28 08:00:00,22.351092
2024-12-28 08:30:00,23.247196
2024-12-28 09:00:00,23.607697
2024-12-28 09:30:00,23.885798
2024-12-28 10:00:00,23.844598
2024-12-28 10:30:00,24.339
2024-12-28 11:00:00,24.823102
2024-12-28 11:30:00,25.101203
2024-12-28 12:00:00,24.761302
2024-12-28 12:30:00,24.4214
2024-12-28 13:00:00,24.4111
2024-12-28 13:30:00,24.524401
2024-12-28 14:00:00,24.503801
2024-12-28 14:30:00,24.3596
2024-12-28 15:00:00,23.782798
2024-12-28 15:30:00,23.731298
2024-12-28 16:00:00,23.628297
2024-12-28 16:30:00,23.216296
2024-12-28 17:00:00,23.236896
2024-12-28 17:30:00,22.804294
2024-12-28 18:00:00,22.804294
2024-12-28 18:30:00,22.206891
2024-12-28 19:00:00,22.093591
2024-12-28 19:30:00,22.248092
2024-12-28 20:00:00,21.547689
2024-12-28 20:30:00,21.269588
2024-12-28 21:00:00,21.310788
2024-12-28 21:30:00,21.176887
2024-12-28 22:00:00,20.950286
2024-12-28 22:30:00,21.300488
2024-12-28 23:00:00,21.300488
2024-12-28 23:30:00,21.207787
2024-12-29 00:00:00,20.909086
2024-12-29 00:30:00,21.145987
2024-12-29 01:00:00,21.115087
2024-12-29 01:30:00,21.279888
2024-12-29 02:00:00,20.754585
2024-12-29 02:30:00,21.022387
2024-12-29 03:00:00,21.073887
2024-12-29 03:30:00,21.351988
2024-12-29 04:00:00,20.950286
2024-12-29 04:30:00,21.90819
2024-12-29 05:00:00,24.761302
2024-12-29 05:30:00,40.108365
2024-12-29 06:00:00,71.842796
2024-12-29 06:30:00,78.712924
2024-12-29 07:00:00,77.167918
2024-12-29 07:30:00,72.059097
2024-12-29 08:00:00,71.090893
2024-12-29 08:30:00,69.463486
2024-12-29 09:00:00,69.587086
2024-12-29 09:30:00,68.01118
2024-12-29 10:00:00,67.908179
2024-12-29 10:30:00,65.69367
2024-12-29 11:00:00,66.218973
2024-12-29 11:30:00,65.62157
2024-12-29 12:00:00,64.859367
2024-12-29 12:30:00,63.746962
2024-12-29 13:00:00,62.068055
2024-12-29 13:30:00,62.510957
2024-12-29 14:00:00,62.737558
2024-12-29 14:30:00,62.222556
2024-12-29 15:00:00,61.779654
2024-12-29 15:30:00,61.965055
2024-12-29 16:00:00,60.924751
2024-12-29 16:30:00,59.688746
2024-12-29 17:00:00,33.217637
2024-12-29 17:30:00,30.858927
2024-12-29 18:00:00,29.499321
2024-12-29 18:30:00,29.653822
2024-12-29 19:00:00,27.562913
2024-12-29 19:30:00,27.964615
2024-12-29 20:00:00,26.76981
2024-12-29 20:30:00,27.480513
2024-12-29 21:00:00,25.193904
2024-12-29 21:30:00,24.823102
2024-12-29 22:00:00,24.524401
2024-12-29 22:30:00,24.3596
2024-12-29 23:00:00,21.619789
2024-12-29 23:30:00,21.012086
2024-12-30 00:00:00,21.166587
2024-12-30 00:30:00,20.991486
2024-12-30 01:00:00,21.382888
2024-12-30 01:30:00,21.063587
2024-12-30 02:00:00,21.032687
2024-12-30 02:30:00,21.279888
2024-12-30 03:00:00,21.321088
2024-12-30 03:30:00,21.001786
2024-12-30 04:00:00,21.001786
2024-12-30 04:30:00,22.237792
2024-12-30 05:00:00,25.554405
2024-12-30 05:30:00,27.037611
2024-12-30 06:00:00,36.740251
2024-12-30 06:30:00,52.015214
2024-12-30 07:00:00,44.660984
2024-12-30 07:30:00,45.484987
2024-12-30 08:00:00,45.989689
2024-12-30 08:30:00,45.351087
2024-12-30 09:00:00,50.614408
2024-12-30 09:30:00,49.883105
2024-12-30 10:00:00,45.320187
2024-12-30 10:30:00,54.209123
2024-12-30 11:00:00,49.975806
2024-12-30 11:30:00,49.409303
2024-12-30 12:00:00,49.296003
2024-12-30 12:30:00,49.440203
2024-12-30 13:00:00,49.368103
2024-12-30 13:30:00,49.769805
2024-12-30 14:00:00,49.728605
2024-12-30 14:30:00,51.201511
2024-12-30 15:00:00,54.538724
2024-12-30 15:30:00,53.45722
2024-12-30 16:00:00,54.013422
2024-12-30 16:30:00,53.652921
2024-12-30 17:00:00,35.009844
2024-12-30 17:30:00,29.983423
2024-12-30 18:00:00,29.06672
2024-12-30 18:30:00,29.015219
2024-12-30 19:00:00,27.006711
2024-12-30 19:30:00,26.193008
2024-12-30 20:00:00,26.79041
2024-12-30 20:30:00,27.562913
2024-12-30 21:00:00,23.308996
2024-12-30 21:30:00,21.413788
2024-12-30 22:00:00,20.270483
2024-12-30 22:30:00,20.764885
2024-12-30 23:00:00,20.836986
2024-12-30 23:30:00,20.558885
2024-12-31 00:00:00,20.579485
2024-12-31 00:30:00,20.600085
2024-12-31 01:00:00,20.466184
2024-12-31 01:30:00,20.260183
2024-12-31 02:00:00,20.239583
2024-12-31 02:30:00,19.971782
2024-12-31 03:00:00,20.332284
2024-12-31 03:30:00,20.383784
2024-12-31 04:00:00,19.889382
2024-12-31 04:30:00,20.146883
2024-12-31 05:00:00,20.188083
2024-12-31 05:30:00,20.692785
2024-12-31 06:00:00,20.332284
2024-12-31 06:30:00,20.898786
2024-12-31 07:00:00,24.2772
2024-12-31 07:30:00,28.572318
2024-12-31 08:00:00,31.66233
2024-12-31 08:30:00,38.254357
2024-12-31 09:00:00,31.55933
2024-12-31 09:30:00,38.182257
2024-12-31 10:00:00,43.445579
2024-12-31 10:30:00,43.455879
2024-12-31 11:00:00,42.178674
2024-12-31 11:30:00,41.169269
2024-12-31 12:00:00,42.662776
2024-12-31 12:30:00,46.576792
2024-12-31 13:00:00,50.377507
2024-12-31 13:30:00,52.550816
2024-12-31 14:00:00,52.808317
2024-12-31 14:30:00,52.015214
2024-12-31 15:00:00,51.809213
2024-12-31 15:30:00,40.304066
2024-12-31 16:00:00,23.834298
2024-12-31 16:30:00,22.412892
2024-12-31 17:00:00,21.78459
2024-12-31 17:30:00,21.578589
2024-12-31 18:00:00,21.630089
2024-12-31 18:30:00,21.81549
2024-12-31 19:00:00,21.218087
2024-12-31 19:30:00,21.073887
2024-12-31 20:00:00,20.713385
2024-12-31 20:30:00,20.620685
2024-12-31 21:00:00,20.435284
2024-12-31 21:30:00,20.445584
2024-12-31 22:00:00,20.280783
2024-12-31 22:30:00,20.043882
2024-12-31 23:00:00,20.836986
2024-12-31 23:30:00,20.558885
